{
    "jobName": "transcription-job-2024-03-22T15-17-33Z-call-6d6cb84c-ba78-47a1-a766-8e3c0e792d21-74f5daa7-c2d3-4d5a-92b9-33aed5a534be",
    "accountId": "199040315413",
    "isRedacted": true,
    "status": "COMPLETED",
    "results": {
        "transcripts": [
            {
                "transcript": "Hello. This is a test one. Please ignore. My name is [PII] credit card number [PII]. [PII]. Date of birth 1987. 3030."
            }
        ],
        "speaker_labels": {
            "segments": [
                {
                    "start_time": "4.48",
                    "end_time": "5.03",
                    "speaker_label": "spk_0",
                    "items": [
                        {
                            "speaker_label": "spk_0",
                            "start_time": "4.489",
                            "end_time": "4.92"
                        }
                    ]
                },
                {
                    "start_time": "5.699",
                    "end_time": "7.53",
                    "speaker_label": "spk_0",
                    "items": [
                        {
                            "speaker_label": "spk_0",
                            "start_time": "5.86",
                            "end_time": "6.179"
                        },
                        {
                            "speaker_label": "spk_0",
                            "start_time": "6.179",
                            "end_time": "6.38"
                        },
                        {
                            "speaker_label": "spk_0",
                            "start_time": "6.38",
                            "end_time": "6.579"
                        },
                        {
                            "speaker_label": "spk_0",
                            "start_time": "6.579",
                            "end_time": "6.86"
                        },
                        {
                            "speaker_label": "spk_0",
                            "start_time": "6.86",
                            "end_time": "7.309"
                        }
                    ]
                },
                {
                    "start_time": "8.89",
                    "end_time": "10.13",
                    "speaker_label": "spk_0",
                    "items": [
                        {
                            "speaker_label": "spk_0",
                            "start_time": "9.01",
                            "end_time": "9.329"
                        },
                        {
                            "speaker_label": "spk_0",
                            "start_time": "9.329",
                            "end_time": "9.989"
                        }
                    ]
                },
                {
                    "start_time": "10.77",
                    "end_time": "15.8",
                    "speaker_label": "spk_0",
                    "items": [
                        {
                            "speaker_label": "spk_0",
                            "start_time": "10.89",
                            "end_time": "11.05"
                        },
                        {
                            "speaker_label": "spk_0",
                            "start_time": "11.05",
                            "end_time": "11.21"
                        },
                        {
                            "speaker_label": "spk_0",
                            "start_time": "11.21",
                            "end_time": "11.529"
                        },
                        {
                            "speaker_label": "spk_0",
                            "start_time": "11.529",
                            "end_time": "11.579"
                        },
                        {
                            "speaker_label": "spk_0",
                            "start_time": "12.88",
                            "end_time": "12.89"
                        },
                        {
                            "speaker_label": "spk_0",
                            "start_time": "12.89",
                            "end_time": "13.109"
                        },
                        {
                            "speaker_label": "spk_0",
                            "start_time": "13.109",
                            "end_time": "13.529"
                        },
                        {
                            "speaker_label": "spk_0",
                            "start_time": "13.529",
                            "end_time": "15.739"
                        }
                    ]
                },
                {
                    "start_time": "17.639",
                    "end_time": "19.19",
                    "speaker_label": "spk_0",
                    "items": [
                        {
                            "speaker_label": "spk_0",
                            "start_time": "17.799",
                            "end_time": "19.03"
                        }
                    ]
                },
                {
                    "start_time": "20.11",
                    "end_time": "22.34",
                    "speaker_label": "spk_0",
                    "items": [
                        {
                            "speaker_label": "spk_0",
                            "start_time": "20.229",
                            "end_time": "20.469"
                        },
                        {
                            "speaker_label": "spk_0",
                            "start_time": "20.469",
                            "end_time": "20.59"
                        },
                        {
                            "speaker_label": "spk_0",
                            "start_time": "20.59",
                            "end_time": "20.85"
                        },
                        {
                            "speaker_label": "spk_0",
                            "start_time": "21.04",
                            "end_time": "22.229"
                        }
                    ]
                },
                {
                    "start_time": "22.92",
                    "end_time": "24.09",
                    "speaker_label": "spk_0",
                    "items": [
                        {
                            "speaker_label": "spk_0",
                            "start_time": "23.18",
                            "end_time": "23.94"
                        }
                    ]
                }
            ],
            "channel_label": "ch_0",
            "speakers": 1
        },
        "items": [
            {
                "id": 0,
                "type": "pronunciation",
                "alternatives": [
                    {
                        "confidence": "0.997",
                        "content": "Hello"
                    }
                ],
                "start_time": "4.489",
                "end_time": "4.92",
                "speaker_label": "spk_0"
            },
            {
                "id": 1,
                "type": "punctuation",
                "alternatives": [
                    {
                        "confidence": "0.0",
                        "content": "."
                    }
                ],
                "speaker_label": "spk_0"
            },
            {
                "id": 2,
                "type": "pronunciation",
                "alternatives": [
                    {
                        "confidence": "0.613",
                        "content": "This"
                    }
                ],
                "start_time": "5.86",
                "end_time": "6.179",
                "speaker_label": "spk_0"
            },
            {
                "id": 3,
                "type": "pronunciation",
                "alternatives": [
                    {
                        "confidence": "0.764",
                        "content": "is"
                    }
                ],
                "start_time": "6.179",
                "end_time": "6.38",
                "speaker_label": "spk_0"
            },
            {
                "id": 4,
                "type": "pronunciation",
                "alternatives": [
                    {
                        "confidence": "0.968",
                        "content": "a"
                    }
                ],
                "start_time": "6.38",
                "end_time": "6.579",
                "speaker_label": "spk_0"
            },
            {
                "id": 5,
                "type": "pronunciation",
                "alternatives": [
                    {
                        "confidence": "0.978",
                        "content": "test"
                    }
                ],
                "start_time": "6.579",
                "end_time": "6.86",
                "speaker_label": "spk_0"
            },
            {
                "id": 6,
                "type": "pronunciation",
                "alternatives": [
                    {
                        "confidence": "0.828",
                        "content": "one"
                    }
                ],
                "start_time": "6.86",
                "end_time": "7.309",
                "speaker_label": "spk_0"
            },
            {
                "id": 7,
                "type": "punctuation",
                "alternatives": [
                    {
                        "confidence": "0.0",
                        "content": "."
                    }
                ],
                "speaker_label": "spk_0"
            },
            {
                "id": 8,
                "type": "pronunciation",
                "alternatives": [
                    {
                        "confidence": "0.996",
                        "content": "Please"
                    }
                ],
                "start_time": "9.01",
                "end_time": "9.329",
                "speaker_label": "spk_0"
            },
            {
                "id": 9,
                "type": "pronunciation",
                "alternatives": [
                    {
                        "confidence": "0.985",
                        "content": "ignore"
                    }
                ],
                "start_time": "9.329",
                "end_time": "9.989",
                "speaker_label": "spk_0"
            },
            {
                "id": 10,
                "type": "punctuation",
                "alternatives": [
                    {
                        "confidence": "0.0",
                        "content": "."
                    }
                ],
                "speaker_label": "spk_0"
            },
            {
                "id": 11,
                "type": "pronunciation",
                "alternatives": [
                    {
                        "confidence": "0.998",
                        "content": "My"
                    }
                ],
                "start_time": "10.89",
                "end_time": "11.05",
                "speaker_label": "spk_0"
            },
            {
                "id": 12,
                "type": "pronunciation",
                "alternatives": [
                    {
                        "confidence": "0.999",
                        "content": "name"
                    }
                ],
                "start_time": "11.05",
                "end_time": "11.21",
                "speaker_label": "spk_0"
            },
            {
                "id": 13,
                "type": "pronunciation",
                "alternatives": [
                    {
                        "confidence": "0.998",
                        "content": "is"
                    }
                ],
                "start_time": "11.21",
                "end_time": "11.529",
                "speaker_label": "spk_0"
            },
            {
                "id": 14,
                "type": "pronunciation",
                "alternatives": [
                    {
                        "content": "[PII]",
                        "redactions": [
                            {
                                "confidence": "1.0",
                                "type": "NAME",
                                "category": "PII"
                            }
                        ]
                    }
                ],
                "start_time": "11.529",
                "end_time": "11.579"
            },
            {
                "id": 15,
                "type": "pronunciation",
                "alternatives": [
                    {
                        "confidence": "0.953",
                        "content": "credit"
                    }
                ],
                "start_time": "12.88",
                "end_time": "12.89",
                "speaker_label": "spk_0"
            },
            {
                "id": 16,
                "type": "pronunciation",
                "alternatives": [
                    {
                        "confidence": "0.997",
                        "content": "card"
                    }
                ],
                "start_time": "12.89",
                "end_time": "13.109",
                "speaker_label": "spk_0"
            },
            {
                "id": 17,
                "type": "pronunciation",
                "alternatives": [
                    {
                        "confidence": "0.999",
                        "content": "number"
                    }
                ],
                "start_time": "13.109",
                "end_time": "13.529",
                "speaker_label": "spk_0"
            },
            {
                "id": 18,
                "type": "pronunciation",
                "alternatives": [
                    {
                        "content": "[PII]",
                        "redactions": [
                            {
                                "confidence": "0.9353",
                                "type": "CREDIT_DEBIT_NUMBER",
                                "category": "PII"
                            }
                        ]
                    }
                ],
                "start_time": "13.529",
                "end_time": "15.739"
            },
            {
                "id": 19,
                "type": "punctuation",
                "alternatives": [
                    {
                        "confidence": "0.0",
                        "content": "."
                    }
                ]
            },
            {
                "id": 20,
                "type": "pronunciation",
                "alternatives": [
                    {
                        "content": "[PII]",
                        "redactions": [
                            {
                                "confidence": "0.9353",
                                "type": "CREDIT_DEBIT_NUMBER",
                                "category": "PII"
                            }
                        ]
                    }
                ],
                "start_time": "17.799",
                "end_time": "19.03"
            },
            {
                "id": 21,
                "type": "punctuation",
                "alternatives": [
                    {
                        "confidence": "0.0",
                        "content": "."
                    }
                ]
            },
            {
                "id": 22,
                "type": "pronunciation",
                "alternatives": [
                    {
                        "confidence": "0.992",
                        "content": "Date"
                    }
                ],
                "start_time": "20.229",
                "end_time": "20.469",
                "speaker_label": "spk_0"
            },
            {
                "id": 23,
                "type": "pronunciation",
                "alternatives": [
                    {
                        "confidence": "0.997",
                        "content": "of"
                    }
                ],
                "start_time": "20.469",
                "end_time": "20.59",
                "speaker_label": "spk_0"
            },
            {
                "id": 24,
                "type": "pronunciation",
                "alternatives": [
                    {
                        "confidence": "0.996",
                        "content": "birth"
                    }
                ],
                "start_time": "20.59",
                "end_time": "20.85",
                "speaker_label": "spk_0"
            },
            {
                "id": 25,
                "type": "pronunciation",
                "alternatives": [
                    {
                        "confidence": "0.991",
                        "content": "1987"
                    }
                ],
                "start_time": "21.04",
                "end_time": "22.229",
                "speaker_label": "spk_0"
            },
            {
                "id": 26,
                "type": "punctuation",
                "alternatives": [
                    {
                        "confidence": "0.0",
                        "content": "."
                    }
                ],
                "speaker_label": "spk_0"
            },
            {
                "id": 27,
                "type": "pronunciation",
                "alternatives": [
                    {
                        "confidence": "0.83",
                        "content": "3030"
                    }
                ],
                "start_time": "23.18",
                "end_time": "23.94",
                "speaker_label": "spk_0"
            },
            {
                "id": 28,
                "type": "punctuation",
                "alternatives": [
                    {
                        "confidence": "0.0",
                        "content": "."
                    }
                ],
                "speaker_label": "spk_0"
            }
        ],
        "audio_segments": [
            {
                "id": 0,
                "transcript": "Hello.",
                "start_time": "4.48",
                "end_time": "5.03",
                "speaker_label": "spk_0",
                "items": [
                    0,
                    1
                ]
            },
            {
                "id": 1,
                "transcript": "This is a test one.",
                "start_time": "5.699",
                "end_time": "7.53",
                "speaker_label": "spk_0",
                "items": [
                    2,
                    3,
                    4,
                    5,
                    6,
                    7
                ]
            },
            {
                "id": 2,
                "transcript": "Please ignore.",
                "start_time": "8.89",
                "end_time": "10.13",
                "speaker_label": "spk_0",
                "items": [
                    8,
                    9,
                    10
                ]
            },
            {
                "id": 3,
                "transcript": "My name is [PII] credit card number [PII].",
                "start_time": "10.77",
                "end_time": "15.8",
                "speaker_label": "spk_0",
                "items": [
                    11,
                    12,
                    13,
                    14,
                    15,
                    16,
                    17,
                    18,
                    19
                ]
            },
            {
                "id": 4,
                "transcript": "[PII].",
                "start_time": "17.639",
                "end_time": "19.19",
                "items": [
                    20,
                    21
                ]
            },
            {
                "id": 5,
                "transcript": "Date of birth 1987.",
                "start_time": "20.11",
                "end_time": "22.34",
                "speaker_label": "spk_0",
                "items": [
                    22,
                    23,
                    24,
                    25,
                    26
                ]
            },
            {
                "id": 6,
                "transcript": "3030.",
                "start_time": "22.92",
                "end_time": "24.09",
                "speaker_label": "spk_0",
                "items": [
                    27,
                    28
                ]
            }
        ]
    }
}