{
    "jobName": "transcription-job-2024-03-22T13-38-25Z-call-c1e9f04d-f8c5-49e4-bf48-16d2ee912f26-74589d27-0cf0-4401-b99b-6ae848fdc05d",
    "accountId": "199040315413",
    "isRedacted": true,
    "status": "COMPLETED",
    "results": {
        "transcripts": [
            {
                "transcript": "Hello? This is a best call. This is a test call. Sorry, can you say something into the phone? Hi. 01 23 sentences. Hi hi hi. Do something I I'm doing something new."
            }
        ],
        "speaker_labels": {
            "segments": [
                {
                    "start_time": "0.0",
                    "end_time": "0.759",
                    "speaker_label": "spk_0",
                    "items": [
                        {
                            "speaker_label": "spk_0",
                            "start_time": "0.009",
                            "end_time": "0.55"
                        }
                    ]
                },
                {
                    "start_time": "1.71",
                    "end_time": "3.66",
                    "speaker_label": "spk_0",
                    "items": [
                        {
                            "speaker_label": "spk_0",
                            "start_time": "2.109",
                            "end_time": "2.39"
                        },
                        {
                            "speaker_label": "spk_0",
                            "start_time": "2.39",
                            "end_time": "2.67"
                        },
                        {
                            "speaker_label": "spk_0",
                            "start_time": "2.67",
                            "end_time": "2.95"
                        },
                        {
                            "speaker_label": "spk_0",
                            "start_time": "2.95",
                            "end_time": "3.269"
                        },
                        {
                            "speaker_label": "spk_0",
                            "start_time": "3.269",
                            "end_time": "3.569"
                        }
                    ]
                },
                {
                    "start_time": "4.21",
                    "end_time": "6.539",
                    "speaker_label": "spk_0",
                    "items": [
                        {
                            "speaker_label": "spk_0",
                            "start_time": "4.329",
                            "end_time": "4.61"
                        },
                        {
                            "speaker_label": "spk_0",
                            "start_time": "4.61",
                            "end_time": "4.809"
                        },
                        {
                            "speaker_label": "spk_0",
                            "start_time": "4.809",
                            "end_time": "5.05"
                        },
                        {
                            "speaker_label": "spk_0",
                            "start_time": "5.05",
                            "end_time": "5.409"
                        },
                        {
                            "speaker_label": "spk_0",
                            "start_time": "5.409",
                            "end_time": "5.699"
                        }
                    ]
                },
                {
                    "start_time": "7.38",
                    "end_time": "9.899",
                    "speaker_label": "spk_0",
                    "items": [
                        {
                            "speaker_label": "spk_0",
                            "start_time": "8.619",
                            "end_time": "8.779"
                        },
                        {
                            "speaker_label": "spk_0",
                            "start_time": "8.859",
                            "end_time": "9.02"
                        },
                        {
                            "speaker_label": "spk_0",
                            "start_time": "9.02",
                            "end_time": "9.1"
                        },
                        {
                            "speaker_label": "spk_0",
                            "start_time": "9.1",
                            "end_time": "9.3"
                        },
                        {
                            "speaker_label": "spk_0",
                            "start_time": "9.3",
                            "end_time": "9.539"
                        },
                        {
                            "speaker_label": "spk_0",
                            "start_time": "9.539",
                            "end_time": "9.699"
                        },
                        {
                            "speaker_label": "spk_0",
                            "start_time": "9.699",
                            "end_time": "9.899"
                        }
                    ]
                },
                {
                    "start_time": "9.899",
                    "end_time": "10.329",
                    "speaker_label": "spk_0",
                    "items": [
                        {
                            "speaker_label": "spk_0",
                            "start_time": "9.899",
                            "end_time": "10.329"
                        }
                    ]
                },
                {
                    "start_time": "10.739",
                    "end_time": "11.55",
                    "speaker_label": "spk_1",
                    "items": [
                        {
                            "speaker_label": "spk_1",
                            "start_time": "10.739",
                            "end_time": "10.779"
                        }
                    ]
                },
                {
                    "start_time": "15.06",
                    "end_time": "15.899",
                    "speaker_label": "spk_0",
                    "items": [
                        {
                            "speaker_label": "spk_0",
                            "start_time": "15.25",
                            "end_time": "15.51"
                        },
                        {
                            "speaker_label": "spk_0",
                            "start_time": "15.51",
                            "end_time": "15.899"
                        }
                    ]
                },
                {
                    "start_time": "15.899",
                    "end_time": "16.51",
                    "speaker_label": "spk_1",
                    "items": [
                        {
                            "speaker_label": "spk_1",
                            "start_time": "15.899",
                            "end_time": "16.37"
                        }
                    ]
                },
                {
                    "start_time": "17.04",
                    "end_time": "19.569",
                    "speaker_label": "spk_1",
                    "items": [
                        {
                            "speaker_label": "spk_1",
                            "start_time": "17.049",
                            "end_time": "17.059"
                        },
                        {
                            "speaker_label": "spk_1",
                            "start_time": "17.059",
                            "end_time": "17.069"
                        },
                        {
                            "speaker_label": "spk_1",
                            "start_time": "19.52",
                            "end_time": "19.53"
                        }
                    ]
                },
                {
                    "start_time": "20.2",
                    "end_time": "26.44",
                    "speaker_label": "spk_1",
                    "items": [
                        {
                            "speaker_label": "spk_1",
                            "start_time": "20.209",
                            "end_time": "20.219"
                        },
                        {
                            "speaker_label": "spk_1",
                            "start_time": "20.219",
                            "end_time": "20.229"
                        },
                        {
                            "speaker_label": "spk_1",
                            "start_time": "22.469",
                            "end_time": "22.51"
                        },
                        {
                            "speaker_label": "spk_1",
                            "start_time": "22.909",
                            "end_time": "23.079"
                        },
                        {
                            "speaker_label": "spk_1",
                            "start_time": "23.079",
                            "end_time": "23.44"
                        },
                        {
                            "speaker_label": "spk_1",
                            "start_time": "23.44",
                            "end_time": "23.84"
                        },
                        {
                            "speaker_label": "spk_1",
                            "start_time": "23.84",
                            "end_time": "23.85"
                        }
                    ]
                }
            ],
            "channel_label": "ch_0",
            "speakers": 2
        },
        "items": [
            {
                "id": 0,
                "type": "pronunciation",
                "alternatives": [
                    {
                        "confidence": "0.999",
                        "content": "Hello"
                    }
                ],
                "start_time": "0.009",
                "end_time": "0.55",
                "speaker_label": "spk_0"
            },
            {
                "id": 1,
                "type": "punctuation",
                "alternatives": [
                    {
                        "confidence": "0.0",
                        "content": "?"
                    }
                ],
                "speaker_label": "spk_0"
            },
            {
                "id": 2,
                "type": "pronunciation",
                "alternatives": [
                    {
                        "confidence": "0.998",
                        "content": "This"
                    }
                ],
                "start_time": "2.109",
                "end_time": "2.39",
                "speaker_label": "spk_0"
            },
            {
                "id": 3,
                "type": "pronunciation",
                "alternatives": [
                    {
                        "confidence": "0.999",
                        "content": "is"
                    }
                ],
                "start_time": "2.39",
                "end_time": "2.67",
                "speaker_label": "spk_0"
            },
            {
                "id": 4,
                "type": "pronunciation",
                "alternatives": [
                    {
                        "confidence": "0.997",
                        "content": "a"
                    }
                ],
                "start_time": "2.67",
                "end_time": "2.95",
                "speaker_label": "spk_0"
            },
            {
                "id": 5,
                "type": "pronunciation",
                "alternatives": [
                    {
                        "confidence": "0.968",
                        "content": "best"
                    }
                ],
                "start_time": "2.95",
                "end_time": "3.269",
                "speaker_label": "spk_0"
            },
            {
                "id": 6,
                "type": "pronunciation",
                "alternatives": [
                    {
                        "confidence": "0.996",
                        "content": "call"
                    }
                ],
                "start_time": "3.269",
                "end_time": "3.569",
                "speaker_label": "spk_0"
            },
            {
                "id": 7,
                "type": "punctuation",
                "alternatives": [
                    {
                        "confidence": "0.0",
                        "content": "."
                    }
                ],
                "speaker_label": "spk_0"
            },
            {
                "id": 8,
                "type": "pronunciation",
                "alternatives": [
                    {
                        "confidence": "0.997",
                        "content": "This"
                    }
                ],
                "start_time": "4.329",
                "end_time": "4.61",
                "speaker_label": "spk_0"
            },
            {
                "id": 9,
                "type": "pronunciation",
                "alternatives": [
                    {
                        "confidence": "0.997",
                        "content": "is"
                    }
                ],
                "start_time": "4.61",
                "end_time": "4.809",
                "speaker_label": "spk_0"
            },
            {
                "id": 10,
                "type": "pronunciation",
                "alternatives": [
                    {
                        "confidence": "0.721",
                        "content": "a"
                    }
                ],
                "start_time": "4.809",
                "end_time": "5.05",
                "speaker_label": "spk_0"
            },
            {
                "id": 11,
                "type": "pronunciation",
                "alternatives": [
                    {
                        "confidence": "0.997",
                        "content": "test"
                    }
                ],
                "start_time": "5.05",
                "end_time": "5.409",
                "speaker_label": "spk_0"
            },
            {
                "id": 12,
                "type": "pronunciation",
                "alternatives": [
                    {
                        "confidence": "0.402",
                        "content": "call"
                    }
                ],
                "start_time": "5.409",
                "end_time": "5.699",
                "speaker_label": "spk_0"
            },
            {
                "id": 13,
                "type": "punctuation",
                "alternatives": [
                    {
                        "confidence": "0.0",
                        "content": "."
                    }
                ],
                "speaker_label": "spk_0"
            },
            {
                "id": 14,
                "type": "pronunciation",
                "alternatives": [
                    {
                        "confidence": "0.996",
                        "content": "Sorry"
                    }
                ],
                "start_time": "8.619",
                "end_time": "8.779",
                "speaker_label": "spk_0"
            },
            {
                "id": 15,
                "type": "punctuation",
                "alternatives": [
                    {
                        "confidence": "0.0",
                        "content": ","
                    }
                ],
                "speaker_label": "spk_0"
            },
            {
                "id": 16,
                "type": "pronunciation",
                "alternatives": [
                    {
                        "confidence": "0.997",
                        "content": "can"
                    }
                ],
                "start_time": "8.859",
                "end_time": "9.02",
                "speaker_label": "spk_0"
            },
            {
                "id": 17,
                "type": "pronunciation",
                "alternatives": [
                    {
                        "confidence": "0.996",
                        "content": "you"
                    }
                ],
                "start_time": "9.02",
                "end_time": "9.1",
                "speaker_label": "spk_0"
            },
            {
                "id": 18,
                "type": "pronunciation",
                "alternatives": [
                    {
                        "confidence": "0.997",
                        "content": "say"
                    }
                ],
                "start_time": "9.1",
                "end_time": "9.3",
                "speaker_label": "spk_0"
            },
            {
                "id": 19,
                "type": "pronunciation",
                "alternatives": [
                    {
                        "confidence": "0.998",
                        "content": "something"
                    }
                ],
                "start_time": "9.3",
                "end_time": "9.539",
                "speaker_label": "spk_0"
            },
            {
                "id": 20,
                "type": "pronunciation",
                "alternatives": [
                    {
                        "confidence": "0.997",
                        "content": "into"
                    }
                ],
                "start_time": "9.539",
                "end_time": "9.699",
                "speaker_label": "spk_0"
            },
            {
                "id": 21,
                "type": "pronunciation",
                "alternatives": [
                    {
                        "confidence": "0.999",
                        "content": "the"
                    }
                ],
                "start_time": "9.699",
                "end_time": "9.899",
                "speaker_label": "spk_0"
            },
            {
                "id": 22,
                "type": "pronunciation",
                "alternatives": [
                    {
                        "confidence": "0.998",
                        "content": "phone"
                    }
                ],
                "start_time": "9.899",
                "end_time": "10.329",
                "speaker_label": "spk_0"
            },
            {
                "id": 23,
                "type": "punctuation",
                "alternatives": [
                    {
                        "confidence": "0.0",
                        "content": "?"
                    }
                ],
                "speaker_label": "spk_0"
            },
            {
                "id": 24,
                "type": "pronunciation",
                "alternatives": [
                    {
                        "confidence": "0.885",
                        "content": "Hi"
                    }
                ],
                "start_time": "10.739",
                "end_time": "10.779",
                "speaker_label": "spk_1"
            },
            {
                "id": 25,
                "type": "punctuation",
                "alternatives": [
                    {
                        "confidence": "0.0",
                        "content": "."
                    }
                ],
                "speaker_label": "spk_1"
            },
            {
                "id": 26,
                "type": "pronunciation",
                "alternatives": [
                    {
                        "confidence": "0.77",
                        "content": "01"
                    }
                ],
                "start_time": "15.25",
                "end_time": "15.51",
                "speaker_label": "spk_0"
            },
            {
                "id": 27,
                "type": "pronunciation",
                "alternatives": [
                    {
                        "confidence": "0.718",
                        "content": "23"
                    }
                ],
                "start_time": "15.51",
                "end_time": "15.899",
                "speaker_label": "spk_0"
            },
            {
                "id": 28,
                "type": "pronunciation",
                "alternatives": [
                    {
                        "confidence": "0.634",
                        "content": "sentences"
                    }
                ],
                "start_time": "15.899",
                "end_time": "16.37",
                "speaker_label": "spk_1"
            },
            {
                "id": 29,
                "type": "punctuation",
                "alternatives": [
                    {
                        "confidence": "0.0",
                        "content": "."
                    }
                ],
                "speaker_label": "spk_1"
            },
            {
                "id": 30,
                "type": "pronunciation",
                "alternatives": [
                    {
                        "confidence": "0.997",
                        "content": "Hi"
                    }
                ],
                "start_time": "17.049",
                "end_time": "17.059",
                "speaker_label": "spk_1"
            },
            {
                "id": 31,
                "type": "pronunciation",
                "alternatives": [
                    {
                        "confidence": "0.996",
                        "content": "hi"
                    }
                ],
                "start_time": "17.059",
                "end_time": "17.069",
                "speaker_label": "spk_1"
            },
            {
                "id": 32,
                "type": "pronunciation",
                "alternatives": [
                    {
                        "confidence": "0.996",
                        "content": "hi"
                    }
                ],
                "start_time": "19.52",
                "end_time": "19.53",
                "speaker_label": "spk_1"
            },
            {
                "id": 33,
                "type": "punctuation",
                "alternatives": [
                    {
                        "confidence": "0.0",
                        "content": "."
                    }
                ],
                "speaker_label": "spk_1"
            },
            {
                "id": 34,
                "type": "pronunciation",
                "alternatives": [
                    {
                        "confidence": "0.834",
                        "content": "Do"
                    }
                ],
                "start_time": "20.209",
                "end_time": "20.219",
                "speaker_label": "spk_1"
            },
            {
                "id": 35,
                "type": "pronunciation",
                "alternatives": [
                    {
                        "confidence": "0.989",
                        "content": "something"
                    }
                ],
                "start_time": "20.219",
                "end_time": "20.229",
                "speaker_label": "spk_1"
            },
            {
                "id": 36,
                "type": "pronunciation",
                "alternatives": [
                    {
                        "confidence": "0.969",
                        "content": "I"
                    }
                ],
                "start_time": "22.469",
                "end_time": "22.51",
                "speaker_label": "spk_1"
            },
            {
                "id": 37,
                "type": "pronunciation",
                "alternatives": [
                    {
                        "confidence": "0.929",
                        "content": "I'm"
                    }
                ],
                "start_time": "22.909",
                "end_time": "23.079",
                "speaker_label": "spk_1"
            },
            {
                "id": 38,
                "type": "pronunciation",
                "alternatives": [
                    {
                        "confidence": "0.997",
                        "content": "doing"
                    }
                ],
                "start_time": "23.079",
                "end_time": "23.44",
                "speaker_label": "spk_1"
            },
            {
                "id": 39,
                "type": "pronunciation",
                "alternatives": [
                    {
                        "confidence": "0.997",
                        "content": "something"
                    }
                ],
                "start_time": "23.44",
                "end_time": "23.84",
                "speaker_label": "spk_1"
            },
            {
                "id": 40,
                "type": "pronunciation",
                "alternatives": [
                    {
                        "confidence": "0.573",
                        "content": "new"
                    }
                ],
                "start_time": "23.84",
                "end_time": "23.85",
                "speaker_label": "spk_1"
            },
            {
                "id": 41,
                "type": "punctuation",
                "alternatives": [
                    {
                        "confidence": "0.0",
                        "content": "."
                    }
                ],
                "speaker_label": "spk_1"
            }
        ],
        "audio_segments": [
            {
                "id": 0,
                "transcript": "Hello?",
                "start_time": "0.0",
                "end_time": "0.759",
                "speaker_label": "spk_0",
                "items": [
                    0,
                    1
                ]
            },
            {
                "id": 1,
                "transcript": "This is a best call.",
                "start_time": "1.71",
                "end_time": "3.66",
                "speaker_label": "spk_0",
                "items": [
                    2,
                    3,
                    4,
                    5,
                    6,
                    7
                ]
            },
            {
                "id": 2,
                "transcript": "This is a test call.",
                "start_time": "4.21",
                "end_time": "6.539",
                "speaker_label": "spk_0",
                "items": [
                    8,
                    9,
                    10,
                    11,
                    12,
                    13
                ]
            },
            {
                "id": 3,
                "transcript": "Sorry, can you say something into the",
                "start_time": "7.38",
                "end_time": "9.899",
                "speaker_label": "spk_0",
                "items": [
                    14,
                    15,
                    16,
                    17,
                    18,
                    19,
                    20,
                    21
                ]
            },
            {
                "id": 4,
                "transcript": "phone?",
                "start_time": "9.899",
                "end_time": "10.329",
                "speaker_label": "spk_0",
                "items": [
                    22,
                    23
                ]
            },
            {
                "id": 5,
                "transcript": "Hi.",
                "start_time": "10.739",
                "end_time": "11.55",
                "speaker_label": "spk_1",
                "items": [
                    24,
                    25
                ]
            },
            {
                "id": 6,
                "transcript": "01 23",
                "start_time": "15.06",
                "end_time": "15.899",
                "speaker_label": "spk_0",
                "items": [
                    26,
                    27
                ]
            },
            {
                "id": 7,
                "transcript": "sentences.",
                "start_time": "15.899",
                "end_time": "16.51",
                "speaker_label": "spk_1",
                "items": [
                    28,
                    29
                ]
            },
            {
                "id": 8,
                "transcript": "Hi hi hi.",
                "start_time": "17.04",
                "end_time": "19.569",
                "speaker_label": "spk_1",
                "items": [
                    30,
                    31,
                    32,
                    33
                ]
            },
            {
                "id": 9,
                "transcript": "Do something I I'm doing something new.",
                "start_time": "20.2",
                "end_time": "26.44",
                "speaker_label": "spk_1",
                "items": [
                    34,
                    35,
                    36,
                    37,
                    38,
                    39,
                    40,
                    41
                ]
            }
        ]
    }
}