{
    "jobName": "transcription-job-2024-03-22T15-04-54Z-call-a399df5f-b46a-4892-a0ec-9be8c717c47e-11e02b40-d766-42ed-a5e9-a54e4828e4b6",
    "accountId": "199040315413",
    "isRedacted": true,
    "status": "COMPLETED",
    "results": {
        "transcripts": [
            {
                "transcript": "Hello? This is a test call. Um, you may hear only one voice. Please ignore this call. This is a test call to test recording and automatic transcribing."
            }
        ],
        "speaker_labels": {
            "segments": [
                {
                    "start_time": "0.85",
                    "end_time": "1.48",
                    "speaker_label": "spk_0",
                    "items": [
                        {
                            "speaker_label": "spk_0",
                            "start_time": "0.86",
                            "end_time": "1.409"
                        }
                    ]
                },
                {
                    "start_time": "2.529",
                    "end_time": "4.059",
                    "speaker_label": "spk_0",
                    "items": [
                        {
                            "speaker_label": "spk_0",
                            "start_time": "2.65",
                            "end_time": "2.849"
                        },
                        {
                            "speaker_label": "spk_0",
                            "start_time": "2.849",
                            "end_time": "3.049"
                        },
                        {
                            "speaker_label": "spk_0",
                            "start_time": "3.049",
                            "end_time": "3.25"
                        },
                        {
                            "speaker_label": "spk_0",
                            "start_time": "3.25",
                            "end_time": "3.529"
                        },
                        {
                            "speaker_label": "spk_0",
                            "start_time": "3.529",
                            "end_time": "3.92"
                        }
                    ]
                },
                {
                    "start_time": "4.59",
                    "end_time": "7.63",
                    "speaker_label": "spk_0",
                    "items": [
                        {
                            "speaker_label": "spk_0",
                            "start_time": "4.67",
                            "end_time": "5.389"
                        },
                        {
                            "speaker_label": "spk_0",
                            "start_time": "5.48",
                            "end_time": "5.71"
                        },
                        {
                            "speaker_label": "spk_0",
                            "start_time": "5.71",
                            "end_time": "6.15"
                        },
                        {
                            "speaker_label": "spk_0",
                            "start_time": "6.15",
                            "end_time": "6.349"
                        },
                        {
                            "speaker_label": "spk_0",
                            "start_time": "6.349",
                            "end_time": "6.75"
                        },
                        {
                            "speaker_label": "spk_0",
                            "start_time": "6.75",
                            "end_time": "7.07"
                        },
                        {
                            "speaker_label": "spk_0",
                            "start_time": "7.07",
                            "end_time": "7.5"
                        }
                    ]
                },
                {
                    "start_time": "8.409",
                    "end_time": "14.699",
                    "speaker_label": "spk_0",
                    "items": [
                        {
                            "speaker_label": "spk_0",
                            "start_time": "8.529",
                            "end_time": "8.81"
                        },
                        {
                            "speaker_label": "spk_0",
                            "start_time": "8.81",
                            "end_time": "9.47"
                        },
                        {
                            "speaker_label": "spk_0",
                            "start_time": "9.47",
                            "end_time": "9.89"
                        },
                        {
                            "speaker_label": "spk_0",
                            "start_time": "9.89",
                            "end_time": "10.17"
                        },
                        {
                            "speaker_label": "spk_0",
                            "start_time": "10.27",
                            "end_time": "10.47"
                        },
                        {
                            "speaker_label": "spk_0",
                            "start_time": "10.47",
                            "end_time": "10.649"
                        },
                        {
                            "speaker_label": "spk_0",
                            "start_time": "10.649",
                            "end_time": "10.84"
                        },
                        {
                            "speaker_label": "spk_0",
                            "start_time": "10.84",
                            "end_time": "11.14"
                        },
                        {
                            "speaker_label": "spk_0",
                            "start_time": "11.14",
                            "end_time": "11.489"
                        },
                        {
                            "speaker_label": "spk_0",
                            "start_time": "11.489",
                            "end_time": "11.77"
                        },
                        {
                            "speaker_label": "spk_0",
                            "start_time": "11.77",
                            "end_time": "12.21"
                        },
                        {
                            "speaker_label": "spk_0",
                            "start_time": "12.21",
                            "end_time": "12.76"
                        },
                        {
                            "speaker_label": "spk_0",
                            "start_time": "13.09",
                            "end_time": "13.26"
                        },
                        {
                            "speaker_label": "spk_0",
                            "start_time": "13.26",
                            "end_time": "13.81"
                        },
                        {
                            "speaker_label": "spk_0",
                            "start_time": "13.81",
                            "end_time": "14.609"
                        }
                    ]
                }
            ],
            "channel_label": "ch_0",
            "speakers": 1
        },
        "items": [
            {
                "id": 0,
                "type": "pronunciation",
                "alternatives": [
                    {
                        "confidence": "0.997",
                        "content": "Hello"
                    }
                ],
                "start_time": "0.86",
                "end_time": "1.409",
                "speaker_label": "spk_0"
            },
            {
                "id": 1,
                "type": "punctuation",
                "alternatives": [
                    {
                        "confidence": "0.0",
                        "content": "?"
                    }
                ],
                "speaker_label": "spk_0"
            },
            {
                "id": 2,
                "type": "pronunciation",
                "alternatives": [
                    {
                        "confidence": "0.998",
                        "content": "This"
                    }
                ],
                "start_time": "2.65",
                "end_time": "2.849",
                "speaker_label": "spk_0"
            },
            {
                "id": 3,
                "type": "pronunciation",
                "alternatives": [
                    {
                        "confidence": "0.999",
                        "content": "is"
                    }
                ],
                "start_time": "2.849",
                "end_time": "3.049",
                "speaker_label": "spk_0"
            },
            {
                "id": 4,
                "type": "pronunciation",
                "alternatives": [
                    {
                        "confidence": "0.998",
                        "content": "a"
                    }
                ],
                "start_time": "3.049",
                "end_time": "3.25",
                "speaker_label": "spk_0"
            },
            {
                "id": 5,
                "type": "pronunciation",
                "alternatives": [
                    {
                        "confidence": "0.998",
                        "content": "test"
                    }
                ],
                "start_time": "3.25",
                "end_time": "3.529",
                "speaker_label": "spk_0"
            },
            {
                "id": 6,
                "type": "pronunciation",
                "alternatives": [
                    {
                        "confidence": "0.997",
                        "content": "call"
                    }
                ],
                "start_time": "3.529",
                "end_time": "3.92",
                "speaker_label": "spk_0"
            },
            {
                "id": 7,
                "type": "punctuation",
                "alternatives": [
                    {
                        "confidence": "0.0",
                        "content": "."
                    }
                ],
                "speaker_label": "spk_0"
            },
            {
                "id": 8,
                "type": "pronunciation",
                "alternatives": [
                    {
                        "confidence": "0.996",
                        "content": "Um"
                    }
                ],
                "start_time": "4.67",
                "end_time": "5.389",
                "speaker_label": "spk_0"
            },
            {
                "id": 9,
                "type": "punctuation",
                "alternatives": [
                    {
                        "confidence": "0.0",
                        "content": ","
                    }
                ],
                "speaker_label": "spk_0"
            },
            {
                "id": 10,
                "type": "pronunciation",
                "alternatives": [
                    {
                        "confidence": "0.997",
                        "content": "you"
                    }
                ],
                "start_time": "5.48",
                "end_time": "5.71",
                "speaker_label": "spk_0"
            },
            {
                "id": 11,
                "type": "pronunciation",
                "alternatives": [
                    {
                        "confidence": "0.998",
                        "content": "may"
                    }
                ],
                "start_time": "5.71",
                "end_time": "6.15",
                "speaker_label": "spk_0"
            },
            {
                "id": 12,
                "type": "pronunciation",
                "alternatives": [
                    {
                        "confidence": "0.791",
                        "content": "hear"
                    }
                ],
                "start_time": "6.15",
                "end_time": "6.349",
                "speaker_label": "spk_0"
            },
            {
                "id": 13,
                "type": "pronunciation",
                "alternatives": [
                    {
                        "confidence": "0.997",
                        "content": "only"
                    }
                ],
                "start_time": "6.349",
                "end_time": "6.75",
                "speaker_label": "spk_0"
            },
            {
                "id": 14,
                "type": "pronunciation",
                "alternatives": [
                    {
                        "confidence": "0.998",
                        "content": "one"
                    }
                ],
                "start_time": "6.75",
                "end_time": "7.07",
                "speaker_label": "spk_0"
            },
            {
                "id": 15,
                "type": "pronunciation",
                "alternatives": [
                    {
                        "confidence": "0.997",
                        "content": "voice"
                    }
                ],
                "start_time": "7.07",
                "end_time": "7.5",
                "speaker_label": "spk_0"
            },
            {
                "id": 16,
                "type": "punctuation",
                "alternatives": [
                    {
                        "confidence": "0.0",
                        "content": "."
                    }
                ],
                "speaker_label": "spk_0"
            },
            {
                "id": 17,
                "type": "pronunciation",
                "alternatives": [
                    {
                        "confidence": "0.998",
                        "content": "Please"
                    }
                ],
                "start_time": "8.529",
                "end_time": "8.81",
                "speaker_label": "spk_0"
            },
            {
                "id": 18,
                "type": "pronunciation",
                "alternatives": [
                    {
                        "confidence": "0.991",
                        "content": "ignore"
                    }
                ],
                "start_time": "8.81",
                "end_time": "9.47",
                "speaker_label": "spk_0"
            },
            {
                "id": 19,
                "type": "pronunciation",
                "alternatives": [
                    {
                        "confidence": "0.997",
                        "content": "this"
                    }
                ],
                "start_time": "9.47",
                "end_time": "9.89",
                "speaker_label": "spk_0"
            },
            {
                "id": 20,
                "type": "pronunciation",
                "alternatives": [
                    {
                        "confidence": "0.997",
                        "content": "call"
                    }
                ],
                "start_time": "9.89",
                "end_time": "10.17",
                "speaker_label": "spk_0"
            },
            {
                "id": 21,
                "type": "punctuation",
                "alternatives": [
                    {
                        "confidence": "0.0",
                        "content": "."
                    }
                ],
                "speaker_label": "spk_0"
            },
            {
                "id": 22,
                "type": "pronunciation",
                "alternatives": [
                    {
                        "confidence": "0.996",
                        "content": "This"
                    }
                ],
                "start_time": "10.27",
                "end_time": "10.47",
                "speaker_label": "spk_0"
            },
            {
                "id": 23,
                "type": "pronunciation",
                "alternatives": [
                    {
                        "confidence": "0.998",
                        "content": "is"
                    }
                ],
                "start_time": "10.47",
                "end_time": "10.649",
                "speaker_label": "spk_0"
            },
            {
                "id": 24,
                "type": "pronunciation",
                "alternatives": [
                    {
                        "confidence": "0.996",
                        "content": "a"
                    }
                ],
                "start_time": "10.649",
                "end_time": "10.84",
                "speaker_label": "spk_0"
            },
            {
                "id": 25,
                "type": "pronunciation",
                "alternatives": [
                    {
                        "confidence": "0.997",
                        "content": "test"
                    }
                ],
                "start_time": "10.84",
                "end_time": "11.14",
                "speaker_label": "spk_0"
            },
            {
                "id": 26,
                "type": "pronunciation",
                "alternatives": [
                    {
                        "confidence": "0.997",
                        "content": "call"
                    }
                ],
                "start_time": "11.14",
                "end_time": "11.489",
                "speaker_label": "spk_0"
            },
            {
                "id": 27,
                "type": "pronunciation",
                "alternatives": [
                    {
                        "confidence": "0.997",
                        "content": "to"
                    }
                ],
                "start_time": "11.489",
                "end_time": "11.77",
                "speaker_label": "spk_0"
            },
            {
                "id": 28,
                "type": "pronunciation",
                "alternatives": [
                    {
                        "confidence": "0.998",
                        "content": "test"
                    }
                ],
                "start_time": "11.77",
                "end_time": "12.21",
                "speaker_label": "spk_0"
            },
            {
                "id": 29,
                "type": "pronunciation",
                "alternatives": [
                    {
                        "confidence": "0.997",
                        "content": "recording"
                    }
                ],
                "start_time": "12.21",
                "end_time": "12.76",
                "speaker_label": "spk_0"
            },
            {
                "id": 30,
                "type": "pronunciation",
                "alternatives": [
                    {
                        "confidence": "0.998",
                        "content": "and"
                    }
                ],
                "start_time": "13.09",
                "end_time": "13.26",
                "speaker_label": "spk_0"
            },
            {
                "id": 31,
                "type": "pronunciation",
                "alternatives": [
                    {
                        "confidence": "0.998",
                        "content": "automatic"
                    }
                ],
                "start_time": "13.26",
                "end_time": "13.81",
                "speaker_label": "spk_0"
            },
            {
                "id": 32,
                "type": "pronunciation",
                "alternatives": [
                    {
                        "confidence": "0.989",
                        "content": "transcribing"
                    }
                ],
                "start_time": "13.81",
                "end_time": "14.609",
                "speaker_label": "spk_0"
            },
            {
                "id": 33,
                "type": "punctuation",
                "alternatives": [
                    {
                        "confidence": "0.0",
                        "content": "."
                    }
                ],
                "speaker_label": "spk_0"
            }
        ],
        "audio_segments": [
            {
                "id": 0,
                "transcript": "Hello?",
                "start_time": "0.85",
                "end_time": "1.48",
                "speaker_label": "spk_0",
                "items": [
                    0,
                    1
                ]
            },
            {
                "id": 1,
                "transcript": "This is a test call.",
                "start_time": "2.529",
                "end_time": "4.059",
                "speaker_label": "spk_0",
                "items": [
                    2,
                    3,
                    4,
                    5,
                    6,
                    7
                ]
            },
            {
                "id": 2,
                "transcript": "Um, you may hear only one voice.",
                "start_time": "4.59",
                "end_time": "7.63",
                "speaker_label": "spk_0",
                "items": [
                    8,
                    9,
                    10,
                    11,
                    12,
                    13,
                    14,
                    15,
                    16
                ]
            },
            {
                "id": 3,
                "transcript": "Please ignore this call. This is a test call to test recording and automatic transcribing.",
                "start_time": "8.409",
                "end_time": "14.699",
                "speaker_label": "spk_0",
                "items": [
                    17,
                    18,
                    19,
                    20,
                    21,
                    22,
                    23,
                    24,
                    25,
                    26,
                    27,
                    28,
                    29,
                    30,
                    31,
                    32,
                    33
                ]
            }
        ]
    }
}