{
    "jobName": "transcription-job-2024-03-22T15-17-46Z-call-ddc9ecc5-053a-4009-bcb9-7f3663ff9a1e-a4124d9a-3a52-44d6-9161-affa424fc750",
    "accountId": "199040315413",
    "isRedacted": true,
    "status": "COMPLETED",
    "results": {
        "transcripts": [
            {
                "transcript": "Hello. This is a test call. Please ignore. My name is [PII] credit card number [PII]. [PII]. Date of birth 1987. 3030"
            }
        ],
        "speaker_labels": {
            "segments": [
                {
                    "start_time": "0.86",
                    "end_time": "1.399",
                    "speaker_label": "spk_0",
                    "items": [
                        {
                            "speaker_label": "spk_0",
                            "start_time": "0.87",
                            "end_time": "1.33"
                        }
                    ]
                },
                {
                    "start_time": "2.13",
                    "end_time": "3.839",
                    "speaker_label": "spk_0",
                    "items": [
                        {
                            "speaker_label": "spk_0",
                            "start_time": "2.25",
                            "end_time": "2.569"
                        },
                        {
                            "speaker_label": "spk_0",
                            "start_time": "2.569",
                            "end_time": "2.769"
                        },
                        {
                            "speaker_label": "spk_0",
                            "start_time": "2.769",
                            "end_time": "2.97"
                        },
                        {
                            "speaker_label": "spk_0",
                            "start_time": "2.97",
                            "end_time": "3.25"
                        },
                        {
                            "speaker_label": "spk_0",
                            "start_time": "3.25",
                            "end_time": "3.609"
                        }
                    ]
                },
                {
                    "start_time": "5.3",
                    "end_time": "6.53",
                    "speaker_label": "spk_0",
                    "items": [
                        {
                            "speaker_label": "spk_0",
                            "start_time": "5.38",
                            "end_time": "5.739"
                        },
                        {
                            "speaker_label": "spk_0",
                            "start_time": "5.739",
                            "end_time": "6.38"
                        }
                    ]
                },
                {
                    "start_time": "7.17",
                    "end_time": "12.199",
                    "speaker_label": "spk_0",
                    "items": [
                        {
                            "speaker_label": "spk_0",
                            "start_time": "7.289",
                            "end_time": "7.449"
                        },
                        {
                            "speaker_label": "spk_0",
                            "start_time": "7.449",
                            "end_time": "7.61"
                        },
                        {
                            "speaker_label": "spk_0",
                            "start_time": "7.61",
                            "end_time": "7.929"
                        },
                        {
                            "speaker_label": "spk_0",
                            "start_time": "7.929",
                            "end_time": "7.98"
                        },
                        {
                            "speaker_label": "spk_0",
                            "start_time": "9.279",
                            "end_time": "9.289"
                        },
                        {
                            "speaker_label": "spk_0",
                            "start_time": "9.289",
                            "end_time": "9.5"
                        },
                        {
                            "speaker_label": "spk_0",
                            "start_time": "9.5",
                            "end_time": "9.93"
                        },
                        {
                            "speaker_label": "spk_0",
                            "start_time": "9.93",
                            "end_time": "12.149"
                        }
                    ]
                },
                {
                    "start_time": "14.05",
                    "end_time": "15.59",
                    "speaker_label": "spk_0",
                    "items": [
                        {
                            "speaker_label": "spk_0",
                            "start_time": "14.17",
                            "end_time": "15.42"
                        }
                    ]
                },
                {
                    "start_time": "16.489",
                    "end_time": "18.739",
                    "speaker_label": "spk_0",
                    "items": [
                        {
                            "speaker_label": "spk_0",
                            "start_time": "16.61",
                            "end_time": "16.85"
                        },
                        {
                            "speaker_label": "spk_0",
                            "start_time": "16.85",
                            "end_time": "16.969"
                        },
                        {
                            "speaker_label": "spk_0",
                            "start_time": "16.969",
                            "end_time": "17.229"
                        },
                        {
                            "speaker_label": "spk_0",
                            "start_time": "17.45",
                            "end_time": "18.61"
                        }
                    ]
                },
                {
                    "start_time": "19.329",
                    "end_time": "20.489",
                    "speaker_label": "spk_0",
                    "items": [
                        {
                            "speaker_label": "spk_0",
                            "start_time": "19.59",
                            "end_time": "20.459"
                        }
                    ]
                }
            ],
            "channel_label": "ch_0",
            "speakers": 1
        },
        "items": [
            {
                "id": 0,
                "type": "pronunciation",
                "alternatives": [
                    {
                        "confidence": "0.999",
                        "content": "Hello"
                    }
                ],
                "start_time": "0.87",
                "end_time": "1.33",
                "speaker_label": "spk_0"
            },
            {
                "id": 1,
                "type": "punctuation",
                "alternatives": [
                    {
                        "confidence": "0.0",
                        "content": "."
                    }
                ],
                "speaker_label": "spk_0"
            },
            {
                "id": 2,
                "type": "pronunciation",
                "alternatives": [
                    {
                        "confidence": "0.568",
                        "content": "This"
                    }
                ],
                "start_time": "2.25",
                "end_time": "2.569",
                "speaker_label": "spk_0"
            },
            {
                "id": 3,
                "type": "pronunciation",
                "alternatives": [
                    {
                        "confidence": "0.343",
                        "content": "is"
                    }
                ],
                "start_time": "2.569",
                "end_time": "2.769",
                "speaker_label": "spk_0"
            },
            {
                "id": 4,
                "type": "pronunciation",
                "alternatives": [
                    {
                        "confidence": "0.981",
                        "content": "a"
                    }
                ],
                "start_time": "2.769",
                "end_time": "2.97",
                "speaker_label": "spk_0"
            },
            {
                "id": 5,
                "type": "pronunciation",
                "alternatives": [
                    {
                        "confidence": "0.996",
                        "content": "test"
                    }
                ],
                "start_time": "2.97",
                "end_time": "3.25",
                "speaker_label": "spk_0"
            },
            {
                "id": 6,
                "type": "pronunciation",
                "alternatives": [
                    {
                        "confidence": "0.572",
                        "content": "call"
                    }
                ],
                "start_time": "3.25",
                "end_time": "3.609",
                "speaker_label": "spk_0"
            },
            {
                "id": 7,
                "type": "punctuation",
                "alternatives": [
                    {
                        "confidence": "0.0",
                        "content": "."
                    }
                ],
                "speaker_label": "spk_0"
            },
            {
                "id": 8,
                "type": "pronunciation",
                "alternatives": [
                    {
                        "confidence": "0.997",
                        "content": "Please"
                    }
                ],
                "start_time": "5.38",
                "end_time": "5.739",
                "speaker_label": "spk_0"
            },
            {
                "id": 9,
                "type": "pronunciation",
                "alternatives": [
                    {
                        "confidence": "0.986",
                        "content": "ignore"
                    }
                ],
                "start_time": "5.739",
                "end_time": "6.38",
                "speaker_label": "spk_0"
            },
            {
                "id": 10,
                "type": "punctuation",
                "alternatives": [
                    {
                        "confidence": "0.0",
                        "content": "."
                    }
                ],
                "speaker_label": "spk_0"
            },
            {
                "id": 11,
                "type": "pronunciation",
                "alternatives": [
                    {
                        "confidence": "0.997",
                        "content": "My"
                    }
                ],
                "start_time": "7.289",
                "end_time": "7.449",
                "speaker_label": "spk_0"
            },
            {
                "id": 12,
                "type": "pronunciation",
                "alternatives": [
                    {
                        "confidence": "0.998",
                        "content": "name"
                    }
                ],
                "start_time": "7.449",
                "end_time": "7.61",
                "speaker_label": "spk_0"
            },
            {
                "id": 13,
                "type": "pronunciation",
                "alternatives": [
                    {
                        "confidence": "0.998",
                        "content": "is"
                    }
                ],
                "start_time": "7.61",
                "end_time": "7.929",
                "speaker_label": "spk_0"
            },
            {
                "id": 14,
                "type": "pronunciation",
                "alternatives": [
                    {
                        "content": "[PII]",
                        "redactions": [
                            {
                                "confidence": "1.0",
                                "type": "NAME",
                                "category": "PII"
                            }
                        ]
                    }
                ],
                "start_time": "7.929",
                "end_time": "7.98"
            },
            {
                "id": 15,
                "type": "pronunciation",
                "alternatives": [
                    {
                        "confidence": "0.969",
                        "content": "credit"
                    }
                ],
                "start_time": "9.279",
                "end_time": "9.289",
                "speaker_label": "spk_0"
            },
            {
                "id": 16,
                "type": "pronunciation",
                "alternatives": [
                    {
                        "confidence": "0.997",
                        "content": "card"
                    }
                ],
                "start_time": "9.289",
                "end_time": "9.5",
                "speaker_label": "spk_0"
            },
            {
                "id": 17,
                "type": "pronunciation",
                "alternatives": [
                    {
                        "confidence": "0.999",
                        "content": "number"
                    }
                ],
                "start_time": "9.5",
                "end_time": "9.93",
                "speaker_label": "spk_0"
            },
            {
                "id": 18,
                "type": "pronunciation",
                "alternatives": [
                    {
                        "content": "[PII]",
                        "redactions": [
                            {
                                "confidence": "0.9623",
                                "type": "CREDIT_DEBIT_NUMBER",
                                "category": "PII"
                            }
                        ]
                    }
                ],
                "start_time": "9.93",
                "end_time": "12.149"
            },
            {
                "id": 19,
                "type": "punctuation",
                "alternatives": [
                    {
                        "confidence": "0.0",
                        "content": "."
                    }
                ]
            },
            {
                "id": 20,
                "type": "pronunciation",
                "alternatives": [
                    {
                        "content": "[PII]",
                        "redactions": [
                            {
                                "confidence": "0.9623",
                                "type": "CREDIT_DEBIT_NUMBER",
                                "category": "PII"
                            }
                        ]
                    }
                ],
                "start_time": "14.17",
                "end_time": "15.42"
            },
            {
                "id": 21,
                "type": "punctuation",
                "alternatives": [
                    {
                        "confidence": "0.0",
                        "content": "."
                    }
                ]
            },
            {
                "id": 22,
                "type": "pronunciation",
                "alternatives": [
                    {
                        "confidence": "0.992",
                        "content": "Date"
                    }
                ],
                "start_time": "16.61",
                "end_time": "16.85",
                "speaker_label": "spk_0"
            },
            {
                "id": 23,
                "type": "pronunciation",
                "alternatives": [
                    {
                        "confidence": "0.996",
                        "content": "of"
                    }
                ],
                "start_time": "16.85",
                "end_time": "16.969",
                "speaker_label": "spk_0"
            },
            {
                "id": 24,
                "type": "pronunciation",
                "alternatives": [
                    {
                        "confidence": "0.996",
                        "content": "birth"
                    }
                ],
                "start_time": "16.969",
                "end_time": "17.229",
                "speaker_label": "spk_0"
            },
            {
                "id": 25,
                "type": "pronunciation",
                "alternatives": [
                    {
                        "confidence": "0.991",
                        "content": "1987"
                    }
                ],
                "start_time": "17.45",
                "end_time": "18.61",
                "speaker_label": "spk_0"
            },
            {
                "id": 26,
                "type": "punctuation",
                "alternatives": [
                    {
                        "confidence": "0.0",
                        "content": "."
                    }
                ],
                "speaker_label": "spk_0"
            },
            {
                "id": 27,
                "type": "pronunciation",
                "alternatives": [
                    {
                        "confidence": "0.9079999999999999",
                        "content": "3030"
                    }
                ],
                "start_time": "19.59",
                "end_time": "20.459",
                "speaker_label": "spk_0"
            }
        ],
        "audio_segments": [
            {
                "id": 0,
                "transcript": "Hello.",
                "start_time": "0.86",
                "end_time": "1.399",
                "speaker_label": "spk_0",
                "items": [
                    0,
                    1
                ]
            },
            {
                "id": 1,
                "transcript": "This is a test call.",
                "start_time": "2.13",
                "end_time": "3.839",
                "speaker_label": "spk_0",
                "items": [
                    2,
                    3,
                    4,
                    5,
                    6,
                    7
                ]
            },
            {
                "id": 2,
                "transcript": "Please ignore.",
                "start_time": "5.3",
                "end_time": "6.53",
                "speaker_label": "spk_0",
                "items": [
                    8,
                    9,
                    10
                ]
            },
            {
                "id": 3,
                "transcript": "My name is [PII] credit card number [PII].",
                "start_time": "7.17",
                "end_time": "12.199",
                "speaker_label": "spk_0",
                "items": [
                    11,
                    12,
                    13,
                    14,
                    15,
                    16,
                    17,
                    18,
                    19
                ]
            },
            {
                "id": 4,
                "transcript": "[PII].",
                "start_time": "14.05",
                "end_time": "15.59",
                "items": [
                    20,
                    21
                ]
            },
            {
                "id": 5,
                "transcript": "Date of birth 1987.",
                "start_time": "16.489",
                "end_time": "18.739",
                "speaker_label": "spk_0",
                "items": [
                    22,
                    23,
                    24,
                    25,
                    26
                ]
            },
            {
                "id": 6,
                "transcript": "3030",
                "start_time": "19.329",
                "end_time": "20.489",
                "speaker_label": "spk_0",
                "items": [
                    27
                ]
            }
        ]
    }
}