{
    "jobName": "transcription-job-2024-03-22T13-38-16Z-call-110f7808-011a-42d7-b884-226a7c861338-f4e97d55-31c8-4601-844b-e100ce3a8e19",
    "accountId": "199040315413",
    "isRedacted": true,
    "status": "COMPLETED",
    "results": {
        "transcripts": [
            {
                "transcript": "Hello? This is a desk call. This is a test call. Sorry, can you say something into the phone? [PII] sentences. Hi hi hi. Do something I'm doing something."
            }
        ],
        "speaker_labels": {
            "segments": [
                {
                    "start_time": "5.34",
                    "end_time": "6.949",
                    "speaker_label": "spk_0",
                    "items": [
                        {
                            "speaker_label": "spk_0",
                            "start_time": "5.349",
                            "end_time": "5.36"
                        }
                    ]
                },
                {
                    "start_time": "7.9",
                    "end_time": "9.84",
                    "speaker_label": "spk_1",
                    "items": [
                        {
                            "speaker_label": "spk_1",
                            "start_time": "8.26",
                            "end_time": "8.579"
                        },
                        {
                            "speaker_label": "spk_1",
                            "start_time": "8.579",
                            "end_time": "8.859"
                        },
                        {
                            "speaker_label": "spk_1",
                            "start_time": "8.859",
                            "end_time": "9.14"
                        },
                        {
                            "speaker_label": "spk_1",
                            "start_time": "9.14",
                            "end_time": "9.5"
                        },
                        {
                            "speaker_label": "spk_1",
                            "start_time": "9.5",
                            "end_time": "9.739"
                        }
                    ]
                },
                {
                    "start_time": "10.449",
                    "end_time": "11.59",
                    "speaker_label": "spk_1",
                    "items": [
                        {
                            "speaker_label": "spk_1",
                            "start_time": "10.569",
                            "end_time": "10.81"
                        },
                        {
                            "speaker_label": "spk_1",
                            "start_time": "10.81",
                            "end_time": "10.97"
                        },
                        {
                            "speaker_label": "spk_1",
                            "start_time": "10.97",
                            "end_time": "11.22"
                        },
                        {
                            "speaker_label": "spk_1",
                            "start_time": "11.22",
                            "end_time": "11.59"
                        }
                    ]
                },
                {
                    "start_time": "11.59",
                    "end_time": "12.64",
                    "speaker_label": "spk_0",
                    "items": [
                        {
                            "speaker_label": "spk_0",
                            "start_time": "11.59",
                            "end_time": "11.6"
                        }
                    ]
                },
                {
                    "start_time": "13.6",
                    "end_time": "17.84",
                    "speaker_label": "spk_1",
                    "items": [
                        {
                            "speaker_label": "spk_1",
                            "start_time": "14.84",
                            "end_time": "14.92"
                        },
                        {
                            "speaker_label": "spk_1",
                            "start_time": "15.039",
                            "end_time": "15.199"
                        },
                        {
                            "speaker_label": "spk_1",
                            "start_time": "15.199",
                            "end_time": "15.279"
                        },
                        {
                            "speaker_label": "spk_1",
                            "start_time": "15.279",
                            "end_time": "15.479"
                        },
                        {
                            "speaker_label": "spk_1",
                            "start_time": "15.479",
                            "end_time": "15.72"
                        },
                        {
                            "speaker_label": "spk_1",
                            "start_time": "15.72",
                            "end_time": "15.909"
                        },
                        {
                            "speaker_label": "spk_1",
                            "start_time": "15.909",
                            "end_time": "16.079"
                        },
                        {
                            "speaker_label": "spk_1",
                            "start_time": "16.079",
                            "end_time": "16.549"
                        }
                    ]
                },
                {
                    "start_time": "21.159",
                    "end_time": "22.079",
                    "speaker_label": "spk_1",
                    "items": [
                        {
                            "speaker_label": "spk_1",
                            "start_time": "21.43",
                            "end_time": "22.079"
                        }
                    ]
                },
                {
                    "start_time": "22.079",
                    "end_time": "22.7",
                    "speaker_label": "spk_0",
                    "items": [
                        {
                            "speaker_label": "spk_0",
                            "start_time": "22.079",
                            "end_time": "22.6"
                        }
                    ]
                },
                {
                    "start_time": "23.319",
                    "end_time": "25.729",
                    "speaker_label": "spk_0",
                    "items": [
                        {
                            "speaker_label": "spk_0",
                            "start_time": "23.329",
                            "end_time": "23.34"
                        },
                        {
                            "speaker_label": "spk_0",
                            "start_time": "23.34",
                            "end_time": "23.35"
                        },
                        {
                            "speaker_label": "spk_0",
                            "start_time": "24.329",
                            "end_time": "25.069"
                        }
                    ]
                },
                {
                    "start_time": "26.36",
                    "end_time": "32.58",
                    "speaker_label": "spk_0",
                    "items": [
                        {
                            "speaker_label": "spk_0",
                            "start_time": "26.37",
                            "end_time": "26.379"
                        },
                        {
                            "speaker_label": "spk_0",
                            "start_time": "26.379",
                            "end_time": "26.389"
                        },
                        {
                            "speaker_label": "spk_0",
                            "start_time": "29.18",
                            "end_time": "29.309"
                        },
                        {
                            "speaker_label": "spk_0",
                            "start_time": "29.309",
                            "end_time": "29.479"
                        },
                        {
                            "speaker_label": "spk_0",
                            "start_time": "29.479",
                            "end_time": "29.489"
                        }
                    ]
                }
            ],
            "channel_label": "ch_0",
            "speakers": 2
        },
        "items": [
            {
                "id": 0,
                "type": "pronunciation",
                "alternatives": [
                    {
                        "confidence": "0.999",
                        "content": "Hello"
                    }
                ],
                "start_time": "5.349",
                "end_time": "5.36",
                "speaker_label": "spk_0"
            },
            {
                "id": 1,
                "type": "punctuation",
                "alternatives": [
                    {
                        "confidence": "0.0",
                        "content": "?"
                    }
                ],
                "speaker_label": "spk_0"
            },
            {
                "id": 2,
                "type": "pronunciation",
                "alternatives": [
                    {
                        "confidence": "0.998",
                        "content": "This"
                    }
                ],
                "start_time": "8.26",
                "end_time": "8.579",
                "speaker_label": "spk_1"
            },
            {
                "id": 3,
                "type": "pronunciation",
                "alternatives": [
                    {
                        "confidence": "0.999",
                        "content": "is"
                    }
                ],
                "start_time": "8.579",
                "end_time": "8.859",
                "speaker_label": "spk_1"
            },
            {
                "id": 4,
                "type": "pronunciation",
                "alternatives": [
                    {
                        "confidence": "0.997",
                        "content": "a"
                    }
                ],
                "start_time": "8.859",
                "end_time": "9.14",
                "speaker_label": "spk_1"
            },
            {
                "id": 5,
                "type": "pronunciation",
                "alternatives": [
                    {
                        "confidence": "0.356",
                        "content": "desk"
                    }
                ],
                "start_time": "9.14",
                "end_time": "9.5",
                "speaker_label": "spk_1"
            },
            {
                "id": 6,
                "type": "pronunciation",
                "alternatives": [
                    {
                        "confidence": "0.996",
                        "content": "call"
                    }
                ],
                "start_time": "9.5",
                "end_time": "9.739",
                "speaker_label": "spk_1"
            },
            {
                "id": 7,
                "type": "punctuation",
                "alternatives": [
                    {
                        "confidence": "0.0",
                        "content": "."
                    }
                ],
                "speaker_label": "spk_1"
            },
            {
                "id": 8,
                "type": "pronunciation",
                "alternatives": [
                    {
                        "confidence": "0.997",
                        "content": "This"
                    }
                ],
                "start_time": "10.569",
                "end_time": "10.81",
                "speaker_label": "spk_1"
            },
            {
                "id": 9,
                "type": "pronunciation",
                "alternatives": [
                    {
                        "confidence": "0.997",
                        "content": "is"
                    }
                ],
                "start_time": "10.81",
                "end_time": "10.97",
                "speaker_label": "spk_1"
            },
            {
                "id": 10,
                "type": "pronunciation",
                "alternatives": [
                    {
                        "confidence": "0.816",
                        "content": "a"
                    }
                ],
                "start_time": "10.97",
                "end_time": "11.22",
                "speaker_label": "spk_1"
            },
            {
                "id": 11,
                "type": "pronunciation",
                "alternatives": [
                    {
                        "confidence": "0.997",
                        "content": "test"
                    }
                ],
                "start_time": "11.22",
                "end_time": "11.59",
                "speaker_label": "spk_1"
            },
            {
                "id": 12,
                "type": "pronunciation",
                "alternatives": [
                    {
                        "confidence": "0.461",
                        "content": "call"
                    }
                ],
                "start_time": "11.59",
                "end_time": "11.6",
                "speaker_label": "spk_0"
            },
            {
                "id": 13,
                "type": "punctuation",
                "alternatives": [
                    {
                        "confidence": "0.0",
                        "content": "."
                    }
                ],
                "speaker_label": "spk_0"
            },
            {
                "id": 14,
                "type": "pronunciation",
                "alternatives": [
                    {
                        "confidence": "0.958",
                        "content": "Sorry"
                    }
                ],
                "start_time": "14.84",
                "end_time": "14.92",
                "speaker_label": "spk_1"
            },
            {
                "id": 15,
                "type": "punctuation",
                "alternatives": [
                    {
                        "confidence": "0.0",
                        "content": ","
                    }
                ],
                "speaker_label": "spk_1"
            },
            {
                "id": 16,
                "type": "pronunciation",
                "alternatives": [
                    {
                        "confidence": "0.996",
                        "content": "can"
                    }
                ],
                "start_time": "15.039",
                "end_time": "15.199",
                "speaker_label": "spk_1"
            },
            {
                "id": 17,
                "type": "pronunciation",
                "alternatives": [
                    {
                        "confidence": "0.993",
                        "content": "you"
                    }
                ],
                "start_time": "15.199",
                "end_time": "15.279",
                "speaker_label": "spk_1"
            },
            {
                "id": 18,
                "type": "pronunciation",
                "alternatives": [
                    {
                        "confidence": "0.997",
                        "content": "say"
                    }
                ],
                "start_time": "15.279",
                "end_time": "15.479",
                "speaker_label": "spk_1"
            },
            {
                "id": 19,
                "type": "pronunciation",
                "alternatives": [
                    {
                        "confidence": "0.998",
                        "content": "something"
                    }
                ],
                "start_time": "15.479",
                "end_time": "15.72",
                "speaker_label": "spk_1"
            },
            {
                "id": 20,
                "type": "pronunciation",
                "alternatives": [
                    {
                        "confidence": "0.997",
                        "content": "into"
                    }
                ],
                "start_time": "15.72",
                "end_time": "15.909",
                "speaker_label": "spk_1"
            },
            {
                "id": 21,
                "type": "pronunciation",
                "alternatives": [
                    {
                        "confidence": "0.998",
                        "content": "the"
                    }
                ],
                "start_time": "15.909",
                "end_time": "16.079",
                "speaker_label": "spk_1"
            },
            {
                "id": 22,
                "type": "pronunciation",
                "alternatives": [
                    {
                        "confidence": "0.998",
                        "content": "phone"
                    }
                ],
                "start_time": "16.079",
                "end_time": "16.549",
                "speaker_label": "spk_1"
            },
            {
                "id": 23,
                "type": "punctuation",
                "alternatives": [
                    {
                        "confidence": "0.0",
                        "content": "?"
                    }
                ],
                "speaker_label": "spk_1"
            },
            {
                "id": 24,
                "type": "pronunciation",
                "alternatives": [
                    {
                        "content": "[PII]",
                        "redactions": [
                            {
                                "confidence": "0.5233",
                                "type": "PHONE",
                                "category": "PII"
                            }
                        ]
                    }
                ],
                "start_time": "21.43",
                "end_time": "22.079"
            },
            {
                "id": 25,
                "type": "pronunciation",
                "alternatives": [
                    {
                        "confidence": "0.936",
                        "content": "sentences"
                    }
                ],
                "start_time": "22.079",
                "end_time": "22.6",
                "speaker_label": "spk_0"
            },
            {
                "id": 26,
                "type": "punctuation",
                "alternatives": [
                    {
                        "confidence": "0.0",
                        "content": "."
                    }
                ],
                "speaker_label": "spk_0"
            },
            {
                "id": 27,
                "type": "pronunciation",
                "alternatives": [
                    {
                        "confidence": "0.997",
                        "content": "Hi"
                    }
                ],
                "start_time": "23.329",
                "end_time": "23.34",
                "speaker_label": "spk_0"
            },
            {
                "id": 28,
                "type": "pronunciation",
                "alternatives": [
                    {
                        "confidence": "0.996",
                        "content": "hi"
                    }
                ],
                "start_time": "23.34",
                "end_time": "23.35",
                "speaker_label": "spk_0"
            },
            {
                "id": 29,
                "type": "pronunciation",
                "alternatives": [
                    {
                        "confidence": "0.996",
                        "content": "hi"
                    }
                ],
                "start_time": "24.329",
                "end_time": "25.069",
                "speaker_label": "spk_0"
            },
            {
                "id": 30,
                "type": "punctuation",
                "alternatives": [
                    {
                        "confidence": "0.0",
                        "content": "."
                    }
                ],
                "speaker_label": "spk_0"
            },
            {
                "id": 31,
                "type": "pronunciation",
                "alternatives": [
                    {
                        "confidence": "0.772",
                        "content": "Do"
                    }
                ],
                "start_time": "26.37",
                "end_time": "26.379",
                "speaker_label": "spk_0"
            },
            {
                "id": 32,
                "type": "pronunciation",
                "alternatives": [
                    {
                        "confidence": "0.974",
                        "content": "something"
                    }
                ],
                "start_time": "26.379",
                "end_time": "26.389",
                "speaker_label": "spk_0"
            },
            {
                "id": 33,
                "type": "pronunciation",
                "alternatives": [
                    {
                        "confidence": "0.946",
                        "content": "I'm"
                    }
                ],
                "start_time": "29.18",
                "end_time": "29.309",
                "speaker_label": "spk_0"
            },
            {
                "id": 34,
                "type": "pronunciation",
                "alternatives": [
                    {
                        "confidence": "0.996",
                        "content": "doing"
                    }
                ],
                "start_time": "29.309",
                "end_time": "29.479",
                "speaker_label": "spk_0"
            },
            {
                "id": 35,
                "type": "pronunciation",
                "alternatives": [
                    {
                        "confidence": "0.952",
                        "content": "something"
                    }
                ],
                "start_time": "29.479",
                "end_time": "29.489",
                "speaker_label": "spk_0"
            },
            {
                "id": 36,
                "type": "punctuation",
                "alternatives": [
                    {
                        "confidence": "0.0",
                        "content": "."
                    }
                ],
                "speaker_label": "spk_0"
            }
        ],
        "audio_segments": [
            {
                "id": 0,
                "transcript": "Hello?",
                "start_time": "5.34",
                "end_time": "6.949",
                "speaker_label": "spk_0",
                "items": [
                    0,
                    1
                ]
            },
            {
                "id": 1,
                "transcript": "This is a desk call.",
                "start_time": "7.9",
                "end_time": "9.84",
                "speaker_label": "spk_1",
                "items": [
                    2,
                    3,
                    4,
                    5,
                    6,
                    7
                ]
            },
            {
                "id": 2,
                "transcript": "This is a test",
                "start_time": "10.449",
                "end_time": "11.59",
                "speaker_label": "spk_1",
                "items": [
                    8,
                    9,
                    10,
                    11
                ]
            },
            {
                "id": 3,
                "transcript": "call.",
                "start_time": "11.59",
                "end_time": "12.64",
                "speaker_label": "spk_0",
                "items": [
                    12,
                    13
                ]
            },
            {
                "id": 4,
                "transcript": "Sorry, can you say something into the phone?",
                "start_time": "13.6",
                "end_time": "17.84",
                "speaker_label": "spk_1",
                "items": [
                    14,
                    15,
                    16,
                    17,
                    18,
                    19,
                    20,
                    21,
                    22,
                    23
                ]
            },
            {
                "id": 5,
                "transcript": "[PII]",
                "start_time": "21.159",
                "end_time": "22.079",
                "items": [
                    24
                ]
            },
            {
                "id": 6,
                "transcript": "sentences.",
                "start_time": "22.079",
                "end_time": "22.7",
                "speaker_label": "spk_0",
                "items": [
                    25,
                    26
                ]
            },
            {
                "id": 7,
                "transcript": "Hi hi hi.",
                "start_time": "23.319",
                "end_time": "25.729",
                "speaker_label": "spk_0",
                "items": [
                    27,
                    28,
                    29,
                    30
                ]
            },
            {
                "id": 8,
                "transcript": "Do something I'm doing something.",
                "start_time": "26.36",
                "end_time": "32.58",
                "speaker_label": "spk_0",
                "items": [
                    31,
                    32,
                    33,
                    34,
                    35,
                    36
                ]
            }
        ]
    }
}