{
    "jobName": "transcription-job-2024-03-22T15-47-59Z-call-c84d1c0a-4d5d-49bb-ba5f-e8ce200c8d22-1d1918c7-b8bd-4230-a004-a123250fe25c",
    "accountId": "199040315413",
    "isRedacted": true,
    "status": "COMPLETED",
    "results": {
        "transcripts": [
            {
                "transcript": "Hello, this is a test call. Please would know my name is [PII]. Um, health card number is 1895702."
            }
        ],
        "speaker_labels": {
            "segments": [
                {
                    "start_time": "1.0",
                    "end_time": "10.239",
                    "speaker_label": "spk_0",
                    "items": [
                        {
                            "speaker_label": "spk_0",
                            "start_time": "1.009",
                            "end_time": "1.48"
                        },
                        {
                            "speaker_label": "spk_0",
                            "start_time": "1.559",
                            "end_time": "1.679"
                        },
                        {
                            "speaker_label": "spk_0",
                            "start_time": "1.679",
                            "end_time": "1.84"
                        },
                        {
                            "speaker_label": "spk_0",
                            "start_time": "1.84",
                            "end_time": "2.099"
                        },
                        {
                            "speaker_label": "spk_0",
                            "start_time": "2.099",
                            "end_time": "2.4"
                        },
                        {
                            "speaker_label": "spk_0",
                            "start_time": "2.4",
                            "end_time": "2.869"
                        },
                        {
                            "speaker_label": "spk_0",
                            "start_time": "4.559",
                            "end_time": "4.57"
                        },
                        {
                            "speaker_label": "spk_0",
                            "start_time": "4.57",
                            "end_time": "4.579"
                        },
                        {
                            "speaker_label": "spk_0",
                            "start_time": "4.579",
                            "end_time": "4.59"
                        },
                        {
                            "speaker_label": "spk_0",
                            "start_time": "4.59",
                            "end_time": "4.679"
                        },
                        {
                            "speaker_label": "spk_0",
                            "start_time": "4.679",
                            "end_time": "4.84"
                        },
                        {
                            "speaker_label": "spk_0",
                            "start_time": "4.84",
                            "end_time": "5.119"
                        },
                        {
                            "speaker_label": "spk_0",
                            "start_time": "5.119",
                            "end_time": "5.21"
                        },
                        {
                            "speaker_label": "spk_0",
                            "start_time": "6.559",
                            "end_time": "7.13"
                        },
                        {
                            "speaker_label": "spk_0",
                            "start_time": "7.199",
                            "end_time": "7.4"
                        },
                        {
                            "speaker_label": "spk_0",
                            "start_time": "7.4",
                            "end_time": "7.639"
                        },
                        {
                            "speaker_label": "spk_0",
                            "start_time": "7.639",
                            "end_time": "7.92"
                        },
                        {
                            "speaker_label": "spk_0",
                            "start_time": "7.92",
                            "end_time": "8.039"
                        },
                        {
                            "speaker_label": "spk_0",
                            "start_time": "8.039",
                            "end_time": "10.17"
                        }
                    ]
                }
            ],
            "channel_label": "ch_0",
            "speakers": 1
        },
        "items": [
            {
                "id": 0,
                "type": "pronunciation",
                "alternatives": [
                    {
                        "confidence": "0.999",
                        "content": "Hello"
                    }
                ],
                "start_time": "1.009",
                "end_time": "1.48",
                "speaker_label": "spk_0"
            },
            {
                "id": 1,
                "type": "punctuation",
                "alternatives": [
                    {
                        "confidence": "0.0",
                        "content": ","
                    }
                ],
                "speaker_label": "spk_0"
            },
            {
                "id": 2,
                "type": "pronunciation",
                "alternatives": [
                    {
                        "confidence": "0.996",
                        "content": "this"
                    }
                ],
                "start_time": "1.559",
                "end_time": "1.679",
                "speaker_label": "spk_0"
            },
            {
                "id": 3,
                "type": "pronunciation",
                "alternatives": [
                    {
                        "confidence": "0.999",
                        "content": "is"
                    }
                ],
                "start_time": "1.679",
                "end_time": "1.84",
                "speaker_label": "spk_0"
            },
            {
                "id": 4,
                "type": "pronunciation",
                "alternatives": [
                    {
                        "confidence": "0.997",
                        "content": "a"
                    }
                ],
                "start_time": "1.84",
                "end_time": "2.099",
                "speaker_label": "spk_0"
            },
            {
                "id": 5,
                "type": "pronunciation",
                "alternatives": [
                    {
                        "confidence": "0.567",
                        "content": "test"
                    }
                ],
                "start_time": "2.099",
                "end_time": "2.4",
                "speaker_label": "spk_0"
            },
            {
                "id": 6,
                "type": "pronunciation",
                "alternatives": [
                    {
                        "confidence": "0.998",
                        "content": "call"
                    }
                ],
                "start_time": "2.4",
                "end_time": "2.869",
                "speaker_label": "spk_0"
            },
            {
                "id": 7,
                "type": "punctuation",
                "alternatives": [
                    {
                        "confidence": "0.0",
                        "content": "."
                    }
                ],
                "speaker_label": "spk_0"
            },
            {
                "id": 8,
                "type": "pronunciation",
                "alternatives": [
                    {
                        "confidence": "0.866",
                        "content": "Please"
                    }
                ],
                "start_time": "4.559",
                "end_time": "4.57",
                "speaker_label": "spk_0"
            },
            {
                "id": 9,
                "type": "pronunciation",
                "alternatives": [
                    {
                        "confidence": "0.768",
                        "content": "would"
                    }
                ],
                "start_time": "4.57",
                "end_time": "4.579",
                "speaker_label": "spk_0"
            },
            {
                "id": 10,
                "type": "pronunciation",
                "alternatives": [
                    {
                        "confidence": "0.985",
                        "content": "know"
                    }
                ],
                "start_time": "4.579",
                "end_time": "4.59",
                "speaker_label": "spk_0"
            },
            {
                "id": 11,
                "type": "pronunciation",
                "alternatives": [
                    {
                        "confidence": "0.975",
                        "content": "my"
                    }
                ],
                "start_time": "4.59",
                "end_time": "4.679",
                "speaker_label": "spk_0"
            },
            {
                "id": 12,
                "type": "pronunciation",
                "alternatives": [
                    {
                        "confidence": "0.999",
                        "content": "name"
                    }
                ],
                "start_time": "4.679",
                "end_time": "4.84",
                "speaker_label": "spk_0"
            },
            {
                "id": 13,
                "type": "pronunciation",
                "alternatives": [
                    {
                        "confidence": "0.999",
                        "content": "is"
                    }
                ],
                "start_time": "4.84",
                "end_time": "5.119",
                "speaker_label": "spk_0"
            },
            {
                "id": 14,
                "type": "pronunciation",
                "alternatives": [
                    {
                        "content": "[PII]",
                        "redactions": [
                            {
                                "confidence": "1.0",
                                "type": "NAME",
                                "category": "PII"
                            }
                        ]
                    }
                ],
                "start_time": "5.119",
                "end_time": "5.21"
            },
            {
                "id": 15,
                "type": "punctuation",
                "alternatives": [
                    {
                        "confidence": "0.0",
                        "content": "."
                    }
                ]
            },
            {
                "id": 16,
                "type": "pronunciation",
                "alternatives": [
                    {
                        "confidence": "0.916",
                        "content": "Um"
                    }
                ],
                "start_time": "6.559",
                "end_time": "7.13",
                "speaker_label": "spk_0"
            },
            {
                "id": 17,
                "type": "punctuation",
                "alternatives": [
                    {
                        "confidence": "0.0",
                        "content": ","
                    }
                ],
                "speaker_label": "spk_0"
            },
            {
                "id": 18,
                "type": "pronunciation",
                "alternatives": [
                    {
                        "confidence": "0.997",
                        "content": "health"
                    }
                ],
                "start_time": "7.199",
                "end_time": "7.4",
                "speaker_label": "spk_0"
            },
            {
                "id": 19,
                "type": "pronunciation",
                "alternatives": [
                    {
                        "confidence": "0.997",
                        "content": "card"
                    }
                ],
                "start_time": "7.4",
                "end_time": "7.639",
                "speaker_label": "spk_0"
            },
            {
                "id": 20,
                "type": "pronunciation",
                "alternatives": [
                    {
                        "confidence": "0.999",
                        "content": "number"
                    }
                ],
                "start_time": "7.639",
                "end_time": "7.92",
                "speaker_label": "spk_0"
            },
            {
                "id": 21,
                "type": "pronunciation",
                "alternatives": [
                    {
                        "confidence": "0.998",
                        "content": "is"
                    }
                ],
                "start_time": "7.92",
                "end_time": "8.039",
                "speaker_label": "spk_0"
            },
            {
                "id": 22,
                "type": "pronunciation",
                "alternatives": [
                    {
                        "confidence": "0.99",
                        "content": "1895702"
                    }
                ],
                "start_time": "8.039",
                "end_time": "10.17",
                "speaker_label": "spk_0"
            },
            {
                "id": 23,
                "type": "punctuation",
                "alternatives": [
                    {
                        "confidence": "0.0",
                        "content": "."
                    }
                ],
                "speaker_label": "spk_0"
            }
        ],
        "audio_segments": [
            {
                "id": 0,
                "transcript": "Hello, this is a test call. Please would know my name is [PII]. Um, health card number is 1895702.",
                "start_time": "1.0",
                "end_time": "10.239",
                "speaker_label": "spk_0",
                "items": [
                    0,
                    1,
                    2,
                    3,
                    4,
                    5,
                    6,
                    7,
                    8,
                    9,
                    10,
                    11,
                    12,
                    13,
                    14,
                    15,
                    16,
                    17,
                    18,
                    19,
                    20,
                    21,
                    22,
                    23
                ]
            }
        ]
    }
}