{
    "jobName": "transcription-job-2024-03-22T15-47-50Z-call-e6c226ca-abb8-49d3-a224-1b6c8166a029-2c0b5409-3a6b-4403-ab9b-2a28220e23ed",
    "accountId": "199040315413",
    "isRedacted": true,
    "status": "COMPLETED",
    "results": {
        "transcripts": [
            {
                "transcript": "Hello, this is a test call. Please would know my name is [PII]. Um, health card number is 1895702."
            }
        ],
        "speaker_labels": {
            "segments": [
                {
                    "start_time": "3.14",
                    "end_time": "5.01",
                    "speaker_label": "spk_0",
                    "items": [
                        {
                            "speaker_label": "spk_0",
                            "start_time": "3.15",
                            "end_time": "3.63"
                        },
                        {
                            "speaker_label": "spk_0",
                            "start_time": "3.7",
                            "end_time": "3.859"
                        },
                        {
                            "speaker_label": "spk_0",
                            "start_time": "3.859",
                            "end_time": "3.98"
                        },
                        {
                            "speaker_label": "spk_0",
                            "start_time": "3.98",
                            "end_time": "4.219"
                        },
                        {
                            "speaker_label": "spk_0",
                            "start_time": "4.219",
                            "end_time": "4.539"
                        },
                        {
                            "speaker_label": "spk_0",
                            "start_time": "4.539",
                            "end_time": "5.01"
                        }
                    ]
                },
                {
                    "start_time": "6.65",
                    "end_time": "6.679",
                    "speaker_label": "spk_1",
                    "items": [
                        {
                            "speaker_label": "spk_1",
                            "start_time": "6.65",
                            "end_time": "6.659"
                        },
                        {
                            "speaker_label": "spk_1",
                            "start_time": "6.659",
                            "end_time": "6.67"
                        },
                        {
                            "speaker_label": "spk_1",
                            "start_time": "6.67",
                            "end_time": "6.679"
                        }
                    ]
                },
                {
                    "start_time": "6.679",
                    "end_time": "7.53",
                    "speaker_label": "spk_0",
                    "items": [
                        {
                            "speaker_label": "spk_0",
                            "start_time": "6.679",
                            "end_time": "6.86"
                        },
                        {
                            "speaker_label": "spk_0",
                            "start_time": "6.86",
                            "end_time": "6.98"
                        },
                        {
                            "speaker_label": "spk_0",
                            "start_time": "6.98",
                            "end_time": "7.26"
                        },
                        {
                            "speaker_label": "spk_0",
                            "start_time": "7.26",
                            "end_time": "7.53"
                        }
                    ]
                },
                {
                    "start_time": "8.699",
                    "end_time": "12.39",
                    "speaker_label": "spk_1",
                    "items": [
                        {
                            "speaker_label": "spk_1",
                            "start_time": "8.699",
                            "end_time": "9.149"
                        },
                        {
                            "speaker_label": "spk_1",
                            "start_time": "9.569",
                            "end_time": "9.579"
                        },
                        {
                            "speaker_label": "spk_1",
                            "start_time": "9.579",
                            "end_time": "9.779"
                        },
                        {
                            "speaker_label": "spk_1",
                            "start_time": "9.779",
                            "end_time": "10.06"
                        },
                        {
                            "speaker_label": "spk_1",
                            "start_time": "10.06",
                            "end_time": "10.18"
                        },
                        {
                            "speaker_label": "spk_1",
                            "start_time": "10.18",
                            "end_time": "12.3"
                        }
                    ]
                }
            ],
            "channel_label": "ch_0",
            "speakers": 2
        },
        "items": [
            {
                "id": 0,
                "type": "pronunciation",
                "alternatives": [
                    {
                        "confidence": "0.999",
                        "content": "Hello"
                    }
                ],
                "start_time": "3.15",
                "end_time": "3.63",
                "speaker_label": "spk_0"
            },
            {
                "id": 1,
                "type": "punctuation",
                "alternatives": [
                    {
                        "confidence": "0.0",
                        "content": ","
                    }
                ],
                "speaker_label": "spk_0"
            },
            {
                "id": 2,
                "type": "pronunciation",
                "alternatives": [
                    {
                        "confidence": "0.996",
                        "content": "this"
                    }
                ],
                "start_time": "3.7",
                "end_time": "3.859",
                "speaker_label": "spk_0"
            },
            {
                "id": 3,
                "type": "pronunciation",
                "alternatives": [
                    {
                        "confidence": "0.999",
                        "content": "is"
                    }
                ],
                "start_time": "3.859",
                "end_time": "3.98",
                "speaker_label": "spk_0"
            },
            {
                "id": 4,
                "type": "pronunciation",
                "alternatives": [
                    {
                        "confidence": "0.997",
                        "content": "a"
                    }
                ],
                "start_time": "3.98",
                "end_time": "4.219",
                "speaker_label": "spk_0"
            },
            {
                "id": 5,
                "type": "pronunciation",
                "alternatives": [
                    {
                        "confidence": "0.998",
                        "content": "test"
                    }
                ],
                "start_time": "4.219",
                "end_time": "4.539",
                "speaker_label": "spk_0"
            },
            {
                "id": 6,
                "type": "pronunciation",
                "alternatives": [
                    {
                        "confidence": "0.998",
                        "content": "call"
                    }
                ],
                "start_time": "4.539",
                "end_time": "5.01",
                "speaker_label": "spk_0"
            },
            {
                "id": 7,
                "type": "punctuation",
                "alternatives": [
                    {
                        "confidence": "0.0",
                        "content": "."
                    }
                ],
                "speaker_label": "spk_0"
            },
            {
                "id": 8,
                "type": "pronunciation",
                "alternatives": [
                    {
                        "confidence": "0.94",
                        "content": "Please"
                    }
                ],
                "start_time": "6.65",
                "end_time": "6.659",
                "speaker_label": "spk_1"
            },
            {
                "id": 9,
                "type": "pronunciation",
                "alternatives": [
                    {
                        "confidence": "0.973",
                        "content": "would"
                    }
                ],
                "start_time": "6.659",
                "end_time": "6.67",
                "speaker_label": "spk_1"
            },
            {
                "id": 10,
                "type": "pronunciation",
                "alternatives": [
                    {
                        "confidence": "0.947",
                        "content": "know"
                    }
                ],
                "start_time": "6.67",
                "end_time": "6.679",
                "speaker_label": "spk_1"
            },
            {
                "id": 11,
                "type": "pronunciation",
                "alternatives": [
                    {
                        "confidence": "0.991",
                        "content": "my"
                    }
                ],
                "start_time": "6.679",
                "end_time": "6.86",
                "speaker_label": "spk_0"
            },
            {
                "id": 12,
                "type": "pronunciation",
                "alternatives": [
                    {
                        "confidence": "0.999",
                        "content": "name"
                    }
                ],
                "start_time": "6.86",
                "end_time": "6.98",
                "speaker_label": "spk_0"
            },
            {
                "id": 13,
                "type": "pronunciation",
                "alternatives": [
                    {
                        "confidence": "0.998",
                        "content": "is"
                    }
                ],
                "start_time": "6.98",
                "end_time": "7.26",
                "speaker_label": "spk_0"
            },
            {
                "id": 14,
                "type": "pronunciation",
                "alternatives": [
                    {
                        "content": "[PII]",
                        "redactions": [
                            {
                                "confidence": "1.0",
                                "type": "NAME",
                                "category": "PII"
                            }
                        ]
                    }
                ],
                "start_time": "7.26",
                "end_time": "7.53"
            },
            {
                "id": 15,
                "type": "punctuation",
                "alternatives": [
                    {
                        "confidence": "0.0",
                        "content": "."
                    }
                ]
            },
            {
                "id": 16,
                "type": "pronunciation",
                "alternatives": [
                    {
                        "confidence": "0.895",
                        "content": "Um"
                    }
                ],
                "start_time": "8.699",
                "end_time": "9.149",
                "speaker_label": "spk_1"
            },
            {
                "id": 17,
                "type": "punctuation",
                "alternatives": [
                    {
                        "confidence": "0.0",
                        "content": ","
                    }
                ],
                "speaker_label": "spk_1"
            },
            {
                "id": 18,
                "type": "pronunciation",
                "alternatives": [
                    {
                        "confidence": "0.996",
                        "content": "health"
                    }
                ],
                "start_time": "9.569",
                "end_time": "9.579",
                "speaker_label": "spk_1"
            },
            {
                "id": 19,
                "type": "pronunciation",
                "alternatives": [
                    {
                        "confidence": "0.997",
                        "content": "card"
                    }
                ],
                "start_time": "9.579",
                "end_time": "9.779",
                "speaker_label": "spk_1"
            },
            {
                "id": 20,
                "type": "pronunciation",
                "alternatives": [
                    {
                        "confidence": "0.999",
                        "content": "number"
                    }
                ],
                "start_time": "9.779",
                "end_time": "10.06",
                "speaker_label": "spk_1"
            },
            {
                "id": 21,
                "type": "pronunciation",
                "alternatives": [
                    {
                        "confidence": "0.998",
                        "content": "is"
                    }
                ],
                "start_time": "10.06",
                "end_time": "10.18",
                "speaker_label": "spk_1"
            },
            {
                "id": 22,
                "type": "pronunciation",
                "alternatives": [
                    {
                        "confidence": "0.992",
                        "content": "1895702"
                    }
                ],
                "start_time": "10.18",
                "end_time": "12.3",
                "speaker_label": "spk_1"
            },
            {
                "id": 23,
                "type": "punctuation",
                "alternatives": [
                    {
                        "confidence": "0.0",
                        "content": "."
                    }
                ],
                "speaker_label": "spk_1"
            }
        ],
        "audio_segments": [
            {
                "id": 0,
                "transcript": "Hello, this is a test call.",
                "start_time": "3.14",
                "end_time": "5.01",
                "speaker_label": "spk_0",
                "items": [
                    0,
                    1,
                    2,
                    3,
                    4,
                    5,
                    6,
                    7
                ]
            },
            {
                "id": 1,
                "transcript": "Please would know",
                "start_time": "6.65",
                "end_time": "6.679",
                "speaker_label": "spk_1",
                "items": [
                    8,
                    9,
                    10
                ]
            },
            {
                "id": 2,
                "transcript": "my name is [PII].",
                "start_time": "6.679",
                "end_time": "7.53",
                "speaker_label": "spk_0",
                "items": [
                    11,
                    12,
                    13,
                    14,
                    15
                ]
            },
            {
                "id": 3,
                "transcript": "Um, health card number is 1895702.",
                "start_time": "8.699",
                "end_time": "12.39",
                "speaker_label": "spk_1",
                "items": [
                    16,
                    17,
                    18,
                    19,
                    20,
                    21,
                    22,
                    23
                ]
            }
        ]
    }
}