{
    "jobName": "transcription-job-2024-03-22T15-31-17Z-call-6c22179a-be5c-4790-a61d-dc1161551465-86c887bd-e3fc-4b03-9ad8-4c399ede0245",
    "accountId": "199040315413",
    "isRedacted": true,
    "status": "COMPLETED",
    "results": {
        "transcripts": [
            {
                "transcript": "Hello, this is a test call. Uh, my name is [PII]. I'm calling for a, uh, scan of the arm. Uh, my health card number is 5,138,970."
            }
        ],
        "speaker_labels": {
            "segments": [
                {
                    "start_time": "0.889",
                    "end_time": "2.849",
                    "speaker_label": "spk_0",
                    "items": [
                        {
                            "speaker_label": "spk_0",
                            "start_time": "0.899",
                            "end_time": "1.72"
                        },
                        {
                            "speaker_label": "spk_0",
                            "start_time": "2.089",
                            "end_time": "2.21"
                        },
                        {
                            "speaker_label": "spk_0",
                            "start_time": "2.21",
                            "end_time": "2.329"
                        },
                        {
                            "speaker_label": "spk_0",
                            "start_time": "2.329",
                            "end_time": "2.529"
                        },
                        {
                            "speaker_label": "spk_0",
                            "start_time": "2.529",
                            "end_time": "2.849"
                        }
                    ]
                },
                {
                    "start_time": "2.849",
                    "end_time": "3.4",
                    "speaker_label": "spk_0",
                    "items": [
                        {
                            "speaker_label": "spk_0",
                            "start_time": "2.849",
                            "end_time": "3.4"
                        }
                    ]
                },
                {
                    "start_time": "3.93",
                    "end_time": "7.09",
                    "speaker_label": "spk_0",
                    "items": [
                        {
                            "speaker_label": "spk_0",
                            "start_time": "3.93",
                            "end_time": "4.44"
                        },
                        {
                            "speaker_label": "spk_0",
                            "start_time": "4.57",
                            "end_time": "4.73"
                        },
                        {
                            "speaker_label": "spk_0",
                            "start_time": "4.73",
                            "end_time": "4.849"
                        },
                        {
                            "speaker_label": "spk_0",
                            "start_time": "4.849",
                            "end_time": "5.05"
                        },
                        {
                            "speaker_label": "spk_0",
                            "start_time": "5.05",
                            "end_time": "5.57"
                        },
                        {
                            "speaker_label": "spk_0",
                            "start_time": "5.71",
                            "end_time": "6.01"
                        },
                        {
                            "speaker_label": "spk_0",
                            "start_time": "6.01",
                            "end_time": "6.449"
                        },
                        {
                            "speaker_label": "spk_0",
                            "start_time": "6.449",
                            "end_time": "7.09"
                        }
                    ]
                },
                {
                    "start_time": "7.489",
                    "end_time": "8.64",
                    "speaker_label": "spk_1",
                    "items": [
                        {
                            "speaker_label": "spk_1",
                            "start_time": "7.489",
                            "end_time": "8.039"
                        },
                        {
                            "speaker_label": "spk_1",
                            "start_time": "8.09",
                            "end_time": "8.64"
                        }
                    ]
                },
                {
                    "start_time": "8.81",
                    "end_time": "9.72",
                    "speaker_label": "spk_0",
                    "items": [
                        {
                            "speaker_label": "spk_0",
                            "start_time": "8.81",
                            "end_time": "9.289"
                        },
                        {
                            "speaker_label": "spk_0",
                            "start_time": "9.289",
                            "end_time": "9.72"
                        }
                    ]
                },
                {
                    "start_time": "9.72",
                    "end_time": "10.399",
                    "speaker_label": "spk_1",
                    "items": [
                        {
                            "speaker_label": "spk_1",
                            "start_time": "9.72",
                            "end_time": "10.399"
                        }
                    ]
                },
                {
                    "start_time": "10.729",
                    "end_time": "11.319",
                    "speaker_label": "spk_0",
                    "items": [
                        {
                            "speaker_label": "spk_0",
                            "start_time": "10.729",
                            "end_time": "11.319"
                        }
                    ]
                },
                {
                    "start_time": "12.1",
                    "end_time": "15.689",
                    "speaker_label": "spk_0",
                    "items": [
                        {
                            "speaker_label": "spk_0",
                            "start_time": "12.1",
                            "end_time": "12.21"
                        },
                        {
                            "speaker_label": "spk_0",
                            "start_time": "12.25",
                            "end_time": "12.409"
                        },
                        {
                            "speaker_label": "spk_0",
                            "start_time": "12.409",
                            "end_time": "12.569"
                        },
                        {
                            "speaker_label": "spk_0",
                            "start_time": "12.569",
                            "end_time": "12.77"
                        },
                        {
                            "speaker_label": "spk_0",
                            "start_time": "12.77",
                            "end_time": "13.01"
                        },
                        {
                            "speaker_label": "spk_0",
                            "start_time": "13.01",
                            "end_time": "13.17"
                        },
                        {
                            "speaker_label": "spk_0",
                            "start_time": "13.17",
                            "end_time": "15.579"
                        }
                    ]
                }
            ],
            "channel_label": "ch_0",
            "speakers": 2
        },
        "items": [
            {
                "id": 0,
                "type": "pronunciation",
                "alternatives": [
                    {
                        "confidence": "0.999",
                        "content": "Hello"
                    }
                ],
                "start_time": "0.899",
                "end_time": "1.72",
                "speaker_label": "spk_0"
            },
            {
                "id": 1,
                "type": "punctuation",
                "alternatives": [
                    {
                        "confidence": "0.0",
                        "content": ","
                    }
                ],
                "speaker_label": "spk_0"
            },
            {
                "id": 2,
                "type": "pronunciation",
                "alternatives": [
                    {
                        "confidence": "0.996",
                        "content": "this"
                    }
                ],
                "start_time": "2.089",
                "end_time": "2.21",
                "speaker_label": "spk_0"
            },
            {
                "id": 3,
                "type": "pronunciation",
                "alternatives": [
                    {
                        "confidence": "0.999",
                        "content": "is"
                    }
                ],
                "start_time": "2.21",
                "end_time": "2.329",
                "speaker_label": "spk_0"
            },
            {
                "id": 4,
                "type": "pronunciation",
                "alternatives": [
                    {
                        "confidence": "0.997",
                        "content": "a"
                    }
                ],
                "start_time": "2.329",
                "end_time": "2.529",
                "speaker_label": "spk_0"
            },
            {
                "id": 5,
                "type": "pronunciation",
                "alternatives": [
                    {
                        "confidence": "0.998",
                        "content": "test"
                    }
                ],
                "start_time": "2.529",
                "end_time": "2.849",
                "speaker_label": "spk_0"
            },
            {
                "id": 6,
                "type": "pronunciation",
                "alternatives": [
                    {
                        "confidence": "0.997",
                        "content": "call"
                    }
                ],
                "start_time": "2.849",
                "end_time": "3.4",
                "speaker_label": "spk_0"
            },
            {
                "id": 7,
                "type": "punctuation",
                "alternatives": [
                    {
                        "confidence": "0.0",
                        "content": "."
                    }
                ],
                "speaker_label": "spk_0"
            },
            {
                "id": 8,
                "type": "pronunciation",
                "alternatives": [
                    {
                        "confidence": "0.996",
                        "content": "Uh"
                    }
                ],
                "start_time": "3.93",
                "end_time": "4.44",
                "speaker_label": "spk_0"
            },
            {
                "id": 9,
                "type": "punctuation",
                "alternatives": [
                    {
                        "confidence": "0.0",
                        "content": ","
                    }
                ],
                "speaker_label": "spk_0"
            },
            {
                "id": 10,
                "type": "pronunciation",
                "alternatives": [
                    {
                        "confidence": "0.997",
                        "content": "my"
                    }
                ],
                "start_time": "4.57",
                "end_time": "4.73",
                "speaker_label": "spk_0"
            },
            {
                "id": 11,
                "type": "pronunciation",
                "alternatives": [
                    {
                        "confidence": "0.999",
                        "content": "name"
                    }
                ],
                "start_time": "4.73",
                "end_time": "4.849",
                "speaker_label": "spk_0"
            },
            {
                "id": 12,
                "type": "pronunciation",
                "alternatives": [
                    {
                        "confidence": "0.999",
                        "content": "is"
                    }
                ],
                "start_time": "4.849",
                "end_time": "5.05",
                "speaker_label": "spk_0"
            },
            {
                "id": 13,
                "type": "pronunciation",
                "alternatives": [
                    {
                        "content": "[PII]",
                        "redactions": [
                            {
                                "confidence": "1.0",
                                "type": "NAME",
                                "category": "PII"
                            }
                        ]
                    }
                ],
                "start_time": "5.05",
                "end_time": "5.57"
            },
            {
                "id": 14,
                "type": "punctuation",
                "alternatives": [
                    {
                        "confidence": "0.0",
                        "content": "."
                    }
                ]
            },
            {
                "id": 15,
                "type": "pronunciation",
                "alternatives": [
                    {
                        "confidence": "0.998",
                        "content": "I'm"
                    }
                ],
                "start_time": "5.71",
                "end_time": "6.01",
                "speaker_label": "spk_0"
            },
            {
                "id": 16,
                "type": "pronunciation",
                "alternatives": [
                    {
                        "confidence": "0.999",
                        "content": "calling"
                    }
                ],
                "start_time": "6.01",
                "end_time": "6.449",
                "speaker_label": "spk_0"
            },
            {
                "id": 17,
                "type": "pronunciation",
                "alternatives": [
                    {
                        "confidence": "0.999",
                        "content": "for"
                    }
                ],
                "start_time": "6.449",
                "end_time": "7.09",
                "speaker_label": "spk_0"
            },
            {
                "id": 18,
                "type": "pronunciation",
                "alternatives": [
                    {
                        "confidence": "0.998",
                        "content": "a"
                    }
                ],
                "start_time": "7.489",
                "end_time": "8.039",
                "speaker_label": "spk_1"
            },
            {
                "id": 19,
                "type": "punctuation",
                "alternatives": [
                    {
                        "confidence": "0.0",
                        "content": ","
                    }
                ],
                "speaker_label": "spk_1"
            },
            {
                "id": 20,
                "type": "pronunciation",
                "alternatives": [
                    {
                        "confidence": "0.996",
                        "content": "uh"
                    }
                ],
                "start_time": "8.09",
                "end_time": "8.64",
                "speaker_label": "spk_1"
            },
            {
                "id": 21,
                "type": "punctuation",
                "alternatives": [
                    {
                        "confidence": "0.0",
                        "content": ","
                    }
                ],
                "speaker_label": "spk_1"
            },
            {
                "id": 22,
                "type": "pronunciation",
                "alternatives": [
                    {
                        "confidence": "0.993",
                        "content": "scan"
                    }
                ],
                "start_time": "8.81",
                "end_time": "9.289",
                "speaker_label": "spk_0"
            },
            {
                "id": 23,
                "type": "pronunciation",
                "alternatives": [
                    {
                        "confidence": "0.999",
                        "content": "of"
                    }
                ],
                "start_time": "9.289",
                "end_time": "9.72",
                "speaker_label": "spk_0"
            },
            {
                "id": 24,
                "type": "pronunciation",
                "alternatives": [
                    {
                        "confidence": "0.999",
                        "content": "the"
                    }
                ],
                "start_time": "9.72",
                "end_time": "10.399",
                "speaker_label": "spk_1"
            },
            {
                "id": 25,
                "type": "pronunciation",
                "alternatives": [
                    {
                        "confidence": "0.997",
                        "content": "arm"
                    }
                ],
                "start_time": "10.729",
                "end_time": "11.319",
                "speaker_label": "spk_0"
            },
            {
                "id": 26,
                "type": "punctuation",
                "alternatives": [
                    {
                        "confidence": "0.0",
                        "content": "."
                    }
                ],
                "speaker_label": "spk_0"
            },
            {
                "id": 27,
                "type": "pronunciation",
                "alternatives": [
                    {
                        "confidence": "0.996",
                        "content": "Uh"
                    }
                ],
                "start_time": "12.1",
                "end_time": "12.21",
                "speaker_label": "spk_0"
            },
            {
                "id": 28,
                "type": "punctuation",
                "alternatives": [
                    {
                        "confidence": "0.0",
                        "content": ","
                    }
                ],
                "speaker_label": "spk_0"
            },
            {
                "id": 29,
                "type": "pronunciation",
                "alternatives": [
                    {
                        "confidence": "0.996",
                        "content": "my"
                    }
                ],
                "start_time": "12.25",
                "end_time": "12.409",
                "speaker_label": "spk_0"
            },
            {
                "id": 30,
                "type": "pronunciation",
                "alternatives": [
                    {
                        "confidence": "0.998",
                        "content": "health"
                    }
                ],
                "start_time": "12.409",
                "end_time": "12.569",
                "speaker_label": "spk_0"
            },
            {
                "id": 31,
                "type": "pronunciation",
                "alternatives": [
                    {
                        "confidence": "0.997",
                        "content": "card"
                    }
                ],
                "start_time": "12.569",
                "end_time": "12.77",
                "speaker_label": "spk_0"
            },
            {
                "id": 32,
                "type": "pronunciation",
                "alternatives": [
                    {
                        "confidence": "0.999",
                        "content": "number"
                    }
                ],
                "start_time": "12.77",
                "end_time": "13.01",
                "speaker_label": "spk_0"
            },
            {
                "id": 33,
                "type": "pronunciation",
                "alternatives": [
                    {
                        "confidence": "0.999",
                        "content": "is"
                    }
                ],
                "start_time": "13.01",
                "end_time": "13.17",
                "speaker_label": "spk_0"
            },
            {
                "id": 34,
                "type": "pronunciation",
                "alternatives": [
                    {
                        "confidence": "0.991",
                        "content": "5,138,970"
                    }
                ],
                "start_time": "13.17",
                "end_time": "15.579",
                "speaker_label": "spk_0"
            },
            {
                "id": 35,
                "type": "punctuation",
                "alternatives": [
                    {
                        "confidence": "0.0",
                        "content": "."
                    }
                ],
                "speaker_label": "spk_0"
            }
        ],
        "audio_segments": [
            {
                "id": 0,
                "transcript": "Hello, this is a test",
                "start_time": "0.889",
                "end_time": "2.849",
                "speaker_label": "spk_0",
                "items": [
                    0,
                    1,
                    2,
                    3,
                    4,
                    5
                ]
            },
            {
                "id": 1,
                "transcript": "call.",
                "start_time": "2.849",
                "end_time": "3.4",
                "speaker_label": "spk_0",
                "items": [
                    6,
                    7
                ]
            },
            {
                "id": 2,
                "transcript": "Uh, my name is [PII]. I'm calling for",
                "start_time": "3.93",
                "end_time": "7.09",
                "speaker_label": "spk_0",
                "items": [
                    8,
                    9,
                    10,
                    11,
                    12,
                    13,
                    14,
                    15,
                    16,
                    17
                ]
            },
            {
                "id": 3,
                "transcript": "a, uh,",
                "start_time": "7.489",
                "end_time": "8.64",
                "speaker_label": "spk_1",
                "items": [
                    18,
                    19,
                    20,
                    21
                ]
            },
            {
                "id": 4,
                "transcript": "scan of",
                "start_time": "8.81",
                "end_time": "9.72",
                "speaker_label": "spk_0",
                "items": [
                    22,
                    23
                ]
            },
            {
                "id": 5,
                "transcript": "the",
                "start_time": "9.72",
                "end_time": "10.399",
                "speaker_label": "spk_1",
                "items": [
                    24
                ]
            },
            {
                "id": 6,
                "transcript": "arm.",
                "start_time": "10.729",
                "end_time": "11.319",
                "speaker_label": "spk_0",
                "items": [
                    25,
                    26
                ]
            },
            {
                "id": 7,
                "transcript": "Uh, my health card number is 5,138,970.",
                "start_time": "12.1",
                "end_time": "15.689",
                "speaker_label": "spk_0",
                "items": [
                    27,
                    28,
                    29,
                    30,
                    31,
                    32,
                    33,
                    34,
                    35
                ]
            }
        ]
    }
}