{
    "jobName": "transcription-job-2024-03-22T15-31-11Z-call-6f188290-b6bc-4e44-8128-cde03c460529-e12ad979-8429-4008-bbe9-6525d18f0268",
    "accountId": "199040315413",
    "isRedacted": true,
    "status": "COMPLETED",
    "results": {
        "transcripts": [
            {
                "transcript": "Yes Hello, this is a test call. Uh, my name is [PII]. I'm calling for a, uh, scan of the arm. Uh, my health card number is 5,138,970."
            }
        ],
        "speaker_labels": {
            "segments": [
                {
                    "start_time": "0.349",
                    "end_time": "1.059",
                    "speaker_label": "spk_0",
                    "items": [
                        {
                            "speaker_label": "spk_0",
                            "start_time": "0.73",
                            "end_time": "0.98"
                        }
                    ]
                },
                {
                    "start_time": "4.96",
                    "end_time": "6.92",
                    "speaker_label": "spk_1",
                    "items": [
                        {
                            "speaker_label": "spk_1",
                            "start_time": "4.969",
                            "end_time": "5.75"
                        },
                        {
                            "speaker_label": "spk_1",
                            "start_time": "6.119",
                            "end_time": "6.239"
                        },
                        {
                            "speaker_label": "spk_1",
                            "start_time": "6.239",
                            "end_time": "6.4"
                        },
                        {
                            "speaker_label": "spk_1",
                            "start_time": "6.4",
                            "end_time": "6.599"
                        },
                        {
                            "speaker_label": "spk_1",
                            "start_time": "6.599",
                            "end_time": "6.92"
                        }
                    ]
                },
                {
                    "start_time": "6.92",
                    "end_time": "7.429",
                    "speaker_label": "spk_0",
                    "items": [
                        {
                            "speaker_label": "spk_0",
                            "start_time": "6.92",
                            "end_time": "7.429"
                        }
                    ]
                },
                {
                    "start_time": "8.0",
                    "end_time": "10.52",
                    "speaker_label": "spk_1",
                    "items": [
                        {
                            "speaker_label": "spk_1",
                            "start_time": "8.0",
                            "end_time": "8.51"
                        },
                        {
                            "speaker_label": "spk_1",
                            "start_time": "8.64",
                            "end_time": "8.76"
                        },
                        {
                            "speaker_label": "spk_1",
                            "start_time": "8.76",
                            "end_time": "8.88"
                        },
                        {
                            "speaker_label": "spk_1",
                            "start_time": "8.88",
                            "end_time": "9.119"
                        },
                        {
                            "speaker_label": "spk_1",
                            "start_time": "9.119",
                            "end_time": "9.52"
                        },
                        {
                            "speaker_label": "spk_1",
                            "start_time": "9.76",
                            "end_time": "10.079"
                        },
                        {
                            "speaker_label": "spk_1",
                            "start_time": "10.079",
                            "end_time": "10.52"
                        }
                    ]
                },
                {
                    "start_time": "10.52",
                    "end_time": "11.189",
                    "speaker_label": "spk_1",
                    "items": [
                        {
                            "speaker_label": "spk_1",
                            "start_time": "10.52",
                            "end_time": "11.189"
                        }
                    ]
                },
                {
                    "start_time": "11.56",
                    "end_time": "12.71",
                    "speaker_label": "spk_0",
                    "items": [
                        {
                            "speaker_label": "spk_0",
                            "start_time": "11.56",
                            "end_time": "12.109"
                        },
                        {
                            "speaker_label": "spk_0",
                            "start_time": "12.159",
                            "end_time": "12.71"
                        }
                    ]
                },
                {
                    "start_time": "12.88",
                    "end_time": "13.789",
                    "speaker_label": "spk_1",
                    "items": [
                        {
                            "speaker_label": "spk_1",
                            "start_time": "12.88",
                            "end_time": "13.319"
                        },
                        {
                            "speaker_label": "spk_1",
                            "start_time": "13.319",
                            "end_time": "13.789"
                        }
                    ]
                },
                {
                    "start_time": "13.789",
                    "end_time": "14.43",
                    "speaker_label": "spk_0",
                    "items": [
                        {
                            "speaker_label": "spk_0",
                            "start_time": "13.789",
                            "end_time": "14.43"
                        }
                    ]
                },
                {
                    "start_time": "14.8",
                    "end_time": "15.409",
                    "speaker_label": "spk_1",
                    "items": [
                        {
                            "speaker_label": "spk_1",
                            "start_time": "14.8",
                            "end_time": "15.27"
                        }
                    ]
                },
                {
                    "start_time": "16.01",
                    "end_time": "19.739",
                    "speaker_label": "spk_1",
                    "items": [
                        {
                            "speaker_label": "spk_1",
                            "start_time": "16.03",
                            "end_time": "16.29"
                        },
                        {
                            "speaker_label": "spk_1",
                            "start_time": "16.329",
                            "end_time": "16.45"
                        },
                        {
                            "speaker_label": "spk_1",
                            "start_time": "16.45",
                            "end_time": "16.649"
                        },
                        {
                            "speaker_label": "spk_1",
                            "start_time": "16.649",
                            "end_time": "16.809"
                        },
                        {
                            "speaker_label": "spk_1",
                            "start_time": "16.809",
                            "end_time": "17.049"
                        },
                        {
                            "speaker_label": "spk_1",
                            "start_time": "17.049",
                            "end_time": "17.25"
                        },
                        {
                            "speaker_label": "spk_1",
                            "start_time": "17.25",
                            "end_time": "19.649"
                        }
                    ]
                }
            ],
            "channel_label": "ch_0",
            "speakers": 2
        },
        "items": [
            {
                "id": 0,
                "type": "pronunciation",
                "alternatives": [
                    {
                        "confidence": "0.041",
                        "content": "Yes"
                    }
                ],
                "start_time": "0.73",
                "end_time": "0.98",
                "speaker_label": "spk_0"
            },
            {
                "id": 1,
                "type": "pronunciation",
                "alternatives": [
                    {
                        "confidence": "0.999",
                        "content": "Hello"
                    }
                ],
                "start_time": "4.969",
                "end_time": "5.75",
                "speaker_label": "spk_1"
            },
            {
                "id": 2,
                "type": "punctuation",
                "alternatives": [
                    {
                        "confidence": "0.0",
                        "content": ","
                    }
                ],
                "speaker_label": "spk_1"
            },
            {
                "id": 3,
                "type": "pronunciation",
                "alternatives": [
                    {
                        "confidence": "0.996",
                        "content": "this"
                    }
                ],
                "start_time": "6.119",
                "end_time": "6.239",
                "speaker_label": "spk_1"
            },
            {
                "id": 4,
                "type": "pronunciation",
                "alternatives": [
                    {
                        "confidence": "0.999",
                        "content": "is"
                    }
                ],
                "start_time": "6.239",
                "end_time": "6.4",
                "speaker_label": "spk_1"
            },
            {
                "id": 5,
                "type": "pronunciation",
                "alternatives": [
                    {
                        "confidence": "0.996",
                        "content": "a"
                    }
                ],
                "start_time": "6.4",
                "end_time": "6.599",
                "speaker_label": "spk_1"
            },
            {
                "id": 6,
                "type": "pronunciation",
                "alternatives": [
                    {
                        "confidence": "0.998",
                        "content": "test"
                    }
                ],
                "start_time": "6.599",
                "end_time": "6.92",
                "speaker_label": "spk_1"
            },
            {
                "id": 7,
                "type": "pronunciation",
                "alternatives": [
                    {
                        "confidence": "0.996",
                        "content": "call"
                    }
                ],
                "start_time": "6.92",
                "end_time": "7.429",
                "speaker_label": "spk_0"
            },
            {
                "id": 8,
                "type": "punctuation",
                "alternatives": [
                    {
                        "confidence": "0.0",
                        "content": "."
                    }
                ],
                "speaker_label": "spk_0"
            },
            {
                "id": 9,
                "type": "pronunciation",
                "alternatives": [
                    {
                        "confidence": "0.996",
                        "content": "Uh"
                    }
                ],
                "start_time": "8.0",
                "end_time": "8.51",
                "speaker_label": "spk_1"
            },
            {
                "id": 10,
                "type": "punctuation",
                "alternatives": [
                    {
                        "confidence": "0.0",
                        "content": ","
                    }
                ],
                "speaker_label": "spk_1"
            },
            {
                "id": 11,
                "type": "pronunciation",
                "alternatives": [
                    {
                        "confidence": "0.997",
                        "content": "my"
                    }
                ],
                "start_time": "8.64",
                "end_time": "8.76",
                "speaker_label": "spk_1"
            },
            {
                "id": 12,
                "type": "pronunciation",
                "alternatives": [
                    {
                        "confidence": "0.999",
                        "content": "name"
                    }
                ],
                "start_time": "8.76",
                "end_time": "8.88",
                "speaker_label": "spk_1"
            },
            {
                "id": 13,
                "type": "pronunciation",
                "alternatives": [
                    {
                        "confidence": "0.999",
                        "content": "is"
                    }
                ],
                "start_time": "8.88",
                "end_time": "9.119",
                "speaker_label": "spk_1"
            },
            {
                "id": 14,
                "type": "pronunciation",
                "alternatives": [
                    {
                        "content": "[PII]",
                        "redactions": [
                            {
                                "confidence": "1.0",
                                "type": "NAME",
                                "category": "PII"
                            }
                        ]
                    }
                ],
                "start_time": "9.119",
                "end_time": "9.52"
            },
            {
                "id": 15,
                "type": "punctuation",
                "alternatives": [
                    {
                        "confidence": "0.0",
                        "content": "."
                    }
                ]
            },
            {
                "id": 16,
                "type": "pronunciation",
                "alternatives": [
                    {
                        "confidence": "0.998",
                        "content": "I'm"
                    }
                ],
                "start_time": "9.76",
                "end_time": "10.079",
                "speaker_label": "spk_1"
            },
            {
                "id": 17,
                "type": "pronunciation",
                "alternatives": [
                    {
                        "confidence": "0.999",
                        "content": "calling"
                    }
                ],
                "start_time": "10.079",
                "end_time": "10.52",
                "speaker_label": "spk_1"
            },
            {
                "id": 18,
                "type": "pronunciation",
                "alternatives": [
                    {
                        "confidence": "0.999",
                        "content": "for"
                    }
                ],
                "start_time": "10.52",
                "end_time": "11.189",
                "speaker_label": "spk_1"
            },
            {
                "id": 19,
                "type": "pronunciation",
                "alternatives": [
                    {
                        "confidence": "0.997",
                        "content": "a"
                    }
                ],
                "start_time": "11.56",
                "end_time": "12.109",
                "speaker_label": "spk_0"
            },
            {
                "id": 20,
                "type": "punctuation",
                "alternatives": [
                    {
                        "confidence": "0.0",
                        "content": ","
                    }
                ],
                "speaker_label": "spk_0"
            },
            {
                "id": 21,
                "type": "pronunciation",
                "alternatives": [
                    {
                        "confidence": "0.997",
                        "content": "uh"
                    }
                ],
                "start_time": "12.159",
                "end_time": "12.71",
                "speaker_label": "spk_0"
            },
            {
                "id": 22,
                "type": "punctuation",
                "alternatives": [
                    {
                        "confidence": "0.0",
                        "content": ","
                    }
                ],
                "speaker_label": "spk_0"
            },
            {
                "id": 23,
                "type": "pronunciation",
                "alternatives": [
                    {
                        "confidence": "0.99",
                        "content": "scan"
                    }
                ],
                "start_time": "12.88",
                "end_time": "13.319",
                "speaker_label": "spk_1"
            },
            {
                "id": 24,
                "type": "pronunciation",
                "alternatives": [
                    {
                        "confidence": "0.999",
                        "content": "of"
                    }
                ],
                "start_time": "13.319",
                "end_time": "13.789",
                "speaker_label": "spk_1"
            },
            {
                "id": 25,
                "type": "pronunciation",
                "alternatives": [
                    {
                        "confidence": "0.999",
                        "content": "the"
                    }
                ],
                "start_time": "13.789",
                "end_time": "14.43",
                "speaker_label": "spk_0"
            },
            {
                "id": 26,
                "type": "pronunciation",
                "alternatives": [
                    {
                        "confidence": "0.997",
                        "content": "arm"
                    }
                ],
                "start_time": "14.8",
                "end_time": "15.27",
                "speaker_label": "spk_1"
            },
            {
                "id": 27,
                "type": "punctuation",
                "alternatives": [
                    {
                        "confidence": "0.0",
                        "content": "."
                    }
                ],
                "speaker_label": "spk_1"
            },
            {
                "id": 28,
                "type": "pronunciation",
                "alternatives": [
                    {
                        "confidence": "0.993",
                        "content": "Uh"
                    }
                ],
                "start_time": "16.03",
                "end_time": "16.29",
                "speaker_label": "spk_1"
            },
            {
                "id": 29,
                "type": "punctuation",
                "alternatives": [
                    {
                        "confidence": "0.0",
                        "content": ","
                    }
                ],
                "speaker_label": "spk_1"
            },
            {
                "id": 30,
                "type": "pronunciation",
                "alternatives": [
                    {
                        "confidence": "0.996",
                        "content": "my"
                    }
                ],
                "start_time": "16.329",
                "end_time": "16.45",
                "speaker_label": "spk_1"
            },
            {
                "id": 31,
                "type": "pronunciation",
                "alternatives": [
                    {
                        "confidence": "0.997",
                        "content": "health"
                    }
                ],
                "start_time": "16.45",
                "end_time": "16.649",
                "speaker_label": "spk_1"
            },
            {
                "id": 32,
                "type": "pronunciation",
                "alternatives": [
                    {
                        "confidence": "0.997",
                        "content": "card"
                    }
                ],
                "start_time": "16.649",
                "end_time": "16.809",
                "speaker_label": "spk_1"
            },
            {
                "id": 33,
                "type": "pronunciation",
                "alternatives": [
                    {
                        "confidence": "0.999",
                        "content": "number"
                    }
                ],
                "start_time": "16.809",
                "end_time": "17.049",
                "speaker_label": "spk_1"
            },
            {
                "id": 34,
                "type": "pronunciation",
                "alternatives": [
                    {
                        "confidence": "0.998",
                        "content": "is"
                    }
                ],
                "start_time": "17.049",
                "end_time": "17.25",
                "speaker_label": "spk_1"
            },
            {
                "id": 35,
                "type": "pronunciation",
                "alternatives": [
                    {
                        "confidence": "0.989",
                        "content": "5,138,970"
                    }
                ],
                "start_time": "17.25",
                "end_time": "19.649",
                "speaker_label": "spk_1"
            },
            {
                "id": 36,
                "type": "punctuation",
                "alternatives": [
                    {
                        "confidence": "0.0",
                        "content": "."
                    }
                ],
                "speaker_label": "spk_1"
            }
        ],
        "audio_segments": [
            {
                "id": 0,
                "transcript": "Yes",
                "start_time": "0.349",
                "end_time": "1.059",
                "speaker_label": "spk_0",
                "items": [
                    0
                ]
            },
            {
                "id": 1,
                "transcript": "Hello, this is a test",
                "start_time": "4.96",
                "end_time": "6.92",
                "speaker_label": "spk_1",
                "items": [
                    1,
                    2,
                    3,
                    4,
                    5,
                    6
                ]
            },
            {
                "id": 2,
                "transcript": "call.",
                "start_time": "6.92",
                "end_time": "7.429",
                "speaker_label": "spk_0",
                "items": [
                    7,
                    8
                ]
            },
            {
                "id": 3,
                "transcript": "Uh, my name is [PII]. I'm calling",
                "start_time": "8.0",
                "end_time": "10.52",
                "speaker_label": "spk_1",
                "items": [
                    9,
                    10,
                    11,
                    12,
                    13,
                    14,
                    15,
                    16,
                    17
                ]
            },
            {
                "id": 4,
                "transcript": "for",
                "start_time": "10.52",
                "end_time": "11.189",
                "speaker_label": "spk_1",
                "items": [
                    18
                ]
            },
            {
                "id": 5,
                "transcript": "a, uh,",
                "start_time": "11.56",
                "end_time": "12.71",
                "speaker_label": "spk_0",
                "items": [
                    19,
                    20,
                    21,
                    22
                ]
            },
            {
                "id": 6,
                "transcript": "scan of",
                "start_time": "12.88",
                "end_time": "13.789",
                "speaker_label": "spk_1",
                "items": [
                    23,
                    24
                ]
            },
            {
                "id": 7,
                "transcript": "the",
                "start_time": "13.789",
                "end_time": "14.43",
                "speaker_label": "spk_0",
                "items": [
                    25
                ]
            },
            {
                "id": 8,
                "transcript": "arm.",
                "start_time": "14.8",
                "end_time": "15.409",
                "speaker_label": "spk_1",
                "items": [
                    26,
                    27
                ]
            },
            {
                "id": 9,
                "transcript": "Uh, my health card number is 5,138,970.",
                "start_time": "16.01",
                "end_time": "19.739",
                "speaker_label": "spk_1",
                "items": [
                    28,
                    29,
                    30,
                    31,
                    32,
                    33,
                    34,
                    35,
                    36
                ]
            }
        ]
    }
}