{
    "jobName": "transcription-job-2024-03-22T15-04-43Z-call-b3f29a39-a486-4e9b-ba4c-aaaaef48f9a2-2076e9fe-f510-46f6-99af-9f2d354b0406",
    "accountId": "199040315413",
    "isRedacted": true,
    "status": "COMPLETED",
    "results": {
        "transcripts": [
            {
                "transcript": "Hello? This is a test call. Um, you may share only one voice. Please ignore this call. This is a test call to test recording and automatic transcribing."
            }
        ],
        "speaker_labels": {
            "segments": [
                {
                    "start_time": "4.01",
                    "end_time": "4.619",
                    "speaker_label": "spk_0",
                    "items": [
                        {
                            "speaker_label": "spk_0",
                            "start_time": "4.019",
                            "end_time": "4.48"
                        }
                    ]
                },
                {
                    "start_time": "5.659",
                    "end_time": "7.179",
                    "speaker_label": "spk_0",
                    "items": [
                        {
                            "speaker_label": "spk_0",
                            "start_time": "5.78",
                            "end_time": "5.98"
                        },
                        {
                            "speaker_label": "spk_0",
                            "start_time": "5.98",
                            "end_time": "6.179"
                        },
                        {
                            "speaker_label": "spk_0",
                            "start_time": "6.179",
                            "end_time": "6.38"
                        },
                        {
                            "speaker_label": "spk_0",
                            "start_time": "6.38",
                            "end_time": "6.659"
                        },
                        {
                            "speaker_label": "spk_0",
                            "start_time": "6.659",
                            "end_time": "7.09"
                        }
                    ]
                },
                {
                    "start_time": "7.719",
                    "end_time": "10.77",
                    "speaker_label": "spk_0",
                    "items": [
                        {
                            "speaker_label": "spk_0",
                            "start_time": "7.82",
                            "end_time": "8.51"
                        },
                        {
                            "speaker_label": "spk_0",
                            "start_time": "8.64",
                            "end_time": "8.84"
                        },
                        {
                            "speaker_label": "spk_0",
                            "start_time": "8.84",
                            "end_time": "9.279"
                        },
                        {
                            "speaker_label": "spk_0",
                            "start_time": "9.279",
                            "end_time": "9.489"
                        },
                        {
                            "speaker_label": "spk_0",
                            "start_time": "9.489",
                            "end_time": "9.88"
                        },
                        {
                            "speaker_label": "spk_0",
                            "start_time": "9.88",
                            "end_time": "10.199"
                        },
                        {
                            "speaker_label": "spk_0",
                            "start_time": "10.199",
                            "end_time": "10.63"
                        }
                    ]
                },
                {
                    "start_time": "11.539",
                    "end_time": "17.84",
                    "speaker_label": "spk_0",
                    "items": [
                        {
                            "speaker_label": "spk_0",
                            "start_time": "11.659",
                            "end_time": "11.939"
                        },
                        {
                            "speaker_label": "spk_0",
                            "start_time": "11.939",
                            "end_time": "12.609"
                        },
                        {
                            "speaker_label": "spk_0",
                            "start_time": "12.609",
                            "end_time": "13.02"
                        },
                        {
                            "speaker_label": "spk_0",
                            "start_time": "13.02",
                            "end_time": "13.3"
                        },
                        {
                            "speaker_label": "spk_0",
                            "start_time": "13.39",
                            "end_time": "13.59"
                        },
                        {
                            "speaker_label": "spk_0",
                            "start_time": "13.59",
                            "end_time": "13.779"
                        },
                        {
                            "speaker_label": "spk_0",
                            "start_time": "13.779",
                            "end_time": "13.939"
                        },
                        {
                            "speaker_label": "spk_0",
                            "start_time": "13.939",
                            "end_time": "14.26"
                        },
                        {
                            "speaker_label": "spk_0",
                            "start_time": "14.26",
                            "end_time": "14.619"
                        },
                        {
                            "speaker_label": "spk_0",
                            "start_time": "14.619",
                            "end_time": "14.869"
                        },
                        {
                            "speaker_label": "spk_0",
                            "start_time": "14.869",
                            "end_time": "15.34"
                        },
                        {
                            "speaker_label": "spk_0",
                            "start_time": "15.34",
                            "end_time": "15.89"
                        },
                        {
                            "speaker_label": "spk_0",
                            "start_time": "16.18",
                            "end_time": "16.389"
                        },
                        {
                            "speaker_label": "spk_0",
                            "start_time": "16.389",
                            "end_time": "16.94"
                        },
                        {
                            "speaker_label": "spk_0",
                            "start_time": "16.94",
                            "end_time": "17.739"
                        }
                    ]
                }
            ],
            "channel_label": "ch_0",
            "speakers": 1
        },
        "items": [
            {
                "id": 0,
                "type": "pronunciation",
                "alternatives": [
                    {
                        "confidence": "0.998",
                        "content": "Hello"
                    }
                ],
                "start_time": "4.019",
                "end_time": "4.48",
                "speaker_label": "spk_0"
            },
            {
                "id": 1,
                "type": "punctuation",
                "alternatives": [
                    {
                        "confidence": "0.0",
                        "content": "?"
                    }
                ],
                "speaker_label": "spk_0"
            },
            {
                "id": 2,
                "type": "pronunciation",
                "alternatives": [
                    {
                        "confidence": "0.998",
                        "content": "This"
                    }
                ],
                "start_time": "5.78",
                "end_time": "5.98",
                "speaker_label": "spk_0"
            },
            {
                "id": 3,
                "type": "pronunciation",
                "alternatives": [
                    {
                        "confidence": "0.999",
                        "content": "is"
                    }
                ],
                "start_time": "5.98",
                "end_time": "6.179",
                "speaker_label": "spk_0"
            },
            {
                "id": 4,
                "type": "pronunciation",
                "alternatives": [
                    {
                        "confidence": "0.997",
                        "content": "a"
                    }
                ],
                "start_time": "6.179",
                "end_time": "6.38",
                "speaker_label": "spk_0"
            },
            {
                "id": 5,
                "type": "pronunciation",
                "alternatives": [
                    {
                        "confidence": "0.997",
                        "content": "test"
                    }
                ],
                "start_time": "6.38",
                "end_time": "6.659",
                "speaker_label": "spk_0"
            },
            {
                "id": 6,
                "type": "pronunciation",
                "alternatives": [
                    {
                        "confidence": "0.978",
                        "content": "call"
                    }
                ],
                "start_time": "6.659",
                "end_time": "7.09",
                "speaker_label": "spk_0"
            },
            {
                "id": 7,
                "type": "punctuation",
                "alternatives": [
                    {
                        "confidence": "0.0",
                        "content": "."
                    }
                ],
                "speaker_label": "spk_0"
            },
            {
                "id": 8,
                "type": "pronunciation",
                "alternatives": [
                    {
                        "confidence": "0.997",
                        "content": "Um"
                    }
                ],
                "start_time": "7.82",
                "end_time": "8.51",
                "speaker_label": "spk_0"
            },
            {
                "id": 9,
                "type": "punctuation",
                "alternatives": [
                    {
                        "confidence": "0.0",
                        "content": ","
                    }
                ],
                "speaker_label": "spk_0"
            },
            {
                "id": 10,
                "type": "pronunciation",
                "alternatives": [
                    {
                        "confidence": "0.997",
                        "content": "you"
                    }
                ],
                "start_time": "8.64",
                "end_time": "8.84",
                "speaker_label": "spk_0"
            },
            {
                "id": 11,
                "type": "pronunciation",
                "alternatives": [
                    {
                        "confidence": "0.997",
                        "content": "may"
                    }
                ],
                "start_time": "8.84",
                "end_time": "9.279",
                "speaker_label": "spk_0"
            },
            {
                "id": 12,
                "type": "pronunciation",
                "alternatives": [
                    {
                        "confidence": "0.972",
                        "content": "share"
                    }
                ],
                "start_time": "9.279",
                "end_time": "9.489",
                "speaker_label": "spk_0"
            },
            {
                "id": 13,
                "type": "pronunciation",
                "alternatives": [
                    {
                        "confidence": "0.997",
                        "content": "only"
                    }
                ],
                "start_time": "9.489",
                "end_time": "9.88",
                "speaker_label": "spk_0"
            },
            {
                "id": 14,
                "type": "pronunciation",
                "alternatives": [
                    {
                        "confidence": "0.998",
                        "content": "one"
                    }
                ],
                "start_time": "9.88",
                "end_time": "10.199",
                "speaker_label": "spk_0"
            },
            {
                "id": 15,
                "type": "pronunciation",
                "alternatives": [
                    {
                        "confidence": "0.997",
                        "content": "voice"
                    }
                ],
                "start_time": "10.199",
                "end_time": "10.63",
                "speaker_label": "spk_0"
            },
            {
                "id": 16,
                "type": "punctuation",
                "alternatives": [
                    {
                        "confidence": "0.0",
                        "content": "."
                    }
                ],
                "speaker_label": "spk_0"
            },
            {
                "id": 17,
                "type": "pronunciation",
                "alternatives": [
                    {
                        "confidence": "0.997",
                        "content": "Please"
                    }
                ],
                "start_time": "11.659",
                "end_time": "11.939",
                "speaker_label": "spk_0"
            },
            {
                "id": 18,
                "type": "pronunciation",
                "alternatives": [
                    {
                        "confidence": "0.99",
                        "content": "ignore"
                    }
                ],
                "start_time": "11.939",
                "end_time": "12.609",
                "speaker_label": "spk_0"
            },
            {
                "id": 19,
                "type": "pronunciation",
                "alternatives": [
                    {
                        "confidence": "0.997",
                        "content": "this"
                    }
                ],
                "start_time": "12.609",
                "end_time": "13.02",
                "speaker_label": "spk_0"
            },
            {
                "id": 20,
                "type": "pronunciation",
                "alternatives": [
                    {
                        "confidence": "0.997",
                        "content": "call"
                    }
                ],
                "start_time": "13.02",
                "end_time": "13.3",
                "speaker_label": "spk_0"
            },
            {
                "id": 21,
                "type": "punctuation",
                "alternatives": [
                    {
                        "confidence": "0.0",
                        "content": "."
                    }
                ],
                "speaker_label": "spk_0"
            },
            {
                "id": 22,
                "type": "pronunciation",
                "alternatives": [
                    {
                        "confidence": "0.996",
                        "content": "This"
                    }
                ],
                "start_time": "13.39",
                "end_time": "13.59",
                "speaker_label": "spk_0"
            },
            {
                "id": 23,
                "type": "pronunciation",
                "alternatives": [
                    {
                        "confidence": "0.998",
                        "content": "is"
                    }
                ],
                "start_time": "13.59",
                "end_time": "13.779",
                "speaker_label": "spk_0"
            },
            {
                "id": 24,
                "type": "pronunciation",
                "alternatives": [
                    {
                        "confidence": "0.997",
                        "content": "a"
                    }
                ],
                "start_time": "13.779",
                "end_time": "13.939",
                "speaker_label": "spk_0"
            },
            {
                "id": 25,
                "type": "pronunciation",
                "alternatives": [
                    {
                        "confidence": "0.997",
                        "content": "test"
                    }
                ],
                "start_time": "13.939",
                "end_time": "14.26",
                "speaker_label": "spk_0"
            },
            {
                "id": 26,
                "type": "pronunciation",
                "alternatives": [
                    {
                        "confidence": "0.997",
                        "content": "call"
                    }
                ],
                "start_time": "14.26",
                "end_time": "14.619",
                "speaker_label": "spk_0"
            },
            {
                "id": 27,
                "type": "pronunciation",
                "alternatives": [
                    {
                        "confidence": "0.996",
                        "content": "to"
                    }
                ],
                "start_time": "14.619",
                "end_time": "14.869",
                "speaker_label": "spk_0"
            },
            {
                "id": 28,
                "type": "pronunciation",
                "alternatives": [
                    {
                        "confidence": "0.997",
                        "content": "test"
                    }
                ],
                "start_time": "14.869",
                "end_time": "15.34",
                "speaker_label": "spk_0"
            },
            {
                "id": 29,
                "type": "pronunciation",
                "alternatives": [
                    {
                        "confidence": "0.997",
                        "content": "recording"
                    }
                ],
                "start_time": "15.34",
                "end_time": "15.89",
                "speaker_label": "spk_0"
            },
            {
                "id": 30,
                "type": "pronunciation",
                "alternatives": [
                    {
                        "confidence": "0.998",
                        "content": "and"
                    }
                ],
                "start_time": "16.18",
                "end_time": "16.389",
                "speaker_label": "spk_0"
            },
            {
                "id": 31,
                "type": "pronunciation",
                "alternatives": [
                    {
                        "confidence": "0.998",
                        "content": "automatic"
                    }
                ],
                "start_time": "16.389",
                "end_time": "16.94",
                "speaker_label": "spk_0"
            },
            {
                "id": 32,
                "type": "pronunciation",
                "alternatives": [
                    {
                        "confidence": "0.993",
                        "content": "transcribing"
                    }
                ],
                "start_time": "16.94",
                "end_time": "17.739",
                "speaker_label": "spk_0"
            },
            {
                "id": 33,
                "type": "punctuation",
                "alternatives": [
                    {
                        "confidence": "0.0",
                        "content": "."
                    }
                ],
                "speaker_label": "spk_0"
            }
        ],
        "audio_segments": [
            {
                "id": 0,
                "transcript": "Hello?",
                "start_time": "4.01",
                "end_time": "4.619",
                "speaker_label": "spk_0",
                "items": [
                    0,
                    1
                ]
            },
            {
                "id": 1,
                "transcript": "This is a test call.",
                "start_time": "5.659",
                "end_time": "7.179",
                "speaker_label": "spk_0",
                "items": [
                    2,
                    3,
                    4,
                    5,
                    6,
                    7
                ]
            },
            {
                "id": 2,
                "transcript": "Um, you may share only one voice.",
                "start_time": "7.719",
                "end_time": "10.77",
                "speaker_label": "spk_0",
                "items": [
                    8,
                    9,
                    10,
                    11,
                    12,
                    13,
                    14,
                    15,
                    16
                ]
            },
            {
                "id": 3,
                "transcript": "Please ignore this call. This is a test call to test recording and automatic transcribing.",
                "start_time": "11.539",
                "end_time": "17.84",
                "speaker_label": "spk_0",
                "items": [
                    17,
                    18,
                    19,
                    20,
                    21,
                    22,
                    23,
                    24,
                    25,
                    26,
                    27,
                    28,
                    29,
                    30,
                    31,
                    32,
                    33
                ]
            }
        ]
    }
}