{
    "jobName": "transcription-job-2024-03-22T15-19-59Z-call-6da58926-004a-4a41-8785-cc2e803a1ccb-444a1d49-e6d5-4aea-80bf-e436c1423139",
    "accountId": "199040315413",
    "isRedacted": true,
    "status": "COMPLETED",
    "results": {
        "transcripts": [
            {
                "transcript": "Hello So Hello? This is a text call. My name is [PII]. I have card number [PII]."
            }
        ],
        "speaker_labels": {
            "segments": [
                {
                    "start_time": "6.01",
                    "end_time": "6.63",
                    "speaker_label": "spk_0",
                    "items": [
                        {
                            "speaker_label": "spk_0",
                            "start_time": "6.059",
                            "end_time": "6.599"
                        }
                    ]
                },
                {
                    "start_time": "10.189",
                    "end_time": "10.8",
                    "speaker_label": "spk_0",
                    "items": [
                        {
                            "speaker_label": "spk_0",
                            "start_time": "10.34",
                            "end_time": "10.77"
                        }
                    ]
                },
                {
                    "start_time": "11.8",
                    "end_time": "13.35",
                    "speaker_label": "spk_0",
                    "items": [
                        {
                            "speaker_label": "spk_0",
                            "start_time": "11.92",
                            "end_time": "12.909"
                        }
                    ]
                },
                {
                    "start_time": "14.119",
                    "end_time": "20.93",
                    "speaker_label": "spk_0",
                    "items": [
                        {
                            "speaker_label": "spk_0",
                            "start_time": "14.399",
                            "end_time": "14.56"
                        },
                        {
                            "speaker_label": "spk_0",
                            "start_time": "14.56",
                            "end_time": "14.72"
                        },
                        {
                            "speaker_label": "spk_0",
                            "start_time": "14.72",
                            "end_time": "14.88"
                        },
                        {
                            "speaker_label": "spk_0",
                            "start_time": "14.88",
                            "end_time": "15.159"
                        },
                        {
                            "speaker_label": "spk_0",
                            "start_time": "15.159",
                            "end_time": "15.67"
                        },
                        {
                            "speaker_label": "spk_0",
                            "start_time": "15.88",
                            "end_time": "16.0"
                        },
                        {
                            "speaker_label": "spk_0",
                            "start_time": "16.0",
                            "end_time": "16.159"
                        },
                        {
                            "speaker_label": "spk_0",
                            "start_time": "16.159",
                            "end_time": "16.399"
                        },
                        {
                            "speaker_label": "spk_0",
                            "start_time": "16.399",
                            "end_time": "16.739"
                        },
                        {
                            "speaker_label": "spk_0",
                            "start_time": "18.459",
                            "end_time": "18.469"
                        },
                        {
                            "speaker_label": "spk_0",
                            "start_time": "18.469",
                            "end_time": "18.479"
                        },
                        {
                            "speaker_label": "spk_0",
                            "start_time": "18.479",
                            "end_time": "18.69"
                        },
                        {
                            "speaker_label": "spk_0",
                            "start_time": "18.69",
                            "end_time": "19.0"
                        },
                        {
                            "speaker_label": "spk_0",
                            "start_time": "19.0",
                            "end_time": "20.799"
                        }
                    ]
                }
            ],
            "channel_label": "ch_0",
            "speakers": 1
        },
        "items": [
            {
                "id": 0,
                "type": "pronunciation",
                "alternatives": [
                    {
                        "confidence": "0.975",
                        "content": "Hello"
                    }
                ],
                "start_time": "6.059",
                "end_time": "6.599",
                "speaker_label": "spk_0"
            },
            {
                "id": 1,
                "type": "pronunciation",
                "alternatives": [
                    {
                        "confidence": "0.989",
                        "content": "So"
                    }
                ],
                "start_time": "10.34",
                "end_time": "10.77",
                "speaker_label": "spk_0"
            },
            {
                "id": 2,
                "type": "pronunciation",
                "alternatives": [
                    {
                        "confidence": "0.999",
                        "content": "Hello"
                    }
                ],
                "start_time": "11.92",
                "end_time": "12.909",
                "speaker_label": "spk_0"
            },
            {
                "id": 3,
                "type": "punctuation",
                "alternatives": [
                    {
                        "confidence": "0.0",
                        "content": "?"
                    }
                ],
                "speaker_label": "spk_0"
            },
            {
                "id": 4,
                "type": "pronunciation",
                "alternatives": [
                    {
                        "confidence": "0.999",
                        "content": "This"
                    }
                ],
                "start_time": "14.399",
                "end_time": "14.56",
                "speaker_label": "spk_0"
            },
            {
                "id": 5,
                "type": "pronunciation",
                "alternatives": [
                    {
                        "confidence": "0.999",
                        "content": "is"
                    }
                ],
                "start_time": "14.56",
                "end_time": "14.72",
                "speaker_label": "spk_0"
            },
            {
                "id": 6,
                "type": "pronunciation",
                "alternatives": [
                    {
                        "confidence": "0.996",
                        "content": "a"
                    }
                ],
                "start_time": "14.72",
                "end_time": "14.88",
                "speaker_label": "spk_0"
            },
            {
                "id": 7,
                "type": "pronunciation",
                "alternatives": [
                    {
                        "confidence": "0.996",
                        "content": "text"
                    }
                ],
                "start_time": "14.88",
                "end_time": "15.159",
                "speaker_label": "spk_0"
            },
            {
                "id": 8,
                "type": "pronunciation",
                "alternatives": [
                    {
                        "confidence": "0.745",
                        "content": "call"
                    }
                ],
                "start_time": "15.159",
                "end_time": "15.67",
                "speaker_label": "spk_0"
            },
            {
                "id": 9,
                "type": "punctuation",
                "alternatives": [
                    {
                        "confidence": "0.0",
                        "content": "."
                    }
                ],
                "speaker_label": "spk_0"
            },
            {
                "id": 10,
                "type": "pronunciation",
                "alternatives": [
                    {
                        "confidence": "0.996",
                        "content": "My"
                    }
                ],
                "start_time": "15.88",
                "end_time": "16.0",
                "speaker_label": "spk_0"
            },
            {
                "id": 11,
                "type": "pronunciation",
                "alternatives": [
                    {
                        "confidence": "0.997",
                        "content": "name"
                    }
                ],
                "start_time": "16.0",
                "end_time": "16.159",
                "speaker_label": "spk_0"
            },
            {
                "id": 12,
                "type": "pronunciation",
                "alternatives": [
                    {
                        "confidence": "0.997",
                        "content": "is"
                    }
                ],
                "start_time": "16.159",
                "end_time": "16.399",
                "speaker_label": "spk_0"
            },
            {
                "id": 13,
                "type": "pronunciation",
                "alternatives": [
                    {
                        "content": "[PII]",
                        "redactions": [
                            {
                                "confidence": "1.0",
                                "type": "NAME",
                                "category": "PII"
                            }
                        ]
                    }
                ],
                "start_time": "16.399",
                "end_time": "16.739"
            },
            {
                "id": 14,
                "type": "punctuation",
                "alternatives": [
                    {
                        "confidence": "0.0",
                        "content": "."
                    }
                ]
            },
            {
                "id": 15,
                "type": "pronunciation",
                "alternatives": [
                    {
                        "confidence": "0.965",
                        "content": "I"
                    }
                ],
                "start_time": "18.459",
                "end_time": "18.469",
                "speaker_label": "spk_0"
            },
            {
                "id": 16,
                "type": "pronunciation",
                "alternatives": [
                    {
                        "confidence": "0.346",
                        "content": "have"
                    }
                ],
                "start_time": "18.469",
                "end_time": "18.479",
                "speaker_label": "spk_0"
            },
            {
                "id": 17,
                "type": "pronunciation",
                "alternatives": [
                    {
                        "confidence": "0.997",
                        "content": "card"
                    }
                ],
                "start_time": "18.479",
                "end_time": "18.69",
                "speaker_label": "spk_0"
            },
            {
                "id": 18,
                "type": "pronunciation",
                "alternatives": [
                    {
                        "confidence": "0.998",
                        "content": "number"
                    }
                ],
                "start_time": "18.69",
                "end_time": "19.0",
                "speaker_label": "spk_0"
            },
            {
                "id": 19,
                "type": "pronunciation",
                "alternatives": [
                    {
                        "content": "[PII]",
                        "redactions": [
                            {
                                "confidence": "0.9998",
                                "type": "CREDIT_DEBIT_NUMBER",
                                "category": "PII"
                            }
                        ]
                    }
                ],
                "start_time": "19.0",
                "end_time": "20.799"
            },
            {
                "id": 20,
                "type": "punctuation",
                "alternatives": [
                    {
                        "confidence": "0.0",
                        "content": "."
                    }
                ]
            }
        ],
        "audio_segments": [
            {
                "id": 0,
                "transcript": "Hello",
                "start_time": "6.01",
                "end_time": "6.63",
                "speaker_label": "spk_0",
                "items": [
                    0
                ]
            },
            {
                "id": 1,
                "transcript": "So",
                "start_time": "10.189",
                "end_time": "10.8",
                "speaker_label": "spk_0",
                "items": [
                    1
                ]
            },
            {
                "id": 2,
                "transcript": "Hello?",
                "start_time": "11.8",
                "end_time": "13.35",
                "speaker_label": "spk_0",
                "items": [
                    2,
                    3
                ]
            },
            {
                "id": 3,
                "transcript": "This is a text call. My name is [PII]. I have card number [PII].",
                "start_time": "14.119",
                "end_time": "20.93",
                "speaker_label": "spk_0",
                "items": [
                    4,
                    5,
                    6,
                    7,
                    8,
                    9,
                    10,
                    11,
                    12,
                    13,
                    14,
                    15,
                    16,
                    17,
                    18,
                    19,
                    20
                ]
            }
        ]
    }
}