{
    "jobName": "transcription-job-2024-03-21T17-26-50Z-call-d91f4aca-1b95-4370-aff6-8cc607955edc-1734637751",
    "accountId": "199040315413",
    "isRedacted": true,
    "status": "COMPLETED",
    "results": {
        "transcripts": [
            {
                "transcript": "Thank you for calling Waffler Diagnostics. Please listen to all of the prompts before making a selection. If you are calling about booking an appointment, press [PII]. For general inquiries like clinic locations, operating hours, and how to prepare for the appointment, press 2. Or there's not fixed please hold. I Yeah."
            }
        ],
        "speaker_labels": {
            "segments": [
                {
                    "start_time": "1.6",
                    "end_time": "16.149",
                    "speaker_label": "spk_0",
                    "items": [
                        {
                            "speaker_label": "spk_0",
                            "start_time": "1.759",
                            "end_time": "1.879"
                        },
                        {
                            "speaker_label": "spk_0",
                            "start_time": "1.879",
                            "end_time": "2.079"
                        },
                        {
                            "speaker_label": "spk_0",
                            "start_time": "2.079",
                            "end_time": "2.23"
                        },
                        {
                            "speaker_label": "spk_0",
                            "start_time": "2.23",
                            "end_time": "2.559"
                        },
                        {
                            "speaker_label": "spk_0",
                            "start_time": "2.559",
                            "end_time": "3.029"
                        },
                        {
                            "speaker_label": "spk_0",
                            "start_time": "3.029",
                            "end_time": "4.0"
                        },
                        {
                            "speaker_label": "spk_0",
                            "start_time": "4.159",
                            "end_time": "4.409"
                        },
                        {
                            "speaker_label": "spk_0",
                            "start_time": "4.409",
                            "end_time": "4.679"
                        },
                        {
                            "speaker_label": "spk_0",
                            "start_time": "4.679",
                            "end_time": "4.84"
                        },
                        {
                            "speaker_label": "spk_0",
                            "start_time": "4.84",
                            "end_time": "4.96"
                        },
                        {
                            "speaker_label": "spk_0",
                            "start_time": "4.96",
                            "end_time": "5.11"
                        },
                        {
                            "speaker_label": "spk_0",
                            "start_time": "5.11",
                            "end_time": "5.269"
                        },
                        {
                            "speaker_label": "spk_0",
                            "start_time": "5.269",
                            "end_time": "5.8"
                        },
                        {
                            "speaker_label": "spk_0",
                            "start_time": "5.8",
                            "end_time": "5.96"
                        },
                        {
                            "speaker_label": "spk_0",
                            "start_time": "5.96",
                            "end_time": "6.19"
                        },
                        {
                            "speaker_label": "spk_0",
                            "start_time": "6.19",
                            "end_time": "6.3"
                        },
                        {
                            "speaker_label": "spk_0",
                            "start_time": "6.3",
                            "end_time": "7.03"
                        },
                        {
                            "speaker_label": "spk_0",
                            "start_time": "7.28",
                            "end_time": "7.36"
                        },
                        {
                            "speaker_label": "spk_0",
                            "start_time": "7.36",
                            "end_time": "7.519"
                        },
                        {
                            "speaker_label": "spk_0",
                            "start_time": "7.519",
                            "end_time": "7.679"
                        },
                        {
                            "speaker_label": "spk_0",
                            "start_time": "7.679",
                            "end_time": "8.0"
                        },
                        {
                            "speaker_label": "spk_0",
                            "start_time": "8.0",
                            "end_time": "8.199"
                        },
                        {
                            "speaker_label": "spk_0",
                            "start_time": "8.199",
                            "end_time": "8.479"
                        },
                        {
                            "speaker_label": "spk_0",
                            "start_time": "8.479",
                            "end_time": "8.56"
                        },
                        {
                            "speaker_label": "spk_0",
                            "start_time": "8.56",
                            "end_time": "9.0"
                        },
                        {
                            "speaker_label": "spk_0",
                            "start_time": "9.119",
                            "end_time": "9.359"
                        },
                        {
                            "speaker_label": "spk_0",
                            "start_time": "9.359",
                            "end_time": "9.81"
                        },
                        {
                            "speaker_label": "spk_0",
                            "start_time": "10.079",
                            "end_time": "10.279"
                        },
                        {
                            "speaker_label": "spk_0",
                            "start_time": "10.279",
                            "end_time": "10.56"
                        },
                        {
                            "speaker_label": "spk_0",
                            "start_time": "10.56",
                            "end_time": "11.119"
                        },
                        {
                            "speaker_label": "spk_0",
                            "start_time": "11.119",
                            "end_time": "11.279"
                        },
                        {
                            "speaker_label": "spk_0",
                            "start_time": "11.279",
                            "end_time": "11.779"
                        },
                        {
                            "speaker_label": "spk_0",
                            "start_time": "11.779",
                            "end_time": "12.479"
                        },
                        {
                            "speaker_label": "spk_0",
                            "start_time": "12.55",
                            "end_time": "13.159"
                        },
                        {
                            "speaker_label": "spk_0",
                            "start_time": "13.159",
                            "end_time": "13.67"
                        },
                        {
                            "speaker_label": "spk_0",
                            "start_time": "13.829",
                            "end_time": "14.0"
                        },
                        {
                            "speaker_label": "spk_0",
                            "start_time": "14.0",
                            "end_time": "14.119"
                        },
                        {
                            "speaker_label": "spk_0",
                            "start_time": "14.119",
                            "end_time": "14.479"
                        },
                        {
                            "speaker_label": "spk_0",
                            "start_time": "14.479",
                            "end_time": "14.72"
                        },
                        {
                            "speaker_label": "spk_0",
                            "start_time": "14.72",
                            "end_time": "14.8"
                        },
                        {
                            "speaker_label": "spk_0",
                            "start_time": "14.8",
                            "end_time": "14.88"
                        },
                        {
                            "speaker_label": "spk_0",
                            "start_time": "14.88",
                            "end_time": "15.329"
                        },
                        {
                            "speaker_label": "spk_0",
                            "start_time": "15.399",
                            "end_time": "15.64"
                        },
                        {
                            "speaker_label": "spk_0",
                            "start_time": "15.64",
                            "end_time": "16.0"
                        }
                    ]
                },
                {
                    "start_time": "27.25",
                    "end_time": "30.0",
                    "speaker_label": "spk_1",
                    "items": [
                        {
                            "speaker_label": "spk_1",
                            "start_time": "28.2",
                            "end_time": "28.209"
                        },
                        {
                            "speaker_label": "spk_1",
                            "start_time": "28.209",
                            "end_time": "28.45"
                        },
                        {
                            "speaker_label": "spk_1",
                            "start_time": "28.45",
                            "end_time": "28.69"
                        },
                        {
                            "speaker_label": "spk_1",
                            "start_time": "28.69",
                            "end_time": "29.09"
                        },
                        {
                            "speaker_label": "spk_1",
                            "start_time": "29.09",
                            "end_time": "29.37"
                        },
                        {
                            "speaker_label": "spk_1",
                            "start_time": "29.37",
                            "end_time": "29.84"
                        }
                    ]
                },
                {
                    "start_time": "126.22",
                    "end_time": "126.779",
                    "speaker_label": "spk_1",
                    "items": [
                        {
                            "speaker_label": "spk_1",
                            "start_time": "126.29",
                            "end_time": "126.47"
                        }
                    ]
                },
                {
                    "start_time": "138.589",
                    "end_time": "138.869",
                    "speaker_label": "spk_1",
                    "items": [
                        {
                            "speaker_label": "spk_1",
                            "start_time": "138.6",
                            "end_time": "138.61"
                        }
                    ]
                }
            ],
            "channel_label": "ch_0",
            "speakers": 2
        },
        "items": [
            {
                "id": 0,
                "type": "pronunciation",
                "alternatives": [
                    {
                        "confidence": "0.999",
                        "content": "Thank"
                    }
                ],
                "start_time": "1.759",
                "end_time": "1.879",
                "speaker_label": "spk_0"
            },
            {
                "id": 1,
                "type": "pronunciation",
                "alternatives": [
                    {
                        "confidence": "0.999",
                        "content": "you"
                    }
                ],
                "start_time": "1.879",
                "end_time": "2.079",
                "speaker_label": "spk_0"
            },
            {
                "id": 2,
                "type": "pronunciation",
                "alternatives": [
                    {
                        "confidence": "0.999",
                        "content": "for"
                    }
                ],
                "start_time": "2.079",
                "end_time": "2.23",
                "speaker_label": "spk_0"
            },
            {
                "id": 3,
                "type": "pronunciation",
                "alternatives": [
                    {
                        "confidence": "0.999",
                        "content": "calling"
                    }
                ],
                "start_time": "2.23",
                "end_time": "2.559",
                "speaker_label": "spk_0"
            },
            {
                "id": 4,
                "type": "pronunciation",
                "alternatives": [
                    {
                        "confidence": "0.255",
                        "content": "Waffler"
                    }
                ],
                "start_time": "2.559",
                "end_time": "3.029",
                "speaker_label": "spk_0"
            },
            {
                "id": 5,
                "type": "pronunciation",
                "alternatives": [
                    {
                        "confidence": "0.992",
                        "content": "Diagnostics"
                    }
                ],
                "start_time": "3.029",
                "end_time": "4.0",
                "speaker_label": "spk_0"
            },
            {
                "id": 6,
                "type": "punctuation",
                "alternatives": [
                    {
                        "confidence": "0.0",
                        "content": "."
                    }
                ],
                "speaker_label": "spk_0"
            },
            {
                "id": 7,
                "type": "pronunciation",
                "alternatives": [
                    {
                        "confidence": "0.997",
                        "content": "Please"
                    }
                ],
                "start_time": "4.159",
                "end_time": "4.409",
                "speaker_label": "spk_0"
            },
            {
                "id": 8,
                "type": "pronunciation",
                "alternatives": [
                    {
                        "confidence": "0.999",
                        "content": "listen"
                    }
                ],
                "start_time": "4.409",
                "end_time": "4.679",
                "speaker_label": "spk_0"
            },
            {
                "id": 9,
                "type": "pronunciation",
                "alternatives": [
                    {
                        "confidence": "0.999",
                        "content": "to"
                    }
                ],
                "start_time": "4.679",
                "end_time": "4.84",
                "speaker_label": "spk_0"
            },
            {
                "id": 10,
                "type": "pronunciation",
                "alternatives": [
                    {
                        "confidence": "0.999",
                        "content": "all"
                    }
                ],
                "start_time": "4.84",
                "end_time": "4.96",
                "speaker_label": "spk_0"
            },
            {
                "id": 11,
                "type": "pronunciation",
                "alternatives": [
                    {
                        "confidence": "0.996",
                        "content": "of"
                    }
                ],
                "start_time": "4.96",
                "end_time": "5.11",
                "speaker_label": "spk_0"
            },
            {
                "id": 12,
                "type": "pronunciation",
                "alternatives": [
                    {
                        "confidence": "0.999",
                        "content": "the"
                    }
                ],
                "start_time": "5.11",
                "end_time": "5.269",
                "speaker_label": "spk_0"
            },
            {
                "id": 13,
                "type": "pronunciation",
                "alternatives": [
                    {
                        "confidence": "0.992",
                        "content": "prompts"
                    }
                ],
                "start_time": "5.269",
                "end_time": "5.8",
                "speaker_label": "spk_0"
            },
            {
                "id": 14,
                "type": "pronunciation",
                "alternatives": [
                    {
                        "confidence": "0.999",
                        "content": "before"
                    }
                ],
                "start_time": "5.8",
                "end_time": "5.96",
                "speaker_label": "spk_0"
            },
            {
                "id": 15,
                "type": "pronunciation",
                "alternatives": [
                    {
                        "confidence": "0.999",
                        "content": "making"
                    }
                ],
                "start_time": "5.96",
                "end_time": "6.19",
                "speaker_label": "spk_0"
            },
            {
                "id": 16,
                "type": "pronunciation",
                "alternatives": [
                    {
                        "confidence": "0.998",
                        "content": "a"
                    }
                ],
                "start_time": "6.19",
                "end_time": "6.3",
                "speaker_label": "spk_0"
            },
            {
                "id": 17,
                "type": "pronunciation",
                "alternatives": [
                    {
                        "confidence": "0.998",
                        "content": "selection"
                    }
                ],
                "start_time": "6.3",
                "end_time": "7.03",
                "speaker_label": "spk_0"
            },
            {
                "id": 18,
                "type": "punctuation",
                "alternatives": [
                    {
                        "confidence": "0.0",
                        "content": "."
                    }
                ],
                "speaker_label": "spk_0"
            },
            {
                "id": 19,
                "type": "pronunciation",
                "alternatives": [
                    {
                        "confidence": "0.997",
                        "content": "If"
                    }
                ],
                "start_time": "7.28",
                "end_time": "7.36",
                "speaker_label": "spk_0"
            },
            {
                "id": 20,
                "type": "pronunciation",
                "alternatives": [
                    {
                        "confidence": "0.999",
                        "content": "you"
                    }
                ],
                "start_time": "7.36",
                "end_time": "7.519",
                "speaker_label": "spk_0"
            },
            {
                "id": 21,
                "type": "pronunciation",
                "alternatives": [
                    {
                        "confidence": "0.997",
                        "content": "are"
                    }
                ],
                "start_time": "7.519",
                "end_time": "7.679",
                "speaker_label": "spk_0"
            },
            {
                "id": 22,
                "type": "pronunciation",
                "alternatives": [
                    {
                        "confidence": "0.999",
                        "content": "calling"
                    }
                ],
                "start_time": "7.679",
                "end_time": "8.0",
                "speaker_label": "spk_0"
            },
            {
                "id": 23,
                "type": "pronunciation",
                "alternatives": [
                    {
                        "confidence": "0.999",
                        "content": "about"
                    }
                ],
                "start_time": "8.0",
                "end_time": "8.199",
                "speaker_label": "spk_0"
            },
            {
                "id": 24,
                "type": "pronunciation",
                "alternatives": [
                    {
                        "confidence": "0.999",
                        "content": "booking"
                    }
                ],
                "start_time": "8.199",
                "end_time": "8.479",
                "speaker_label": "spk_0"
            },
            {
                "id": 25,
                "type": "pronunciation",
                "alternatives": [
                    {
                        "confidence": "0.997",
                        "content": "an"
                    }
                ],
                "start_time": "8.479",
                "end_time": "8.56",
                "speaker_label": "spk_0"
            },
            {
                "id": 26,
                "type": "pronunciation",
                "alternatives": [
                    {
                        "confidence": "0.998",
                        "content": "appointment"
                    }
                ],
                "start_time": "8.56",
                "end_time": "9.0",
                "speaker_label": "spk_0"
            },
            {
                "id": 27,
                "type": "punctuation",
                "alternatives": [
                    {
                        "confidence": "0.0",
                        "content": ","
                    }
                ],
                "speaker_label": "spk_0"
            },
            {
                "id": 28,
                "type": "pronunciation",
                "alternatives": [
                    {
                        "confidence": "0.996",
                        "content": "press"
                    }
                ],
                "start_time": "9.119",
                "end_time": "9.359",
                "speaker_label": "spk_0"
            },
            {
                "id": 29,
                "type": "pronunciation",
                "alternatives": [
                    {
                        "content": "[PII]",
                        "redactions": [
                            {
                                "confidence": "0.2708",
                                "type": "PHONE",
                                "category": "PII"
                            }
                        ]
                    }
                ],
                "start_time": "9.359",
                "end_time": "9.81"
            },
            {
                "id": 30,
                "type": "punctuation",
                "alternatives": [
                    {
                        "confidence": "0.0",
                        "content": "."
                    }
                ]
            },
            {
                "id": 31,
                "type": "pronunciation",
                "alternatives": [
                    {
                        "confidence": "0.996",
                        "content": "For"
                    }
                ],
                "start_time": "10.079",
                "end_time": "10.279",
                "speaker_label": "spk_0"
            },
            {
                "id": 32,
                "type": "pronunciation",
                "alternatives": [
                    {
                        "confidence": "0.999",
                        "content": "general"
                    }
                ],
                "start_time": "10.279",
                "end_time": "10.56",
                "speaker_label": "spk_0"
            },
            {
                "id": 33,
                "type": "pronunciation",
                "alternatives": [
                    {
                        "confidence": "0.994",
                        "content": "inquiries"
                    }
                ],
                "start_time": "10.56",
                "end_time": "11.119",
                "speaker_label": "spk_0"
            },
            {
                "id": 34,
                "type": "pronunciation",
                "alternatives": [
                    {
                        "confidence": "0.998",
                        "content": "like"
                    }
                ],
                "start_time": "11.119",
                "end_time": "11.279",
                "speaker_label": "spk_0"
            },
            {
                "id": 35,
                "type": "pronunciation",
                "alternatives": [
                    {
                        "confidence": "0.996",
                        "content": "clinic"
                    }
                ],
                "start_time": "11.279",
                "end_time": "11.779",
                "speaker_label": "spk_0"
            },
            {
                "id": 36,
                "type": "pronunciation",
                "alternatives": [
                    {
                        "confidence": "0.997",
                        "content": "locations"
                    }
                ],
                "start_time": "11.779",
                "end_time": "12.479",
                "speaker_label": "spk_0"
            },
            {
                "id": 37,
                "type": "punctuation",
                "alternatives": [
                    {
                        "confidence": "0.0",
                        "content": ","
                    }
                ],
                "speaker_label": "spk_0"
            },
            {
                "id": 38,
                "type": "pronunciation",
                "alternatives": [
                    {
                        "confidence": "0.995",
                        "content": "operating"
                    }
                ],
                "start_time": "12.55",
                "end_time": "13.159",
                "speaker_label": "spk_0"
            },
            {
                "id": 39,
                "type": "pronunciation",
                "alternatives": [
                    {
                        "confidence": "0.999",
                        "content": "hours"
                    }
                ],
                "start_time": "13.159",
                "end_time": "13.67",
                "speaker_label": "spk_0"
            },
            {
                "id": 40,
                "type": "punctuation",
                "alternatives": [
                    {
                        "confidence": "0.0",
                        "content": ","
                    }
                ],
                "speaker_label": "spk_0"
            },
            {
                "id": 41,
                "type": "pronunciation",
                "alternatives": [
                    {
                        "confidence": "0.998",
                        "content": "and"
                    }
                ],
                "start_time": "13.829",
                "end_time": "14.0",
                "speaker_label": "spk_0"
            },
            {
                "id": 42,
                "type": "pronunciation",
                "alternatives": [
                    {
                        "confidence": "0.996",
                        "content": "how"
                    }
                ],
                "start_time": "14.0",
                "end_time": "14.119",
                "speaker_label": "spk_0"
            },
            {
                "id": 43,
                "type": "pronunciation",
                "alternatives": [
                    {
                        "confidence": "0.998",
                        "content": "to"
                    }
                ],
                "start_time": "14.119",
                "end_time": "14.479",
                "speaker_label": "spk_0"
            },
            {
                "id": 44,
                "type": "pronunciation",
                "alternatives": [
                    {
                        "confidence": "0.999",
                        "content": "prepare"
                    }
                ],
                "start_time": "14.479",
                "end_time": "14.72",
                "speaker_label": "spk_0"
            },
            {
                "id": 45,
                "type": "pronunciation",
                "alternatives": [
                    {
                        "confidence": "0.998",
                        "content": "for"
                    }
                ],
                "start_time": "14.72",
                "end_time": "14.8",
                "speaker_label": "spk_0"
            },
            {
                "id": 46,
                "type": "pronunciation",
                "alternatives": [
                    {
                        "confidence": "0.998",
                        "content": "the"
                    }
                ],
                "start_time": "14.8",
                "end_time": "14.88",
                "speaker_label": "spk_0"
            },
            {
                "id": 47,
                "type": "pronunciation",
                "alternatives": [
                    {
                        "confidence": "0.998",
                        "content": "appointment"
                    }
                ],
                "start_time": "14.88",
                "end_time": "15.329",
                "speaker_label": "spk_0"
            },
            {
                "id": 48,
                "type": "punctuation",
                "alternatives": [
                    {
                        "confidence": "0.0",
                        "content": ","
                    }
                ],
                "speaker_label": "spk_0"
            },
            {
                "id": 49,
                "type": "pronunciation",
                "alternatives": [
                    {
                        "confidence": "0.996",
                        "content": "press"
                    }
                ],
                "start_time": "15.399",
                "end_time": "15.64",
                "speaker_label": "spk_0"
            },
            {
                "id": 50,
                "type": "pronunciation",
                "alternatives": [
                    {
                        "confidence": "0.996",
                        "content": "2"
                    }
                ],
                "start_time": "15.64",
                "end_time": "16.0",
                "speaker_label": "spk_0"
            },
            {
                "id": 51,
                "type": "punctuation",
                "alternatives": [
                    {
                        "confidence": "0.0",
                        "content": "."
                    }
                ],
                "speaker_label": "spk_0"
            },
            {
                "id": 52,
                "type": "pronunciation",
                "alternatives": [
                    {
                        "confidence": "0.528",
                        "content": "Or"
                    }
                ],
                "start_time": "28.2",
                "end_time": "28.209",
                "speaker_label": "spk_1"
            },
            {
                "id": 53,
                "type": "pronunciation",
                "alternatives": [
                    {
                        "confidence": "0.54",
                        "content": "there's"
                    }
                ],
                "start_time": "28.209",
                "end_time": "28.45",
                "speaker_label": "spk_1"
            },
            {
                "id": 54,
                "type": "pronunciation",
                "alternatives": [
                    {
                        "confidence": "0.997",
                        "content": "not"
                    }
                ],
                "start_time": "28.45",
                "end_time": "28.69",
                "speaker_label": "spk_1"
            },
            {
                "id": 55,
                "type": "pronunciation",
                "alternatives": [
                    {
                        "confidence": "0.991",
                        "content": "fixed"
                    }
                ],
                "start_time": "28.69",
                "end_time": "29.09",
                "speaker_label": "spk_1"
            },
            {
                "id": 56,
                "type": "pronunciation",
                "alternatives": [
                    {
                        "confidence": "0.959",
                        "content": "please"
                    }
                ],
                "start_time": "29.09",
                "end_time": "29.37",
                "speaker_label": "spk_1"
            },
            {
                "id": 57,
                "type": "pronunciation",
                "alternatives": [
                    {
                        "confidence": "0.996",
                        "content": "hold"
                    }
                ],
                "start_time": "29.37",
                "end_time": "29.84",
                "speaker_label": "spk_1"
            },
            {
                "id": 58,
                "type": "punctuation",
                "alternatives": [
                    {
                        "confidence": "0.0",
                        "content": "."
                    }
                ],
                "speaker_label": "spk_1"
            },
            {
                "id": 59,
                "type": "pronunciation",
                "alternatives": [
                    {
                        "confidence": "0.288",
                        "content": "I"
                    }
                ],
                "start_time": "126.29",
                "end_time": "126.47",
                "speaker_label": "spk_1"
            },
            {
                "id": 60,
                "type": "pronunciation",
                "alternatives": [
                    {
                        "confidence": "0.003",
                        "content": "Yeah"
                    }
                ],
                "start_time": "138.6",
                "end_time": "138.61",
                "speaker_label": "spk_1"
            },
            {
                "id": 61,
                "type": "punctuation",
                "alternatives": [
                    {
                        "confidence": "0.0",
                        "content": "."
                    }
                ],
                "speaker_label": "spk_1"
            }
        ],
        "audio_segments": [
            {
                "id": 0,
                "transcript": "Thank you for calling Waffler Diagnostics. Please listen to all of the prompts before making a selection. If you are calling about booking an appointment, press [PII]. For general inquiries like clinic locations, operating hours, and how to prepare for the appointment, press 2.",
                "start_time": "1.6",
                "end_time": "16.149",
                "speaker_label": "spk_0",
                "items": [
                    0,
                    1,
                    2,
                    3,
                    4,
                    5,
                    6,
                    7,
                    8,
                    9,
                    10,
                    11,
                    12,
                    13,
                    14,
                    15,
                    16,
                    17,
                    18,
                    19,
                    20,
                    21,
                    22,
                    23,
                    24,
                    25,
                    26,
                    27,
                    28,
                    29,
                    30,
                    31,
                    32,
                    33,
                    34,
                    35,
                    36,
                    37,
                    38,
                    39,
                    40,
                    41,
                    42,
                    43,
                    44,
                    45,
                    46,
                    47,
                    48,
                    49,
                    50,
                    51
                ]
            },
            {
                "id": 1,
                "transcript": "Or there's not fixed please hold.",
                "start_time": "27.25",
                "end_time": "30.0",
                "speaker_label": "spk_1",
                "items": [
                    52,
                    53,
                    54,
                    55,
                    56,
                    57,
                    58
                ]
            },
            {
                "id": 2,
                "transcript": "I",
                "start_time": "126.22",
                "end_time": "126.779",
                "speaker_label": "spk_1",
                "items": [
                    59
                ]
            },
            {
                "id": 3,
                "transcript": "Yeah.",
                "start_time": "138.589",
                "end_time": "138.869",
                "speaker_label": "spk_1",
                "items": [
                    60,
                    61
                ]
            }
        ]
    }
}