{
    "jobName": "transcription-job-2024-03-21T17-27-18Z-call-d895a869-256c-477a-a3cf-4426ba9b3464-1734637791",
    "accountId": "199040315413",
    "isRedacted": true,
    "status": "COMPLETED",
    "results": {
        "transcripts": [
            {
                "transcript": "On the agnostics, please hold. Yeah, it is 16471647552. Could I get a Big Mac meal with a bottle of water, take back here with a bottled water is the last time. Yeah, that's fine. OK. Uh, no, that's it. Thank you."
            }
        ],
        "speaker_labels": {
            "segments": [
                {
                    "start_time": "0.0",
                    "end_time": "2.46",
                    "speaker_label": "spk_0",
                    "items": [
                        {
                            "speaker_label": "spk_0",
                            "start_time": "0.55",
                            "end_time": "0.56"
                        },
                        {
                            "speaker_label": "spk_0",
                            "start_time": "0.56",
                            "end_time": "0.8"
                        },
                        {
                            "speaker_label": "spk_0",
                            "start_time": "0.8",
                            "end_time": "1.59"
                        },
                        {
                            "speaker_label": "spk_0",
                            "start_time": "1.6",
                            "end_time": "1.84"
                        },
                        {
                            "speaker_label": "spk_0",
                            "start_time": "1.84",
                            "end_time": "2.309"
                        }
                    ]
                },
                {
                    "start_time": "98.23",
                    "end_time": "112.569",
                    "speaker_label": "spk_0",
                    "items": [
                        {
                            "speaker_label": "spk_0",
                            "start_time": "100.389",
                            "end_time": "100.589"
                        },
                        {
                            "speaker_label": "spk_0",
                            "start_time": "100.709",
                            "end_time": "100.72"
                        },
                        {
                            "speaker_label": "spk_0",
                            "start_time": "100.72",
                            "end_time": "101.099"
                        },
                        {
                            "speaker_label": "spk_0",
                            "start_time": "101.099",
                            "end_time": "105.43"
                        },
                        {
                            "speaker_label": "spk_0",
                            "start_time": "105.55",
                            "end_time": "105.709"
                        },
                        {
                            "speaker_label": "spk_0",
                            "start_time": "105.709",
                            "end_time": "105.949"
                        },
                        {
                            "speaker_label": "spk_0",
                            "start_time": "105.949",
                            "end_time": "106.26"
                        },
                        {
                            "speaker_label": "spk_0",
                            "start_time": "106.26",
                            "end_time": "106.949"
                        },
                        {
                            "speaker_label": "spk_0",
                            "start_time": "106.949",
                            "end_time": "107.309"
                        },
                        {
                            "speaker_label": "spk_0",
                            "start_time": "107.309",
                            "end_time": "107.669"
                        },
                        {
                            "speaker_label": "spk_0",
                            "start_time": "107.669",
                            "end_time": "107.989"
                        },
                        {
                            "speaker_label": "spk_0",
                            "start_time": "107.989",
                            "end_time": "108.269"
                        },
                        {
                            "speaker_label": "spk_0",
                            "start_time": "108.269",
                            "end_time": "108.36"
                        },
                        {
                            "speaker_label": "spk_0",
                            "start_time": "108.36",
                            "end_time": "108.709"
                        },
                        {
                            "speaker_label": "spk_0",
                            "start_time": "108.709",
                            "end_time": "108.87"
                        },
                        {
                            "speaker_label": "spk_0",
                            "start_time": "108.87",
                            "end_time": "109.459"
                        },
                        {
                            "speaker_label": "spk_0",
                            "start_time": "109.79",
                            "end_time": "109.989"
                        },
                        {
                            "speaker_label": "spk_0",
                            "start_time": "109.989",
                            "end_time": "110.23"
                        },
                        {
                            "speaker_label": "spk_0",
                            "start_time": "110.23",
                            "end_time": "110.389"
                        },
                        {
                            "speaker_label": "spk_0",
                            "start_time": "110.389",
                            "end_time": "110.519"
                        },
                        {
                            "speaker_label": "spk_0",
                            "start_time": "110.519",
                            "end_time": "110.589"
                        },
                        {
                            "speaker_label": "spk_0",
                            "start_time": "110.589",
                            "end_time": "112.48"
                        },
                        {
                            "speaker_label": "spk_0",
                            "start_time": "112.48",
                            "end_time": "112.489"
                        },
                        {
                            "speaker_label": "spk_0",
                            "start_time": "112.489",
                            "end_time": "112.5"
                        },
                        {
                            "speaker_label": "spk_0",
                            "start_time": "112.5",
                            "end_time": "112.51"
                        },
                        {
                            "speaker_label": "spk_0",
                            "start_time": "112.51",
                            "end_time": "112.519"
                        },
                        {
                            "speaker_label": "spk_0",
                            "start_time": "112.519",
                            "end_time": "112.529"
                        }
                    ]
                },
                {
                    "start_time": "114.199",
                    "end_time": "115.059",
                    "speaker_label": "spk_0",
                    "items": [
                        {
                            "speaker_label": "spk_0",
                            "start_time": "114.209",
                            "end_time": "114.4"
                        },
                        {
                            "speaker_label": "spk_0",
                            "start_time": "114.44",
                            "end_time": "114.72"
                        },
                        {
                            "speaker_label": "spk_0",
                            "start_time": "114.72",
                            "end_time": "114.97"
                        }
                    ]
                },
                {
                    "start_time": "115.66",
                    "end_time": "116.389",
                    "speaker_label": "spk_0",
                    "items": [
                        {
                            "speaker_label": "spk_0",
                            "start_time": "115.919",
                            "end_time": "116.26"
                        }
                    ]
                },
                {
                    "start_time": "116.919",
                    "end_time": "121.9",
                    "speaker_label": "spk_0",
                    "items": [
                        {
                            "speaker_label": "spk_0",
                            "start_time": "116.93",
                            "end_time": "117.319"
                        },
                        {
                            "speaker_label": "spk_0",
                            "start_time": "117.48",
                            "end_time": "117.639"
                        },
                        {
                            "speaker_label": "spk_0",
                            "start_time": "117.72",
                            "end_time": "117.919"
                        },
                        {
                            "speaker_label": "spk_0",
                            "start_time": "117.919",
                            "end_time": "118.3"
                        },
                        {
                            "speaker_label": "spk_0",
                            "start_time": "118.559",
                            "end_time": "118.569"
                        },
                        {
                            "speaker_label": "spk_0",
                            "start_time": "121.849",
                            "end_time": "121.86"
                        }
                    ]
                }
            ],
            "channel_label": "ch_0",
            "speakers": 1
        },
        "items": [
            {
                "id": 0,
                "type": "pronunciation",
                "alternatives": [
                    {
                        "confidence": "0.706",
                        "content": "On"
                    }
                ],
                "start_time": "0.55",
                "end_time": "0.56",
                "speaker_label": "spk_0"
            },
            {
                "id": 1,
                "type": "pronunciation",
                "alternatives": [
                    {
                        "confidence": "0.664",
                        "content": "the"
                    }
                ],
                "start_time": "0.56",
                "end_time": "0.8",
                "speaker_label": "spk_0"
            },
            {
                "id": 2,
                "type": "pronunciation",
                "alternatives": [
                    {
                        "confidence": "0.979",
                        "content": "agnostics"
                    }
                ],
                "start_time": "0.8",
                "end_time": "1.59",
                "speaker_label": "spk_0"
            },
            {
                "id": 3,
                "type": "punctuation",
                "alternatives": [
                    {
                        "confidence": "0.0",
                        "content": ","
                    }
                ],
                "speaker_label": "spk_0"
            },
            {
                "id": 4,
                "type": "pronunciation",
                "alternatives": [
                    {
                        "confidence": "0.996",
                        "content": "please"
                    }
                ],
                "start_time": "1.6",
                "end_time": "1.84",
                "speaker_label": "spk_0"
            },
            {
                "id": 5,
                "type": "pronunciation",
                "alternatives": [
                    {
                        "confidence": "0.999",
                        "content": "hold"
                    }
                ],
                "start_time": "1.84",
                "end_time": "2.309",
                "speaker_label": "spk_0"
            },
            {
                "id": 6,
                "type": "punctuation",
                "alternatives": [
                    {
                        "confidence": "0.0",
                        "content": "."
                    }
                ],
                "speaker_label": "spk_0"
            },
            {
                "id": 7,
                "type": "pronunciation",
                "alternatives": [
                    {
                        "confidence": "0.872",
                        "content": "Yeah"
                    }
                ],
                "start_time": "100.389",
                "end_time": "100.589",
                "speaker_label": "spk_0"
            },
            {
                "id": 8,
                "type": "punctuation",
                "alternatives": [
                    {
                        "confidence": "0.0",
                        "content": ","
                    }
                ],
                "speaker_label": "spk_0"
            },
            {
                "id": 9,
                "type": "pronunciation",
                "alternatives": [
                    {
                        "confidence": "0.754",
                        "content": "it"
                    }
                ],
                "start_time": "100.709",
                "end_time": "100.72",
                "speaker_label": "spk_0"
            },
            {
                "id": 10,
                "type": "pronunciation",
                "alternatives": [
                    {
                        "confidence": "0.604",
                        "content": "is"
                    }
                ],
                "start_time": "100.72",
                "end_time": "101.099",
                "speaker_label": "spk_0"
            },
            {
                "id": 11,
                "type": "pronunciation",
                "alternatives": [
                    {
                        "confidence": "0.723",
                        "content": "16471647552"
                    }
                ],
                "start_time": "101.099",
                "end_time": "105.43",
                "speaker_label": "spk_0"
            },
            {
                "id": 12,
                "type": "punctuation",
                "alternatives": [
                    {
                        "confidence": "0.0",
                        "content": "."
                    }
                ],
                "speaker_label": "spk_0"
            },
            {
                "id": 13,
                "type": "pronunciation",
                "alternatives": [
                    {
                        "confidence": "0.996",
                        "content": "Could"
                    }
                ],
                "start_time": "105.55",
                "end_time": "105.709",
                "speaker_label": "spk_0"
            },
            {
                "id": 14,
                "type": "pronunciation",
                "alternatives": [
                    {
                        "confidence": "0.998",
                        "content": "I"
                    }
                ],
                "start_time": "105.709",
                "end_time": "105.949",
                "speaker_label": "spk_0"
            },
            {
                "id": 15,
                "type": "pronunciation",
                "alternatives": [
                    {
                        "confidence": "0.998",
                        "content": "get"
                    }
                ],
                "start_time": "105.949",
                "end_time": "106.26",
                "speaker_label": "spk_0"
            },
            {
                "id": 16,
                "type": "pronunciation",
                "alternatives": [
                    {
                        "confidence": "0.933",
                        "content": "a"
                    }
                ],
                "start_time": "106.26",
                "end_time": "106.949",
                "speaker_label": "spk_0"
            },
            {
                "id": 17,
                "type": "pronunciation",
                "alternatives": [
                    {
                        "confidence": "0.992",
                        "content": "Big"
                    }
                ],
                "start_time": "106.949",
                "end_time": "107.309",
                "speaker_label": "spk_0"
            },
            {
                "id": 18,
                "type": "pronunciation",
                "alternatives": [
                    {
                        "confidence": "0.993",
                        "content": "Mac"
                    }
                ],
                "start_time": "107.309",
                "end_time": "107.669",
                "speaker_label": "spk_0"
            },
            {
                "id": 19,
                "type": "pronunciation",
                "alternatives": [
                    {
                        "confidence": "0.216",
                        "content": "meal"
                    }
                ],
                "start_time": "107.669",
                "end_time": "107.989",
                "speaker_label": "spk_0"
            },
            {
                "id": 20,
                "type": "pronunciation",
                "alternatives": [
                    {
                        "confidence": "0.997",
                        "content": "with"
                    }
                ],
                "start_time": "107.989",
                "end_time": "108.269",
                "speaker_label": "spk_0"
            },
            {
                "id": 21,
                "type": "pronunciation",
                "alternatives": [
                    {
                        "confidence": "0.917",
                        "content": "a"
                    }
                ],
                "start_time": "108.269",
                "end_time": "108.36",
                "speaker_label": "spk_0"
            },
            {
                "id": 22,
                "type": "pronunciation",
                "alternatives": [
                    {
                        "confidence": "0.991",
                        "content": "bottle"
                    }
                ],
                "start_time": "108.36",
                "end_time": "108.709",
                "speaker_label": "spk_0"
            },
            {
                "id": 23,
                "type": "pronunciation",
                "alternatives": [
                    {
                        "confidence": "0.997",
                        "content": "of"
                    }
                ],
                "start_time": "108.709",
                "end_time": "108.87",
                "speaker_label": "spk_0"
            },
            {
                "id": 24,
                "type": "pronunciation",
                "alternatives": [
                    {
                        "confidence": "0.997",
                        "content": "water"
                    }
                ],
                "start_time": "108.87",
                "end_time": "109.459",
                "speaker_label": "spk_0"
            },
            {
                "id": 25,
                "type": "punctuation",
                "alternatives": [
                    {
                        "confidence": "0.0",
                        "content": ","
                    }
                ],
                "speaker_label": "spk_0"
            },
            {
                "id": 26,
                "type": "pronunciation",
                "alternatives": [
                    {
                        "confidence": "0.874",
                        "content": "take"
                    }
                ],
                "start_time": "109.79",
                "end_time": "109.989",
                "speaker_label": "spk_0"
            },
            {
                "id": 27,
                "type": "pronunciation",
                "alternatives": [
                    {
                        "confidence": "0.963",
                        "content": "back"
                    }
                ],
                "start_time": "109.989",
                "end_time": "110.23",
                "speaker_label": "spk_0"
            },
            {
                "id": 28,
                "type": "pronunciation",
                "alternatives": [
                    {
                        "confidence": "0.994",
                        "content": "here"
                    }
                ],
                "start_time": "110.23",
                "end_time": "110.389",
                "speaker_label": "spk_0"
            },
            {
                "id": 29,
                "type": "pronunciation",
                "alternatives": [
                    {
                        "confidence": "0.997",
                        "content": "with"
                    }
                ],
                "start_time": "110.389",
                "end_time": "110.519",
                "speaker_label": "spk_0"
            },
            {
                "id": 30,
                "type": "pronunciation",
                "alternatives": [
                    {
                        "confidence": "0.996",
                        "content": "a"
                    }
                ],
                "start_time": "110.519",
                "end_time": "110.589",
                "speaker_label": "spk_0"
            },
            {
                "id": 31,
                "type": "pronunciation",
                "alternatives": [
                    {
                        "confidence": "0.546",
                        "content": "bottled"
                    }
                ],
                "start_time": "110.589",
                "end_time": "112.48",
                "speaker_label": "spk_0"
            },
            {
                "id": 32,
                "type": "pronunciation",
                "alternatives": [
                    {
                        "confidence": "0.997",
                        "content": "water"
                    }
                ],
                "start_time": "112.48",
                "end_time": "112.489",
                "speaker_label": "spk_0"
            },
            {
                "id": 33,
                "type": "pronunciation",
                "alternatives": [
                    {
                        "confidence": "0.475",
                        "content": "is"
                    }
                ],
                "start_time": "112.489",
                "end_time": "112.5",
                "speaker_label": "spk_0"
            },
            {
                "id": 34,
                "type": "pronunciation",
                "alternatives": [
                    {
                        "confidence": "0.996",
                        "content": "the"
                    }
                ],
                "start_time": "112.5",
                "end_time": "112.51",
                "speaker_label": "spk_0"
            },
            {
                "id": 35,
                "type": "pronunciation",
                "alternatives": [
                    {
                        "confidence": "0.963",
                        "content": "last"
                    }
                ],
                "start_time": "112.51",
                "end_time": "112.519",
                "speaker_label": "spk_0"
            },
            {
                "id": 36,
                "type": "pronunciation",
                "alternatives": [
                    {
                        "confidence": "0.869",
                        "content": "time"
                    }
                ],
                "start_time": "112.519",
                "end_time": "112.529",
                "speaker_label": "spk_0"
            },
            {
                "id": 37,
                "type": "punctuation",
                "alternatives": [
                    {
                        "confidence": "0.0",
                        "content": "."
                    }
                ],
                "speaker_label": "spk_0"
            },
            {
                "id": 38,
                "type": "pronunciation",
                "alternatives": [
                    {
                        "confidence": "0.996",
                        "content": "Yeah"
                    }
                ],
                "start_time": "114.209",
                "end_time": "114.4",
                "speaker_label": "spk_0"
            },
            {
                "id": 39,
                "type": "punctuation",
                "alternatives": [
                    {
                        "confidence": "0.0",
                        "content": ","
                    }
                ],
                "speaker_label": "spk_0"
            },
            {
                "id": 40,
                "type": "pronunciation",
                "alternatives": [
                    {
                        "confidence": "0.992",
                        "content": "that's"
                    }
                ],
                "start_time": "114.44",
                "end_time": "114.72",
                "speaker_label": "spk_0"
            },
            {
                "id": 41,
                "type": "pronunciation",
                "alternatives": [
                    {
                        "confidence": "0.997",
                        "content": "fine"
                    }
                ],
                "start_time": "114.72",
                "end_time": "114.97",
                "speaker_label": "spk_0"
            },
            {
                "id": 42,
                "type": "punctuation",
                "alternatives": [
                    {
                        "confidence": "0.0",
                        "content": "."
                    }
                ],
                "speaker_label": "spk_0"
            },
            {
                "id": 43,
                "type": "pronunciation",
                "alternatives": [
                    {
                        "confidence": "0.006",
                        "content": "OK"
                    }
                ],
                "start_time": "115.919",
                "end_time": "116.26",
                "speaker_label": "spk_0"
            },
            {
                "id": 44,
                "type": "punctuation",
                "alternatives": [
                    {
                        "confidence": "0.0",
                        "content": "."
                    }
                ],
                "speaker_label": "spk_0"
            },
            {
                "id": 45,
                "type": "pronunciation",
                "alternatives": [
                    {
                        "confidence": "0.997",
                        "content": "Uh"
                    }
                ],
                "start_time": "116.93",
                "end_time": "117.319",
                "speaker_label": "spk_0"
            },
            {
                "id": 46,
                "type": "punctuation",
                "alternatives": [
                    {
                        "confidence": "0.0",
                        "content": ","
                    }
                ],
                "speaker_label": "spk_0"
            },
            {
                "id": 47,
                "type": "pronunciation",
                "alternatives": [
                    {
                        "confidence": "0.997",
                        "content": "no"
                    }
                ],
                "start_time": "117.48",
                "end_time": "117.639",
                "speaker_label": "spk_0"
            },
            {
                "id": 48,
                "type": "punctuation",
                "alternatives": [
                    {
                        "confidence": "0.0",
                        "content": ","
                    }
                ],
                "speaker_label": "spk_0"
            },
            {
                "id": 49,
                "type": "pronunciation",
                "alternatives": [
                    {
                        "confidence": "0.992",
                        "content": "that's"
                    }
                ],
                "start_time": "117.72",
                "end_time": "117.919",
                "speaker_label": "spk_0"
            },
            {
                "id": 50,
                "type": "pronunciation",
                "alternatives": [
                    {
                        "confidence": "0.997",
                        "content": "it"
                    }
                ],
                "start_time": "117.919",
                "end_time": "118.3",
                "speaker_label": "spk_0"
            },
            {
                "id": 51,
                "type": "punctuation",
                "alternatives": [
                    {
                        "confidence": "0.0",
                        "content": "."
                    }
                ],
                "speaker_label": "spk_0"
            },
            {
                "id": 52,
                "type": "pronunciation",
                "alternatives": [
                    {
                        "confidence": "0.505",
                        "content": "Thank"
                    }
                ],
                "start_time": "118.559",
                "end_time": "118.569",
                "speaker_label": "spk_0"
            },
            {
                "id": 53,
                "type": "pronunciation",
                "alternatives": [
                    {
                        "confidence": "0.979",
                        "content": "you"
                    }
                ],
                "start_time": "121.849",
                "end_time": "121.86",
                "speaker_label": "spk_0"
            },
            {
                "id": 54,
                "type": "punctuation",
                "alternatives": [
                    {
                        "confidence": "0.0",
                        "content": "."
                    }
                ],
                "speaker_label": "spk_0"
            }
        ],
        "audio_segments": [
            {
                "id": 0,
                "transcript": "On the agnostics, please hold.",
                "start_time": "0.0",
                "end_time": "2.46",
                "speaker_label": "spk_0",
                "items": [
                    0,
                    1,
                    2,
                    3,
                    4,
                    5,
                    6
                ]
            },
            {
                "id": 1,
                "transcript": "Yeah, it is 16471647552. Could I get a Big Mac meal with a bottle of water, take back here with a bottled water is the last time.",
                "start_time": "98.23",
                "end_time": "112.569",
                "speaker_label": "spk_0",
                "items": [
                    7,
                    8,
                    9,
                    10,
                    11,
                    12,
                    13,
                    14,
                    15,
                    16,
                    17,
                    18,
                    19,
                    20,
                    21,
                    22,
                    23,
                    24,
                    25,
                    26,
                    27,
                    28,
                    29,
                    30,
                    31,
                    32,
                    33,
                    34,
                    35,
                    36,
                    37
                ]
            },
            {
                "id": 2,
                "transcript": "Yeah, that's fine.",
                "start_time": "114.199",
                "end_time": "115.059",
                "speaker_label": "spk_0",
                "items": [
                    38,
                    39,
                    40,
                    41,
                    42
                ]
            },
            {
                "id": 3,
                "transcript": "OK.",
                "start_time": "115.66",
                "end_time": "116.389",
                "speaker_label": "spk_0",
                "items": [
                    43,
                    44
                ]
            },
            {
                "id": 4,
                "transcript": "Uh, no, that's it. Thank you.",
                "start_time": "116.919",
                "end_time": "121.9",
                "speaker_label": "spk_0",
                "items": [
                    45,
                    46,
                    47,
                    48,
                    49,
                    50,
                    51,
                    52,
                    53,
                    54
                ]
            }
        ]
    }
}