{
    "jobName": "transcription-job-2024-03-21T18-58-04Z-call-a3a4ade8-61f8-462c-ba96-0778463a9511-1734638475",
    "accountId": "199040315413",
    "isRedacted": true,
    "status": "COMPLETED",
    "results": {
        "transcripts": [
            {
                "transcript": "How may I help you? Hi, I'm, hi, I'm just phoning to see how long if I were to book an appointment today for a mammogram, how long would it be until I could get in. Uh, we're not doing mamma clamps in our clinic, sorry, ma'am. Oh, OK, I'll try a different clinic. Thank you. Bye"
            }
        ],
        "speaker_labels": {
            "segments": [
                {
                    "start_time": "0.86",
                    "end_time": "0.98",
                    "speaker_label": "spk_0",
                    "items": [
                        {
                            "speaker_label": "spk_0",
                            "start_time": "0.87",
                            "end_time": "0.879"
                        },
                        {
                            "speaker_label": "spk_0",
                            "start_time": "0.879",
                            "end_time": "0.889"
                        },
                        {
                            "speaker_label": "spk_0",
                            "start_time": "0.889",
                            "end_time": "0.899"
                        },
                        {
                            "speaker_label": "spk_0",
                            "start_time": "0.899",
                            "end_time": "0.91"
                        },
                        {
                            "speaker_label": "spk_0",
                            "start_time": "0.91",
                            "end_time": "0.92"
                        },
                        {
                            "speaker_label": "spk_0",
                            "start_time": "0.93",
                            "end_time": "0.939"
                        },
                        {
                            "speaker_label": "spk_0",
                            "start_time": "0.949",
                            "end_time": "0.98"
                        }
                    ]
                },
                {
                    "start_time": "5.86",
                    "end_time": "7.3",
                    "speaker_label": "spk_1",
                    "items": [
                        {
                            "speaker_label": "spk_1",
                            "start_time": "5.86",
                            "end_time": "6.369"
                        },
                        {
                            "speaker_label": "spk_1",
                            "start_time": "6.579",
                            "end_time": "6.75"
                        },
                        {
                            "speaker_label": "spk_1",
                            "start_time": "6.75",
                            "end_time": "6.94"
                        },
                        {
                            "speaker_label": "spk_1",
                            "start_time": "6.94",
                            "end_time": "7.3"
                        }
                    ]
                },
                {
                    "start_time": "7.3",
                    "end_time": "7.869",
                    "speaker_label": "spk_1",
                    "items": [
                        {
                            "speaker_label": "spk_1",
                            "start_time": "7.3",
                            "end_time": "7.5"
                        },
                        {
                            "speaker_label": "spk_1",
                            "start_time": "7.5",
                            "end_time": "7.869"
                        }
                    ]
                },
                {
                    "start_time": "7.869",
                    "end_time": "13.529",
                    "speaker_label": "spk_1",
                    "items": [
                        {
                            "speaker_label": "spk_1",
                            "start_time": "7.869",
                            "end_time": "8.22"
                        },
                        {
                            "speaker_label": "spk_1",
                            "start_time": "8.22",
                            "end_time": "8.449"
                        },
                        {
                            "speaker_label": "spk_1",
                            "start_time": "8.449",
                            "end_time": "8.659"
                        },
                        {
                            "speaker_label": "spk_1",
                            "start_time": "8.659",
                            "end_time": "8.779"
                        },
                        {
                            "speaker_label": "spk_1",
                            "start_time": "8.779",
                            "end_time": "8.859"
                        },
                        {
                            "speaker_label": "spk_1",
                            "start_time": "8.859",
                            "end_time": "9.02"
                        },
                        {
                            "speaker_label": "spk_1",
                            "start_time": "9.02",
                            "end_time": "9.17"
                        },
                        {
                            "speaker_label": "spk_1",
                            "start_time": "9.17",
                            "end_time": "9.27"
                        },
                        {
                            "speaker_label": "spk_1",
                            "start_time": "9.27",
                            "end_time": "9.819"
                        },
                        {
                            "speaker_label": "spk_1",
                            "start_time": "9.819",
                            "end_time": "9.979"
                        },
                        {
                            "speaker_label": "spk_1",
                            "start_time": "9.979",
                            "end_time": "10.1"
                        },
                        {
                            "speaker_label": "spk_1",
                            "start_time": "10.1",
                            "end_time": "10.26"
                        },
                        {
                            "speaker_label": "spk_1",
                            "start_time": "10.26",
                            "end_time": "11.159"
                        },
                        {
                            "speaker_label": "spk_1",
                            "start_time": "11.6",
                            "end_time": "11.779"
                        },
                        {
                            "speaker_label": "spk_1",
                            "start_time": "11.779",
                            "end_time": "11.939"
                        },
                        {
                            "speaker_label": "spk_1",
                            "start_time": "11.939",
                            "end_time": "12.06"
                        },
                        {
                            "speaker_label": "spk_1",
                            "start_time": "12.06",
                            "end_time": "12.18"
                        },
                        {
                            "speaker_label": "spk_1",
                            "start_time": "12.18",
                            "end_time": "12.5"
                        },
                        {
                            "speaker_label": "spk_1",
                            "start_time": "12.5",
                            "end_time": "12.659"
                        },
                        {
                            "speaker_label": "spk_1",
                            "start_time": "12.659",
                            "end_time": "12.779"
                        },
                        {
                            "speaker_label": "spk_1",
                            "start_time": "12.779",
                            "end_time": "12.939"
                        },
                        {
                            "speaker_label": "spk_1",
                            "start_time": "12.939",
                            "end_time": "13.18"
                        },
                        {
                            "speaker_label": "spk_1",
                            "start_time": "13.18",
                            "end_time": "13.529"
                        }
                    ]
                },
                {
                    "start_time": "13.819",
                    "end_time": "17.139",
                    "speaker_label": "spk_0",
                    "items": [
                        {
                            "speaker_label": "spk_0",
                            "start_time": "13.819",
                            "end_time": "14.1"
                        },
                        {
                            "speaker_label": "spk_0",
                            "start_time": "14.18",
                            "end_time": "14.42"
                        },
                        {
                            "speaker_label": "spk_0",
                            "start_time": "14.42",
                            "end_time": "14.619"
                        },
                        {
                            "speaker_label": "spk_0",
                            "start_time": "14.619",
                            "end_time": "14.93"
                        },
                        {
                            "speaker_label": "spk_0",
                            "start_time": "14.93",
                            "end_time": "15.18"
                        },
                        {
                            "speaker_label": "spk_0",
                            "start_time": "15.18",
                            "end_time": "15.579"
                        },
                        {
                            "speaker_label": "spk_0",
                            "start_time": "15.579",
                            "end_time": "15.739"
                        },
                        {
                            "speaker_label": "spk_0",
                            "start_time": "15.739",
                            "end_time": "15.939"
                        },
                        {
                            "speaker_label": "spk_0",
                            "start_time": "15.939",
                            "end_time": "16.36"
                        },
                        {
                            "speaker_label": "spk_0",
                            "start_time": "16.459",
                            "end_time": "16.719"
                        },
                        {
                            "speaker_label": "spk_0",
                            "start_time": "16.75",
                            "end_time": "17.02"
                        }
                    ]
                },
                {
                    "start_time": "18.42",
                    "end_time": "21.42",
                    "speaker_label": "spk_1",
                    "items": [
                        {
                            "speaker_label": "spk_1",
                            "start_time": "18.43",
                            "end_time": "18.77"
                        },
                        {
                            "speaker_label": "spk_1",
                            "start_time": "18.819",
                            "end_time": "19.579"
                        },
                        {
                            "speaker_label": "spk_1",
                            "start_time": "19.889",
                            "end_time": "20.1"
                        },
                        {
                            "speaker_label": "spk_1",
                            "start_time": "20.1",
                            "end_time": "20.26"
                        },
                        {
                            "speaker_label": "spk_1",
                            "start_time": "20.26",
                            "end_time": "20.659"
                        },
                        {
                            "speaker_label": "spk_1",
                            "start_time": "20.659",
                            "end_time": "20.86"
                        },
                        {
                            "speaker_label": "spk_1",
                            "start_time": "20.86",
                            "end_time": "21.209"
                        },
                        {
                            "speaker_label": "spk_1",
                            "start_time": "21.229",
                            "end_time": "21.42"
                        }
                    ]
                },
                {
                    "start_time": "21.42",
                    "end_time": "22.51",
                    "speaker_label": "spk_0",
                    "items": [
                        {
                            "speaker_label": "spk_0",
                            "start_time": "21.42",
                            "end_time": "21.889"
                        }
                    ]
                },
                {
                    "start_time": "23.319",
                    "end_time": "23.959",
                    "speaker_label": "spk_1",
                    "items": [
                        {
                            "speaker_label": "spk_1",
                            "start_time": "23.52",
                            "end_time": "23.93"
                        }
                    ]
                }
            ],
            "channel_label": "ch_0",
            "speakers": 2
        },
        "items": [
            {
                "id": 0,
                "type": "pronunciation",
                "alternatives": [
                    {
                        "confidence": "0.83",
                        "content": "How"
                    }
                ],
                "start_time": "0.87",
                "end_time": "0.879",
                "speaker_label": "spk_0"
            },
            {
                "id": 1,
                "type": "pronunciation",
                "alternatives": [
                    {
                        "confidence": "0.996",
                        "content": "may"
                    }
                ],
                "start_time": "0.879",
                "end_time": "0.889",
                "speaker_label": "spk_0"
            },
            {
                "id": 2,
                "type": "pronunciation",
                "alternatives": [
                    {
                        "confidence": "0.996",
                        "content": "I"
                    }
                ],
                "start_time": "0.889",
                "end_time": "0.899",
                "speaker_label": "spk_0"
            },
            {
                "id": 3,
                "type": "pronunciation",
                "alternatives": [
                    {
                        "confidence": "0.996",
                        "content": "help"
                    }
                ],
                "start_time": "0.899",
                "end_time": "0.91",
                "speaker_label": "spk_0"
            },
            {
                "id": 4,
                "type": "pronunciation",
                "alternatives": [
                    {
                        "confidence": "0.994",
                        "content": "you"
                    }
                ],
                "start_time": "0.91",
                "end_time": "0.92",
                "speaker_label": "spk_0"
            },
            {
                "id": 5,
                "type": "punctuation",
                "alternatives": [
                    {
                        "confidence": "0.0",
                        "content": "?"
                    }
                ],
                "speaker_label": "spk_0"
            },
            {
                "id": 6,
                "type": "pronunciation",
                "alternatives": [
                    {
                        "confidence": "0.996",
                        "content": "Hi"
                    }
                ],
                "start_time": "0.93",
                "end_time": "0.939",
                "speaker_label": "spk_0"
            },
            {
                "id": 7,
                "type": "punctuation",
                "alternatives": [
                    {
                        "confidence": "0.0",
                        "content": ","
                    }
                ],
                "speaker_label": "spk_0"
            },
            {
                "id": 8,
                "type": "pronunciation",
                "alternatives": [
                    {
                        "confidence": "0.988",
                        "content": "I'm"
                    }
                ],
                "start_time": "0.949",
                "end_time": "0.98",
                "speaker_label": "spk_0"
            },
            {
                "id": 9,
                "type": "punctuation",
                "alternatives": [
                    {
                        "confidence": "0.0",
                        "content": ","
                    }
                ],
                "speaker_label": "spk_0"
            },
            {
                "id": 10,
                "type": "pronunciation",
                "alternatives": [
                    {
                        "confidence": "0.996",
                        "content": "hi"
                    }
                ],
                "start_time": "5.86",
                "end_time": "6.369",
                "speaker_label": "spk_1"
            },
            {
                "id": 11,
                "type": "punctuation",
                "alternatives": [
                    {
                        "confidence": "0.0",
                        "content": ","
                    }
                ],
                "speaker_label": "spk_1"
            },
            {
                "id": 12,
                "type": "pronunciation",
                "alternatives": [
                    {
                        "confidence": "0.994",
                        "content": "I'm"
                    }
                ],
                "start_time": "6.579",
                "end_time": "6.75",
                "speaker_label": "spk_1"
            },
            {
                "id": 13,
                "type": "pronunciation",
                "alternatives": [
                    {
                        "confidence": "0.998",
                        "content": "just"
                    }
                ],
                "start_time": "6.75",
                "end_time": "6.94",
                "speaker_label": "spk_1"
            },
            {
                "id": 14,
                "type": "pronunciation",
                "alternatives": [
                    {
                        "confidence": "0.985",
                        "content": "phoning"
                    }
                ],
                "start_time": "6.94",
                "end_time": "7.3",
                "speaker_label": "spk_1"
            },
            {
                "id": 15,
                "type": "pronunciation",
                "alternatives": [
                    {
                        "confidence": "0.998",
                        "content": "to"
                    }
                ],
                "start_time": "7.3",
                "end_time": "7.5",
                "speaker_label": "spk_1"
            },
            {
                "id": 16,
                "type": "pronunciation",
                "alternatives": [
                    {
                        "confidence": "0.999",
                        "content": "see"
                    }
                ],
                "start_time": "7.5",
                "end_time": "7.869",
                "speaker_label": "spk_1"
            },
            {
                "id": 17,
                "type": "pronunciation",
                "alternatives": [
                    {
                        "confidence": "0.998",
                        "content": "how"
                    }
                ],
                "start_time": "7.869",
                "end_time": "8.22",
                "speaker_label": "spk_1"
            },
            {
                "id": 18,
                "type": "pronunciation",
                "alternatives": [
                    {
                        "confidence": "0.998",
                        "content": "long"
                    }
                ],
                "start_time": "8.22",
                "end_time": "8.449",
                "speaker_label": "spk_1"
            },
            {
                "id": 19,
                "type": "pronunciation",
                "alternatives": [
                    {
                        "confidence": "0.997",
                        "content": "if"
                    }
                ],
                "start_time": "8.449",
                "end_time": "8.659",
                "speaker_label": "spk_1"
            },
            {
                "id": 20,
                "type": "pronunciation",
                "alternatives": [
                    {
                        "confidence": "0.998",
                        "content": "I"
                    }
                ],
                "start_time": "8.659",
                "end_time": "8.779",
                "speaker_label": "spk_1"
            },
            {
                "id": 21,
                "type": "pronunciation",
                "alternatives": [
                    {
                        "confidence": "0.997",
                        "content": "were"
                    }
                ],
                "start_time": "8.779",
                "end_time": "8.859",
                "speaker_label": "spk_1"
            },
            {
                "id": 22,
                "type": "pronunciation",
                "alternatives": [
                    {
                        "confidence": "0.998",
                        "content": "to"
                    }
                ],
                "start_time": "8.859",
                "end_time": "9.02",
                "speaker_label": "spk_1"
            },
            {
                "id": 23,
                "type": "pronunciation",
                "alternatives": [
                    {
                        "confidence": "0.999",
                        "content": "book"
                    }
                ],
                "start_time": "9.02",
                "end_time": "9.17",
                "speaker_label": "spk_1"
            },
            {
                "id": 24,
                "type": "pronunciation",
                "alternatives": [
                    {
                        "confidence": "0.998",
                        "content": "an"
                    }
                ],
                "start_time": "9.17",
                "end_time": "9.27",
                "speaker_label": "spk_1"
            },
            {
                "id": 25,
                "type": "pronunciation",
                "alternatives": [
                    {
                        "confidence": "0.997",
                        "content": "appointment"
                    }
                ],
                "start_time": "9.27",
                "end_time": "9.819",
                "speaker_label": "spk_1"
            },
            {
                "id": 26,
                "type": "pronunciation",
                "alternatives": [
                    {
                        "confidence": "0.998",
                        "content": "today"
                    }
                ],
                "start_time": "9.819",
                "end_time": "9.979",
                "speaker_label": "spk_1"
            },
            {
                "id": 27,
                "type": "pronunciation",
                "alternatives": [
                    {
                        "confidence": "0.999",
                        "content": "for"
                    }
                ],
                "start_time": "9.979",
                "end_time": "10.1",
                "speaker_label": "spk_1"
            },
            {
                "id": 28,
                "type": "pronunciation",
                "alternatives": [
                    {
                        "confidence": "0.997",
                        "content": "a"
                    }
                ],
                "start_time": "10.1",
                "end_time": "10.26",
                "speaker_label": "spk_1"
            },
            {
                "id": 29,
                "type": "pronunciation",
                "alternatives": [
                    {
                        "confidence": "0.005",
                        "content": "mammogram"
                    }
                ],
                "start_time": "10.26",
                "end_time": "11.159",
                "speaker_label": "spk_1"
            },
            {
                "id": 30,
                "type": "punctuation",
                "alternatives": [
                    {
                        "confidence": "0.0",
                        "content": ","
                    }
                ],
                "speaker_label": "spk_1"
            },
            {
                "id": 31,
                "type": "pronunciation",
                "alternatives": [
                    {
                        "confidence": "0.997",
                        "content": "how"
                    }
                ],
                "start_time": "11.6",
                "end_time": "11.779",
                "speaker_label": "spk_1"
            },
            {
                "id": 32,
                "type": "pronunciation",
                "alternatives": [
                    {
                        "confidence": "0.999",
                        "content": "long"
                    }
                ],
                "start_time": "11.779",
                "end_time": "11.939",
                "speaker_label": "spk_1"
            },
            {
                "id": 33,
                "type": "pronunciation",
                "alternatives": [
                    {
                        "confidence": "0.998",
                        "content": "would"
                    }
                ],
                "start_time": "11.939",
                "end_time": "12.06",
                "speaker_label": "spk_1"
            },
            {
                "id": 34,
                "type": "pronunciation",
                "alternatives": [
                    {
                        "confidence": "0.998",
                        "content": "it"
                    }
                ],
                "start_time": "12.06",
                "end_time": "12.18",
                "speaker_label": "spk_1"
            },
            {
                "id": 35,
                "type": "pronunciation",
                "alternatives": [
                    {
                        "confidence": "0.999",
                        "content": "be"
                    }
                ],
                "start_time": "12.18",
                "end_time": "12.5",
                "speaker_label": "spk_1"
            },
            {
                "id": 36,
                "type": "pronunciation",
                "alternatives": [
                    {
                        "confidence": "0.998",
                        "content": "until"
                    }
                ],
                "start_time": "12.5",
                "end_time": "12.659",
                "speaker_label": "spk_1"
            },
            {
                "id": 37,
                "type": "pronunciation",
                "alternatives": [
                    {
                        "confidence": "0.998",
                        "content": "I"
                    }
                ],
                "start_time": "12.659",
                "end_time": "12.779",
                "speaker_label": "spk_1"
            },
            {
                "id": 38,
                "type": "pronunciation",
                "alternatives": [
                    {
                        "confidence": "0.996",
                        "content": "could"
                    }
                ],
                "start_time": "12.779",
                "end_time": "12.939",
                "speaker_label": "spk_1"
            },
            {
                "id": 39,
                "type": "pronunciation",
                "alternatives": [
                    {
                        "confidence": "0.999",
                        "content": "get"
                    }
                ],
                "start_time": "12.939",
                "end_time": "13.18",
                "speaker_label": "spk_1"
            },
            {
                "id": 40,
                "type": "pronunciation",
                "alternatives": [
                    {
                        "confidence": "0.998",
                        "content": "in"
                    }
                ],
                "start_time": "13.18",
                "end_time": "13.529",
                "speaker_label": "spk_1"
            },
            {
                "id": 41,
                "type": "punctuation",
                "alternatives": [
                    {
                        "confidence": "0.0",
                        "content": "."
                    }
                ],
                "speaker_label": "spk_1"
            },
            {
                "id": 42,
                "type": "pronunciation",
                "alternatives": [
                    {
                        "confidence": "0.988",
                        "content": "Uh"
                    }
                ],
                "start_time": "13.819",
                "end_time": "14.1",
                "speaker_label": "spk_0"
            },
            {
                "id": 43,
                "type": "punctuation",
                "alternatives": [
                    {
                        "confidence": "0.0",
                        "content": ","
                    }
                ],
                "speaker_label": "spk_0"
            },
            {
                "id": 44,
                "type": "pronunciation",
                "alternatives": [
                    {
                        "confidence": "0.992",
                        "content": "we're"
                    }
                ],
                "start_time": "14.18",
                "end_time": "14.42",
                "speaker_label": "spk_0"
            },
            {
                "id": 45,
                "type": "pronunciation",
                "alternatives": [
                    {
                        "confidence": "0.998",
                        "content": "not"
                    }
                ],
                "start_time": "14.42",
                "end_time": "14.619",
                "speaker_label": "spk_0"
            },
            {
                "id": 46,
                "type": "pronunciation",
                "alternatives": [
                    {
                        "confidence": "0.999",
                        "content": "doing"
                    }
                ],
                "start_time": "14.619",
                "end_time": "14.93",
                "speaker_label": "spk_0"
            },
            {
                "id": 47,
                "type": "pronunciation",
                "alternatives": [
                    {
                        "confidence": "0.953",
                        "content": "mamma"
                    }
                ],
                "start_time": "14.93",
                "end_time": "15.18",
                "speaker_label": "spk_0"
            },
            {
                "id": 48,
                "type": "pronunciation",
                "alternatives": [
                    {
                        "confidence": "0.827",
                        "content": "clamps"
                    }
                ],
                "start_time": "15.18",
                "end_time": "15.579",
                "speaker_label": "spk_0"
            },
            {
                "id": 49,
                "type": "pronunciation",
                "alternatives": [
                    {
                        "confidence": "0.997",
                        "content": "in"
                    }
                ],
                "start_time": "15.579",
                "end_time": "15.739",
                "speaker_label": "spk_0"
            },
            {
                "id": 50,
                "type": "pronunciation",
                "alternatives": [
                    {
                        "confidence": "0.997",
                        "content": "our"
                    }
                ],
                "start_time": "15.739",
                "end_time": "15.939",
                "speaker_label": "spk_0"
            },
            {
                "id": 51,
                "type": "pronunciation",
                "alternatives": [
                    {
                        "confidence": "0.994",
                        "content": "clinic"
                    }
                ],
                "start_time": "15.939",
                "end_time": "16.36",
                "speaker_label": "spk_0"
            },
            {
                "id": 52,
                "type": "punctuation",
                "alternatives": [
                    {
                        "confidence": "0.0",
                        "content": ","
                    }
                ],
                "speaker_label": "spk_0"
            },
            {
                "id": 53,
                "type": "pronunciation",
                "alternatives": [
                    {
                        "confidence": "0.991",
                        "content": "sorry"
                    }
                ],
                "start_time": "16.459",
                "end_time": "16.719",
                "speaker_label": "spk_0"
            },
            {
                "id": 54,
                "type": "punctuation",
                "alternatives": [
                    {
                        "confidence": "0.0",
                        "content": ","
                    }
                ],
                "speaker_label": "spk_0"
            },
            {
                "id": 55,
                "type": "pronunciation",
                "alternatives": [
                    {
                        "confidence": "0.993",
                        "content": "ma'am"
                    }
                ],
                "start_time": "16.75",
                "end_time": "17.02",
                "speaker_label": "spk_0"
            },
            {
                "id": 56,
                "type": "punctuation",
                "alternatives": [
                    {
                        "confidence": "0.0",
                        "content": "."
                    }
                ],
                "speaker_label": "spk_0"
            },
            {
                "id": 57,
                "type": "pronunciation",
                "alternatives": [
                    {
                        "confidence": "0.998",
                        "content": "Oh"
                    }
                ],
                "start_time": "18.43",
                "end_time": "18.77",
                "speaker_label": "spk_1"
            },
            {
                "id": 58,
                "type": "punctuation",
                "alternatives": [
                    {
                        "confidence": "0.0",
                        "content": ","
                    }
                ],
                "speaker_label": "spk_1"
            },
            {
                "id": 59,
                "type": "pronunciation",
                "alternatives": [
                    {
                        "confidence": "0.998",
                        "content": "OK"
                    }
                ],
                "start_time": "18.819",
                "end_time": "19.579",
                "speaker_label": "spk_1"
            },
            {
                "id": 60,
                "type": "punctuation",
                "alternatives": [
                    {
                        "confidence": "0.0",
                        "content": ","
                    }
                ],
                "speaker_label": "spk_1"
            },
            {
                "id": 61,
                "type": "pronunciation",
                "alternatives": [
                    {
                        "confidence": "0.993",
                        "content": "I'll"
                    }
                ],
                "start_time": "19.889",
                "end_time": "20.1",
                "speaker_label": "spk_1"
            },
            {
                "id": 62,
                "type": "pronunciation",
                "alternatives": [
                    {
                        "confidence": "0.998",
                        "content": "try"
                    }
                ],
                "start_time": "20.1",
                "end_time": "20.26",
                "speaker_label": "spk_1"
            },
            {
                "id": 63,
                "type": "pronunciation",
                "alternatives": [
                    {
                        "confidence": "0.997",
                        "content": "a"
                    }
                ],
                "start_time": "20.26",
                "end_time": "20.659",
                "speaker_label": "spk_1"
            },
            {
                "id": 64,
                "type": "pronunciation",
                "alternatives": [
                    {
                        "confidence": "0.999",
                        "content": "different"
                    }
                ],
                "start_time": "20.659",
                "end_time": "20.86",
                "speaker_label": "spk_1"
            },
            {
                "id": 65,
                "type": "pronunciation",
                "alternatives": [
                    {
                        "confidence": "0.992",
                        "content": "clinic"
                    }
                ],
                "start_time": "20.86",
                "end_time": "21.209",
                "speaker_label": "spk_1"
            },
            {
                "id": 66,
                "type": "punctuation",
                "alternatives": [
                    {
                        "confidence": "0.0",
                        "content": "."
                    }
                ],
                "speaker_label": "spk_1"
            },
            {
                "id": 67,
                "type": "pronunciation",
                "alternatives": [
                    {
                        "confidence": "0.555",
                        "content": "Thank"
                    }
                ],
                "start_time": "21.229",
                "end_time": "21.42",
                "speaker_label": "spk_1"
            },
            {
                "id": 68,
                "type": "pronunciation",
                "alternatives": [
                    {
                        "confidence": "0.999",
                        "content": "you"
                    }
                ],
                "start_time": "21.42",
                "end_time": "21.889",
                "speaker_label": "spk_0"
            },
            {
                "id": 69,
                "type": "punctuation",
                "alternatives": [
                    {
                        "confidence": "0.0",
                        "content": "."
                    }
                ],
                "speaker_label": "spk_0"
            },
            {
                "id": 70,
                "type": "pronunciation",
                "alternatives": [
                    {
                        "confidence": "0.822",
                        "content": "Bye"
                    }
                ],
                "start_time": "23.52",
                "end_time": "23.93",
                "speaker_label": "spk_1"
            }
        ],
        "audio_segments": [
            {
                "id": 0,
                "transcript": "How may I help you? Hi, I'm,",
                "start_time": "0.86",
                "end_time": "0.98",
                "speaker_label": "spk_0",
                "items": [
                    0,
                    1,
                    2,
                    3,
                    4,
                    5,
                    6,
                    7,
                    8,
                    9
                ]
            },
            {
                "id": 1,
                "transcript": "hi, I'm just phoning",
                "start_time": "5.86",
                "end_time": "7.3",
                "speaker_label": "spk_1",
                "items": [
                    10,
                    11,
                    12,
                    13,
                    14
                ]
            },
            {
                "id": 2,
                "transcript": "to see",
                "start_time": "7.3",
                "end_time": "7.869",
                "speaker_label": "spk_1",
                "items": [
                    15,
                    16
                ]
            },
            {
                "id": 3,
                "transcript": "how long if I were to book an appointment today for a mammogram, how long would it be until I could get in.",
                "start_time": "7.869",
                "end_time": "13.529",
                "speaker_label": "spk_1",
                "items": [
                    17,
                    18,
                    19,
                    20,
                    21,
                    22,
                    23,
                    24,
                    25,
                    26,
                    27,
                    28,
                    29,
                    30,
                    31,
                    32,
                    33,
                    34,
                    35,
                    36,
                    37,
                    38,
                    39,
                    40,
                    41
                ]
            },
            {
                "id": 4,
                "transcript": "Uh, we're not doing mamma clamps in our clinic, sorry, ma'am.",
                "start_time": "13.819",
                "end_time": "17.139",
                "speaker_label": "spk_0",
                "items": [
                    42,
                    43,
                    44,
                    45,
                    46,
                    47,
                    48,
                    49,
                    50,
                    51,
                    52,
                    53,
                    54,
                    55,
                    56
                ]
            },
            {
                "id": 5,
                "transcript": "Oh, OK, I'll try a different clinic. Thank",
                "start_time": "18.42",
                "end_time": "21.42",
                "speaker_label": "spk_1",
                "items": [
                    57,
                    58,
                    59,
                    60,
                    61,
                    62,
                    63,
                    64,
                    65,
                    66,
                    67
                ]
            },
            {
                "id": 6,
                "transcript": "you.",
                "start_time": "21.42",
                "end_time": "22.51",
                "speaker_label": "spk_0",
                "items": [
                    68,
                    69
                ]
            },
            {
                "id": 7,
                "transcript": "Bye",
                "start_time": "23.319",
                "end_time": "23.959",
                "speaker_label": "spk_1",
                "items": [
                    70
                ]
            }
        ]
    }
}