{
    "jobName": "transcription-job-2024-03-21T21-55-19Z-call-4a54214a-3417-4866-a8c5-bfe551ac9c81-1734640476",
    "accountId": "199040315413",
    "isRedacted": true,
    "status": "COMPLETED",
    "results": {
        "transcripts": [
            {
                "transcript": "Was diagnostics, how may I help? Hi, I'm just wondering I'd like to make an appointment for uh an ultrasound, a breast ultrasound of the right breast, and I'm wondering when when I can get in. OK, unfortunately we only have one location here in [PII] and that's in [PII] and that's not something that we offer in our clinic for breast imaging. OK, so what number do I call then? Um, you might wanna reach out with Mayfair or CDC perhaps. Oh, you, so you don't, did you say Blackfoot trail? That's, uh, yes, we are Wessler Diagnostics. We're different from them. OK, alright, thank you so much. OK, you too bye bye."
            }
        ],
        "speaker_labels": {
            "segments": [
                {
                    "start_time": "0.43",
                    "end_time": "2.97",
                    "speaker_label": "spk_0",
                    "items": [
                        {
                            "speaker_label": "spk_0",
                            "start_time": "0.79",
                            "end_time": "1.07"
                        },
                        {
                            "speaker_label": "spk_0",
                            "start_time": "1.07",
                            "end_time": "2.069"
                        },
                        {
                            "speaker_label": "spk_0",
                            "start_time": "2.079",
                            "end_time": "2.269"
                        },
                        {
                            "speaker_label": "spk_0",
                            "start_time": "2.269",
                            "end_time": "2.349"
                        },
                        {
                            "speaker_label": "spk_0",
                            "start_time": "2.349",
                            "end_time": "2.47"
                        },
                        {
                            "speaker_label": "spk_0",
                            "start_time": "2.47",
                            "end_time": "2.819"
                        }
                    ]
                },
                {
                    "start_time": "3.589",
                    "end_time": "4.389",
                    "speaker_label": "spk_0",
                    "items": [
                        {
                            "speaker_label": "spk_0",
                            "start_time": "4.11",
                            "end_time": "4.389"
                        }
                    ]
                },
                {
                    "start_time": "4.539",
                    "end_time": "5.349",
                    "speaker_label": "spk_1",
                    "items": [
                        {
                            "speaker_label": "spk_1",
                            "start_time": "4.539",
                            "end_time": "4.71"
                        },
                        {
                            "speaker_label": "spk_1",
                            "start_time": "4.71",
                            "end_time": "4.909"
                        },
                        {
                            "speaker_label": "spk_1",
                            "start_time": "4.909",
                            "end_time": "5.349"
                        }
                    ]
                },
                {
                    "start_time": "5.349",
                    "end_time": "15.479",
                    "speaker_label": "spk_1",
                    "items": [
                        {
                            "speaker_label": "spk_1",
                            "start_time": "5.349",
                            "end_time": "5.67"
                        },
                        {
                            "speaker_label": "spk_1",
                            "start_time": "5.67",
                            "end_time": "5.789"
                        },
                        {
                            "speaker_label": "spk_1",
                            "start_time": "5.789",
                            "end_time": "6.269"
                        },
                        {
                            "speaker_label": "spk_1",
                            "start_time": "6.269",
                            "end_time": "6.429"
                        },
                        {
                            "speaker_label": "spk_1",
                            "start_time": "6.429",
                            "end_time": "6.539"
                        },
                        {
                            "speaker_label": "spk_1",
                            "start_time": "6.539",
                            "end_time": "7.139"
                        },
                        {
                            "speaker_label": "spk_1",
                            "start_time": "7.139",
                            "end_time": "7.46"
                        },
                        {
                            "speaker_label": "spk_1",
                            "start_time": "7.46",
                            "end_time": "7.989"
                        },
                        {
                            "speaker_label": "spk_1",
                            "start_time": "7.989",
                            "end_time": "8.149"
                        },
                        {
                            "speaker_label": "spk_1",
                            "start_time": "8.149",
                            "end_time": "9.05"
                        },
                        {
                            "speaker_label": "spk_1",
                            "start_time": "9.229",
                            "end_time": "9.35"
                        },
                        {
                            "speaker_label": "spk_1",
                            "start_time": "9.35",
                            "end_time": "9.75"
                        },
                        {
                            "speaker_label": "spk_1",
                            "start_time": "9.75",
                            "end_time": "10.63"
                        },
                        {
                            "speaker_label": "spk_1",
                            "start_time": "10.63",
                            "end_time": "11.31"
                        },
                        {
                            "speaker_label": "spk_1",
                            "start_time": "11.31",
                            "end_time": "11.51"
                        },
                        {
                            "speaker_label": "spk_1",
                            "start_time": "11.51",
                            "end_time": "11.71"
                        },
                        {
                            "speaker_label": "spk_1",
                            "start_time": "11.71",
                            "end_time": "12.34"
                        },
                        {
                            "speaker_label": "spk_1",
                            "start_time": "12.67",
                            "end_time": "12.789"
                        },
                        {
                            "speaker_label": "spk_1",
                            "start_time": "12.789",
                            "end_time": "12.949"
                        },
                        {
                            "speaker_label": "spk_1",
                            "start_time": "12.949",
                            "end_time": "13.81"
                        },
                        {
                            "speaker_label": "spk_1",
                            "start_time": "14.149",
                            "end_time": "14.159"
                        },
                        {
                            "speaker_label": "spk_1",
                            "start_time": "14.189",
                            "end_time": "14.55"
                        },
                        {
                            "speaker_label": "spk_1",
                            "start_time": "14.55",
                            "end_time": "14.71"
                        },
                        {
                            "speaker_label": "spk_1",
                            "start_time": "14.71",
                            "end_time": "14.909"
                        },
                        {
                            "speaker_label": "spk_1",
                            "start_time": "14.909",
                            "end_time": "15.109"
                        },
                        {
                            "speaker_label": "spk_1",
                            "start_time": "15.109",
                            "end_time": "15.479"
                        }
                    ]
                },
                {
                    "start_time": "15.789",
                    "end_time": "26.729",
                    "speaker_label": "spk_0",
                    "items": [
                        {
                            "speaker_label": "spk_0",
                            "start_time": "15.789",
                            "end_time": "16.26"
                        },
                        {
                            "speaker_label": "spk_0",
                            "start_time": "16.59",
                            "end_time": "17.51"
                        },
                        {
                            "speaker_label": "spk_0",
                            "start_time": "17.51",
                            "end_time": "17.709"
                        },
                        {
                            "speaker_label": "spk_0",
                            "start_time": "17.709",
                            "end_time": "17.95"
                        },
                        {
                            "speaker_label": "spk_0",
                            "start_time": "17.95",
                            "end_time": "18.149"
                        },
                        {
                            "speaker_label": "spk_0",
                            "start_time": "18.149",
                            "end_time": "18.549"
                        },
                        {
                            "speaker_label": "spk_0",
                            "start_time": "18.549",
                            "end_time": "18.95"
                        },
                        {
                            "speaker_label": "spk_0",
                            "start_time": "18.95",
                            "end_time": "19.12"
                        },
                        {
                            "speaker_label": "spk_0",
                            "start_time": "19.12",
                            "end_time": "19.75"
                        },
                        {
                            "speaker_label": "spk_0",
                            "start_time": "19.75",
                            "end_time": "20.19"
                        },
                        {
                            "speaker_label": "spk_0",
                            "start_time": "20.19",
                            "end_time": "20.299"
                        },
                        {
                            "speaker_label": "spk_0",
                            "start_time": "20.299",
                            "end_time": "20.469"
                        },
                        {
                            "speaker_label": "spk_0",
                            "start_time": "20.469",
                            "end_time": "20.75"
                        },
                        {
                            "speaker_label": "spk_0",
                            "start_time": "20.75",
                            "end_time": "22.229"
                        },
                        {
                            "speaker_label": "spk_0",
                            "start_time": "22.229",
                            "end_time": "22.579"
                        },
                        {
                            "speaker_label": "spk_0",
                            "start_time": "22.579",
                            "end_time": "23.03"
                        },
                        {
                            "speaker_label": "spk_0",
                            "start_time": "23.03",
                            "end_time": "23.27"
                        },
                        {
                            "speaker_label": "spk_0",
                            "start_time": "23.27",
                            "end_time": "23.629"
                        },
                        {
                            "speaker_label": "spk_0",
                            "start_time": "23.629",
                            "end_time": "23.829"
                        },
                        {
                            "speaker_label": "spk_0",
                            "start_time": "23.829",
                            "end_time": "24.03"
                        },
                        {
                            "speaker_label": "spk_0",
                            "start_time": "24.03",
                            "end_time": "24.309"
                        },
                        {
                            "speaker_label": "spk_0",
                            "start_time": "24.309",
                            "end_time": "24.51"
                        },
                        {
                            "speaker_label": "spk_0",
                            "start_time": "24.51",
                            "end_time": "24.719"
                        },
                        {
                            "speaker_label": "spk_0",
                            "start_time": "24.719",
                            "end_time": "25.309"
                        },
                        {
                            "speaker_label": "spk_0",
                            "start_time": "25.309",
                            "end_time": "25.469"
                        },
                        {
                            "speaker_label": "spk_0",
                            "start_time": "25.469",
                            "end_time": "25.819"
                        },
                        {
                            "speaker_label": "spk_0",
                            "start_time": "25.819",
                            "end_time": "26.59"
                        }
                    ]
                },
                {
                    "start_time": "27.67",
                    "end_time": "30.11",
                    "speaker_label": "spk_1",
                    "items": [
                        {
                            "speaker_label": "spk_1",
                            "start_time": "27.68",
                            "end_time": "28.0"
                        },
                        {
                            "speaker_label": "spk_1",
                            "start_time": "28.11",
                            "end_time": "28.67"
                        },
                        {
                            "speaker_label": "spk_1",
                            "start_time": "28.67",
                            "end_time": "28.909"
                        },
                        {
                            "speaker_label": "spk_1",
                            "start_time": "28.909",
                            "end_time": "29.149"
                        },
                        {
                            "speaker_label": "spk_1",
                            "start_time": "29.149",
                            "end_time": "29.27"
                        },
                        {
                            "speaker_label": "spk_1",
                            "start_time": "29.27",
                            "end_time": "29.469"
                        },
                        {
                            "speaker_label": "spk_1",
                            "start_time": "29.469",
                            "end_time": "29.79"
                        },
                        {
                            "speaker_label": "spk_1",
                            "start_time": "29.79",
                            "end_time": "30.11"
                        }
                    ]
                },
                {
                    "start_time": "30.36",
                    "end_time": "35.369",
                    "speaker_label": "spk_0",
                    "items": [
                        {
                            "speaker_label": "spk_0",
                            "start_time": "30.36",
                            "end_time": "30.7"
                        },
                        {
                            "speaker_label": "spk_0",
                            "start_time": "30.709",
                            "end_time": "30.95"
                        },
                        {
                            "speaker_label": "spk_0",
                            "start_time": "30.95",
                            "end_time": "31.149"
                        },
                        {
                            "speaker_label": "spk_0",
                            "start_time": "31.149",
                            "end_time": "31.43"
                        },
                        {
                            "speaker_label": "spk_0",
                            "start_time": "31.43",
                            "end_time": "31.79"
                        },
                        {
                            "speaker_label": "spk_0",
                            "start_time": "31.79",
                            "end_time": "32.11"
                        },
                        {
                            "speaker_label": "spk_0",
                            "start_time": "32.11",
                            "end_time": "32.549"
                        },
                        {
                            "speaker_label": "spk_0",
                            "start_time": "32.549",
                            "end_time": "33.229"
                        },
                        {
                            "speaker_label": "spk_0",
                            "start_time": "33.229",
                            "end_time": "33.95"
                        },
                        {
                            "speaker_label": "spk_0",
                            "start_time": "33.95",
                            "end_time": "34.669"
                        },
                        {
                            "speaker_label": "spk_0",
                            "start_time": "34.669",
                            "end_time": "35.22"
                        }
                    ]
                },
                {
                    "start_time": "36.09",
                    "end_time": "37.77",
                    "speaker_label": "spk_1",
                    "items": [
                        {
                            "speaker_label": "spk_1",
                            "start_time": "36.099",
                            "end_time": "36.349"
                        },
                        {
                            "speaker_label": "spk_1",
                            "start_time": "36.369",
                            "end_time": "36.49"
                        },
                        {
                            "speaker_label": "spk_1",
                            "start_time": "36.58",
                            "end_time": "36.77"
                        },
                        {
                            "speaker_label": "spk_1",
                            "start_time": "36.77",
                            "end_time": "37.13"
                        },
                        {
                            "speaker_label": "spk_1",
                            "start_time": "37.13",
                            "end_time": "37.77"
                        }
                    ]
                },
                {
                    "start_time": "38.09",
                    "end_time": "38.169",
                    "speaker_label": "spk_1",
                    "items": [
                        {
                            "speaker_label": "spk_1",
                            "start_time": "38.09",
                            "end_time": "38.169"
                        }
                    ]
                },
                {
                    "start_time": "38.169",
                    "end_time": "39.409",
                    "speaker_label": "spk_1",
                    "items": [
                        {
                            "speaker_label": "spk_1",
                            "start_time": "38.169",
                            "end_time": "38.369"
                        },
                        {
                            "speaker_label": "spk_1",
                            "start_time": "38.369",
                            "end_time": "38.569"
                        },
                        {
                            "speaker_label": "spk_1",
                            "start_time": "38.569",
                            "end_time": "39.02"
                        },
                        {
                            "speaker_label": "spk_1",
                            "start_time": "39.02",
                            "end_time": "39.409"
                        }
                    ]
                },
                {
                    "start_time": "39.49",
                    "end_time": "44.729",
                    "speaker_label": "spk_0",
                    "items": [
                        {
                            "speaker_label": "spk_0",
                            "start_time": "39.49",
                            "end_time": "39.959"
                        },
                        {
                            "speaker_label": "spk_0",
                            "start_time": "40.09",
                            "end_time": "40.319"
                        },
                        {
                            "speaker_label": "spk_0",
                            "start_time": "40.33",
                            "end_time": "40.779"
                        },
                        {
                            "speaker_label": "spk_0",
                            "start_time": "40.93",
                            "end_time": "41.13"
                        },
                        {
                            "speaker_label": "spk_0",
                            "start_time": "41.13",
                            "end_time": "41.38"
                        },
                        {
                            "speaker_label": "spk_0",
                            "start_time": "41.38",
                            "end_time": "41.909"
                        },
                        {
                            "speaker_label": "spk_0",
                            "start_time": "41.909",
                            "end_time": "43.119"
                        },
                        {
                            "speaker_label": "spk_0",
                            "start_time": "43.349",
                            "end_time": "43.569"
                        },
                        {
                            "speaker_label": "spk_0",
                            "start_time": "43.569",
                            "end_time": "43.97"
                        },
                        {
                            "speaker_label": "spk_0",
                            "start_time": "43.97",
                            "end_time": "44.25"
                        },
                        {
                            "speaker_label": "spk_0",
                            "start_time": "44.25",
                            "end_time": "44.65"
                        }
                    ]
                },
                {
                    "start_time": "45.409",
                    "end_time": "49.099",
                    "speaker_label": "spk_1",
                    "items": [
                        {
                            "speaker_label": "spk_1",
                            "start_time": "45.419",
                            "end_time": "46.169"
                        },
                        {
                            "speaker_label": "spk_1",
                            "start_time": "46.369",
                            "end_time": "46.599"
                        },
                        {
                            "speaker_label": "spk_1",
                            "start_time": "46.689",
                            "end_time": "46.84"
                        },
                        {
                            "speaker_label": "spk_1",
                            "start_time": "46.84",
                            "end_time": "47.049"
                        },
                        {
                            "speaker_label": "spk_1",
                            "start_time": "47.049",
                            "end_time": "47.25"
                        },
                        {
                            "speaker_label": "spk_1",
                            "start_time": "47.25",
                            "end_time": "47.75"
                        },
                        {
                            "speaker_label": "spk_1",
                            "start_time": "48.45",
                            "end_time": "49.099"
                        }
                    ]
                },
                {
                    "start_time": "49.77",
                    "end_time": "49.97",
                    "speaker_label": "spk_1",
                    "items": [
                        {
                            "speaker_label": "spk_1",
                            "start_time": "49.77",
                            "end_time": "49.97"
                        }
                    ]
                },
                {
                    "start_time": "49.97",
                    "end_time": "51.36",
                    "speaker_label": "spk_1",
                    "items": [
                        {
                            "speaker_label": "spk_1",
                            "start_time": "49.97",
                            "end_time": "50.45"
                        },
                        {
                            "speaker_label": "spk_1",
                            "start_time": "50.45",
                            "end_time": "50.61"
                        },
                        {
                            "speaker_label": "spk_1",
                            "start_time": "50.61",
                            "end_time": "51.24"
                        }
                    ]
                }
            ],
            "channel_label": "ch_0",
            "speakers": 2
        },
        "items": [
            {
                "id": 0,
                "type": "pronunciation",
                "alternatives": [
                    {
                        "confidence": "0.292",
                        "content": "Was"
                    }
                ],
                "start_time": "0.79",
                "end_time": "1.07",
                "speaker_label": "spk_0"
            },
            {
                "id": 1,
                "type": "pronunciation",
                "alternatives": [
                    {
                        "confidence": "0.576",
                        "content": "diagnostics"
                    }
                ],
                "start_time": "1.07",
                "end_time": "2.069",
                "speaker_label": "spk_0"
            },
            {
                "id": 2,
                "type": "punctuation",
                "alternatives": [
                    {
                        "confidence": "0.0",
                        "content": ","
                    }
                ],
                "speaker_label": "spk_0"
            },
            {
                "id": 3,
                "type": "pronunciation",
                "alternatives": [
                    {
                        "confidence": "0.996",
                        "content": "how"
                    }
                ],
                "start_time": "2.079",
                "end_time": "2.269",
                "speaker_label": "spk_0"
            },
            {
                "id": 4,
                "type": "pronunciation",
                "alternatives": [
                    {
                        "confidence": "0.999",
                        "content": "may"
                    }
                ],
                "start_time": "2.269",
                "end_time": "2.349",
                "speaker_label": "spk_0"
            },
            {
                "id": 5,
                "type": "pronunciation",
                "alternatives": [
                    {
                        "confidence": "0.998",
                        "content": "I"
                    }
                ],
                "start_time": "2.349",
                "end_time": "2.47",
                "speaker_label": "spk_0"
            },
            {
                "id": 6,
                "type": "pronunciation",
                "alternatives": [
                    {
                        "confidence": "0.999",
                        "content": "help"
                    }
                ],
                "start_time": "2.47",
                "end_time": "2.819",
                "speaker_label": "spk_0"
            },
            {
                "id": 7,
                "type": "punctuation",
                "alternatives": [
                    {
                        "confidence": "0.0",
                        "content": "?"
                    }
                ],
                "speaker_label": "spk_0"
            },
            {
                "id": 8,
                "type": "pronunciation",
                "alternatives": [
                    {
                        "confidence": "0.996",
                        "content": "Hi"
                    }
                ],
                "start_time": "4.11",
                "end_time": "4.389",
                "speaker_label": "spk_0"
            },
            {
                "id": 9,
                "type": "punctuation",
                "alternatives": [
                    {
                        "confidence": "0.0",
                        "content": ","
                    }
                ],
                "speaker_label": "spk_0"
            },
            {
                "id": 10,
                "type": "pronunciation",
                "alternatives": [
                    {
                        "confidence": "0.995",
                        "content": "I'm"
                    }
                ],
                "start_time": "4.539",
                "end_time": "4.71",
                "speaker_label": "spk_1"
            },
            {
                "id": 11,
                "type": "pronunciation",
                "alternatives": [
                    {
                        "confidence": "0.999",
                        "content": "just"
                    }
                ],
                "start_time": "4.71",
                "end_time": "4.909",
                "speaker_label": "spk_1"
            },
            {
                "id": 12,
                "type": "pronunciation",
                "alternatives": [
                    {
                        "confidence": "0.998",
                        "content": "wondering"
                    }
                ],
                "start_time": "4.909",
                "end_time": "5.349",
                "speaker_label": "spk_1"
            },
            {
                "id": 13,
                "type": "pronunciation",
                "alternatives": [
                    {
                        "confidence": "0.99",
                        "content": "I'd"
                    }
                ],
                "start_time": "5.349",
                "end_time": "5.67",
                "speaker_label": "spk_1"
            },
            {
                "id": 14,
                "type": "pronunciation",
                "alternatives": [
                    {
                        "confidence": "0.997",
                        "content": "like"
                    }
                ],
                "start_time": "5.67",
                "end_time": "5.789",
                "speaker_label": "spk_1"
            },
            {
                "id": 15,
                "type": "pronunciation",
                "alternatives": [
                    {
                        "confidence": "0.996",
                        "content": "to"
                    }
                ],
                "start_time": "5.789",
                "end_time": "6.269",
                "speaker_label": "spk_1"
            },
            {
                "id": 16,
                "type": "pronunciation",
                "alternatives": [
                    {
                        "confidence": "0.998",
                        "content": "make"
                    }
                ],
                "start_time": "6.269",
                "end_time": "6.429",
                "speaker_label": "spk_1"
            },
            {
                "id": 17,
                "type": "pronunciation",
                "alternatives": [
                    {
                        "confidence": "0.998",
                        "content": "an"
                    }
                ],
                "start_time": "6.429",
                "end_time": "6.539",
                "speaker_label": "spk_1"
            },
            {
                "id": 18,
                "type": "pronunciation",
                "alternatives": [
                    {
                        "confidence": "0.998",
                        "content": "appointment"
                    }
                ],
                "start_time": "6.539",
                "end_time": "7.139",
                "speaker_label": "spk_1"
            },
            {
                "id": 19,
                "type": "pronunciation",
                "alternatives": [
                    {
                        "confidence": "0.999",
                        "content": "for"
                    }
                ],
                "start_time": "7.139",
                "end_time": "7.46",
                "speaker_label": "spk_1"
            },
            {
                "id": 20,
                "type": "pronunciation",
                "alternatives": [
                    {
                        "confidence": "0.996",
                        "content": "uh"
                    }
                ],
                "start_time": "7.46",
                "end_time": "7.989",
                "speaker_label": "spk_1"
            },
            {
                "id": 21,
                "type": "pronunciation",
                "alternatives": [
                    {
                        "confidence": "0.997",
                        "content": "an"
                    }
                ],
                "start_time": "7.989",
                "end_time": "8.149",
                "speaker_label": "spk_1"
            },
            {
                "id": 22,
                "type": "pronunciation",
                "alternatives": [
                    {
                        "confidence": "0.985",
                        "content": "ultrasound"
                    }
                ],
                "start_time": "8.149",
                "end_time": "9.05",
                "speaker_label": "spk_1"
            },
            {
                "id": 23,
                "type": "punctuation",
                "alternatives": [
                    {
                        "confidence": "0.0",
                        "content": ","
                    }
                ],
                "speaker_label": "spk_1"
            },
            {
                "id": 24,
                "type": "pronunciation",
                "alternatives": [
                    {
                        "confidence": "0.972",
                        "content": "a"
                    }
                ],
                "start_time": "9.229",
                "end_time": "9.35",
                "speaker_label": "spk_1"
            },
            {
                "id": 25,
                "type": "pronunciation",
                "alternatives": [
                    {
                        "confidence": "0.992",
                        "content": "breast"
                    }
                ],
                "start_time": "9.35",
                "end_time": "9.75",
                "speaker_label": "spk_1"
            },
            {
                "id": 26,
                "type": "pronunciation",
                "alternatives": [
                    {
                        "confidence": "0.987",
                        "content": "ultrasound"
                    }
                ],
                "start_time": "9.75",
                "end_time": "10.63",
                "speaker_label": "spk_1"
            },
            {
                "id": 27,
                "type": "pronunciation",
                "alternatives": [
                    {
                        "confidence": "0.997",
                        "content": "of"
                    }
                ],
                "start_time": "10.63",
                "end_time": "11.31",
                "speaker_label": "spk_1"
            },
            {
                "id": 28,
                "type": "pronunciation",
                "alternatives": [
                    {
                        "confidence": "0.999",
                        "content": "the"
                    }
                ],
                "start_time": "11.31",
                "end_time": "11.51",
                "speaker_label": "spk_1"
            },
            {
                "id": 29,
                "type": "pronunciation",
                "alternatives": [
                    {
                        "confidence": "0.998",
                        "content": "right"
                    }
                ],
                "start_time": "11.51",
                "end_time": "11.71",
                "speaker_label": "spk_1"
            },
            {
                "id": 30,
                "type": "pronunciation",
                "alternatives": [
                    {
                        "confidence": "0.994",
                        "content": "breast"
                    }
                ],
                "start_time": "11.71",
                "end_time": "12.34",
                "speaker_label": "spk_1"
            },
            {
                "id": 31,
                "type": "punctuation",
                "alternatives": [
                    {
                        "confidence": "0.0",
                        "content": ","
                    }
                ],
                "speaker_label": "spk_1"
            },
            {
                "id": 32,
                "type": "pronunciation",
                "alternatives": [
                    {
                        "confidence": "0.997",
                        "content": "and"
                    }
                ],
                "start_time": "12.67",
                "end_time": "12.789",
                "speaker_label": "spk_1"
            },
            {
                "id": 33,
                "type": "pronunciation",
                "alternatives": [
                    {
                        "confidence": "0.996",
                        "content": "I'm"
                    }
                ],
                "start_time": "12.789",
                "end_time": "12.949",
                "speaker_label": "spk_1"
            },
            {
                "id": 34,
                "type": "pronunciation",
                "alternatives": [
                    {
                        "confidence": "0.999",
                        "content": "wondering"
                    }
                ],
                "start_time": "12.949",
                "end_time": "13.81",
                "speaker_label": "spk_1"
            },
            {
                "id": 35,
                "type": "pronunciation",
                "alternatives": [
                    {
                        "confidence": "0.968",
                        "content": "when"
                    }
                ],
                "start_time": "14.149",
                "end_time": "14.159",
                "speaker_label": "spk_1"
            },
            {
                "id": 36,
                "type": "pronunciation",
                "alternatives": [
                    {
                        "confidence": "0.997",
                        "content": "when"
                    }
                ],
                "start_time": "14.189",
                "end_time": "14.55",
                "speaker_label": "spk_1"
            },
            {
                "id": 37,
                "type": "pronunciation",
                "alternatives": [
                    {
                        "confidence": "0.999",
                        "content": "I"
                    }
                ],
                "start_time": "14.55",
                "end_time": "14.71",
                "speaker_label": "spk_1"
            },
            {
                "id": 38,
                "type": "pronunciation",
                "alternatives": [
                    {
                        "confidence": "0.998",
                        "content": "can"
                    }
                ],
                "start_time": "14.71",
                "end_time": "14.909",
                "speaker_label": "spk_1"
            },
            {
                "id": 39,
                "type": "pronunciation",
                "alternatives": [
                    {
                        "confidence": "0.999",
                        "content": "get"
                    }
                ],
                "start_time": "14.909",
                "end_time": "15.109",
                "speaker_label": "spk_1"
            },
            {
                "id": 40,
                "type": "pronunciation",
                "alternatives": [
                    {
                        "confidence": "0.998",
                        "content": "in"
                    }
                ],
                "start_time": "15.109",
                "end_time": "15.479",
                "speaker_label": "spk_1"
            },
            {
                "id": 41,
                "type": "punctuation",
                "alternatives": [
                    {
                        "confidence": "0.0",
                        "content": "."
                    }
                ],
                "speaker_label": "spk_1"
            },
            {
                "id": 42,
                "type": "pronunciation",
                "alternatives": [
                    {
                        "confidence": "0.999",
                        "content": "OK"
                    }
                ],
                "start_time": "15.789",
                "end_time": "16.26",
                "speaker_label": "spk_0"
            },
            {
                "id": 43,
                "type": "punctuation",
                "alternatives": [
                    {
                        "confidence": "0.0",
                        "content": ","
                    }
                ],
                "speaker_label": "spk_0"
            },
            {
                "id": 44,
                "type": "pronunciation",
                "alternatives": [
                    {
                        "confidence": "0.986",
                        "content": "unfortunately"
                    }
                ],
                "start_time": "16.59",
                "end_time": "17.51",
                "speaker_label": "spk_0"
            },
            {
                "id": 45,
                "type": "pronunciation",
                "alternatives": [
                    {
                        "confidence": "0.999",
                        "content": "we"
                    }
                ],
                "start_time": "17.51",
                "end_time": "17.709",
                "speaker_label": "spk_0"
            },
            {
                "id": 46,
                "type": "pronunciation",
                "alternatives": [
                    {
                        "confidence": "0.999",
                        "content": "only"
                    }
                ],
                "start_time": "17.709",
                "end_time": "17.95",
                "speaker_label": "spk_0"
            },
            {
                "id": 47,
                "type": "pronunciation",
                "alternatives": [
                    {
                        "confidence": "0.999",
                        "content": "have"
                    }
                ],
                "start_time": "17.95",
                "end_time": "18.149",
                "speaker_label": "spk_0"
            },
            {
                "id": 48,
                "type": "pronunciation",
                "alternatives": [
                    {
                        "confidence": "0.997",
                        "content": "one"
                    }
                ],
                "start_time": "18.149",
                "end_time": "18.549",
                "speaker_label": "spk_0"
            },
            {
                "id": 49,
                "type": "pronunciation",
                "alternatives": [
                    {
                        "confidence": "0.999",
                        "content": "location"
                    }
                ],
                "start_time": "18.549",
                "end_time": "18.95",
                "speaker_label": "spk_0"
            },
            {
                "id": 50,
                "type": "pronunciation",
                "alternatives": [
                    {
                        "confidence": "0.956",
                        "content": "here"
                    }
                ],
                "start_time": "18.95",
                "end_time": "19.12",
                "speaker_label": "spk_0"
            },
            {
                "id": 51,
                "type": "pronunciation",
                "alternatives": [
                    {
                        "confidence": "0.998",
                        "content": "in"
                    }
                ],
                "start_time": "19.12",
                "end_time": "19.75",
                "speaker_label": "spk_0"
            },
            {
                "id": 52,
                "type": "pronunciation",
                "alternatives": [
                    {
                        "content": "[PII]",
                        "redactions": [
                            {
                                "confidence": "1.0",
                                "type": "ADDRESS",
                                "category": "PII"
                            }
                        ]
                    }
                ],
                "start_time": "19.75",
                "end_time": "20.19"
            },
            {
                "id": 53,
                "type": "pronunciation",
                "alternatives": [
                    {
                        "confidence": "0.996",
                        "content": "and"
                    }
                ],
                "start_time": "20.19",
                "end_time": "20.299",
                "speaker_label": "spk_0"
            },
            {
                "id": 54,
                "type": "pronunciation",
                "alternatives": [
                    {
                        "confidence": "0.993",
                        "content": "that's"
                    }
                ],
                "start_time": "20.299",
                "end_time": "20.469",
                "speaker_label": "spk_0"
            },
            {
                "id": 55,
                "type": "pronunciation",
                "alternatives": [
                    {
                        "confidence": "0.997",
                        "content": "in"
                    }
                ],
                "start_time": "20.469",
                "end_time": "20.75",
                "speaker_label": "spk_0"
            },
            {
                "id": 56,
                "type": "pronunciation",
                "alternatives": [
                    {
                        "content": "[PII]",
                        "redactions": [
                            {
                                "confidence": "1.0",
                                "type": "ADDRESS",
                                "category": "PII"
                            }
                        ]
                    }
                ],
                "start_time": "20.75",
                "end_time": "22.229"
            },
            {
                "id": 57,
                "type": "pronunciation",
                "alternatives": [
                    {
                        "confidence": "0.997",
                        "content": "and"
                    }
                ],
                "start_time": "22.229",
                "end_time": "22.579",
                "speaker_label": "spk_0"
            },
            {
                "id": 58,
                "type": "pronunciation",
                "alternatives": [
                    {
                        "confidence": "0.997",
                        "content": "that's"
                    }
                ],
                "start_time": "22.579",
                "end_time": "23.03",
                "speaker_label": "spk_0"
            },
            {
                "id": 59,
                "type": "pronunciation",
                "alternatives": [
                    {
                        "confidence": "0.999",
                        "content": "not"
                    }
                ],
                "start_time": "23.03",
                "end_time": "23.27",
                "speaker_label": "spk_0"
            },
            {
                "id": 60,
                "type": "pronunciation",
                "alternatives": [
                    {
                        "confidence": "0.999",
                        "content": "something"
                    }
                ],
                "start_time": "23.27",
                "end_time": "23.629",
                "speaker_label": "spk_0"
            },
            {
                "id": 61,
                "type": "pronunciation",
                "alternatives": [
                    {
                        "confidence": "0.999",
                        "content": "that"
                    }
                ],
                "start_time": "23.629",
                "end_time": "23.829",
                "speaker_label": "spk_0"
            },
            {
                "id": 62,
                "type": "pronunciation",
                "alternatives": [
                    {
                        "confidence": "0.999",
                        "content": "we"
                    }
                ],
                "start_time": "23.829",
                "end_time": "24.03",
                "speaker_label": "spk_0"
            },
            {
                "id": 63,
                "type": "pronunciation",
                "alternatives": [
                    {
                        "confidence": "0.999",
                        "content": "offer"
                    }
                ],
                "start_time": "24.03",
                "end_time": "24.309",
                "speaker_label": "spk_0"
            },
            {
                "id": 64,
                "type": "pronunciation",
                "alternatives": [
                    {
                        "confidence": "0.998",
                        "content": "in"
                    }
                ],
                "start_time": "24.309",
                "end_time": "24.51",
                "speaker_label": "spk_0"
            },
            {
                "id": 65,
                "type": "pronunciation",
                "alternatives": [
                    {
                        "confidence": "0.998",
                        "content": "our"
                    }
                ],
                "start_time": "24.51",
                "end_time": "24.719",
                "speaker_label": "spk_0"
            },
            {
                "id": 66,
                "type": "pronunciation",
                "alternatives": [
                    {
                        "confidence": "0.995",
                        "content": "clinic"
                    }
                ],
                "start_time": "24.719",
                "end_time": "25.309",
                "speaker_label": "spk_0"
            },
            {
                "id": 67,
                "type": "pronunciation",
                "alternatives": [
                    {
                        "confidence": "0.999",
                        "content": "for"
                    }
                ],
                "start_time": "25.309",
                "end_time": "25.469",
                "speaker_label": "spk_0"
            },
            {
                "id": 68,
                "type": "pronunciation",
                "alternatives": [
                    {
                        "confidence": "0.994",
                        "content": "breast"
                    }
                ],
                "start_time": "25.469",
                "end_time": "25.819",
                "speaker_label": "spk_0"
            },
            {
                "id": 69,
                "type": "pronunciation",
                "alternatives": [
                    {
                        "confidence": "0.989",
                        "content": "imaging"
                    }
                ],
                "start_time": "25.819",
                "end_time": "26.59",
                "speaker_label": "spk_0"
            },
            {
                "id": 70,
                "type": "punctuation",
                "alternatives": [
                    {
                        "confidence": "0.0",
                        "content": "."
                    }
                ],
                "speaker_label": "spk_0"
            },
            {
                "id": 71,
                "type": "pronunciation",
                "alternatives": [
                    {
                        "confidence": "0.997",
                        "content": "OK"
                    }
                ],
                "start_time": "27.68",
                "end_time": "28.0",
                "speaker_label": "spk_1"
            },
            {
                "id": 72,
                "type": "punctuation",
                "alternatives": [
                    {
                        "confidence": "0.0",
                        "content": ","
                    }
                ],
                "speaker_label": "spk_1"
            },
            {
                "id": 73,
                "type": "pronunciation",
                "alternatives": [
                    {
                        "confidence": "0.998",
                        "content": "so"
                    }
                ],
                "start_time": "28.11",
                "end_time": "28.67",
                "speaker_label": "spk_1"
            },
            {
                "id": 74,
                "type": "pronunciation",
                "alternatives": [
                    {
                        "confidence": "0.998",
                        "content": "what"
                    }
                ],
                "start_time": "28.67",
                "end_time": "28.909",
                "speaker_label": "spk_1"
            },
            {
                "id": 75,
                "type": "pronunciation",
                "alternatives": [
                    {
                        "confidence": "0.999",
                        "content": "number"
                    }
                ],
                "start_time": "28.909",
                "end_time": "29.149",
                "speaker_label": "spk_1"
            },
            {
                "id": 76,
                "type": "pronunciation",
                "alternatives": [
                    {
                        "confidence": "0.999",
                        "content": "do"
                    }
                ],
                "start_time": "29.149",
                "end_time": "29.27",
                "speaker_label": "spk_1"
            },
            {
                "id": 77,
                "type": "pronunciation",
                "alternatives": [
                    {
                        "confidence": "0.999",
                        "content": "I"
                    }
                ],
                "start_time": "29.27",
                "end_time": "29.469",
                "speaker_label": "spk_1"
            },
            {
                "id": 78,
                "type": "pronunciation",
                "alternatives": [
                    {
                        "confidence": "0.999",
                        "content": "call"
                    }
                ],
                "start_time": "29.469",
                "end_time": "29.79",
                "speaker_label": "spk_1"
            },
            {
                "id": 79,
                "type": "pronunciation",
                "alternatives": [
                    {
                        "confidence": "0.772",
                        "content": "then"
                    }
                ],
                "start_time": "29.79",
                "end_time": "30.11",
                "speaker_label": "spk_1"
            },
            {
                "id": 80,
                "type": "punctuation",
                "alternatives": [
                    {
                        "confidence": "0.0",
                        "content": "?"
                    }
                ],
                "speaker_label": "spk_1"
            },
            {
                "id": 81,
                "type": "pronunciation",
                "alternatives": [
                    {
                        "confidence": "0.996",
                        "content": "Um"
                    }
                ],
                "start_time": "30.36",
                "end_time": "30.7",
                "speaker_label": "spk_0"
            },
            {
                "id": 82,
                "type": "punctuation",
                "alternatives": [
                    {
                        "confidence": "0.0",
                        "content": ","
                    }
                ],
                "speaker_label": "spk_0"
            },
            {
                "id": 83,
                "type": "pronunciation",
                "alternatives": [
                    {
                        "confidence": "0.998",
                        "content": "you"
                    }
                ],
                "start_time": "30.709",
                "end_time": "30.95",
                "speaker_label": "spk_0"
            },
            {
                "id": 84,
                "type": "pronunciation",
                "alternatives": [
                    {
                        "confidence": "0.997",
                        "content": "might"
                    }
                ],
                "start_time": "30.95",
                "end_time": "31.149",
                "speaker_label": "spk_0"
            },
            {
                "id": 85,
                "type": "pronunciation",
                "alternatives": [
                    {
                        "confidence": "0.996",
                        "content": "wanna"
                    }
                ],
                "start_time": "31.149",
                "end_time": "31.43",
                "speaker_label": "spk_0"
            },
            {
                "id": 86,
                "type": "pronunciation",
                "alternatives": [
                    {
                        "confidence": "0.998",
                        "content": "reach"
                    }
                ],
                "start_time": "31.43",
                "end_time": "31.79",
                "speaker_label": "spk_0"
            },
            {
                "id": 87,
                "type": "pronunciation",
                "alternatives": [
                    {
                        "confidence": "0.999",
                        "content": "out"
                    }
                ],
                "start_time": "31.79",
                "end_time": "32.11",
                "speaker_label": "spk_0"
            },
            {
                "id": 88,
                "type": "pronunciation",
                "alternatives": [
                    {
                        "confidence": "0.997",
                        "content": "with"
                    }
                ],
                "start_time": "32.11",
                "end_time": "32.549",
                "speaker_label": "spk_0"
            },
            {
                "id": 89,
                "type": "pronunciation",
                "alternatives": [
                    {
                        "confidence": "0.974",
                        "content": "Mayfair"
                    }
                ],
                "start_time": "32.549",
                "end_time": "33.229",
                "speaker_label": "spk_0"
            },
            {
                "id": 90,
                "type": "pronunciation",
                "alternatives": [
                    {
                        "confidence": "0.999",
                        "content": "or"
                    }
                ],
                "start_time": "33.229",
                "end_time": "33.95",
                "speaker_label": "spk_0"
            },
            {
                "id": 91,
                "type": "pronunciation",
                "alternatives": [
                    {
                        "confidence": "0.994",
                        "content": "CDC"
                    }
                ],
                "start_time": "33.95",
                "end_time": "34.669",
                "speaker_label": "spk_0"
            },
            {
                "id": 92,
                "type": "pronunciation",
                "alternatives": [
                    {
                        "confidence": "0.998",
                        "content": "perhaps"
                    }
                ],
                "start_time": "34.669",
                "end_time": "35.22",
                "speaker_label": "spk_0"
            },
            {
                "id": 93,
                "type": "punctuation",
                "alternatives": [
                    {
                        "confidence": "0.0",
                        "content": "."
                    }
                ],
                "speaker_label": "spk_0"
            },
            {
                "id": 94,
                "type": "pronunciation",
                "alternatives": [
                    {
                        "confidence": "0.998",
                        "content": "Oh"
                    }
                ],
                "start_time": "36.099",
                "end_time": "36.349",
                "speaker_label": "spk_1"
            },
            {
                "id": 95,
                "type": "punctuation",
                "alternatives": [
                    {
                        "confidence": "0.0",
                        "content": ","
                    }
                ],
                "speaker_label": "spk_1"
            },
            {
                "id": 96,
                "type": "pronunciation",
                "alternatives": [
                    {
                        "confidence": "0.996",
                        "content": "you"
                    }
                ],
                "start_time": "36.369",
                "end_time": "36.49",
                "speaker_label": "spk_1"
            },
            {
                "id": 97,
                "type": "punctuation",
                "alternatives": [
                    {
                        "confidence": "0.0",
                        "content": ","
                    }
                ],
                "speaker_label": "spk_1"
            },
            {
                "id": 98,
                "type": "pronunciation",
                "alternatives": [
                    {
                        "confidence": "0.996",
                        "content": "so"
                    }
                ],
                "start_time": "36.58",
                "end_time": "36.77",
                "speaker_label": "spk_1"
            },
            {
                "id": 99,
                "type": "pronunciation",
                "alternatives": [
                    {
                        "confidence": "0.997",
                        "content": "you"
                    }
                ],
                "start_time": "36.77",
                "end_time": "37.13",
                "speaker_label": "spk_1"
            },
            {
                "id": 100,
                "type": "pronunciation",
                "alternatives": [
                    {
                        "confidence": "0.994",
                        "content": "don't"
                    }
                ],
                "start_time": "37.13",
                "end_time": "37.77",
                "speaker_label": "spk_1"
            },
            {
                "id": 101,
                "type": "punctuation",
                "alternatives": [
                    {
                        "confidence": "0.0",
                        "content": ","
                    }
                ],
                "speaker_label": "spk_1"
            },
            {
                "id": 102,
                "type": "pronunciation",
                "alternatives": [
                    {
                        "confidence": "0.996",
                        "content": "did"
                    }
                ],
                "start_time": "38.09",
                "end_time": "38.169",
                "speaker_label": "spk_1"
            },
            {
                "id": 103,
                "type": "pronunciation",
                "alternatives": [
                    {
                        "confidence": "0.998",
                        "content": "you"
                    }
                ],
                "start_time": "38.169",
                "end_time": "38.369",
                "speaker_label": "spk_1"
            },
            {
                "id": 104,
                "type": "pronunciation",
                "alternatives": [
                    {
                        "confidence": "0.999",
                        "content": "say"
                    }
                ],
                "start_time": "38.369",
                "end_time": "38.569",
                "speaker_label": "spk_1"
            },
            {
                "id": 105,
                "type": "pronunciation",
                "alternatives": [
                    {
                        "confidence": "0.085",
                        "content": "Blackfoot"
                    }
                ],
                "start_time": "38.569",
                "end_time": "39.02",
                "speaker_label": "spk_1"
            },
            {
                "id": 106,
                "type": "pronunciation",
                "alternatives": [
                    {
                        "confidence": "0.795",
                        "content": "trail"
                    }
                ],
                "start_time": "39.02",
                "end_time": "39.409",
                "speaker_label": "spk_1"
            },
            {
                "id": 107,
                "type": "punctuation",
                "alternatives": [
                    {
                        "confidence": "0.0",
                        "content": "?"
                    }
                ],
                "speaker_label": "spk_1"
            },
            {
                "id": 108,
                "type": "pronunciation",
                "alternatives": [
                    {
                        "confidence": "0.666",
                        "content": "That's"
                    }
                ],
                "start_time": "39.49",
                "end_time": "39.959",
                "speaker_label": "spk_0"
            },
            {
                "id": 109,
                "type": "punctuation",
                "alternatives": [
                    {
                        "confidence": "0.0",
                        "content": ","
                    }
                ],
                "speaker_label": "spk_0"
            },
            {
                "id": 110,
                "type": "pronunciation",
                "alternatives": [
                    {
                        "confidence": "0.997",
                        "content": "uh"
                    }
                ],
                "start_time": "40.09",
                "end_time": "40.319",
                "speaker_label": "spk_0"
            },
            {
                "id": 111,
                "type": "punctuation",
                "alternatives": [
                    {
                        "confidence": "0.0",
                        "content": ","
                    }
                ],
                "speaker_label": "spk_0"
            },
            {
                "id": 112,
                "type": "pronunciation",
                "alternatives": [
                    {
                        "confidence": "0.997",
                        "content": "yes"
                    }
                ],
                "start_time": "40.33",
                "end_time": "40.779",
                "speaker_label": "spk_0"
            },
            {
                "id": 113,
                "type": "punctuation",
                "alternatives": [
                    {
                        "confidence": "0.0",
                        "content": ","
                    }
                ],
                "speaker_label": "spk_0"
            },
            {
                "id": 114,
                "type": "pronunciation",
                "alternatives": [
                    {
                        "confidence": "0.997",
                        "content": "we"
                    }
                ],
                "start_time": "40.93",
                "end_time": "41.13",
                "speaker_label": "spk_0"
            },
            {
                "id": 115,
                "type": "pronunciation",
                "alternatives": [
                    {
                        "confidence": "0.999",
                        "content": "are"
                    }
                ],
                "start_time": "41.13",
                "end_time": "41.38",
                "speaker_label": "spk_0"
            },
            {
                "id": 116,
                "type": "pronunciation",
                "alternatives": [
                    {
                        "confidence": "0.062",
                        "content": "Wessler"
                    }
                ],
                "start_time": "41.38",
                "end_time": "41.909",
                "speaker_label": "spk_0"
            },
            {
                "id": 117,
                "type": "pronunciation",
                "alternatives": [
                    {
                        "confidence": "0.975",
                        "content": "Diagnostics"
                    }
                ],
                "start_time": "41.909",
                "end_time": "43.119",
                "speaker_label": "spk_0"
            },
            {
                "id": 118,
                "type": "punctuation",
                "alternatives": [
                    {
                        "confidence": "0.0",
                        "content": "."
                    }
                ],
                "speaker_label": "spk_0"
            },
            {
                "id": 119,
                "type": "pronunciation",
                "alternatives": [
                    {
                        "confidence": "0.875",
                        "content": "We're"
                    }
                ],
                "start_time": "43.349",
                "end_time": "43.569",
                "speaker_label": "spk_0"
            },
            {
                "id": 120,
                "type": "pronunciation",
                "alternatives": [
                    {
                        "confidence": "0.999",
                        "content": "different"
                    }
                ],
                "start_time": "43.569",
                "end_time": "43.97",
                "speaker_label": "spk_0"
            },
            {
                "id": 121,
                "type": "pronunciation",
                "alternatives": [
                    {
                        "confidence": "0.999",
                        "content": "from"
                    }
                ],
                "start_time": "43.97",
                "end_time": "44.25",
                "speaker_label": "spk_0"
            },
            {
                "id": 122,
                "type": "pronunciation",
                "alternatives": [
                    {
                        "confidence": "0.955",
                        "content": "them"
                    }
                ],
                "start_time": "44.25",
                "end_time": "44.65",
                "speaker_label": "spk_0"
            },
            {
                "id": 123,
                "type": "punctuation",
                "alternatives": [
                    {
                        "confidence": "0.0",
                        "content": "."
                    }
                ],
                "speaker_label": "spk_0"
            },
            {
                "id": 124,
                "type": "pronunciation",
                "alternatives": [
                    {
                        "confidence": "0.996",
                        "content": "OK"
                    }
                ],
                "start_time": "45.419",
                "end_time": "46.169",
                "speaker_label": "spk_1"
            },
            {
                "id": 125,
                "type": "punctuation",
                "alternatives": [
                    {
                        "confidence": "0.0",
                        "content": ","
                    }
                ],
                "speaker_label": "spk_1"
            },
            {
                "id": 126,
                "type": "pronunciation",
                "alternatives": [
                    {
                        "confidence": "0.984",
                        "content": "alright"
                    }
                ],
                "start_time": "46.369",
                "end_time": "46.599",
                "speaker_label": "spk_1"
            },
            {
                "id": 127,
                "type": "punctuation",
                "alternatives": [
                    {
                        "confidence": "0.0",
                        "content": ","
                    }
                ],
                "speaker_label": "spk_1"
            },
            {
                "id": 128,
                "type": "pronunciation",
                "alternatives": [
                    {
                        "confidence": "0.997",
                        "content": "thank"
                    }
                ],
                "start_time": "46.689",
                "end_time": "46.84",
                "speaker_label": "spk_1"
            },
            {
                "id": 129,
                "type": "pronunciation",
                "alternatives": [
                    {
                        "confidence": "0.999",
                        "content": "you"
                    }
                ],
                "start_time": "46.84",
                "end_time": "47.049",
                "speaker_label": "spk_1"
            },
            {
                "id": 130,
                "type": "pronunciation",
                "alternatives": [
                    {
                        "confidence": "0.999",
                        "content": "so"
                    }
                ],
                "start_time": "47.049",
                "end_time": "47.25",
                "speaker_label": "spk_1"
            },
            {
                "id": 131,
                "type": "pronunciation",
                "alternatives": [
                    {
                        "confidence": "0.999",
                        "content": "much"
                    }
                ],
                "start_time": "47.25",
                "end_time": "47.75",
                "speaker_label": "spk_1"
            },
            {
                "id": 132,
                "type": "punctuation",
                "alternatives": [
                    {
                        "confidence": "0.0",
                        "content": "."
                    }
                ],
                "speaker_label": "spk_1"
            },
            {
                "id": 133,
                "type": "pronunciation",
                "alternatives": [
                    {
                        "confidence": "0.997",
                        "content": "OK"
                    }
                ],
                "start_time": "48.45",
                "end_time": "49.099",
                "speaker_label": "spk_1"
            },
            {
                "id": 134,
                "type": "punctuation",
                "alternatives": [
                    {
                        "confidence": "0.0",
                        "content": ","
                    }
                ],
                "speaker_label": "spk_1"
            },
            {
                "id": 135,
                "type": "pronunciation",
                "alternatives": [
                    {
                        "confidence": "0.996",
                        "content": "you"
                    }
                ],
                "start_time": "49.77",
                "end_time": "49.97",
                "speaker_label": "spk_1"
            },
            {
                "id": 136,
                "type": "pronunciation",
                "alternatives": [
                    {
                        "confidence": "0.998",
                        "content": "too"
                    }
                ],
                "start_time": "49.97",
                "end_time": "50.45",
                "speaker_label": "spk_1"
            },
            {
                "id": 137,
                "type": "pronunciation",
                "alternatives": [
                    {
                        "confidence": "0.992",
                        "content": "bye"
                    }
                ],
                "start_time": "50.45",
                "end_time": "50.61",
                "speaker_label": "spk_1"
            },
            {
                "id": 138,
                "type": "pronunciation",
                "alternatives": [
                    {
                        "confidence": "0.996",
                        "content": "bye"
                    }
                ],
                "start_time": "50.61",
                "end_time": "51.24",
                "speaker_label": "spk_1"
            },
            {
                "id": 139,
                "type": "punctuation",
                "alternatives": [
                    {
                        "confidence": "0.0",
                        "content": "."
                    }
                ],
                "speaker_label": "spk_1"
            }
        ],
        "audio_segments": [
            {
                "id": 0,
                "transcript": "Was diagnostics, how may I help?",
                "start_time": "0.43",
                "end_time": "2.97",
                "speaker_label": "spk_0",
                "items": [
                    0,
                    1,
                    2,
                    3,
                    4,
                    5,
                    6,
                    7
                ]
            },
            {
                "id": 1,
                "transcript": "Hi,",
                "start_time": "3.589",
                "end_time": "4.389",
                "speaker_label": "spk_0",
                "items": [
                    8,
                    9
                ]
            },
            {
                "id": 2,
                "transcript": "I'm just wondering",
                "start_time": "4.539",
                "end_time": "5.349",
                "speaker_label": "spk_1",
                "items": [
                    10,
                    11,
                    12
                ]
            },
            {
                "id": 3,
                "transcript": "I'd like to make an appointment for uh an ultrasound, a breast ultrasound of the right breast, and I'm wondering when when I can get in.",
                "start_time": "5.349",
                "end_time": "15.479",
                "speaker_label": "spk_1",
                "items": [
                    13,
                    14,
                    15,
                    16,
                    17,
                    18,
                    19,
                    20,
                    21,
                    22,
                    23,
                    24,
                    25,
                    26,
                    27,
                    28,
                    29,
                    30,
                    31,
                    32,
                    33,
                    34,
                    35,
                    36,
                    37,
                    38,
                    39,
                    40,
                    41
                ]
            },
            {
                "id": 4,
                "transcript": "OK, unfortunately we only have one location here in [PII] and that's in [PII] and that's not something that we offer in our clinic for breast imaging.",
                "start_time": "15.789",
                "end_time": "26.729",
                "speaker_label": "spk_0",
                "items": [
                    42,
                    43,
                    44,
                    45,
                    46,
                    47,
                    48,
                    49,
                    50,
                    51,
                    52,
                    53,
                    54,
                    55,
                    56,
                    57,
                    58,
                    59,
                    60,
                    61,
                    62,
                    63,
                    64,
                    65,
                    66,
                    67,
                    68,
                    69,
                    70
                ]
            },
            {
                "id": 5,
                "transcript": "OK, so what number do I call then?",
                "start_time": "27.67",
                "end_time": "30.11",
                "speaker_label": "spk_1",
                "items": [
                    71,
                    72,
                    73,
                    74,
                    75,
                    76,
                    77,
                    78,
                    79,
                    80
                ]
            },
            {
                "id": 6,
                "transcript": "Um, you might wanna reach out with Mayfair or CDC perhaps.",
                "start_time": "30.36",
                "end_time": "35.369",
                "speaker_label": "spk_0",
                "items": [
                    81,
                    82,
                    83,
                    84,
                    85,
                    86,
                    87,
                    88,
                    89,
                    90,
                    91,
                    92,
                    93
                ]
            },
            {
                "id": 7,
                "transcript": "Oh, you, so you don't,",
                "start_time": "36.09",
                "end_time": "37.77",
                "speaker_label": "spk_1",
                "items": [
                    94,
                    95,
                    96,
                    97,
                    98,
                    99,
                    100,
                    101
                ]
            },
            {
                "id": 8,
                "transcript": "did",
                "start_time": "38.09",
                "end_time": "38.169",
                "speaker_label": "spk_1",
                "items": [
                    102
                ]
            },
            {
                "id": 9,
                "transcript": "you say Blackfoot trail?",
                "start_time": "38.169",
                "end_time": "39.409",
                "speaker_label": "spk_1",
                "items": [
                    103,
                    104,
                    105,
                    106,
                    107
                ]
            },
            {
                "id": 10,
                "transcript": "That's, uh, yes, we are Wessler Diagnostics. We're different from them.",
                "start_time": "39.49",
                "end_time": "44.729",
                "speaker_label": "spk_0",
                "items": [
                    108,
                    109,
                    110,
                    111,
                    112,
                    113,
                    114,
                    115,
                    116,
                    117,
                    118,
                    119,
                    120,
                    121,
                    122,
                    123
                ]
            },
            {
                "id": 11,
                "transcript": "OK, alright, thank you so much. OK,",
                "start_time": "45.409",
                "end_time": "49.099",
                "speaker_label": "spk_1",
                "items": [
                    124,
                    125,
                    126,
                    127,
                    128,
                    129,
                    130,
                    131,
                    132,
                    133,
                    134
                ]
            },
            {
                "id": 12,
                "transcript": "you",
                "start_time": "49.77",
                "end_time": "49.97",
                "speaker_label": "spk_1",
                "items": [
                    135
                ]
            },
            {
                "id": 13,
                "transcript": "too bye bye.",
                "start_time": "49.97",
                "end_time": "51.36",
                "speaker_label": "spk_1",
                "items": [
                    136,
                    137,
                    138,
                    139
                ]
            }
        ]
    }
}