{
    "jobName": "transcription-job-2024-03-21T20-20-34Z-call-1d48942f-b060-41d2-9ab8-e57be0ba17b7-1734639196",
    "accountId": "199040315413",
    "isRedacted": true,
    "status": "COMPLETED",
    "results": {
        "transcripts": [
            {
                "transcript": "Thank you for calling Wasler Diagnostics. Please listen to all of the prompts before making a selection. If you are calling about booking."
            }
        ],
        "speaker_labels": {
            "segments": [
                {
                    "start_time": "1.45",
                    "end_time": "8.479",
                    "speaker_label": "spk_0",
                    "items": [
                        {
                            "speaker_label": "spk_0",
                            "start_time": "1.73",
                            "end_time": "1.889"
                        },
                        {
                            "speaker_label": "spk_0",
                            "start_time": "1.889",
                            "end_time": "2.049"
                        },
                        {
                            "speaker_label": "spk_0",
                            "start_time": "2.049",
                            "end_time": "2.25"
                        },
                        {
                            "speaker_label": "spk_0",
                            "start_time": "2.25",
                            "end_time": "2.569"
                        },
                        {
                            "speaker_label": "spk_0",
                            "start_time": "2.569",
                            "end_time": "3.009"
                        },
                        {
                            "speaker_label": "spk_0",
                            "start_time": "3.009",
                            "end_time": "3.93"
                        },
                        {
                            "speaker_label": "spk_0",
                            "start_time": "4.17",
                            "end_time": "4.409"
                        },
                        {
                            "speaker_label": "spk_0",
                            "start_time": "4.409",
                            "end_time": "4.69"
                        },
                        {
                            "speaker_label": "spk_0",
                            "start_time": "4.69",
                            "end_time": "4.84"
                        },
                        {
                            "speaker_label": "spk_0",
                            "start_time": "4.84",
                            "end_time": "4.969"
                        },
                        {
                            "speaker_label": "spk_0",
                            "start_time": "4.969",
                            "end_time": "5.099"
                        },
                        {
                            "speaker_label": "spk_0",
                            "start_time": "5.099",
                            "end_time": "5.28"
                        },
                        {
                            "speaker_label": "spk_0",
                            "start_time": "5.28",
                            "end_time": "5.809"
                        },
                        {
                            "speaker_label": "spk_0",
                            "start_time": "5.809",
                            "end_time": "5.969"
                        },
                        {
                            "speaker_label": "spk_0",
                            "start_time": "5.969",
                            "end_time": "6.21"
                        },
                        {
                            "speaker_label": "spk_0",
                            "start_time": "6.21",
                            "end_time": "6.289"
                        },
                        {
                            "speaker_label": "spk_0",
                            "start_time": "6.289",
                            "end_time": "6.96"
                        },
                        {
                            "speaker_label": "spk_0",
                            "start_time": "7.28",
                            "end_time": "7.369"
                        },
                        {
                            "speaker_label": "spk_0",
                            "start_time": "7.369",
                            "end_time": "7.489"
                        },
                        {
                            "speaker_label": "spk_0",
                            "start_time": "7.489",
                            "end_time": "7.69"
                        },
                        {
                            "speaker_label": "spk_0",
                            "start_time": "7.69",
                            "end_time": "7.969"
                        },
                        {
                            "speaker_label": "spk_0",
                            "start_time": "7.969",
                            "end_time": "8.13"
                        },
                        {
                            "speaker_label": "spk_0",
                            "start_time": "8.13",
                            "end_time": "8.409"
                        }
                    ]
                }
            ],
            "channel_label": "ch_0",
            "speakers": 1
        },
        "items": [
            {
                "id": 0,
                "type": "pronunciation",
                "alternatives": [
                    {
                        "confidence": "0.999",
                        "content": "Thank"
                    }
                ],
                "start_time": "1.73",
                "end_time": "1.889",
                "speaker_label": "spk_0"
            },
            {
                "id": 1,
                "type": "pronunciation",
                "alternatives": [
                    {
                        "confidence": "0.999",
                        "content": "you"
                    }
                ],
                "start_time": "1.889",
                "end_time": "2.049",
                "speaker_label": "spk_0"
            },
            {
                "id": 2,
                "type": "pronunciation",
                "alternatives": [
                    {
                        "confidence": "0.999",
                        "content": "for"
                    }
                ],
                "start_time": "2.049",
                "end_time": "2.25",
                "speaker_label": "spk_0"
            },
            {
                "id": 3,
                "type": "pronunciation",
                "alternatives": [
                    {
                        "confidence": "0.999",
                        "content": "calling"
                    }
                ],
                "start_time": "2.25",
                "end_time": "2.569",
                "speaker_label": "spk_0"
            },
            {
                "id": 4,
                "type": "pronunciation",
                "alternatives": [
                    {
                        "confidence": "0.804",
                        "content": "Wasler"
                    }
                ],
                "start_time": "2.569",
                "end_time": "3.009",
                "speaker_label": "spk_0"
            },
            {
                "id": 5,
                "type": "pronunciation",
                "alternatives": [
                    {
                        "confidence": "0.789",
                        "content": "Diagnostics"
                    }
                ],
                "start_time": "3.009",
                "end_time": "3.93",
                "speaker_label": "spk_0"
            },
            {
                "id": 6,
                "type": "punctuation",
                "alternatives": [
                    {
                        "confidence": "0.0",
                        "content": "."
                    }
                ],
                "speaker_label": "spk_0"
            },
            {
                "id": 7,
                "type": "pronunciation",
                "alternatives": [
                    {
                        "confidence": "0.996",
                        "content": "Please"
                    }
                ],
                "start_time": "4.17",
                "end_time": "4.409",
                "speaker_label": "spk_0"
            },
            {
                "id": 8,
                "type": "pronunciation",
                "alternatives": [
                    {
                        "confidence": "0.999",
                        "content": "listen"
                    }
                ],
                "start_time": "4.409",
                "end_time": "4.69",
                "speaker_label": "spk_0"
            },
            {
                "id": 9,
                "type": "pronunciation",
                "alternatives": [
                    {
                        "confidence": "0.998",
                        "content": "to"
                    }
                ],
                "start_time": "4.69",
                "end_time": "4.84",
                "speaker_label": "spk_0"
            },
            {
                "id": 10,
                "type": "pronunciation",
                "alternatives": [
                    {
                        "confidence": "0.998",
                        "content": "all"
                    }
                ],
                "start_time": "4.84",
                "end_time": "4.969",
                "speaker_label": "spk_0"
            },
            {
                "id": 11,
                "type": "pronunciation",
                "alternatives": [
                    {
                        "confidence": "0.996",
                        "content": "of"
                    }
                ],
                "start_time": "4.969",
                "end_time": "5.099",
                "speaker_label": "spk_0"
            },
            {
                "id": 12,
                "type": "pronunciation",
                "alternatives": [
                    {
                        "confidence": "0.998",
                        "content": "the"
                    }
                ],
                "start_time": "5.099",
                "end_time": "5.28",
                "speaker_label": "spk_0"
            },
            {
                "id": 13,
                "type": "pronunciation",
                "alternatives": [
                    {
                        "confidence": "0.989",
                        "content": "prompts"
                    }
                ],
                "start_time": "5.28",
                "end_time": "5.809",
                "speaker_label": "spk_0"
            },
            {
                "id": 14,
                "type": "pronunciation",
                "alternatives": [
                    {
                        "confidence": "0.998",
                        "content": "before"
                    }
                ],
                "start_time": "5.809",
                "end_time": "5.969",
                "speaker_label": "spk_0"
            },
            {
                "id": 15,
                "type": "pronunciation",
                "alternatives": [
                    {
                        "confidence": "0.998",
                        "content": "making"
                    }
                ],
                "start_time": "5.969",
                "end_time": "6.21",
                "speaker_label": "spk_0"
            },
            {
                "id": 16,
                "type": "pronunciation",
                "alternatives": [
                    {
                        "confidence": "0.997",
                        "content": "a"
                    }
                ],
                "start_time": "6.21",
                "end_time": "6.289",
                "speaker_label": "spk_0"
            },
            {
                "id": 17,
                "type": "pronunciation",
                "alternatives": [
                    {
                        "confidence": "0.994",
                        "content": "selection"
                    }
                ],
                "start_time": "6.289",
                "end_time": "6.96",
                "speaker_label": "spk_0"
            },
            {
                "id": 18,
                "type": "punctuation",
                "alternatives": [
                    {
                        "confidence": "0.0",
                        "content": "."
                    }
                ],
                "speaker_label": "spk_0"
            },
            {
                "id": 19,
                "type": "pronunciation",
                "alternatives": [
                    {
                        "confidence": "0.994",
                        "content": "If"
                    }
                ],
                "start_time": "7.28",
                "end_time": "7.369",
                "speaker_label": "spk_0"
            },
            {
                "id": 20,
                "type": "pronunciation",
                "alternatives": [
                    {
                        "confidence": "0.998",
                        "content": "you"
                    }
                ],
                "start_time": "7.369",
                "end_time": "7.489",
                "speaker_label": "spk_0"
            },
            {
                "id": 21,
                "type": "pronunciation",
                "alternatives": [
                    {
                        "confidence": "0.997",
                        "content": "are"
                    }
                ],
                "start_time": "7.489",
                "end_time": "7.69",
                "speaker_label": "spk_0"
            },
            {
                "id": 22,
                "type": "pronunciation",
                "alternatives": [
                    {
                        "confidence": "0.998",
                        "content": "calling"
                    }
                ],
                "start_time": "7.69",
                "end_time": "7.969",
                "speaker_label": "spk_0"
            },
            {
                "id": 23,
                "type": "pronunciation",
                "alternatives": [
                    {
                        "confidence": "0.997",
                        "content": "about"
                    }
                ],
                "start_time": "7.969",
                "end_time": "8.13",
                "speaker_label": "spk_0"
            },
            {
                "id": 24,
                "type": "pronunciation",
                "alternatives": [
                    {
                        "confidence": "0.993",
                        "content": "booking"
                    }
                ],
                "start_time": "8.13",
                "end_time": "8.409",
                "speaker_label": "spk_0"
            },
            {
                "id": 25,
                "type": "punctuation",
                "alternatives": [
                    {
                        "confidence": "0.0",
                        "content": "."
                    }
                ],
                "speaker_label": "spk_0"
            }
        ],
        "audio_segments": [
            {
                "id": 0,
                "transcript": "Thank you for calling Wasler Diagnostics. Please listen to all of the prompts before making a selection. If you are calling about booking.",
                "start_time": "1.45",
                "end_time": "8.479",
                "speaker_label": "spk_0",
                "items": [
                    0,
                    1,
                    2,
                    3,
                    4,
                    5,
                    6,
                    7,
                    8,
                    9,
                    10,
                    11,
                    12,
                    13,
                    14,
                    15,
                    16,
                    17,
                    18,
                    19,
                    20,
                    21,
                    22,
                    23,
                    24,
                    25
                ]
            }
        ]
    }
}