{
    "jobName": "transcription-job-2024-03-21T21-10-24Z-call-5dd0777c-3def-4bf3-85a0-d93ee1546d68-1734640170",
    "accountId": "199040315413",
    "isRedacted": true,
    "status": "COMPLETED",
    "results": {
        "transcripts": [
            {
                "transcript": "Thank you for calling Lossler Diagnostics. Please listen to all of the prompts before making a selection. If you are calling of booking an appointment, press [PII]. For general inquiries or clinic locations. On your coffee do this fine. I should I Uh."
            }
        ],
        "speaker_labels": {
            "segments": [
                {
                    "start_time": "1.059",
                    "end_time": "12.17",
                    "speaker_label": "spk_0",
                    "items": [
                        {
                            "speaker_label": "spk_0",
                            "start_time": "1.22",
                            "end_time": "1.34"
                        },
                        {
                            "speaker_label": "spk_0",
                            "start_time": "1.34",
                            "end_time": "1.539"
                        },
                        {
                            "speaker_label": "spk_0",
                            "start_time": "1.539",
                            "end_time": "1.7"
                        },
                        {
                            "speaker_label": "spk_0",
                            "start_time": "1.7",
                            "end_time": "2.019"
                        },
                        {
                            "speaker_label": "spk_0",
                            "start_time": "2.019",
                            "end_time": "2.5"
                        },
                        {
                            "speaker_label": "spk_0",
                            "start_time": "2.5",
                            "end_time": "3.46"
                        },
                        {
                            "speaker_label": "spk_0",
                            "start_time": "3.619",
                            "end_time": "3.869"
                        },
                        {
                            "speaker_label": "spk_0",
                            "start_time": "3.869",
                            "end_time": "4.139"
                        },
                        {
                            "speaker_label": "spk_0",
                            "start_time": "4.139",
                            "end_time": "4.3"
                        },
                        {
                            "speaker_label": "spk_0",
                            "start_time": "4.3",
                            "end_time": "4.42"
                        },
                        {
                            "speaker_label": "spk_0",
                            "start_time": "4.42",
                            "end_time": "4.579"
                        },
                        {
                            "speaker_label": "spk_0",
                            "start_time": "4.579",
                            "end_time": "4.739"
                        },
                        {
                            "speaker_label": "spk_0",
                            "start_time": "4.739",
                            "end_time": "5.179"
                        },
                        {
                            "speaker_label": "spk_0",
                            "start_time": "5.179",
                            "end_time": "5.34"
                        },
                        {
                            "speaker_label": "spk_0",
                            "start_time": "5.34",
                            "end_time": "5.559"
                        },
                        {
                            "speaker_label": "spk_0",
                            "start_time": "5.559",
                            "end_time": "5.659"
                        },
                        {
                            "speaker_label": "spk_0",
                            "start_time": "5.659",
                            "end_time": "6.409"
                        },
                        {
                            "speaker_label": "spk_0",
                            "start_time": "6.619",
                            "end_time": "6.739"
                        },
                        {
                            "speaker_label": "spk_0",
                            "start_time": "6.739",
                            "end_time": "6.86"
                        },
                        {
                            "speaker_label": "spk_0",
                            "start_time": "6.86",
                            "end_time": "7.019"
                        },
                        {
                            "speaker_label": "spk_0",
                            "start_time": "7.019",
                            "end_time": "7.34"
                        },
                        {
                            "speaker_label": "spk_0",
                            "start_time": "7.34",
                            "end_time": "7.449"
                        },
                        {
                            "speaker_label": "spk_0",
                            "start_time": "7.449",
                            "end_time": "7.739"
                        },
                        {
                            "speaker_label": "spk_0",
                            "start_time": "7.739",
                            "end_time": "7.82"
                        },
                        {
                            "speaker_label": "spk_0",
                            "start_time": "7.82",
                            "end_time": "8.26"
                        },
                        {
                            "speaker_label": "spk_0",
                            "start_time": "8.38",
                            "end_time": "8.659"
                        },
                        {
                            "speaker_label": "spk_0",
                            "start_time": "8.659",
                            "end_time": "9.029"
                        },
                        {
                            "speaker_label": "spk_0",
                            "start_time": "9.22",
                            "end_time": "9.42"
                        },
                        {
                            "speaker_label": "spk_0",
                            "start_time": "9.42",
                            "end_time": "9.699"
                        },
                        {
                            "speaker_label": "spk_0",
                            "start_time": "9.699",
                            "end_time": "10.3"
                        },
                        {
                            "speaker_label": "spk_0",
                            "start_time": "10.3",
                            "end_time": "10.38"
                        },
                        {
                            "speaker_label": "spk_0",
                            "start_time": "10.38",
                            "end_time": "10.88"
                        },
                        {
                            "speaker_label": "spk_0",
                            "start_time": "10.88",
                            "end_time": "11.97"
                        }
                    ]
                },
                {
                    "start_time": "28.709",
                    "end_time": "30.299",
                    "speaker_label": "spk_1",
                    "items": [
                        {
                            "speaker_label": "spk_1",
                            "start_time": "29.79",
                            "end_time": "29.799"
                        },
                        {
                            "speaker_label": "spk_1",
                            "start_time": "29.799",
                            "end_time": "29.809"
                        },
                        {
                            "speaker_label": "spk_1",
                            "start_time": "29.809",
                            "end_time": "29.819"
                        },
                        {
                            "speaker_label": "spk_1",
                            "start_time": "29.819",
                            "end_time": "29.829"
                        },
                        {
                            "speaker_label": "spk_1",
                            "start_time": "29.829",
                            "end_time": "29.84"
                        },
                        {
                            "speaker_label": "spk_1",
                            "start_time": "29.84",
                            "end_time": "30.02"
                        }
                    ]
                },
                {
                    "start_time": "33.77",
                    "end_time": "34.939",
                    "speaker_label": "spk_1",
                    "items": [
                        {
                            "speaker_label": "spk_1",
                            "start_time": "34.5",
                            "end_time": "34.509"
                        },
                        {
                            "speaker_label": "spk_1",
                            "start_time": "34.509",
                            "end_time": "34.52"
                        }
                    ]
                },
                {
                    "start_time": "51.45",
                    "end_time": "52.59",
                    "speaker_label": "spk_1",
                    "items": [
                        {
                            "speaker_label": "spk_1",
                            "start_time": "51.77",
                            "end_time": "51.95"
                        }
                    ]
                },
                {
                    "start_time": "56.549",
                    "end_time": "58.08",
                    "speaker_label": "spk_1",
                    "items": [
                        {
                            "speaker_label": "spk_1",
                            "start_time": "56.56",
                            "end_time": "56.569"
                        }
                    ]
                }
            ],
            "channel_label": "ch_0",
            "speakers": 2
        },
        "items": [
            {
                "id": 0,
                "type": "pronunciation",
                "alternatives": [
                    {
                        "confidence": "0.999",
                        "content": "Thank"
                    }
                ],
                "start_time": "1.22",
                "end_time": "1.34",
                "speaker_label": "spk_0"
            },
            {
                "id": 1,
                "type": "pronunciation",
                "alternatives": [
                    {
                        "confidence": "0.999",
                        "content": "you"
                    }
                ],
                "start_time": "1.34",
                "end_time": "1.539",
                "speaker_label": "spk_0"
            },
            {
                "id": 2,
                "type": "pronunciation",
                "alternatives": [
                    {
                        "confidence": "0.999",
                        "content": "for"
                    }
                ],
                "start_time": "1.539",
                "end_time": "1.7",
                "speaker_label": "spk_0"
            },
            {
                "id": 3,
                "type": "pronunciation",
                "alternatives": [
                    {
                        "confidence": "0.999",
                        "content": "calling"
                    }
                ],
                "start_time": "1.7",
                "end_time": "2.019",
                "speaker_label": "spk_0"
            },
            {
                "id": 4,
                "type": "pronunciation",
                "alternatives": [
                    {
                        "confidence": "0.885",
                        "content": "Lossler"
                    }
                ],
                "start_time": "2.019",
                "end_time": "2.5",
                "speaker_label": "spk_0"
            },
            {
                "id": 5,
                "type": "pronunciation",
                "alternatives": [
                    {
                        "confidence": "0.992",
                        "content": "Diagnostics"
                    }
                ],
                "start_time": "2.5",
                "end_time": "3.46",
                "speaker_label": "spk_0"
            },
            {
                "id": 6,
                "type": "punctuation",
                "alternatives": [
                    {
                        "confidence": "0.0",
                        "content": "."
                    }
                ],
                "speaker_label": "spk_0"
            },
            {
                "id": 7,
                "type": "pronunciation",
                "alternatives": [
                    {
                        "confidence": "0.997",
                        "content": "Please"
                    }
                ],
                "start_time": "3.619",
                "end_time": "3.869",
                "speaker_label": "spk_0"
            },
            {
                "id": 8,
                "type": "pronunciation",
                "alternatives": [
                    {
                        "confidence": "0.999",
                        "content": "listen"
                    }
                ],
                "start_time": "3.869",
                "end_time": "4.139",
                "speaker_label": "spk_0"
            },
            {
                "id": 9,
                "type": "pronunciation",
                "alternatives": [
                    {
                        "confidence": "0.999",
                        "content": "to"
                    }
                ],
                "start_time": "4.139",
                "end_time": "4.3",
                "speaker_label": "spk_0"
            },
            {
                "id": 10,
                "type": "pronunciation",
                "alternatives": [
                    {
                        "confidence": "0.998",
                        "content": "all"
                    }
                ],
                "start_time": "4.3",
                "end_time": "4.42",
                "speaker_label": "spk_0"
            },
            {
                "id": 11,
                "type": "pronunciation",
                "alternatives": [
                    {
                        "confidence": "0.997",
                        "content": "of"
                    }
                ],
                "start_time": "4.42",
                "end_time": "4.579",
                "speaker_label": "spk_0"
            },
            {
                "id": 12,
                "type": "pronunciation",
                "alternatives": [
                    {
                        "confidence": "0.998",
                        "content": "the"
                    }
                ],
                "start_time": "4.579",
                "end_time": "4.739",
                "speaker_label": "spk_0"
            },
            {
                "id": 13,
                "type": "pronunciation",
                "alternatives": [
                    {
                        "confidence": "0.987",
                        "content": "prompts"
                    }
                ],
                "start_time": "4.739",
                "end_time": "5.179",
                "speaker_label": "spk_0"
            },
            {
                "id": 14,
                "type": "pronunciation",
                "alternatives": [
                    {
                        "confidence": "0.999",
                        "content": "before"
                    }
                ],
                "start_time": "5.179",
                "end_time": "5.34",
                "speaker_label": "spk_0"
            },
            {
                "id": 15,
                "type": "pronunciation",
                "alternatives": [
                    {
                        "confidence": "0.999",
                        "content": "making"
                    }
                ],
                "start_time": "5.34",
                "end_time": "5.559",
                "speaker_label": "spk_0"
            },
            {
                "id": 16,
                "type": "pronunciation",
                "alternatives": [
                    {
                        "confidence": "0.996",
                        "content": "a"
                    }
                ],
                "start_time": "5.559",
                "end_time": "5.659",
                "speaker_label": "spk_0"
            },
            {
                "id": 17,
                "type": "pronunciation",
                "alternatives": [
                    {
                        "confidence": "0.996",
                        "content": "selection"
                    }
                ],
                "start_time": "5.659",
                "end_time": "6.409",
                "speaker_label": "spk_0"
            },
            {
                "id": 18,
                "type": "punctuation",
                "alternatives": [
                    {
                        "confidence": "0.0",
                        "content": "."
                    }
                ],
                "speaker_label": "spk_0"
            },
            {
                "id": 19,
                "type": "pronunciation",
                "alternatives": [
                    {
                        "confidence": "0.997",
                        "content": "If"
                    }
                ],
                "start_time": "6.619",
                "end_time": "6.739",
                "speaker_label": "spk_0"
            },
            {
                "id": 20,
                "type": "pronunciation",
                "alternatives": [
                    {
                        "confidence": "0.999",
                        "content": "you"
                    }
                ],
                "start_time": "6.739",
                "end_time": "6.86",
                "speaker_label": "spk_0"
            },
            {
                "id": 21,
                "type": "pronunciation",
                "alternatives": [
                    {
                        "confidence": "0.997",
                        "content": "are"
                    }
                ],
                "start_time": "6.86",
                "end_time": "7.019",
                "speaker_label": "spk_0"
            },
            {
                "id": 22,
                "type": "pronunciation",
                "alternatives": [
                    {
                        "confidence": "0.999",
                        "content": "calling"
                    }
                ],
                "start_time": "7.019",
                "end_time": "7.34",
                "speaker_label": "spk_0"
            },
            {
                "id": 23,
                "type": "pronunciation",
                "alternatives": [
                    {
                        "confidence": "0.698",
                        "content": "of"
                    }
                ],
                "start_time": "7.34",
                "end_time": "7.449",
                "speaker_label": "spk_0"
            },
            {
                "id": 24,
                "type": "pronunciation",
                "alternatives": [
                    {
                        "confidence": "0.997",
                        "content": "booking"
                    }
                ],
                "start_time": "7.449",
                "end_time": "7.739",
                "speaker_label": "spk_0"
            },
            {
                "id": 25,
                "type": "pronunciation",
                "alternatives": [
                    {
                        "confidence": "0.997",
                        "content": "an"
                    }
                ],
                "start_time": "7.739",
                "end_time": "7.82",
                "speaker_label": "spk_0"
            },
            {
                "id": 26,
                "type": "pronunciation",
                "alternatives": [
                    {
                        "confidence": "0.998",
                        "content": "appointment"
                    }
                ],
                "start_time": "7.82",
                "end_time": "8.26",
                "speaker_label": "spk_0"
            },
            {
                "id": 27,
                "type": "punctuation",
                "alternatives": [
                    {
                        "confidence": "0.0",
                        "content": ","
                    }
                ],
                "speaker_label": "spk_0"
            },
            {
                "id": 28,
                "type": "pronunciation",
                "alternatives": [
                    {
                        "confidence": "0.995",
                        "content": "press"
                    }
                ],
                "start_time": "8.38",
                "end_time": "8.659",
                "speaker_label": "spk_0"
            },
            {
                "id": 29,
                "type": "pronunciation",
                "alternatives": [
                    {
                        "content": "[PII]",
                        "redactions": [
                            {
                                "confidence": "0.6756",
                                "type": "PHONE",
                                "category": "PII"
                            }
                        ]
                    }
                ],
                "start_time": "8.659",
                "end_time": "9.029"
            },
            {
                "id": 30,
                "type": "punctuation",
                "alternatives": [
                    {
                        "confidence": "0.0",
                        "content": "."
                    }
                ]
            },
            {
                "id": 31,
                "type": "pronunciation",
                "alternatives": [
                    {
                        "confidence": "0.996",
                        "content": "For"
                    }
                ],
                "start_time": "9.22",
                "end_time": "9.42",
                "speaker_label": "spk_0"
            },
            {
                "id": 32,
                "type": "pronunciation",
                "alternatives": [
                    {
                        "confidence": "0.998",
                        "content": "general"
                    }
                ],
                "start_time": "9.42",
                "end_time": "9.699",
                "speaker_label": "spk_0"
            },
            {
                "id": 33,
                "type": "pronunciation",
                "alternatives": [
                    {
                        "confidence": "0.993",
                        "content": "inquiries"
                    }
                ],
                "start_time": "9.699",
                "end_time": "10.3",
                "speaker_label": "spk_0"
            },
            {
                "id": 34,
                "type": "pronunciation",
                "alternatives": [
                    {
                        "confidence": "0.973",
                        "content": "or"
                    }
                ],
                "start_time": "10.3",
                "end_time": "10.38",
                "speaker_label": "spk_0"
            },
            {
                "id": 35,
                "type": "pronunciation",
                "alternatives": [
                    {
                        "confidence": "0.99",
                        "content": "clinic"
                    }
                ],
                "start_time": "10.38",
                "end_time": "10.88",
                "speaker_label": "spk_0"
            },
            {
                "id": 36,
                "type": "pronunciation",
                "alternatives": [
                    {
                        "confidence": "0.995",
                        "content": "locations"
                    }
                ],
                "start_time": "10.88",
                "end_time": "11.97",
                "speaker_label": "spk_0"
            },
            {
                "id": 37,
                "type": "punctuation",
                "alternatives": [
                    {
                        "confidence": "0.0",
                        "content": "."
                    }
                ],
                "speaker_label": "spk_0"
            },
            {
                "id": 38,
                "type": "pronunciation",
                "alternatives": [
                    {
                        "confidence": "0.614",
                        "content": "On"
                    }
                ],
                "start_time": "29.79",
                "end_time": "29.799",
                "speaker_label": "spk_1"
            },
            {
                "id": 39,
                "type": "pronunciation",
                "alternatives": [
                    {
                        "confidence": "0.812",
                        "content": "your"
                    }
                ],
                "start_time": "29.799",
                "end_time": "29.809",
                "speaker_label": "spk_1"
            },
            {
                "id": 40,
                "type": "pronunciation",
                "alternatives": [
                    {
                        "confidence": "0.993",
                        "content": "coffee"
                    }
                ],
                "start_time": "29.809",
                "end_time": "29.819",
                "speaker_label": "spk_1"
            },
            {
                "id": 41,
                "type": "pronunciation",
                "alternatives": [
                    {
                        "confidence": "0.562",
                        "content": "do"
                    }
                ],
                "start_time": "29.819",
                "end_time": "29.829",
                "speaker_label": "spk_1"
            },
            {
                "id": 42,
                "type": "pronunciation",
                "alternatives": [
                    {
                        "confidence": "0.694",
                        "content": "this"
                    }
                ],
                "start_time": "29.829",
                "end_time": "29.84",
                "speaker_label": "spk_1"
            },
            {
                "id": 43,
                "type": "pronunciation",
                "alternatives": [
                    {
                        "confidence": "0.686",
                        "content": "fine"
                    }
                ],
                "start_time": "29.84",
                "end_time": "30.02",
                "speaker_label": "spk_1"
            },
            {
                "id": 44,
                "type": "punctuation",
                "alternatives": [
                    {
                        "confidence": "0.0",
                        "content": "."
                    }
                ],
                "speaker_label": "spk_1"
            },
            {
                "id": 45,
                "type": "pronunciation",
                "alternatives": [
                    {
                        "confidence": "0.433",
                        "content": "I"
                    }
                ],
                "start_time": "34.5",
                "end_time": "34.509",
                "speaker_label": "spk_1"
            },
            {
                "id": 46,
                "type": "pronunciation",
                "alternatives": [
                    {
                        "confidence": "0.449",
                        "content": "should"
                    }
                ],
                "start_time": "34.509",
                "end_time": "34.52",
                "speaker_label": "spk_1"
            },
            {
                "id": 47,
                "type": "pronunciation",
                "alternatives": [
                    {
                        "confidence": "0.076",
                        "content": "I"
                    }
                ],
                "start_time": "51.77",
                "end_time": "51.95",
                "speaker_label": "spk_1"
            },
            {
                "id": 48,
                "type": "pronunciation",
                "alternatives": [
                    {
                        "confidence": "0.24",
                        "content": "Uh"
                    }
                ],
                "start_time": "56.56",
                "end_time": "56.569",
                "speaker_label": "spk_1"
            },
            {
                "id": 49,
                "type": "punctuation",
                "alternatives": [
                    {
                        "confidence": "0.0",
                        "content": "."
                    }
                ],
                "speaker_label": "spk_1"
            }
        ],
        "audio_segments": [
            {
                "id": 0,
                "transcript": "Thank you for calling Lossler Diagnostics. Please listen to all of the prompts before making a selection. If you are calling of booking an appointment, press [PII]. For general inquiries or clinic locations.",
                "start_time": "1.059",
                "end_time": "12.17",
                "speaker_label": "spk_0",
                "items": [
                    0,
                    1,
                    2,
                    3,
                    4,
                    5,
                    6,
                    7,
                    8,
                    9,
                    10,
                    11,
                    12,
                    13,
                    14,
                    15,
                    16,
                    17,
                    18,
                    19,
                    20,
                    21,
                    22,
                    23,
                    24,
                    25,
                    26,
                    27,
                    28,
                    29,
                    30,
                    31,
                    32,
                    33,
                    34,
                    35,
                    36,
                    37
                ]
            },
            {
                "id": 1,
                "transcript": "On your coffee do this fine.",
                "start_time": "28.709",
                "end_time": "30.299",
                "speaker_label": "spk_1",
                "items": [
                    38,
                    39,
                    40,
                    41,
                    42,
                    43,
                    44
                ]
            },
            {
                "id": 2,
                "transcript": "I should",
                "start_time": "33.77",
                "end_time": "34.939",
                "speaker_label": "spk_1",
                "items": [
                    45,
                    46
                ]
            },
            {
                "id": 3,
                "transcript": "I",
                "start_time": "51.45",
                "end_time": "52.59",
                "speaker_label": "spk_1",
                "items": [
                    47
                ]
            },
            {
                "id": 4,
                "transcript": "Uh.",
                "start_time": "56.549",
                "end_time": "58.08",
                "speaker_label": "spk_1",
                "items": [
                    48,
                    49
                ]
            }
        ]
    }
}