{
    "jobName": "transcription-job-2024-03-21T16-18-39Z-call-2e73f0e5-c351-4b82-a9f1-bd5daad6e6d3-1734637324",
    "accountId": "199040315413",
    "isRedacted": true,
    "status": "COMPLETED",
    "results": {
        "transcripts": [
            {
                "transcript": "We [PII] speaking. How may I help you? Hello, can you hear me? Yes, yes I can hear you, sir. How may I help you? OK. I can't hear you very well. OK. Um, are you a private clinic? Um, uh, yes, we are private clinic, but Alberta Healthcare covers all expenses. All expenses. Um, almost all. Do you do MRIs? Unfortunately, sir, we're not doing MRIs, we're only doing ultrasounds, X-rays, pain management. OK, are there any MRI companies around like yours? Um, as I know, Mayer are doing MRIs, but it's privately. OK perfect thank you. Yeah bye bye. Bye bye."
            }
        ],
        "speaker_labels": {
            "segments": [
                {
                    "start_time": "0.68",
                    "end_time": "3.72",
                    "speaker_label": "spk_0",
                    "items": [
                        {
                            "speaker_label": "spk_0",
                            "start_time": "2.39",
                            "end_time": "2.4"
                        },
                        {
                            "speaker_label": "spk_0",
                            "start_time": "2.4",
                            "end_time": "2.44"
                        },
                        {
                            "speaker_label": "spk_0",
                            "start_time": "2.44",
                            "end_time": "2.71"
                        },
                        {
                            "speaker_label": "spk_0",
                            "start_time": "2.839",
                            "end_time": "3.0"
                        },
                        {
                            "speaker_label": "spk_0",
                            "start_time": "3.0",
                            "end_time": "3.119"
                        },
                        {
                            "speaker_label": "spk_0",
                            "start_time": "3.119",
                            "end_time": "3.24"
                        },
                        {
                            "speaker_label": "spk_0",
                            "start_time": "3.24",
                            "end_time": "3.38"
                        },
                        {
                            "speaker_label": "spk_0",
                            "start_time": "3.38",
                            "end_time": "3.599"
                        }
                    ]
                },
                {
                    "start_time": "5.059",
                    "end_time": "6.61",
                    "speaker_label": "spk_1",
                    "items": [
                        {
                            "speaker_label": "spk_1",
                            "start_time": "5.639",
                            "end_time": "5.9"
                        },
                        {
                            "speaker_label": "spk_1",
                            "start_time": "5.98",
                            "end_time": "6.099"
                        },
                        {
                            "speaker_label": "spk_1",
                            "start_time": "6.099",
                            "end_time": "6.179"
                        },
                        {
                            "speaker_label": "spk_1",
                            "start_time": "6.179",
                            "end_time": "6.34"
                        },
                        {
                            "speaker_label": "spk_1",
                            "start_time": "6.34",
                            "end_time": "6.61"
                        }
                    ]
                },
                {
                    "start_time": "6.92",
                    "end_time": "9.27",
                    "speaker_label": "spk_0",
                    "items": [
                        {
                            "speaker_label": "spk_0",
                            "start_time": "6.92",
                            "end_time": "7.21"
                        },
                        {
                            "speaker_label": "spk_0",
                            "start_time": "7.219",
                            "end_time": "7.51"
                        },
                        {
                            "speaker_label": "spk_0",
                            "start_time": "7.51",
                            "end_time": "7.699"
                        },
                        {
                            "speaker_label": "spk_0",
                            "start_time": "7.699",
                            "end_time": "7.86"
                        },
                        {
                            "speaker_label": "spk_0",
                            "start_time": "7.86",
                            "end_time": "8.02"
                        },
                        {
                            "speaker_label": "spk_0",
                            "start_time": "8.02",
                            "end_time": "8.21"
                        },
                        {
                            "speaker_label": "spk_0",
                            "start_time": "8.22",
                            "end_time": "8.569"
                        },
                        {
                            "speaker_label": "spk_0",
                            "start_time": "8.739",
                            "end_time": "8.88"
                        },
                        {
                            "speaker_label": "spk_0",
                            "start_time": "8.88",
                            "end_time": "8.979"
                        },
                        {
                            "speaker_label": "spk_0",
                            "start_time": "8.979",
                            "end_time": "9.1"
                        },
                        {
                            "speaker_label": "spk_0",
                            "start_time": "9.1",
                            "end_time": "9.27"
                        }
                    ]
                },
                {
                    "start_time": "9.27",
                    "end_time": "9.89",
                    "speaker_label": "spk_1",
                    "items": [
                        {
                            "speaker_label": "spk_1",
                            "start_time": "9.27",
                            "end_time": "9.46"
                        },
                        {
                            "speaker_label": "spk_1",
                            "start_time": "9.579",
                            "end_time": "9.779"
                        }
                    ]
                },
                {
                    "start_time": "10.439",
                    "end_time": "12.55",
                    "speaker_label": "spk_1",
                    "items": [
                        {
                            "speaker_label": "spk_1",
                            "start_time": "10.449",
                            "end_time": "10.72"
                        },
                        {
                            "speaker_label": "spk_1",
                            "start_time": "10.72",
                            "end_time": "10.88"
                        },
                        {
                            "speaker_label": "spk_1",
                            "start_time": "10.88",
                            "end_time": "11.0"
                        },
                        {
                            "speaker_label": "spk_1",
                            "start_time": "11.0",
                            "end_time": "11.199"
                        },
                        {
                            "speaker_label": "spk_1",
                            "start_time": "11.199",
                            "end_time": "11.439"
                        },
                        {
                            "speaker_label": "spk_1",
                            "start_time": "11.439",
                            "end_time": "11.829"
                        },
                        {
                            "speaker_label": "spk_1",
                            "start_time": "12.5",
                            "end_time": "12.51"
                        }
                    ]
                },
                {
                    "start_time": "13.27",
                    "end_time": "16.26",
                    "speaker_label": "spk_1",
                    "items": [
                        {
                            "speaker_label": "spk_1",
                            "start_time": "13.3",
                            "end_time": "14.35"
                        },
                        {
                            "speaker_label": "spk_1",
                            "start_time": "14.63",
                            "end_time": "14.789"
                        },
                        {
                            "speaker_label": "spk_1",
                            "start_time": "14.789",
                            "end_time": "15.02"
                        },
                        {
                            "speaker_label": "spk_1",
                            "start_time": "15.02",
                            "end_time": "15.35"
                        },
                        {
                            "speaker_label": "spk_1",
                            "start_time": "15.35",
                            "end_time": "15.63"
                        },
                        {
                            "speaker_label": "spk_1",
                            "start_time": "15.63",
                            "end_time": "16.26"
                        }
                    ]
                },
                {
                    "start_time": "16.909",
                    "end_time": "25.37",
                    "speaker_label": "spk_0",
                    "items": [
                        {
                            "speaker_label": "spk_0",
                            "start_time": "16.909",
                            "end_time": "17.77"
                        },
                        {
                            "speaker_label": "spk_0",
                            "start_time": "18.34",
                            "end_time": "18.45"
                        },
                        {
                            "speaker_label": "spk_0",
                            "start_time": "18.469",
                            "end_time": "18.94"
                        },
                        {
                            "speaker_label": "spk_0",
                            "start_time": "18.95",
                            "end_time": "19.11"
                        },
                        {
                            "speaker_label": "spk_0",
                            "start_time": "19.11",
                            "end_time": "19.51"
                        },
                        {
                            "speaker_label": "spk_0",
                            "start_time": "19.51",
                            "end_time": "20.02"
                        },
                        {
                            "speaker_label": "spk_0",
                            "start_time": "20.02",
                            "end_time": "20.459"
                        },
                        {
                            "speaker_label": "spk_0",
                            "start_time": "20.59",
                            "end_time": "21.04"
                        },
                        {
                            "speaker_label": "spk_0",
                            "start_time": "21.04",
                            "end_time": "21.709"
                        },
                        {
                            "speaker_label": "spk_0",
                            "start_time": "21.709",
                            "end_time": "22.459"
                        },
                        {
                            "speaker_label": "spk_0",
                            "start_time": "22.459",
                            "end_time": "23.35"
                        },
                        {
                            "speaker_label": "spk_0",
                            "start_time": "23.35",
                            "end_time": "24.309"
                        },
                        {
                            "speaker_label": "spk_0",
                            "start_time": "24.309",
                            "end_time": "25.18"
                        }
                    ]
                },
                {
                    "start_time": "26.29",
                    "end_time": "27.44",
                    "speaker_label": "spk_1",
                    "items": [
                        {
                            "speaker_label": "spk_1",
                            "start_time": "26.389",
                            "end_time": "26.729"
                        },
                        {
                            "speaker_label": "spk_1",
                            "start_time": "26.729",
                            "end_time": "27.44"
                        }
                    ]
                },
                {
                    "start_time": "27.729",
                    "end_time": "31.29",
                    "speaker_label": "spk_0",
                    "items": [
                        {
                            "speaker_label": "spk_0",
                            "start_time": "27.729",
                            "end_time": "28.11"
                        },
                        {
                            "speaker_label": "spk_0",
                            "start_time": "28.45",
                            "end_time": "28.889"
                        },
                        {
                            "speaker_label": "spk_0",
                            "start_time": "28.889",
                            "end_time": "29.52"
                        },
                        {
                            "speaker_label": "spk_0",
                            "start_time": "30.69",
                            "end_time": "30.809"
                        },
                        {
                            "speaker_label": "spk_0",
                            "start_time": "30.809",
                            "end_time": "30.969"
                        },
                        {
                            "speaker_label": "spk_0",
                            "start_time": "30.969",
                            "end_time": "31.29"
                        }
                    ]
                },
                {
                    "start_time": "31.29",
                    "end_time": "32.319",
                    "speaker_label": "spk_1",
                    "items": [
                        {
                            "speaker_label": "spk_1",
                            "start_time": "31.29",
                            "end_time": "32.319"
                        }
                    ]
                },
                {
                    "start_time": "32.61",
                    "end_time": "39.389",
                    "speaker_label": "spk_0",
                    "items": [
                        {
                            "speaker_label": "spk_0",
                            "start_time": "32.61",
                            "end_time": "33.49"
                        },
                        {
                            "speaker_label": "spk_0",
                            "start_time": "33.65",
                            "end_time": "33.77"
                        },
                        {
                            "speaker_label": "spk_0",
                            "start_time": "33.849",
                            "end_time": "34.09"
                        },
                        {
                            "speaker_label": "spk_0",
                            "start_time": "34.09",
                            "end_time": "34.29"
                        },
                        {
                            "speaker_label": "spk_0",
                            "start_time": "34.29",
                            "end_time": "34.61"
                        },
                        {
                            "speaker_label": "spk_0",
                            "start_time": "34.61",
                            "end_time": "35.209"
                        },
                        {
                            "speaker_label": "spk_0",
                            "start_time": "35.22",
                            "end_time": "35.409"
                        },
                        {
                            "speaker_label": "spk_0",
                            "start_time": "35.409",
                            "end_time": "35.77"
                        },
                        {
                            "speaker_label": "spk_0",
                            "start_time": "35.77",
                            "end_time": "36.13"
                        },
                        {
                            "speaker_label": "spk_0",
                            "start_time": "36.13",
                            "end_time": "37.069"
                        },
                        {
                            "speaker_label": "spk_0",
                            "start_time": "37.169",
                            "end_time": "37.889"
                        },
                        {
                            "speaker_label": "spk_0",
                            "start_time": "38.159",
                            "end_time": "38.409"
                        },
                        {
                            "speaker_label": "spk_0",
                            "start_time": "38.409",
                            "end_time": "39.04"
                        }
                    ]
                },
                {
                    "start_time": "40.349",
                    "end_time": "45.549",
                    "speaker_label": "spk_1",
                    "items": [
                        {
                            "speaker_label": "spk_1",
                            "start_time": "40.45",
                            "end_time": "42.04"
                        },
                        {
                            "speaker_label": "spk_1",
                            "start_time": "42.36",
                            "end_time": "42.63"
                        },
                        {
                            "speaker_label": "spk_1",
                            "start_time": "42.63",
                            "end_time": "42.75"
                        },
                        {
                            "speaker_label": "spk_1",
                            "start_time": "42.75",
                            "end_time": "43.15"
                        },
                        {
                            "speaker_label": "spk_1",
                            "start_time": "43.15",
                            "end_time": "44.11"
                        },
                        {
                            "speaker_label": "spk_1",
                            "start_time": "44.11",
                            "end_time": "44.59"
                        },
                        {
                            "speaker_label": "spk_1",
                            "start_time": "44.59",
                            "end_time": "44.79"
                        },
                        {
                            "speaker_label": "spk_1",
                            "start_time": "44.79",
                            "end_time": "44.99"
                        },
                        {
                            "speaker_label": "spk_1",
                            "start_time": "44.99",
                            "end_time": "45.43"
                        }
                    ]
                },
                {
                    "start_time": "46.479",
                    "end_time": "53.38",
                    "speaker_label": "spk_0",
                    "items": [
                        {
                            "speaker_label": "spk_0",
                            "start_time": "46.509",
                            "end_time": "47.599"
                        },
                        {
                            "speaker_label": "spk_0",
                            "start_time": "47.72",
                            "end_time": "47.909"
                        },
                        {
                            "speaker_label": "spk_0",
                            "start_time": "47.909",
                            "end_time": "48.4"
                        },
                        {
                            "speaker_label": "spk_0",
                            "start_time": "48.4",
                            "end_time": "49.069"
                        },
                        {
                            "speaker_label": "spk_0",
                            "start_time": "49.319",
                            "end_time": "50.049"
                        },
                        {
                            "speaker_label": "spk_0",
                            "start_time": "50.049",
                            "end_time": "50.639"
                        },
                        {
                            "speaker_label": "spk_0",
                            "start_time": "50.639",
                            "end_time": "51.04"
                        },
                        {
                            "speaker_label": "spk_0",
                            "start_time": "51.04",
                            "end_time": "51.88"
                        },
                        {
                            "speaker_label": "spk_0",
                            "start_time": "52.0",
                            "end_time": "52.159"
                        },
                        {
                            "speaker_label": "spk_0",
                            "start_time": "52.159",
                            "end_time": "52.52"
                        },
                        {
                            "speaker_label": "spk_0",
                            "start_time": "52.52",
                            "end_time": "53.27"
                        }
                    ]
                },
                {
                    "start_time": "54.08",
                    "end_time": "55.88",
                    "speaker_label": "spk_1",
                    "items": [
                        {
                            "speaker_label": "spk_1",
                            "start_time": "54.18",
                            "end_time": "55.24"
                        },
                        {
                            "speaker_label": "spk_1",
                            "start_time": "55.24",
                            "end_time": "55.639"
                        },
                        {
                            "speaker_label": "spk_1",
                            "start_time": "55.639",
                            "end_time": "55.88"
                        }
                    ]
                },
                {
                    "start_time": "55.88",
                    "end_time": "56.59",
                    "speaker_label": "spk_1",
                    "items": [
                        {
                            "speaker_label": "spk_1",
                            "start_time": "55.88",
                            "end_time": "56.59"
                        }
                    ]
                },
                {
                    "start_time": "56.97",
                    "end_time": "57.159",
                    "speaker_label": "spk_0",
                    "items": [
                        {
                            "speaker_label": "spk_0",
                            "start_time": "56.97",
                            "end_time": "57.159"
                        }
                    ]
                },
                {
                    "start_time": "57.56",
                    "end_time": "57.72",
                    "speaker_label": "spk_1",
                    "items": [
                        {
                            "speaker_label": "spk_1",
                            "start_time": "57.56",
                            "end_time": "57.72"
                        }
                    ]
                },
                {
                    "start_time": "57.72",
                    "end_time": "58.84",
                    "speaker_label": "spk_0",
                    "items": [
                        {
                            "speaker_label": "spk_0",
                            "start_time": "57.72",
                            "end_time": "58.069"
                        },
                        {
                            "speaker_label": "spk_0",
                            "start_time": "58.159",
                            "end_time": "58.299"
                        },
                        {
                            "speaker_label": "spk_0",
                            "start_time": "58.299",
                            "end_time": "58.68"
                        }
                    ]
                }
            ],
            "channel_label": "ch_0",
            "speakers": 2
        },
        "items": [
            {
                "id": 0,
                "type": "pronunciation",
                "alternatives": [
                    {
                        "confidence": "0.979",
                        "content": "We"
                    }
                ],
                "start_time": "2.39",
                "end_time": "2.4",
                "speaker_label": "spk_0"
            },
            {
                "id": 1,
                "type": "pronunciation",
                "alternatives": [
                    {
                        "content": "[PII]",
                        "redactions": [
                            {
                                "confidence": "1.0",
                                "type": "NAME",
                                "category": "PII"
                            }
                        ]
                    }
                ],
                "start_time": "2.4",
                "end_time": "2.44"
            },
            {
                "id": 2,
                "type": "pronunciation",
                "alternatives": [
                    {
                        "confidence": "0.997",
                        "content": "speaking"
                    }
                ],
                "start_time": "2.44",
                "end_time": "2.71",
                "speaker_label": "spk_0"
            },
            {
                "id": 3,
                "type": "punctuation",
                "alternatives": [
                    {
                        "confidence": "0.0",
                        "content": "."
                    }
                ],
                "speaker_label": "spk_0"
            },
            {
                "id": 4,
                "type": "pronunciation",
                "alternatives": [
                    {
                        "confidence": "0.992",
                        "content": "How"
                    }
                ],
                "start_time": "2.839",
                "end_time": "3.0",
                "speaker_label": "spk_0"
            },
            {
                "id": 5,
                "type": "pronunciation",
                "alternatives": [
                    {
                        "confidence": "0.999",
                        "content": "may"
                    }
                ],
                "start_time": "3.0",
                "end_time": "3.119",
                "speaker_label": "spk_0"
            },
            {
                "id": 6,
                "type": "pronunciation",
                "alternatives": [
                    {
                        "confidence": "0.999",
                        "content": "I"
                    }
                ],
                "start_time": "3.119",
                "end_time": "3.24",
                "speaker_label": "spk_0"
            },
            {
                "id": 7,
                "type": "pronunciation",
                "alternatives": [
                    {
                        "confidence": "0.999",
                        "content": "help"
                    }
                ],
                "start_time": "3.24",
                "end_time": "3.38",
                "speaker_label": "spk_0"
            },
            {
                "id": 8,
                "type": "pronunciation",
                "alternatives": [
                    {
                        "confidence": "0.998",
                        "content": "you"
                    }
                ],
                "start_time": "3.38",
                "end_time": "3.599",
                "speaker_label": "spk_0"
            },
            {
                "id": 9,
                "type": "punctuation",
                "alternatives": [
                    {
                        "confidence": "0.0",
                        "content": "?"
                    }
                ],
                "speaker_label": "spk_0"
            },
            {
                "id": 10,
                "type": "pronunciation",
                "alternatives": [
                    {
                        "confidence": "0.997",
                        "content": "Hello"
                    }
                ],
                "start_time": "5.639",
                "end_time": "5.9",
                "speaker_label": "spk_1"
            },
            {
                "id": 11,
                "type": "punctuation",
                "alternatives": [
                    {
                        "confidence": "0.0",
                        "content": ","
                    }
                ],
                "speaker_label": "spk_1"
            },
            {
                "id": 12,
                "type": "pronunciation",
                "alternatives": [
                    {
                        "confidence": "0.997",
                        "content": "can"
                    }
                ],
                "start_time": "5.98",
                "end_time": "6.099",
                "speaker_label": "spk_1"
            },
            {
                "id": 13,
                "type": "pronunciation",
                "alternatives": [
                    {
                        "confidence": "0.999",
                        "content": "you"
                    }
                ],
                "start_time": "6.099",
                "end_time": "6.179",
                "speaker_label": "spk_1"
            },
            {
                "id": 14,
                "type": "pronunciation",
                "alternatives": [
                    {
                        "confidence": "0.999",
                        "content": "hear"
                    }
                ],
                "start_time": "6.179",
                "end_time": "6.34",
                "speaker_label": "spk_1"
            },
            {
                "id": 15,
                "type": "pronunciation",
                "alternatives": [
                    {
                        "confidence": "0.999",
                        "content": "me"
                    }
                ],
                "start_time": "6.34",
                "end_time": "6.61",
                "speaker_label": "spk_1"
            },
            {
                "id": 16,
                "type": "punctuation",
                "alternatives": [
                    {
                        "confidence": "0.0",
                        "content": "?"
                    }
                ],
                "speaker_label": "spk_1"
            },
            {
                "id": 17,
                "type": "pronunciation",
                "alternatives": [
                    {
                        "confidence": "0.998",
                        "content": "Yes"
                    }
                ],
                "start_time": "6.92",
                "end_time": "7.21",
                "speaker_label": "spk_0"
            },
            {
                "id": 18,
                "type": "punctuation",
                "alternatives": [
                    {
                        "confidence": "0.0",
                        "content": ","
                    }
                ],
                "speaker_label": "spk_0"
            },
            {
                "id": 19,
                "type": "pronunciation",
                "alternatives": [
                    {
                        "confidence": "0.998",
                        "content": "yes"
                    }
                ],
                "start_time": "7.219",
                "end_time": "7.51",
                "speaker_label": "spk_0"
            },
            {
                "id": 20,
                "type": "pronunciation",
                "alternatives": [
                    {
                        "confidence": "0.999",
                        "content": "I"
                    }
                ],
                "start_time": "7.51",
                "end_time": "7.699",
                "speaker_label": "spk_0"
            },
            {
                "id": 21,
                "type": "pronunciation",
                "alternatives": [
                    {
                        "confidence": "0.999",
                        "content": "can"
                    }
                ],
                "start_time": "7.699",
                "end_time": "7.86",
                "speaker_label": "spk_0"
            },
            {
                "id": 22,
                "type": "pronunciation",
                "alternatives": [
                    {
                        "confidence": "0.999",
                        "content": "hear"
                    }
                ],
                "start_time": "7.86",
                "end_time": "8.02",
                "speaker_label": "spk_0"
            },
            {
                "id": 23,
                "type": "pronunciation",
                "alternatives": [
                    {
                        "confidence": "0.999",
                        "content": "you"
                    }
                ],
                "start_time": "8.02",
                "end_time": "8.21",
                "speaker_label": "spk_0"
            },
            {
                "id": 24,
                "type": "punctuation",
                "alternatives": [
                    {
                        "confidence": "0.0",
                        "content": ","
                    }
                ],
                "speaker_label": "spk_0"
            },
            {
                "id": 25,
                "type": "pronunciation",
                "alternatives": [
                    {
                        "confidence": "0.998",
                        "content": "sir"
                    }
                ],
                "start_time": "8.22",
                "end_time": "8.569",
                "speaker_label": "spk_0"
            },
            {
                "id": 26,
                "type": "punctuation",
                "alternatives": [
                    {
                        "confidence": "0.0",
                        "content": "."
                    }
                ],
                "speaker_label": "spk_0"
            },
            {
                "id": 27,
                "type": "pronunciation",
                "alternatives": [
                    {
                        "confidence": "0.87",
                        "content": "How"
                    }
                ],
                "start_time": "8.739",
                "end_time": "8.88",
                "speaker_label": "spk_0"
            },
            {
                "id": 28,
                "type": "pronunciation",
                "alternatives": [
                    {
                        "confidence": "0.999",
                        "content": "may"
                    }
                ],
                "start_time": "8.88",
                "end_time": "8.979",
                "speaker_label": "spk_0"
            },
            {
                "id": 29,
                "type": "pronunciation",
                "alternatives": [
                    {
                        "confidence": "0.998",
                        "content": "I"
                    }
                ],
                "start_time": "8.979",
                "end_time": "9.1",
                "speaker_label": "spk_0"
            },
            {
                "id": 30,
                "type": "pronunciation",
                "alternatives": [
                    {
                        "confidence": "0.999",
                        "content": "help"
                    }
                ],
                "start_time": "9.1",
                "end_time": "9.27",
                "speaker_label": "spk_0"
            },
            {
                "id": 31,
                "type": "pronunciation",
                "alternatives": [
                    {
                        "confidence": "0.996",
                        "content": "you"
                    }
                ],
                "start_time": "9.27",
                "end_time": "9.46",
                "speaker_label": "spk_1"
            },
            {
                "id": 32,
                "type": "punctuation",
                "alternatives": [
                    {
                        "confidence": "0.0",
                        "content": "?"
                    }
                ],
                "speaker_label": "spk_1"
            },
            {
                "id": 33,
                "type": "pronunciation",
                "alternatives": [
                    {
                        "confidence": "0.896",
                        "content": "OK"
                    }
                ],
                "start_time": "9.579",
                "end_time": "9.779",
                "speaker_label": "spk_1"
            },
            {
                "id": 34,
                "type": "punctuation",
                "alternatives": [
                    {
                        "confidence": "0.0",
                        "content": "."
                    }
                ],
                "speaker_label": "spk_1"
            },
            {
                "id": 35,
                "type": "pronunciation",
                "alternatives": [
                    {
                        "confidence": "0.998",
                        "content": "I"
                    }
                ],
                "start_time": "10.449",
                "end_time": "10.72",
                "speaker_label": "spk_1"
            },
            {
                "id": 36,
                "type": "pronunciation",
                "alternatives": [
                    {
                        "confidence": "0.994",
                        "content": "can't"
                    }
                ],
                "start_time": "10.72",
                "end_time": "10.88",
                "speaker_label": "spk_1"
            },
            {
                "id": 37,
                "type": "pronunciation",
                "alternatives": [
                    {
                        "confidence": "0.999",
                        "content": "hear"
                    }
                ],
                "start_time": "10.88",
                "end_time": "11.0",
                "speaker_label": "spk_1"
            },
            {
                "id": 38,
                "type": "pronunciation",
                "alternatives": [
                    {
                        "confidence": "0.999",
                        "content": "you"
                    }
                ],
                "start_time": "11.0",
                "end_time": "11.199",
                "speaker_label": "spk_1"
            },
            {
                "id": 39,
                "type": "pronunciation",
                "alternatives": [
                    {
                        "confidence": "0.999",
                        "content": "very"
                    }
                ],
                "start_time": "11.199",
                "end_time": "11.439",
                "speaker_label": "spk_1"
            },
            {
                "id": 40,
                "type": "pronunciation",
                "alternatives": [
                    {
                        "confidence": "0.999",
                        "content": "well"
                    }
                ],
                "start_time": "11.439",
                "end_time": "11.829",
                "speaker_label": "spk_1"
            },
            {
                "id": 41,
                "type": "punctuation",
                "alternatives": [
                    {
                        "confidence": "0.0",
                        "content": "."
                    }
                ],
                "speaker_label": "spk_1"
            },
            {
                "id": 42,
                "type": "pronunciation",
                "alternatives": [
                    {
                        "confidence": "0.687",
                        "content": "OK"
                    }
                ],
                "start_time": "12.5",
                "end_time": "12.51",
                "speaker_label": "spk_1"
            },
            {
                "id": 43,
                "type": "punctuation",
                "alternatives": [
                    {
                        "confidence": "0.0",
                        "content": "."
                    }
                ],
                "speaker_label": "spk_1"
            },
            {
                "id": 44,
                "type": "pronunciation",
                "alternatives": [
                    {
                        "confidence": "0.997",
                        "content": "Um"
                    }
                ],
                "start_time": "13.3",
                "end_time": "14.35",
                "speaker_label": "spk_1"
            },
            {
                "id": 45,
                "type": "punctuation",
                "alternatives": [
                    {
                        "confidence": "0.0",
                        "content": ","
                    }
                ],
                "speaker_label": "spk_1"
            },
            {
                "id": 46,
                "type": "pronunciation",
                "alternatives": [
                    {
                        "confidence": "0.998",
                        "content": "are"
                    }
                ],
                "start_time": "14.63",
                "end_time": "14.789",
                "speaker_label": "spk_1"
            },
            {
                "id": 47,
                "type": "pronunciation",
                "alternatives": [
                    {
                        "confidence": "0.999",
                        "content": "you"
                    }
                ],
                "start_time": "14.789",
                "end_time": "15.02",
                "speaker_label": "spk_1"
            },
            {
                "id": 48,
                "type": "pronunciation",
                "alternatives": [
                    {
                        "confidence": "0.998",
                        "content": "a"
                    }
                ],
                "start_time": "15.02",
                "end_time": "15.35",
                "speaker_label": "spk_1"
            },
            {
                "id": 49,
                "type": "pronunciation",
                "alternatives": [
                    {
                        "confidence": "0.999",
                        "content": "private"
                    }
                ],
                "start_time": "15.35",
                "end_time": "15.63",
                "speaker_label": "spk_1"
            },
            {
                "id": 50,
                "type": "pronunciation",
                "alternatives": [
                    {
                        "confidence": "0.995",
                        "content": "clinic"
                    }
                ],
                "start_time": "15.63",
                "end_time": "16.26",
                "speaker_label": "spk_1"
            },
            {
                "id": 51,
                "type": "punctuation",
                "alternatives": [
                    {
                        "confidence": "0.0",
                        "content": "?"
                    }
                ],
                "speaker_label": "spk_1"
            },
            {
                "id": 52,
                "type": "pronunciation",
                "alternatives": [
                    {
                        "confidence": "0.997",
                        "content": "Um"
                    }
                ],
                "start_time": "16.909",
                "end_time": "17.77",
                "speaker_label": "spk_0"
            },
            {
                "id": 53,
                "type": "punctuation",
                "alternatives": [
                    {
                        "confidence": "0.0",
                        "content": ","
                    }
                ],
                "speaker_label": "spk_0"
            },
            {
                "id": 54,
                "type": "pronunciation",
                "alternatives": [
                    {
                        "confidence": "0.897",
                        "content": "uh"
                    }
                ],
                "start_time": "18.34",
                "end_time": "18.45",
                "speaker_label": "spk_0"
            },
            {
                "id": 55,
                "type": "punctuation",
                "alternatives": [
                    {
                        "confidence": "0.0",
                        "content": ","
                    }
                ],
                "speaker_label": "spk_0"
            },
            {
                "id": 56,
                "type": "pronunciation",
                "alternatives": [
                    {
                        "confidence": "0.997",
                        "content": "yes"
                    }
                ],
                "start_time": "18.469",
                "end_time": "18.94",
                "speaker_label": "spk_0"
            },
            {
                "id": 57,
                "type": "punctuation",
                "alternatives": [
                    {
                        "confidence": "0.0",
                        "content": ","
                    }
                ],
                "speaker_label": "spk_0"
            },
            {
                "id": 58,
                "type": "pronunciation",
                "alternatives": [
                    {
                        "confidence": "0.997",
                        "content": "we"
                    }
                ],
                "start_time": "18.95",
                "end_time": "19.11",
                "speaker_label": "spk_0"
            },
            {
                "id": 59,
                "type": "pronunciation",
                "alternatives": [
                    {
                        "confidence": "0.997",
                        "content": "are"
                    }
                ],
                "start_time": "19.11",
                "end_time": "19.51",
                "speaker_label": "spk_0"
            },
            {
                "id": 60,
                "type": "pronunciation",
                "alternatives": [
                    {
                        "confidence": "0.999",
                        "content": "private"
                    }
                ],
                "start_time": "19.51",
                "end_time": "20.02",
                "speaker_label": "spk_0"
            },
            {
                "id": 61,
                "type": "pronunciation",
                "alternatives": [
                    {
                        "confidence": "0.995",
                        "content": "clinic"
                    }
                ],
                "start_time": "20.02",
                "end_time": "20.459",
                "speaker_label": "spk_0"
            },
            {
                "id": 62,
                "type": "punctuation",
                "alternatives": [
                    {
                        "confidence": "0.0",
                        "content": ","
                    }
                ],
                "speaker_label": "spk_0"
            },
            {
                "id": 63,
                "type": "pronunciation",
                "alternatives": [
                    {
                        "confidence": "0.998",
                        "content": "but"
                    }
                ],
                "start_time": "20.59",
                "end_time": "21.04",
                "speaker_label": "spk_0"
            },
            {
                "id": 64,
                "type": "pronunciation",
                "alternatives": [
                    {
                        "confidence": "0.995",
                        "content": "Alberta"
                    }
                ],
                "start_time": "21.04",
                "end_time": "21.709",
                "speaker_label": "spk_0"
            },
            {
                "id": 65,
                "type": "pronunciation",
                "alternatives": [
                    {
                        "confidence": "0.77",
                        "content": "Healthcare"
                    }
                ],
                "start_time": "21.709",
                "end_time": "22.459",
                "speaker_label": "spk_0"
            },
            {
                "id": 66,
                "type": "pronunciation",
                "alternatives": [
                    {
                        "confidence": "0.998",
                        "content": "covers"
                    }
                ],
                "start_time": "22.459",
                "end_time": "23.35",
                "speaker_label": "spk_0"
            },
            {
                "id": 67,
                "type": "pronunciation",
                "alternatives": [
                    {
                        "confidence": "0.998",
                        "content": "all"
                    }
                ],
                "start_time": "23.35",
                "end_time": "24.309",
                "speaker_label": "spk_0"
            },
            {
                "id": 68,
                "type": "pronunciation",
                "alternatives": [
                    {
                        "confidence": "0.995",
                        "content": "expenses"
                    }
                ],
                "start_time": "24.309",
                "end_time": "25.18",
                "speaker_label": "spk_0"
            },
            {
                "id": 69,
                "type": "punctuation",
                "alternatives": [
                    {
                        "confidence": "0.0",
                        "content": "."
                    }
                ],
                "speaker_label": "spk_0"
            },
            {
                "id": 70,
                "type": "pronunciation",
                "alternatives": [
                    {
                        "confidence": "0.997",
                        "content": "All"
                    }
                ],
                "start_time": "26.389",
                "end_time": "26.729",
                "speaker_label": "spk_1"
            },
            {
                "id": 71,
                "type": "pronunciation",
                "alternatives": [
                    {
                        "confidence": "0.986",
                        "content": "expenses"
                    }
                ],
                "start_time": "26.729",
                "end_time": "27.44",
                "speaker_label": "spk_1"
            },
            {
                "id": 72,
                "type": "punctuation",
                "alternatives": [
                    {
                        "confidence": "0.0",
                        "content": "."
                    }
                ],
                "speaker_label": "spk_1"
            },
            {
                "id": 73,
                "type": "pronunciation",
                "alternatives": [
                    {
                        "confidence": "0.992",
                        "content": "Um"
                    }
                ],
                "start_time": "27.729",
                "end_time": "28.11",
                "speaker_label": "spk_0"
            },
            {
                "id": 74,
                "type": "punctuation",
                "alternatives": [
                    {
                        "confidence": "0.0",
                        "content": ","
                    }
                ],
                "speaker_label": "spk_0"
            },
            {
                "id": 75,
                "type": "pronunciation",
                "alternatives": [
                    {
                        "confidence": "0.997",
                        "content": "almost"
                    }
                ],
                "start_time": "28.45",
                "end_time": "28.889",
                "speaker_label": "spk_0"
            },
            {
                "id": 76,
                "type": "pronunciation",
                "alternatives": [
                    {
                        "confidence": "0.994",
                        "content": "all"
                    }
                ],
                "start_time": "28.889",
                "end_time": "29.52",
                "speaker_label": "spk_0"
            },
            {
                "id": 77,
                "type": "punctuation",
                "alternatives": [
                    {
                        "confidence": "0.0",
                        "content": "."
                    }
                ],
                "speaker_label": "spk_0"
            },
            {
                "id": 78,
                "type": "pronunciation",
                "alternatives": [
                    {
                        "confidence": "0.898",
                        "content": "Do"
                    }
                ],
                "start_time": "30.69",
                "end_time": "30.809",
                "speaker_label": "spk_0"
            },
            {
                "id": 79,
                "type": "pronunciation",
                "alternatives": [
                    {
                        "confidence": "0.997",
                        "content": "you"
                    }
                ],
                "start_time": "30.809",
                "end_time": "30.969",
                "speaker_label": "spk_0"
            },
            {
                "id": 80,
                "type": "pronunciation",
                "alternatives": [
                    {
                        "confidence": "0.997",
                        "content": "do"
                    }
                ],
                "start_time": "30.969",
                "end_time": "31.29",
                "speaker_label": "spk_0"
            },
            {
                "id": 81,
                "type": "pronunciation",
                "alternatives": [
                    {
                        "confidence": "0.988",
                        "content": "MRIs"
                    }
                ],
                "start_time": "31.29",
                "end_time": "32.319",
                "speaker_label": "spk_1"
            },
            {
                "id": 82,
                "type": "punctuation",
                "alternatives": [
                    {
                        "confidence": "0.0",
                        "content": "?"
                    }
                ],
                "speaker_label": "spk_1"
            },
            {
                "id": 83,
                "type": "pronunciation",
                "alternatives": [
                    {
                        "confidence": "0.991",
                        "content": "Unfortunately"
                    }
                ],
                "start_time": "32.61",
                "end_time": "33.49",
                "speaker_label": "spk_0"
            },
            {
                "id": 84,
                "type": "punctuation",
                "alternatives": [
                    {
                        "confidence": "0.0",
                        "content": ","
                    }
                ],
                "speaker_label": "spk_0"
            },
            {
                "id": 85,
                "type": "pronunciation",
                "alternatives": [
                    {
                        "confidence": "0.997",
                        "content": "sir"
                    }
                ],
                "start_time": "33.65",
                "end_time": "33.77",
                "speaker_label": "spk_0"
            },
            {
                "id": 86,
                "type": "punctuation",
                "alternatives": [
                    {
                        "confidence": "0.0",
                        "content": ","
                    }
                ],
                "speaker_label": "spk_0"
            },
            {
                "id": 87,
                "type": "pronunciation",
                "alternatives": [
                    {
                        "confidence": "0.991",
                        "content": "we're"
                    }
                ],
                "start_time": "33.849",
                "end_time": "34.09",
                "speaker_label": "spk_0"
            },
            {
                "id": 88,
                "type": "pronunciation",
                "alternatives": [
                    {
                        "confidence": "0.999",
                        "content": "not"
                    }
                ],
                "start_time": "34.09",
                "end_time": "34.29",
                "speaker_label": "spk_0"
            },
            {
                "id": 89,
                "type": "pronunciation",
                "alternatives": [
                    {
                        "confidence": "0.998",
                        "content": "doing"
                    }
                ],
                "start_time": "34.29",
                "end_time": "34.61",
                "speaker_label": "spk_0"
            },
            {
                "id": 90,
                "type": "pronunciation",
                "alternatives": [
                    {
                        "confidence": "0.99",
                        "content": "MRIs"
                    }
                ],
                "start_time": "34.61",
                "end_time": "35.209",
                "speaker_label": "spk_0"
            },
            {
                "id": 91,
                "type": "punctuation",
                "alternatives": [
                    {
                        "confidence": "0.0",
                        "content": ","
                    }
                ],
                "speaker_label": "spk_0"
            },
            {
                "id": 92,
                "type": "pronunciation",
                "alternatives": [
                    {
                        "confidence": "0.866",
                        "content": "we're"
                    }
                ],
                "start_time": "35.22",
                "end_time": "35.409",
                "speaker_label": "spk_0"
            },
            {
                "id": 93,
                "type": "pronunciation",
                "alternatives": [
                    {
                        "confidence": "0.999",
                        "content": "only"
                    }
                ],
                "start_time": "35.409",
                "end_time": "35.77",
                "speaker_label": "spk_0"
            },
            {
                "id": 94,
                "type": "pronunciation",
                "alternatives": [
                    {
                        "confidence": "0.998",
                        "content": "doing"
                    }
                ],
                "start_time": "35.77",
                "end_time": "36.13",
                "speaker_label": "spk_0"
            },
            {
                "id": 95,
                "type": "pronunciation",
                "alternatives": [
                    {
                        "confidence": "0.974",
                        "content": "ultrasounds"
                    }
                ],
                "start_time": "36.13",
                "end_time": "37.069",
                "speaker_label": "spk_0"
            },
            {
                "id": 96,
                "type": "punctuation",
                "alternatives": [
                    {
                        "confidence": "0.0",
                        "content": ","
                    }
                ],
                "speaker_label": "spk_0"
            },
            {
                "id": 97,
                "type": "pronunciation",
                "alternatives": [
                    {
                        "confidence": "0.932",
                        "content": "X-rays"
                    }
                ],
                "start_time": "37.169",
                "end_time": "37.889",
                "speaker_label": "spk_0"
            },
            {
                "id": 98,
                "type": "punctuation",
                "alternatives": [
                    {
                        "confidence": "0.0",
                        "content": ","
                    }
                ],
                "speaker_label": "spk_0"
            },
            {
                "id": 99,
                "type": "pronunciation",
                "alternatives": [
                    {
                        "confidence": "0.998",
                        "content": "pain"
                    }
                ],
                "start_time": "38.159",
                "end_time": "38.409",
                "speaker_label": "spk_0"
            },
            {
                "id": 100,
                "type": "pronunciation",
                "alternatives": [
                    {
                        "confidence": "0.999",
                        "content": "management"
                    }
                ],
                "start_time": "38.409",
                "end_time": "39.04",
                "speaker_label": "spk_0"
            },
            {
                "id": 101,
                "type": "punctuation",
                "alternatives": [
                    {
                        "confidence": "0.0",
                        "content": "."
                    }
                ],
                "speaker_label": "spk_0"
            },
            {
                "id": 102,
                "type": "pronunciation",
                "alternatives": [
                    {
                        "confidence": "0.997",
                        "content": "OK"
                    }
                ],
                "start_time": "40.45",
                "end_time": "42.04",
                "speaker_label": "spk_1"
            },
            {
                "id": 103,
                "type": "punctuation",
                "alternatives": [
                    {
                        "confidence": "0.0",
                        "content": ","
                    }
                ],
                "speaker_label": "spk_1"
            },
            {
                "id": 104,
                "type": "pronunciation",
                "alternatives": [
                    {
                        "confidence": "0.997",
                        "content": "are"
                    }
                ],
                "start_time": "42.36",
                "end_time": "42.63",
                "speaker_label": "spk_1"
            },
            {
                "id": 105,
                "type": "pronunciation",
                "alternatives": [
                    {
                        "confidence": "0.997",
                        "content": "there"
                    }
                ],
                "start_time": "42.63",
                "end_time": "42.75",
                "speaker_label": "spk_1"
            },
            {
                "id": 106,
                "type": "pronunciation",
                "alternatives": [
                    {
                        "confidence": "0.998",
                        "content": "any"
                    }
                ],
                "start_time": "42.75",
                "end_time": "43.15",
                "speaker_label": "spk_1"
            },
            {
                "id": 107,
                "type": "pronunciation",
                "alternatives": [
                    {
                        "confidence": "0.995",
                        "content": "MRI"
                    }
                ],
                "start_time": "43.15",
                "end_time": "44.11",
                "speaker_label": "spk_1"
            },
            {
                "id": 108,
                "type": "pronunciation",
                "alternatives": [
                    {
                        "confidence": "0.997",
                        "content": "companies"
                    }
                ],
                "start_time": "44.11",
                "end_time": "44.59",
                "speaker_label": "spk_1"
            },
            {
                "id": 109,
                "type": "pronunciation",
                "alternatives": [
                    {
                        "confidence": "0.999",
                        "content": "around"
                    }
                ],
                "start_time": "44.59",
                "end_time": "44.79",
                "speaker_label": "spk_1"
            },
            {
                "id": 110,
                "type": "pronunciation",
                "alternatives": [
                    {
                        "confidence": "0.999",
                        "content": "like"
                    }
                ],
                "start_time": "44.79",
                "end_time": "44.99",
                "speaker_label": "spk_1"
            },
            {
                "id": 111,
                "type": "pronunciation",
                "alternatives": [
                    {
                        "confidence": "0.996",
                        "content": "yours"
                    }
                ],
                "start_time": "44.99",
                "end_time": "45.43",
                "speaker_label": "spk_1"
            },
            {
                "id": 112,
                "type": "punctuation",
                "alternatives": [
                    {
                        "confidence": "0.0",
                        "content": "?"
                    }
                ],
                "speaker_label": "spk_1"
            },
            {
                "id": 113,
                "type": "pronunciation",
                "alternatives": [
                    {
                        "confidence": "0.997",
                        "content": "Um"
                    }
                ],
                "start_time": "46.509",
                "end_time": "47.599",
                "speaker_label": "spk_0"
            },
            {
                "id": 114,
                "type": "punctuation",
                "alternatives": [
                    {
                        "confidence": "0.0",
                        "content": ","
                    }
                ],
                "speaker_label": "spk_0"
            },
            {
                "id": 115,
                "type": "pronunciation",
                "alternatives": [
                    {
                        "confidence": "0.996",
                        "content": "as"
                    }
                ],
                "start_time": "47.72",
                "end_time": "47.909",
                "speaker_label": "spk_0"
            },
            {
                "id": 116,
                "type": "pronunciation",
                "alternatives": [
                    {
                        "confidence": "0.996",
                        "content": "I"
                    }
                ],
                "start_time": "47.909",
                "end_time": "48.4",
                "speaker_label": "spk_0"
            },
            {
                "id": 117,
                "type": "pronunciation",
                "alternatives": [
                    {
                        "confidence": "0.997",
                        "content": "know"
                    }
                ],
                "start_time": "48.4",
                "end_time": "49.069",
                "speaker_label": "spk_0"
            },
            {
                "id": 118,
                "type": "punctuation",
                "alternatives": [
                    {
                        "confidence": "0.0",
                        "content": ","
                    }
                ],
                "speaker_label": "spk_0"
            },
            {
                "id": 119,
                "type": "pronunciation",
                "alternatives": [
                    {
                        "confidence": "0.383",
                        "content": "Mayer"
                    }
                ],
                "start_time": "49.319",
                "end_time": "50.049",
                "speaker_label": "spk_0"
            },
            {
                "id": 120,
                "type": "pronunciation",
                "alternatives": [
                    {
                        "confidence": "0.997",
                        "content": "are"
                    }
                ],
                "start_time": "50.049",
                "end_time": "50.639",
                "speaker_label": "spk_0"
            },
            {
                "id": 121,
                "type": "pronunciation",
                "alternatives": [
                    {
                        "confidence": "0.998",
                        "content": "doing"
                    }
                ],
                "start_time": "50.639",
                "end_time": "51.04",
                "speaker_label": "spk_0"
            },
            {
                "id": 122,
                "type": "pronunciation",
                "alternatives": [
                    {
                        "confidence": "0.987",
                        "content": "MRIs"
                    }
                ],
                "start_time": "51.04",
                "end_time": "51.88",
                "speaker_label": "spk_0"
            },
            {
                "id": 123,
                "type": "punctuation",
                "alternatives": [
                    {
                        "confidence": "0.0",
                        "content": ","
                    }
                ],
                "speaker_label": "spk_0"
            },
            {
                "id": 124,
                "type": "pronunciation",
                "alternatives": [
                    {
                        "confidence": "0.998",
                        "content": "but"
                    }
                ],
                "start_time": "52.0",
                "end_time": "52.159",
                "speaker_label": "spk_0"
            },
            {
                "id": 125,
                "type": "pronunciation",
                "alternatives": [
                    {
                        "confidence": "0.99",
                        "content": "it's"
                    }
                ],
                "start_time": "52.159",
                "end_time": "52.52",
                "speaker_label": "spk_0"
            },
            {
                "id": 126,
                "type": "pronunciation",
                "alternatives": [
                    {
                        "confidence": "0.985",
                        "content": "privately"
                    }
                ],
                "start_time": "52.52",
                "end_time": "53.27",
                "speaker_label": "spk_0"
            },
            {
                "id": 127,
                "type": "punctuation",
                "alternatives": [
                    {
                        "confidence": "0.0",
                        "content": "."
                    }
                ],
                "speaker_label": "spk_0"
            },
            {
                "id": 128,
                "type": "pronunciation",
                "alternatives": [
                    {
                        "confidence": "0.998",
                        "content": "OK"
                    }
                ],
                "start_time": "54.18",
                "end_time": "55.24",
                "speaker_label": "spk_1"
            },
            {
                "id": 129,
                "type": "pronunciation",
                "alternatives": [
                    {
                        "confidence": "0.998",
                        "content": "perfect"
                    }
                ],
                "start_time": "55.24",
                "end_time": "55.639",
                "speaker_label": "spk_1"
            },
            {
                "id": 130,
                "type": "pronunciation",
                "alternatives": [
                    {
                        "confidence": "0.997",
                        "content": "thank"
                    }
                ],
                "start_time": "55.639",
                "end_time": "55.88",
                "speaker_label": "spk_1"
            },
            {
                "id": 131,
                "type": "pronunciation",
                "alternatives": [
                    {
                        "confidence": "0.999",
                        "content": "you"
                    }
                ],
                "start_time": "55.88",
                "end_time": "56.59",
                "speaker_label": "spk_1"
            },
            {
                "id": 132,
                "type": "punctuation",
                "alternatives": [
                    {
                        "confidence": "0.0",
                        "content": "."
                    }
                ],
                "speaker_label": "spk_1"
            },
            {
                "id": 133,
                "type": "pronunciation",
                "alternatives": [
                    {
                        "confidence": "0.843",
                        "content": "Yeah"
                    }
                ],
                "start_time": "56.97",
                "end_time": "57.159",
                "speaker_label": "spk_0"
            },
            {
                "id": 134,
                "type": "pronunciation",
                "alternatives": [
                    {
                        "confidence": "0.993",
                        "content": "bye"
                    }
                ],
                "start_time": "57.56",
                "end_time": "57.72",
                "speaker_label": "spk_1"
            },
            {
                "id": 135,
                "type": "pronunciation",
                "alternatives": [
                    {
                        "confidence": "0.996",
                        "content": "bye"
                    }
                ],
                "start_time": "57.72",
                "end_time": "58.069",
                "speaker_label": "spk_0"
            },
            {
                "id": 136,
                "type": "punctuation",
                "alternatives": [
                    {
                        "confidence": "0.0",
                        "content": "."
                    }
                ],
                "speaker_label": "spk_0"
            },
            {
                "id": 137,
                "type": "pronunciation",
                "alternatives": [
                    {
                        "confidence": "0.996",
                        "content": "Bye"
                    }
                ],
                "start_time": "58.159",
                "end_time": "58.299",
                "speaker_label": "spk_0"
            },
            {
                "id": 138,
                "type": "pronunciation",
                "alternatives": [
                    {
                        "confidence": "0.995",
                        "content": "bye"
                    }
                ],
                "start_time": "58.299",
                "end_time": "58.68",
                "speaker_label": "spk_0"
            },
            {
                "id": 139,
                "type": "punctuation",
                "alternatives": [
                    {
                        "confidence": "0.0",
                        "content": "."
                    }
                ],
                "speaker_label": "spk_0"
            }
        ],
        "audio_segments": [
            {
                "id": 0,
                "transcript": "We [PII] speaking. How may I help you?",
                "start_time": "0.68",
                "end_time": "3.72",
                "speaker_label": "spk_0",
                "items": [
                    0,
                    1,
                    2,
                    3,
                    4,
                    5,
                    6,
                    7,
                    8,
                    9
                ]
            },
            {
                "id": 1,
                "transcript": "Hello, can you hear me?",
                "start_time": "5.059",
                "end_time": "6.61",
                "speaker_label": "spk_1",
                "items": [
                    10,
                    11,
                    12,
                    13,
                    14,
                    15,
                    16
                ]
            },
            {
                "id": 2,
                "transcript": "Yes, yes I can hear you, sir. How may I help",
                "start_time": "6.92",
                "end_time": "9.27",
                "speaker_label": "spk_0",
                "items": [
                    17,
                    18,
                    19,
                    20,
                    21,
                    22,
                    23,
                    24,
                    25,
                    26,
                    27,
                    28,
                    29,
                    30
                ]
            },
            {
                "id": 3,
                "transcript": "you? OK.",
                "start_time": "9.27",
                "end_time": "9.89",
                "speaker_label": "spk_1",
                "items": [
                    31,
                    32,
                    33,
                    34
                ]
            },
            {
                "id": 4,
                "transcript": "I can't hear you very well. OK.",
                "start_time": "10.439",
                "end_time": "12.55",
                "speaker_label": "spk_1",
                "items": [
                    35,
                    36,
                    37,
                    38,
                    39,
                    40,
                    41,
                    42,
                    43
                ]
            },
            {
                "id": 5,
                "transcript": "Um, are you a private clinic?",
                "start_time": "13.27",
                "end_time": "16.26",
                "speaker_label": "spk_1",
                "items": [
                    44,
                    45,
                    46,
                    47,
                    48,
                    49,
                    50,
                    51
                ]
            },
            {
                "id": 6,
                "transcript": "Um, uh, yes, we are private clinic, but Alberta Healthcare covers all expenses.",
                "start_time": "16.909",
                "end_time": "25.37",
                "speaker_label": "spk_0",
                "items": [
                    52,
                    53,
                    54,
                    55,
                    56,
                    57,
                    58,
                    59,
                    60,
                    61,
                    62,
                    63,
                    64,
                    65,
                    66,
                    67,
                    68,
                    69
                ]
            },
            {
                "id": 7,
                "transcript": "All expenses.",
                "start_time": "26.29",
                "end_time": "27.44",
                "speaker_label": "spk_1",
                "items": [
                    70,
                    71,
                    72
                ]
            },
            {
                "id": 8,
                "transcript": "Um, almost all. Do you do",
                "start_time": "27.729",
                "end_time": "31.29",
                "speaker_label": "spk_0",
                "items": [
                    73,
                    74,
                    75,
                    76,
                    77,
                    78,
                    79,
                    80
                ]
            },
            {
                "id": 9,
                "transcript": "MRIs?",
                "start_time": "31.29",
                "end_time": "32.319",
                "speaker_label": "spk_1",
                "items": [
                    81,
                    82
                ]
            },
            {
                "id": 10,
                "transcript": "Unfortunately, sir, we're not doing MRIs, we're only doing ultrasounds, X-rays, pain management.",
                "start_time": "32.61",
                "end_time": "39.389",
                "speaker_label": "spk_0",
                "items": [
                    83,
                    84,
                    85,
                    86,
                    87,
                    88,
                    89,
                    90,
                    91,
                    92,
                    93,
                    94,
                    95,
                    96,
                    97,
                    98,
                    99,
                    100,
                    101
                ]
            },
            {
                "id": 11,
                "transcript": "OK, are there any MRI companies around like yours?",
                "start_time": "40.349",
                "end_time": "45.549",
                "speaker_label": "spk_1",
                "items": [
                    102,
                    103,
                    104,
                    105,
                    106,
                    107,
                    108,
                    109,
                    110,
                    111,
                    112
                ]
            },
            {
                "id": 12,
                "transcript": "Um, as I know, Mayer are doing MRIs, but it's privately.",
                "start_time": "46.479",
                "end_time": "53.38",
                "speaker_label": "spk_0",
                "items": [
                    113,
                    114,
                    115,
                    116,
                    117,
                    118,
                    119,
                    120,
                    121,
                    122,
                    123,
                    124,
                    125,
                    126,
                    127
                ]
            },
            {
                "id": 13,
                "transcript": "OK perfect thank",
                "start_time": "54.08",
                "end_time": "55.88",
                "speaker_label": "spk_1",
                "items": [
                    128,
                    129,
                    130
                ]
            },
            {
                "id": 14,
                "transcript": "you.",
                "start_time": "55.88",
                "end_time": "56.59",
                "speaker_label": "spk_1",
                "items": [
                    131,
                    132
                ]
            },
            {
                "id": 15,
                "transcript": "Yeah",
                "start_time": "56.97",
                "end_time": "57.159",
                "speaker_label": "spk_0",
                "items": [
                    133
                ]
            },
            {
                "id": 16,
                "transcript": "bye",
                "start_time": "57.56",
                "end_time": "57.72",
                "speaker_label": "spk_1",
                "items": [
                    134
                ]
            },
            {
                "id": 17,
                "transcript": "bye. Bye bye.",
                "start_time": "57.72",
                "end_time": "58.84",
                "speaker_label": "spk_0",
                "items": [
                    135,
                    136,
                    137,
                    138,
                    139
                ]
            }
        ]
    }
}