{
    "jobName": "transcription-job-2024-03-21T18-27-10Z-call-8443fb0b-622e-43ea-ac03-96519d2b8298-1734638261",
    "accountId": "199040315413",
    "isRedacted": true,
    "status": "COMPLETED",
    "results": {
        "transcripts": [
            {
                "transcript": "Well for the agnostic [PII] speaking. How may I help you? Hi there, I was asked to call and confirm my partner for tomorrow. And you have appointment in [PII]? Yeah, at 10:30. Uh, OK, and when do you know? Tomorrow? Well, yeah. And what's your name? Gosh. [PII]. Yeah. OK, OK, I will confirm your appointment. Thank you for letting us know and see you tomorrow. Thanks OK bye bye."
            }
        ],
        "speaker_labels": {
            "segments": [
                {
                    "start_time": "0.4",
                    "end_time": "3.519",
                    "speaker_label": "spk_0",
                    "items": [
                        {
                            "speaker_label": "spk_0",
                            "start_time": "0.879",
                            "end_time": "1.039"
                        },
                        {
                            "speaker_label": "spk_0",
                            "start_time": "1.039",
                            "end_time": "1.12"
                        },
                        {
                            "speaker_label": "spk_0",
                            "start_time": "1.12",
                            "end_time": "1.279"
                        },
                        {
                            "speaker_label": "spk_0",
                            "start_time": "1.279",
                            "end_time": "1.759"
                        },
                        {
                            "speaker_label": "spk_0",
                            "start_time": "1.759",
                            "end_time": "2.25"
                        },
                        {
                            "speaker_label": "spk_0",
                            "start_time": "2.25",
                            "end_time": "2.47"
                        },
                        {
                            "speaker_label": "spk_0",
                            "start_time": "2.559",
                            "end_time": "2.75"
                        },
                        {
                            "speaker_label": "spk_0",
                            "start_time": "2.75",
                            "end_time": "2.869"
                        },
                        {
                            "speaker_label": "spk_0",
                            "start_time": "2.869",
                            "end_time": "3.0"
                        },
                        {
                            "speaker_label": "spk_0",
                            "start_time": "3.0",
                            "end_time": "3.19"
                        },
                        {
                            "speaker_label": "spk_0",
                            "start_time": "3.19",
                            "end_time": "3.4"
                        }
                    ]
                },
                {
                    "start_time": "4.219",
                    "end_time": "7.3",
                    "speaker_label": "spk_1",
                    "items": [
                        {
                            "speaker_label": "spk_1",
                            "start_time": "4.38",
                            "end_time": "4.539"
                        },
                        {
                            "speaker_label": "spk_1",
                            "start_time": "4.539",
                            "end_time": "4.61"
                        },
                        {
                            "speaker_label": "spk_1",
                            "start_time": "4.619",
                            "end_time": "4.699"
                        },
                        {
                            "speaker_label": "spk_1",
                            "start_time": "4.699",
                            "end_time": "4.829"
                        },
                        {
                            "speaker_label": "spk_1",
                            "start_time": "4.829",
                            "end_time": "4.98"
                        },
                        {
                            "speaker_label": "spk_1",
                            "start_time": "4.98",
                            "end_time": "5.239"
                        },
                        {
                            "speaker_label": "spk_1",
                            "start_time": "5.239",
                            "end_time": "5.619"
                        },
                        {
                            "speaker_label": "spk_1",
                            "start_time": "5.619",
                            "end_time": "6.059"
                        },
                        {
                            "speaker_label": "spk_1",
                            "start_time": "6.059",
                            "end_time": "6.219"
                        },
                        {
                            "speaker_label": "spk_1",
                            "start_time": "6.219",
                            "end_time": "6.389"
                        },
                        {
                            "speaker_label": "spk_1",
                            "start_time": "6.389",
                            "end_time": "6.429"
                        },
                        {
                            "speaker_label": "spk_1",
                            "start_time": "6.429",
                            "end_time": "6.9"
                        },
                        {
                            "speaker_label": "spk_1",
                            "start_time": "6.9",
                            "end_time": "7.099"
                        }
                    ]
                },
                {
                    "start_time": "8.46",
                    "end_time": "10.92",
                    "speaker_label": "spk_0",
                    "items": [
                        {
                            "speaker_label": "spk_0",
                            "start_time": "8.479",
                            "end_time": "8.939"
                        },
                        {
                            "speaker_label": "spk_0",
                            "start_time": "8.939",
                            "end_time": "9.1"
                        },
                        {
                            "speaker_label": "spk_0",
                            "start_time": "9.1",
                            "end_time": "9.26"
                        },
                        {
                            "speaker_label": "spk_0",
                            "start_time": "9.26",
                            "end_time": "10.09"
                        },
                        {
                            "speaker_label": "spk_0",
                            "start_time": "10.09",
                            "end_time": "10.3"
                        },
                        {
                            "speaker_label": "spk_0",
                            "start_time": "10.3",
                            "end_time": "10.819"
                        }
                    ]
                },
                {
                    "start_time": "11.89",
                    "end_time": "13.119",
                    "speaker_label": "spk_1",
                    "items": [
                        {
                            "speaker_label": "spk_1",
                            "start_time": "11.909",
                            "end_time": "12.13"
                        },
                        {
                            "speaker_label": "spk_1",
                            "start_time": "12.26",
                            "end_time": "12.27"
                        },
                        {
                            "speaker_label": "spk_1",
                            "start_time": "12.27",
                            "end_time": "13.02"
                        }
                    ]
                },
                {
                    "start_time": "13.88",
                    "end_time": "18.26",
                    "speaker_label": "spk_0",
                    "items": [
                        {
                            "speaker_label": "spk_0",
                            "start_time": "13.899",
                            "end_time": "14.52"
                        },
                        {
                            "speaker_label": "spk_0",
                            "start_time": "14.68",
                            "end_time": "15.479"
                        },
                        {
                            "speaker_label": "spk_0",
                            "start_time": "15.52",
                            "end_time": "15.92"
                        },
                        {
                            "speaker_label": "spk_0",
                            "start_time": "15.92",
                            "end_time": "16.37"
                        },
                        {
                            "speaker_label": "spk_0",
                            "start_time": "16.37",
                            "end_time": "16.549"
                        },
                        {
                            "speaker_label": "spk_0",
                            "start_time": "16.549",
                            "end_time": "16.84"
                        },
                        {
                            "speaker_label": "spk_0",
                            "start_time": "16.84",
                            "end_time": "17.389"
                        },
                        {
                            "speaker_label": "spk_0",
                            "start_time": "17.829",
                            "end_time": "18.26"
                        }
                    ]
                },
                {
                    "start_time": "19.319",
                    "end_time": "19.54",
                    "speaker_label": "spk_1",
                    "items": [
                        {
                            "speaker_label": "spk_1",
                            "start_time": "19.319",
                            "end_time": "19.329"
                        },
                        {
                            "speaker_label": "spk_1",
                            "start_time": "19.36",
                            "end_time": "19.54"
                        }
                    ]
                },
                {
                    "start_time": "19.68",
                    "end_time": "20.579",
                    "speaker_label": "spk_0",
                    "items": [
                        {
                            "speaker_label": "spk_0",
                            "start_time": "19.68",
                            "end_time": "19.84"
                        },
                        {
                            "speaker_label": "spk_0",
                            "start_time": "19.84",
                            "end_time": "20.04"
                        },
                        {
                            "speaker_label": "spk_0",
                            "start_time": "20.04",
                            "end_time": "20.159"
                        },
                        {
                            "speaker_label": "spk_0",
                            "start_time": "20.159",
                            "end_time": "20.479"
                        }
                    ]
                },
                {
                    "start_time": "21.129",
                    "end_time": "21.159",
                    "speaker_label": "spk_1",
                    "items": [
                        {
                            "speaker_label": "spk_1",
                            "start_time": "21.139",
                            "end_time": "21.159"
                        }
                    ]
                },
                {
                    "start_time": "22.409",
                    "end_time": "23.35",
                    "speaker_label": "spk_0",
                    "items": [
                        {
                            "speaker_label": "spk_0",
                            "start_time": "22.409",
                            "end_time": "23.35"
                        }
                    ]
                },
                {
                    "start_time": "23.889",
                    "end_time": "24.209",
                    "speaker_label": "spk_1",
                    "items": [
                        {
                            "speaker_label": "spk_1",
                            "start_time": "23.889",
                            "end_time": "24.209"
                        }
                    ]
                },
                {
                    "start_time": "24.809",
                    "end_time": "30.079",
                    "speaker_label": "spk_0",
                    "items": [
                        {
                            "speaker_label": "spk_0",
                            "start_time": "24.809",
                            "end_time": "25.28"
                        },
                        {
                            "speaker_label": "spk_0",
                            "start_time": "25.52",
                            "end_time": "25.829"
                        },
                        {
                            "speaker_label": "spk_0",
                            "start_time": "25.94",
                            "end_time": "26.129"
                        },
                        {
                            "speaker_label": "spk_0",
                            "start_time": "26.129",
                            "end_time": "26.51"
                        },
                        {
                            "speaker_label": "spk_0",
                            "start_time": "26.51",
                            "end_time": "26.709"
                        },
                        {
                            "speaker_label": "spk_0",
                            "start_time": "26.709",
                            "end_time": "26.85"
                        },
                        {
                            "speaker_label": "spk_0",
                            "start_time": "26.85",
                            "end_time": "27.29"
                        },
                        {
                            "speaker_label": "spk_0",
                            "start_time": "27.409",
                            "end_time": "27.61"
                        },
                        {
                            "speaker_label": "spk_0",
                            "start_time": "27.61",
                            "end_time": "27.889"
                        },
                        {
                            "speaker_label": "spk_0",
                            "start_time": "27.889",
                            "end_time": "28.25"
                        },
                        {
                            "speaker_label": "spk_0",
                            "start_time": "28.25",
                            "end_time": "28.53"
                        },
                        {
                            "speaker_label": "spk_0",
                            "start_time": "28.53",
                            "end_time": "28.729"
                        },
                        {
                            "speaker_label": "spk_0",
                            "start_time": "28.729",
                            "end_time": "28.93"
                        },
                        {
                            "speaker_label": "spk_0",
                            "start_time": "28.93",
                            "end_time": "29.25"
                        },
                        {
                            "speaker_label": "spk_0",
                            "start_time": "29.25",
                            "end_time": "29.37"
                        },
                        {
                            "speaker_label": "spk_0",
                            "start_time": "29.37",
                            "end_time": "29.61"
                        },
                        {
                            "speaker_label": "spk_0",
                            "start_time": "29.61",
                            "end_time": "29.93"
                        }
                    ]
                },
                {
                    "start_time": "30.709",
                    "end_time": "31.909",
                    "speaker_label": "spk_1",
                    "items": [
                        {
                            "speaker_label": "spk_1",
                            "start_time": "30.829",
                            "end_time": "31.299"
                        },
                        {
                            "speaker_label": "spk_1",
                            "start_time": "31.299",
                            "end_time": "31.75"
                        },
                        {
                            "speaker_label": "spk_1",
                            "start_time": "31.75",
                            "end_time": "31.909"
                        }
                    ]
                },
                {
                    "start_time": "31.909",
                    "end_time": "32.348",
                    "speaker_label": "spk_0",
                    "items": [
                        {
                            "speaker_label": "spk_0",
                            "start_time": "31.909",
                            "end_time": "32.229"
                        }
                    ]
                }
            ],
            "channel_label": "ch_0",
            "speakers": 2
        },
        "items": [
            {
                "id": 0,
                "type": "pronunciation",
                "alternatives": [
                    {
                        "confidence": "0.216",
                        "content": "Well"
                    }
                ],
                "start_time": "0.879",
                "end_time": "1.039",
                "speaker_label": "spk_0"
            },
            {
                "id": 1,
                "type": "pronunciation",
                "alternatives": [
                    {
                        "confidence": "0.179",
                        "content": "for"
                    }
                ],
                "start_time": "1.039",
                "end_time": "1.12",
                "speaker_label": "spk_0"
            },
            {
                "id": 2,
                "type": "pronunciation",
                "alternatives": [
                    {
                        "confidence": "0.967",
                        "content": "the"
                    }
                ],
                "start_time": "1.12",
                "end_time": "1.279",
                "speaker_label": "spk_0"
            },
            {
                "id": 3,
                "type": "pronunciation",
                "alternatives": [
                    {
                        "confidence": "0.959",
                        "content": "agnostic"
                    }
                ],
                "start_time": "1.279",
                "end_time": "1.759",
                "speaker_label": "spk_0"
            },
            {
                "id": 4,
                "type": "pronunciation",
                "alternatives": [
                    {
                        "content": "[PII]",
                        "redactions": [
                            {
                                "confidence": "0.9999",
                                "type": "NAME",
                                "category": "PII"
                            }
                        ]
                    }
                ],
                "start_time": "1.759",
                "end_time": "2.25"
            },
            {
                "id": 5,
                "type": "pronunciation",
                "alternatives": [
                    {
                        "confidence": "0.998",
                        "content": "speaking"
                    }
                ],
                "start_time": "2.25",
                "end_time": "2.47",
                "speaker_label": "spk_0"
            },
            {
                "id": 6,
                "type": "punctuation",
                "alternatives": [
                    {
                        "confidence": "0.0",
                        "content": "."
                    }
                ],
                "speaker_label": "spk_0"
            },
            {
                "id": 7,
                "type": "pronunciation",
                "alternatives": [
                    {
                        "confidence": "0.996",
                        "content": "How"
                    }
                ],
                "start_time": "2.559",
                "end_time": "2.75",
                "speaker_label": "spk_0"
            },
            {
                "id": 8,
                "type": "pronunciation",
                "alternatives": [
                    {
                        "confidence": "0.999",
                        "content": "may"
                    }
                ],
                "start_time": "2.75",
                "end_time": "2.869",
                "speaker_label": "spk_0"
            },
            {
                "id": 9,
                "type": "pronunciation",
                "alternatives": [
                    {
                        "confidence": "0.998",
                        "content": "I"
                    }
                ],
                "start_time": "2.869",
                "end_time": "3.0",
                "speaker_label": "spk_0"
            },
            {
                "id": 10,
                "type": "pronunciation",
                "alternatives": [
                    {
                        "confidence": "0.999",
                        "content": "help"
                    }
                ],
                "start_time": "3.0",
                "end_time": "3.19",
                "speaker_label": "spk_0"
            },
            {
                "id": 11,
                "type": "pronunciation",
                "alternatives": [
                    {
                        "confidence": "0.999",
                        "content": "you"
                    }
                ],
                "start_time": "3.19",
                "end_time": "3.4",
                "speaker_label": "spk_0"
            },
            {
                "id": 12,
                "type": "punctuation",
                "alternatives": [
                    {
                        "confidence": "0.0",
                        "content": "?"
                    }
                ],
                "speaker_label": "spk_0"
            },
            {
                "id": 13,
                "type": "pronunciation",
                "alternatives": [
                    {
                        "confidence": "0.996",
                        "content": "Hi"
                    }
                ],
                "start_time": "4.38",
                "end_time": "4.539",
                "speaker_label": "spk_1"
            },
            {
                "id": 14,
                "type": "pronunciation",
                "alternatives": [
                    {
                        "confidence": "0.997",
                        "content": "there"
                    }
                ],
                "start_time": "4.539",
                "end_time": "4.61",
                "speaker_label": "spk_1"
            },
            {
                "id": 15,
                "type": "punctuation",
                "alternatives": [
                    {
                        "confidence": "0.0",
                        "content": ","
                    }
                ],
                "speaker_label": "spk_1"
            },
            {
                "id": 16,
                "type": "pronunciation",
                "alternatives": [
                    {
                        "confidence": "0.997",
                        "content": "I"
                    }
                ],
                "start_time": "4.619",
                "end_time": "4.699",
                "speaker_label": "spk_1"
            },
            {
                "id": 17,
                "type": "pronunciation",
                "alternatives": [
                    {
                        "confidence": "0.998",
                        "content": "was"
                    }
                ],
                "start_time": "4.699",
                "end_time": "4.829",
                "speaker_label": "spk_1"
            },
            {
                "id": 18,
                "type": "pronunciation",
                "alternatives": [
                    {
                        "confidence": "0.998",
                        "content": "asked"
                    }
                ],
                "start_time": "4.829",
                "end_time": "4.98",
                "speaker_label": "spk_1"
            },
            {
                "id": 19,
                "type": "pronunciation",
                "alternatives": [
                    {
                        "confidence": "0.999",
                        "content": "to"
                    }
                ],
                "start_time": "4.98",
                "end_time": "5.239",
                "speaker_label": "spk_1"
            },
            {
                "id": 20,
                "type": "pronunciation",
                "alternatives": [
                    {
                        "confidence": "0.999",
                        "content": "call"
                    }
                ],
                "start_time": "5.239",
                "end_time": "5.619",
                "speaker_label": "spk_1"
            },
            {
                "id": 21,
                "type": "pronunciation",
                "alternatives": [
                    {
                        "confidence": "0.999",
                        "content": "and"
                    }
                ],
                "start_time": "5.619",
                "end_time": "6.059",
                "speaker_label": "spk_1"
            },
            {
                "id": 22,
                "type": "pronunciation",
                "alternatives": [
                    {
                        "confidence": "0.997",
                        "content": "confirm"
                    }
                ],
                "start_time": "6.059",
                "end_time": "6.219",
                "speaker_label": "spk_1"
            },
            {
                "id": 23,
                "type": "pronunciation",
                "alternatives": [
                    {
                        "confidence": "0.997",
                        "content": "my"
                    }
                ],
                "start_time": "6.219",
                "end_time": "6.389",
                "speaker_label": "spk_1"
            },
            {
                "id": 24,
                "type": "pronunciation",
                "alternatives": [
                    {
                        "confidence": "0.713",
                        "content": "partner"
                    }
                ],
                "start_time": "6.389",
                "end_time": "6.429",
                "speaker_label": "spk_1"
            },
            {
                "id": 25,
                "type": "pronunciation",
                "alternatives": [
                    {
                        "confidence": "0.828",
                        "content": "for"
                    }
                ],
                "start_time": "6.429",
                "end_time": "6.9",
                "speaker_label": "spk_1"
            },
            {
                "id": 26,
                "type": "pronunciation",
                "alternatives": [
                    {
                        "confidence": "0.966",
                        "content": "tomorrow"
                    }
                ],
                "start_time": "6.9",
                "end_time": "7.099",
                "speaker_label": "spk_1"
            },
            {
                "id": 27,
                "type": "punctuation",
                "alternatives": [
                    {
                        "confidence": "0.0",
                        "content": "."
                    }
                ],
                "speaker_label": "spk_1"
            },
            {
                "id": 28,
                "type": "pronunciation",
                "alternatives": [
                    {
                        "confidence": "0.998",
                        "content": "And"
                    }
                ],
                "start_time": "8.479",
                "end_time": "8.939",
                "speaker_label": "spk_0"
            },
            {
                "id": 29,
                "type": "pronunciation",
                "alternatives": [
                    {
                        "confidence": "0.999",
                        "content": "you"
                    }
                ],
                "start_time": "8.939",
                "end_time": "9.1",
                "speaker_label": "spk_0"
            },
            {
                "id": 30,
                "type": "pronunciation",
                "alternatives": [
                    {
                        "confidence": "0.999",
                        "content": "have"
                    }
                ],
                "start_time": "9.1",
                "end_time": "9.26",
                "speaker_label": "spk_0"
            },
            {
                "id": 31,
                "type": "pronunciation",
                "alternatives": [
                    {
                        "confidence": "0.994",
                        "content": "appointment"
                    }
                ],
                "start_time": "9.26",
                "end_time": "10.09",
                "speaker_label": "spk_0"
            },
            {
                "id": 32,
                "type": "pronunciation",
                "alternatives": [
                    {
                        "confidence": "0.999",
                        "content": "in"
                    }
                ],
                "start_time": "10.09",
                "end_time": "10.3",
                "speaker_label": "spk_0"
            },
            {
                "id": 33,
                "type": "pronunciation",
                "alternatives": [
                    {
                        "content": "[PII]",
                        "redactions": [
                            {
                                "confidence": "1.0",
                                "type": "ADDRESS",
                                "category": "PII"
                            }
                        ]
                    }
                ],
                "start_time": "10.3",
                "end_time": "10.819"
            },
            {
                "id": 34,
                "type": "punctuation",
                "alternatives": [
                    {
                        "confidence": "0.0",
                        "content": "?"
                    }
                ]
            },
            {
                "id": 35,
                "type": "pronunciation",
                "alternatives": [
                    {
                        "confidence": "0.996",
                        "content": "Yeah"
                    }
                ],
                "start_time": "11.909",
                "end_time": "12.13",
                "speaker_label": "spk_1"
            },
            {
                "id": 36,
                "type": "punctuation",
                "alternatives": [
                    {
                        "confidence": "0.0",
                        "content": ","
                    }
                ],
                "speaker_label": "spk_1"
            },
            {
                "id": 37,
                "type": "pronunciation",
                "alternatives": [
                    {
                        "confidence": "0.988",
                        "content": "at"
                    }
                ],
                "start_time": "12.26",
                "end_time": "12.27",
                "speaker_label": "spk_1"
            },
            {
                "id": 38,
                "type": "pronunciation",
                "alternatives": [
                    {
                        "confidence": "0.98",
                        "content": "10:30"
                    }
                ],
                "start_time": "12.27",
                "end_time": "13.02",
                "speaker_label": "spk_1"
            },
            {
                "id": 39,
                "type": "punctuation",
                "alternatives": [
                    {
                        "confidence": "0.0",
                        "content": "."
                    }
                ],
                "speaker_label": "spk_1"
            },
            {
                "id": 40,
                "type": "pronunciation",
                "alternatives": [
                    {
                        "confidence": "0.996",
                        "content": "Uh"
                    }
                ],
                "start_time": "13.899",
                "end_time": "14.52",
                "speaker_label": "spk_0"
            },
            {
                "id": 41,
                "type": "punctuation",
                "alternatives": [
                    {
                        "confidence": "0.0",
                        "content": ","
                    }
                ],
                "speaker_label": "spk_0"
            },
            {
                "id": 42,
                "type": "pronunciation",
                "alternatives": [
                    {
                        "confidence": "0.999",
                        "content": "OK"
                    }
                ],
                "start_time": "14.68",
                "end_time": "15.479",
                "speaker_label": "spk_0"
            },
            {
                "id": 43,
                "type": "punctuation",
                "alternatives": [
                    {
                        "confidence": "0.0",
                        "content": ","
                    }
                ],
                "speaker_label": "spk_0"
            },
            {
                "id": 44,
                "type": "pronunciation",
                "alternatives": [
                    {
                        "confidence": "0.996",
                        "content": "and"
                    }
                ],
                "start_time": "15.52",
                "end_time": "15.92",
                "speaker_label": "spk_0"
            },
            {
                "id": 45,
                "type": "pronunciation",
                "alternatives": [
                    {
                        "confidence": "0.997",
                        "content": "when"
                    }
                ],
                "start_time": "15.92",
                "end_time": "16.37",
                "speaker_label": "spk_0"
            },
            {
                "id": 46,
                "type": "pronunciation",
                "alternatives": [
                    {
                        "confidence": "0.996",
                        "content": "do"
                    }
                ],
                "start_time": "16.37",
                "end_time": "16.549",
                "speaker_label": "spk_0"
            },
            {
                "id": 47,
                "type": "pronunciation",
                "alternatives": [
                    {
                        "confidence": "0.998",
                        "content": "you"
                    }
                ],
                "start_time": "16.549",
                "end_time": "16.84",
                "speaker_label": "spk_0"
            },
            {
                "id": 48,
                "type": "pronunciation",
                "alternatives": [
                    {
                        "confidence": "0.998",
                        "content": "know"
                    }
                ],
                "start_time": "16.84",
                "end_time": "17.389",
                "speaker_label": "spk_0"
            },
            {
                "id": 49,
                "type": "punctuation",
                "alternatives": [
                    {
                        "confidence": "0.0",
                        "content": "?"
                    }
                ],
                "speaker_label": "spk_0"
            },
            {
                "id": 50,
                "type": "pronunciation",
                "alternatives": [
                    {
                        "confidence": "0.443",
                        "content": "Tomorrow"
                    }
                ],
                "start_time": "17.829",
                "end_time": "18.26",
                "speaker_label": "spk_0"
            },
            {
                "id": 51,
                "type": "punctuation",
                "alternatives": [
                    {
                        "confidence": "0.0",
                        "content": "?"
                    }
                ],
                "speaker_label": "spk_0"
            },
            {
                "id": 52,
                "type": "pronunciation",
                "alternatives": [
                    {
                        "confidence": "0.009",
                        "content": "Well"
                    }
                ],
                "start_time": "19.319",
                "end_time": "19.329",
                "speaker_label": "spk_1"
            },
            {
                "id": 53,
                "type": "punctuation",
                "alternatives": [
                    {
                        "confidence": "0.0",
                        "content": ","
                    }
                ],
                "speaker_label": "spk_1"
            },
            {
                "id": 54,
                "type": "pronunciation",
                "alternatives": [
                    {
                        "confidence": "0.996",
                        "content": "yeah"
                    }
                ],
                "start_time": "19.36",
                "end_time": "19.54",
                "speaker_label": "spk_1"
            },
            {
                "id": 55,
                "type": "punctuation",
                "alternatives": [
                    {
                        "confidence": "0.0",
                        "content": "."
                    }
                ],
                "speaker_label": "spk_1"
            },
            {
                "id": 56,
                "type": "pronunciation",
                "alternatives": [
                    {
                        "confidence": "0.997",
                        "content": "And"
                    }
                ],
                "start_time": "19.68",
                "end_time": "19.84",
                "speaker_label": "spk_0"
            },
            {
                "id": 57,
                "type": "pronunciation",
                "alternatives": [
                    {
                        "confidence": "0.994",
                        "content": "what's"
                    }
                ],
                "start_time": "19.84",
                "end_time": "20.04",
                "speaker_label": "spk_0"
            },
            {
                "id": 58,
                "type": "pronunciation",
                "alternatives": [
                    {
                        "confidence": "0.997",
                        "content": "your"
                    }
                ],
                "start_time": "20.04",
                "end_time": "20.159",
                "speaker_label": "spk_0"
            },
            {
                "id": 59,
                "type": "pronunciation",
                "alternatives": [
                    {
                        "confidence": "0.999",
                        "content": "name"
                    }
                ],
                "start_time": "20.159",
                "end_time": "20.479",
                "speaker_label": "spk_0"
            },
            {
                "id": 60,
                "type": "punctuation",
                "alternatives": [
                    {
                        "confidence": "0.0",
                        "content": "?"
                    }
                ],
                "speaker_label": "spk_0"
            },
            {
                "id": 61,
                "type": "pronunciation",
                "alternatives": [
                    {
                        "confidence": "0.776",
                        "content": "Gosh"
                    }
                ],
                "start_time": "21.139",
                "end_time": "21.159",
                "speaker_label": "spk_1"
            },
            {
                "id": 62,
                "type": "punctuation",
                "alternatives": [
                    {
                        "confidence": "0.0",
                        "content": "."
                    }
                ],
                "speaker_label": "spk_1"
            },
            {
                "id": 63,
                "type": "pronunciation",
                "alternatives": [
                    {
                        "content": "[PII]",
                        "redactions": [
                            {
                                "confidence": "1.0",
                                "type": "NAME",
                                "category": "PII"
                            }
                        ]
                    }
                ],
                "start_time": "22.409",
                "end_time": "23.35"
            },
            {
                "id": 64,
                "type": "punctuation",
                "alternatives": [
                    {
                        "confidence": "0.0",
                        "content": "."
                    }
                ]
            },
            {
                "id": 65,
                "type": "pronunciation",
                "alternatives": [
                    {
                        "confidence": "0.978",
                        "content": "Yeah"
                    }
                ],
                "start_time": "23.889",
                "end_time": "24.209",
                "speaker_label": "spk_1"
            },
            {
                "id": 66,
                "type": "punctuation",
                "alternatives": [
                    {
                        "confidence": "0.0",
                        "content": "."
                    }
                ],
                "speaker_label": "spk_1"
            },
            {
                "id": 67,
                "type": "pronunciation",
                "alternatives": [
                    {
                        "confidence": "0.999",
                        "content": "OK"
                    }
                ],
                "start_time": "24.809",
                "end_time": "25.28",
                "speaker_label": "spk_0"
            },
            {
                "id": 68,
                "type": "punctuation",
                "alternatives": [
                    {
                        "confidence": "0.0",
                        "content": ","
                    }
                ],
                "speaker_label": "spk_0"
            },
            {
                "id": 69,
                "type": "pronunciation",
                "alternatives": [
                    {
                        "confidence": "0.998",
                        "content": "OK"
                    }
                ],
                "start_time": "25.52",
                "end_time": "25.829",
                "speaker_label": "spk_0"
            },
            {
                "id": 70,
                "type": "punctuation",
                "alternatives": [
                    {
                        "confidence": "0.0",
                        "content": ","
                    }
                ],
                "speaker_label": "spk_0"
            },
            {
                "id": 71,
                "type": "pronunciation",
                "alternatives": [
                    {
                        "confidence": "0.999",
                        "content": "I"
                    }
                ],
                "start_time": "25.94",
                "end_time": "26.129",
                "speaker_label": "spk_0"
            },
            {
                "id": 72,
                "type": "pronunciation",
                "alternatives": [
                    {
                        "confidence": "0.999",
                        "content": "will"
                    }
                ],
                "start_time": "26.129",
                "end_time": "26.51",
                "speaker_label": "spk_0"
            },
            {
                "id": 73,
                "type": "pronunciation",
                "alternatives": [
                    {
                        "confidence": "0.998",
                        "content": "confirm"
                    }
                ],
                "start_time": "26.51",
                "end_time": "26.709",
                "speaker_label": "spk_0"
            },
            {
                "id": 74,
                "type": "pronunciation",
                "alternatives": [
                    {
                        "confidence": "0.998",
                        "content": "your"
                    }
                ],
                "start_time": "26.709",
                "end_time": "26.85",
                "speaker_label": "spk_0"
            },
            {
                "id": 75,
                "type": "pronunciation",
                "alternatives": [
                    {
                        "confidence": "0.994",
                        "content": "appointment"
                    }
                ],
                "start_time": "26.85",
                "end_time": "27.29",
                "speaker_label": "spk_0"
            },
            {
                "id": 76,
                "type": "punctuation",
                "alternatives": [
                    {
                        "confidence": "0.0",
                        "content": "."
                    }
                ],
                "speaker_label": "spk_0"
            },
            {
                "id": 77,
                "type": "pronunciation",
                "alternatives": [
                    {
                        "confidence": "0.876",
                        "content": "Thank"
                    }
                ],
                "start_time": "27.409",
                "end_time": "27.61",
                "speaker_label": "spk_0"
            },
            {
                "id": 78,
                "type": "pronunciation",
                "alternatives": [
                    {
                        "confidence": "0.999",
                        "content": "you"
                    }
                ],
                "start_time": "27.61",
                "end_time": "27.889",
                "speaker_label": "spk_0"
            },
            {
                "id": 79,
                "type": "pronunciation",
                "alternatives": [
                    {
                        "confidence": "0.999",
                        "content": "for"
                    }
                ],
                "start_time": "27.889",
                "end_time": "28.25",
                "speaker_label": "spk_0"
            },
            {
                "id": 80,
                "type": "pronunciation",
                "alternatives": [
                    {
                        "confidence": "0.997",
                        "content": "letting"
                    }
                ],
                "start_time": "28.25",
                "end_time": "28.53",
                "speaker_label": "spk_0"
            },
            {
                "id": 81,
                "type": "pronunciation",
                "alternatives": [
                    {
                        "confidence": "0.998",
                        "content": "us"
                    }
                ],
                "start_time": "28.53",
                "end_time": "28.729",
                "speaker_label": "spk_0"
            },
            {
                "id": 82,
                "type": "pronunciation",
                "alternatives": [
                    {
                        "confidence": "0.998",
                        "content": "know"
                    }
                ],
                "start_time": "28.729",
                "end_time": "28.93",
                "speaker_label": "spk_0"
            },
            {
                "id": 83,
                "type": "pronunciation",
                "alternatives": [
                    {
                        "confidence": "0.998",
                        "content": "and"
                    }
                ],
                "start_time": "28.93",
                "end_time": "29.25",
                "speaker_label": "spk_0"
            },
            {
                "id": 84,
                "type": "pronunciation",
                "alternatives": [
                    {
                        "confidence": "0.998",
                        "content": "see"
                    }
                ],
                "start_time": "29.25",
                "end_time": "29.37",
                "speaker_label": "spk_0"
            },
            {
                "id": 85,
                "type": "pronunciation",
                "alternatives": [
                    {
                        "confidence": "0.972",
                        "content": "you"
                    }
                ],
                "start_time": "29.37",
                "end_time": "29.61",
                "speaker_label": "spk_0"
            },
            {
                "id": 86,
                "type": "pronunciation",
                "alternatives": [
                    {
                        "confidence": "0.998",
                        "content": "tomorrow"
                    }
                ],
                "start_time": "29.61",
                "end_time": "29.93",
                "speaker_label": "spk_0"
            },
            {
                "id": 87,
                "type": "punctuation",
                "alternatives": [
                    {
                        "confidence": "0.0",
                        "content": "."
                    }
                ],
                "speaker_label": "spk_0"
            },
            {
                "id": 88,
                "type": "pronunciation",
                "alternatives": [
                    {
                        "confidence": "0.998",
                        "content": "Thanks"
                    }
                ],
                "start_time": "30.829",
                "end_time": "31.299",
                "speaker_label": "spk_1"
            },
            {
                "id": 89,
                "type": "pronunciation",
                "alternatives": [
                    {
                        "confidence": "0.998",
                        "content": "OK"
                    }
                ],
                "start_time": "31.299",
                "end_time": "31.75",
                "speaker_label": "spk_1"
            },
            {
                "id": 90,
                "type": "pronunciation",
                "alternatives": [
                    {
                        "confidence": "0.994",
                        "content": "bye"
                    }
                ],
                "start_time": "31.75",
                "end_time": "31.909",
                "speaker_label": "spk_1"
            },
            {
                "id": 91,
                "type": "pronunciation",
                "alternatives": [
                    {
                        "confidence": "0.995",
                        "content": "bye"
                    }
                ],
                "start_time": "31.909",
                "end_time": "32.229",
                "speaker_label": "spk_0"
            },
            {
                "id": 92,
                "type": "punctuation",
                "alternatives": [
                    {
                        "confidence": "0.0",
                        "content": "."
                    }
                ],
                "speaker_label": "spk_0"
            }
        ],
        "audio_segments": [
            {
                "id": 0,
                "transcript": "Well for the agnostic [PII] speaking. How may I help you?",
                "start_time": "0.4",
                "end_time": "3.519",
                "speaker_label": "spk_0",
                "items": [
                    0,
                    1,
                    2,
                    3,
                    4,
                    5,
                    6,
                    7,
                    8,
                    9,
                    10,
                    11,
                    12
                ]
            },
            {
                "id": 1,
                "transcript": "Hi there, I was asked to call and confirm my partner for tomorrow.",
                "start_time": "4.219",
                "end_time": "7.3",
                "speaker_label": "spk_1",
                "items": [
                    13,
                    14,
                    15,
                    16,
                    17,
                    18,
                    19,
                    20,
                    21,
                    22,
                    23,
                    24,
                    25,
                    26,
                    27
                ]
            },
            {
                "id": 2,
                "transcript": "And you have appointment in [PII]?",
                "start_time": "8.46",
                "end_time": "10.92",
                "speaker_label": "spk_0",
                "items": [
                    28,
                    29,
                    30,
                    31,
                    32,
                    33,
                    34
                ]
            },
            {
                "id": 3,
                "transcript": "Yeah, at 10:30.",
                "start_time": "11.89",
                "end_time": "13.119",
                "speaker_label": "spk_1",
                "items": [
                    35,
                    36,
                    37,
                    38,
                    39
                ]
            },
            {
                "id": 4,
                "transcript": "Uh, OK, and when do you know? Tomorrow?",
                "start_time": "13.88",
                "end_time": "18.26",
                "speaker_label": "spk_0",
                "items": [
                    40,
                    41,
                    42,
                    43,
                    44,
                    45,
                    46,
                    47,
                    48,
                    49,
                    50,
                    51
                ]
            },
            {
                "id": 5,
                "transcript": "Well, yeah.",
                "start_time": "19.319",
                "end_time": "19.54",
                "speaker_label": "spk_1",
                "items": [
                    52,
                    53,
                    54,
                    55
                ]
            },
            {
                "id": 6,
                "transcript": "And what's your name?",
                "start_time": "19.68",
                "end_time": "20.579",
                "speaker_label": "spk_0",
                "items": [
                    56,
                    57,
                    58,
                    59,
                    60
                ]
            },
            {
                "id": 7,
                "transcript": "Gosh.",
                "start_time": "21.129",
                "end_time": "21.159",
                "speaker_label": "spk_1",
                "items": [
                    61,
                    62
                ]
            },
            {
                "id": 8,
                "transcript": "[PII].",
                "start_time": "22.409",
                "end_time": "23.35",
                "items": [
                    63,
                    64
                ]
            },
            {
                "id": 9,
                "transcript": "Yeah.",
                "start_time": "23.889",
                "end_time": "24.209",
                "speaker_label": "spk_1",
                "items": [
                    65,
                    66
                ]
            },
            {
                "id": 10,
                "transcript": "OK, OK, I will confirm your appointment. Thank you for letting us know and see you tomorrow.",
                "start_time": "24.809",
                "end_time": "30.079",
                "speaker_label": "spk_0",
                "items": [
                    67,
                    68,
                    69,
                    70,
                    71,
                    72,
                    73,
                    74,
                    75,
                    76,
                    77,
                    78,
                    79,
                    80,
                    81,
                    82,
                    83,
                    84,
                    85,
                    86,
                    87
                ]
            },
            {
                "id": 11,
                "transcript": "Thanks OK bye",
                "start_time": "30.709",
                "end_time": "31.909",
                "speaker_label": "spk_1",
                "items": [
                    88,
                    89,
                    90
                ]
            },
            {
                "id": 12,
                "transcript": "bye.",
                "start_time": "31.909",
                "end_time": "32.348",
                "speaker_label": "spk_0",
                "items": [
                    91,
                    92
                ]
            }
        ]
    }
}