{
    "jobName": "transcription-job-2024-03-21T18-57-34Z-call-c8b23270-8590-4f6a-8fbb-b5176594473d-1734638454",
    "accountId": "199040315413",
    "isRedacted": true,
    "status": "COMPLETED",
    "results": {
        "transcripts": [
            {
                "transcript": "Thank you for calling Wassler Diagnostics. Please listen to all of the prompts before making a selection. If you are calling about booking an appointment, press 1. For general inquiries like clinic locations, operating hours, and how to prepare for the appointment, press 2. If you are at the [PII] office but aren't sure where to go, press 3. How may I help you? Hi, I'm hi I'm just phoning to see how long if I were to book an appointment today for a mammogram, how long would it be until I could get in. Uh, we're not doing mammograms in our clinic, sorry, ma'am. Oh, OK, I'll try a different clinic. Thank you. Bye bye. Yeah"
            }
        ],
        "speaker_labels": {
            "segments": [
                {
                    "start_time": "1.549",
                    "end_time": "20.229",
                    "speaker_label": "spk_0",
                    "items": [
                        {
                            "speaker_label": "spk_0",
                            "start_time": "1.75",
                            "end_time": "1.87"
                        },
                        {
                            "speaker_label": "spk_0",
                            "start_time": "1.87",
                            "end_time": "2.069"
                        },
                        {
                            "speaker_label": "spk_0",
                            "start_time": "2.069",
                            "end_time": "2.269"
                        },
                        {
                            "speaker_label": "spk_0",
                            "start_time": "2.269",
                            "end_time": "2.549"
                        },
                        {
                            "speaker_label": "spk_0",
                            "start_time": "2.549",
                            "end_time": "3.029"
                        },
                        {
                            "speaker_label": "spk_0",
                            "start_time": "3.029",
                            "end_time": "3.99"
                        },
                        {
                            "speaker_label": "spk_0",
                            "start_time": "4.19",
                            "end_time": "4.409"
                        },
                        {
                            "speaker_label": "spk_0",
                            "start_time": "4.409",
                            "end_time": "4.71"
                        },
                        {
                            "speaker_label": "spk_0",
                            "start_time": "4.71",
                            "end_time": "4.829"
                        },
                        {
                            "speaker_label": "spk_0",
                            "start_time": "4.829",
                            "end_time": "4.989"
                        },
                        {
                            "speaker_label": "spk_0",
                            "start_time": "4.989",
                            "end_time": "5.11"
                        },
                        {
                            "speaker_label": "spk_0",
                            "start_time": "5.11",
                            "end_time": "5.3"
                        },
                        {
                            "speaker_label": "spk_0",
                            "start_time": "5.3",
                            "end_time": "5.789"
                        },
                        {
                            "speaker_label": "spk_0",
                            "start_time": "5.789",
                            "end_time": "5.989"
                        },
                        {
                            "speaker_label": "spk_0",
                            "start_time": "5.989",
                            "end_time": "6.179"
                        },
                        {
                            "speaker_label": "spk_0",
                            "start_time": "6.179",
                            "end_time": "6.3"
                        },
                        {
                            "speaker_label": "spk_0",
                            "start_time": "6.3",
                            "end_time": "7.03"
                        },
                        {
                            "speaker_label": "spk_0",
                            "start_time": "7.269",
                            "end_time": "7.389"
                        },
                        {
                            "speaker_label": "spk_0",
                            "start_time": "7.389",
                            "end_time": "7.51"
                        },
                        {
                            "speaker_label": "spk_0",
                            "start_time": "7.51",
                            "end_time": "7.67"
                        },
                        {
                            "speaker_label": "spk_0",
                            "start_time": "7.67",
                            "end_time": "7.989"
                        },
                        {
                            "speaker_label": "spk_0",
                            "start_time": "7.989",
                            "end_time": "8.189"
                        },
                        {
                            "speaker_label": "spk_0",
                            "start_time": "8.189",
                            "end_time": "8.47"
                        },
                        {
                            "speaker_label": "spk_0",
                            "start_time": "8.47",
                            "end_time": "8.55"
                        },
                        {
                            "speaker_label": "spk_0",
                            "start_time": "8.55",
                            "end_time": "8.989"
                        },
                        {
                            "speaker_label": "spk_0",
                            "start_time": "9.109",
                            "end_time": "9.359"
                        },
                        {
                            "speaker_label": "spk_0",
                            "start_time": "9.359",
                            "end_time": "9.819"
                        },
                        {
                            "speaker_label": "spk_0",
                            "start_time": "10.069",
                            "end_time": "10.27"
                        },
                        {
                            "speaker_label": "spk_0",
                            "start_time": "10.27",
                            "end_time": "10.55"
                        },
                        {
                            "speaker_label": "spk_0",
                            "start_time": "10.55",
                            "end_time": "11.109"
                        },
                        {
                            "speaker_label": "spk_0",
                            "start_time": "11.109",
                            "end_time": "11.27"
                        },
                        {
                            "speaker_label": "spk_0",
                            "start_time": "11.27",
                            "end_time": "11.789"
                        },
                        {
                            "speaker_label": "spk_0",
                            "start_time": "11.789",
                            "end_time": "12.47"
                        },
                        {
                            "speaker_label": "spk_0",
                            "start_time": "12.51",
                            "end_time": "13.189"
                        },
                        {
                            "speaker_label": "spk_0",
                            "start_time": "13.189",
                            "end_time": "13.59"
                        },
                        {
                            "speaker_label": "spk_0",
                            "start_time": "13.829",
                            "end_time": "13.989"
                        },
                        {
                            "speaker_label": "spk_0",
                            "start_time": "13.989",
                            "end_time": "14.149"
                        },
                        {
                            "speaker_label": "spk_0",
                            "start_time": "14.149",
                            "end_time": "14.47"
                        },
                        {
                            "speaker_label": "spk_0",
                            "start_time": "14.47",
                            "end_time": "14.71"
                        },
                        {
                            "speaker_label": "spk_0",
                            "start_time": "14.71",
                            "end_time": "14.81"
                        },
                        {
                            "speaker_label": "spk_0",
                            "start_time": "14.81",
                            "end_time": "14.909"
                        },
                        {
                            "speaker_label": "spk_0",
                            "start_time": "14.909",
                            "end_time": "15.35"
                        },
                        {
                            "speaker_label": "spk_0",
                            "start_time": "15.39",
                            "end_time": "15.67"
                        },
                        {
                            "speaker_label": "spk_0",
                            "start_time": "15.67",
                            "end_time": "16.139"
                        },
                        {
                            "speaker_label": "spk_0",
                            "start_time": "16.309",
                            "end_time": "16.43"
                        },
                        {
                            "speaker_label": "spk_0",
                            "start_time": "16.43",
                            "end_time": "16.59"
                        },
                        {
                            "speaker_label": "spk_0",
                            "start_time": "16.59",
                            "end_time": "16.75"
                        },
                        {
                            "speaker_label": "spk_0",
                            "start_time": "16.75",
                            "end_time": "16.84"
                        },
                        {
                            "speaker_label": "spk_0",
                            "start_time": "16.84",
                            "end_time": "17.03"
                        },
                        {
                            "speaker_label": "spk_0",
                            "start_time": "17.03",
                            "end_time": "17.469"
                        },
                        {
                            "speaker_label": "spk_0",
                            "start_time": "17.469",
                            "end_time": "17.829"
                        },
                        {
                            "speaker_label": "spk_0",
                            "start_time": "17.829",
                            "end_time": "17.95"
                        },
                        {
                            "speaker_label": "spk_0",
                            "start_time": "17.95",
                            "end_time": "18.19"
                        },
                        {
                            "speaker_label": "spk_0",
                            "start_time": "18.19",
                            "end_time": "18.469"
                        },
                        {
                            "speaker_label": "spk_0",
                            "start_time": "18.469",
                            "end_time": "18.629"
                        },
                        {
                            "speaker_label": "spk_0",
                            "start_time": "18.629",
                            "end_time": "18.79"
                        },
                        {
                            "speaker_label": "spk_0",
                            "start_time": "18.79",
                            "end_time": "19.18"
                        },
                        {
                            "speaker_label": "spk_0",
                            "start_time": "19.34",
                            "end_time": "19.629"
                        },
                        {
                            "speaker_label": "spk_0",
                            "start_time": "19.629",
                            "end_time": "20.149"
                        }
                    ]
                },
                {
                    "start_time": "30.309",
                    "end_time": "46.59",
                    "speaker_label": "spk_1",
                    "items": [
                        {
                            "speaker_label": "spk_1",
                            "start_time": "30.34",
                            "end_time": "30.35"
                        },
                        {
                            "speaker_label": "spk_1",
                            "start_time": "30.35",
                            "end_time": "30.36"
                        },
                        {
                            "speaker_label": "spk_1",
                            "start_time": "30.36",
                            "end_time": "30.37"
                        },
                        {
                            "speaker_label": "spk_1",
                            "start_time": "30.37",
                            "end_time": "30.379"
                        },
                        {
                            "speaker_label": "spk_1",
                            "start_time": "30.379",
                            "end_time": "30.389"
                        },
                        {
                            "speaker_label": "spk_1",
                            "start_time": "30.399",
                            "end_time": "30.409"
                        },
                        {
                            "speaker_label": "spk_1",
                            "start_time": "30.42",
                            "end_time": "30.45"
                        },
                        {
                            "speaker_label": "spk_1",
                            "start_time": "35.29",
                            "end_time": "35.689"
                        },
                        {
                            "speaker_label": "spk_1",
                            "start_time": "35.99",
                            "end_time": "36.189"
                        },
                        {
                            "speaker_label": "spk_1",
                            "start_time": "36.189",
                            "end_time": "36.389"
                        },
                        {
                            "speaker_label": "spk_1",
                            "start_time": "36.389",
                            "end_time": "36.709"
                        },
                        {
                            "speaker_label": "spk_1",
                            "start_time": "36.709",
                            "end_time": "36.909"
                        },
                        {
                            "speaker_label": "spk_1",
                            "start_time": "36.909",
                            "end_time": "37.31"
                        },
                        {
                            "speaker_label": "spk_1",
                            "start_time": "37.31",
                            "end_time": "37.63"
                        },
                        {
                            "speaker_label": "spk_1",
                            "start_time": "37.63",
                            "end_time": "37.909"
                        },
                        {
                            "speaker_label": "spk_1",
                            "start_time": "37.909",
                            "end_time": "38.069"
                        },
                        {
                            "speaker_label": "spk_1",
                            "start_time": "38.069",
                            "end_time": "38.189"
                        },
                        {
                            "speaker_label": "spk_1",
                            "start_time": "38.189",
                            "end_time": "38.27"
                        },
                        {
                            "speaker_label": "spk_1",
                            "start_time": "38.27",
                            "end_time": "38.43"
                        },
                        {
                            "speaker_label": "spk_1",
                            "start_time": "38.43",
                            "end_time": "38.59"
                        },
                        {
                            "speaker_label": "spk_1",
                            "start_time": "38.59",
                            "end_time": "38.709"
                        },
                        {
                            "speaker_label": "spk_1",
                            "start_time": "38.709",
                            "end_time": "39.229"
                        },
                        {
                            "speaker_label": "spk_1",
                            "start_time": "39.229",
                            "end_time": "39.389"
                        },
                        {
                            "speaker_label": "spk_1",
                            "start_time": "39.389",
                            "end_time": "39.52"
                        },
                        {
                            "speaker_label": "spk_1",
                            "start_time": "39.52",
                            "end_time": "39.669"
                        },
                        {
                            "speaker_label": "spk_1",
                            "start_time": "39.669",
                            "end_time": "40.58"
                        },
                        {
                            "speaker_label": "spk_1",
                            "start_time": "40.95",
                            "end_time": "41.15"
                        },
                        {
                            "speaker_label": "spk_1",
                            "start_time": "41.15",
                            "end_time": "41.31"
                        },
                        {
                            "speaker_label": "spk_1",
                            "start_time": "41.31",
                            "end_time": "41.43"
                        },
                        {
                            "speaker_label": "spk_1",
                            "start_time": "41.43",
                            "end_time": "41.549"
                        },
                        {
                            "speaker_label": "spk_1",
                            "start_time": "41.549",
                            "end_time": "41.869"
                        },
                        {
                            "speaker_label": "spk_1",
                            "start_time": "41.869",
                            "end_time": "41.99"
                        },
                        {
                            "speaker_label": "spk_1",
                            "start_time": "41.99",
                            "end_time": "42.13"
                        },
                        {
                            "speaker_label": "spk_1",
                            "start_time": "42.13",
                            "end_time": "42.31"
                        },
                        {
                            "speaker_label": "spk_1",
                            "start_time": "42.31",
                            "end_time": "42.509"
                        },
                        {
                            "speaker_label": "spk_1",
                            "start_time": "42.509",
                            "end_time": "42.9"
                        },
                        {
                            "speaker_label": "spk_1",
                            "start_time": "43.27",
                            "end_time": "43.549"
                        },
                        {
                            "speaker_label": "spk_1",
                            "start_time": "43.63",
                            "end_time": "43.86"
                        },
                        {
                            "speaker_label": "spk_1",
                            "start_time": "43.86",
                            "end_time": "44.069"
                        },
                        {
                            "speaker_label": "spk_1",
                            "start_time": "44.069",
                            "end_time": "44.349"
                        },
                        {
                            "speaker_label": "spk_1",
                            "start_time": "44.349",
                            "end_time": "45.029"
                        },
                        {
                            "speaker_label": "spk_1",
                            "start_time": "45.029",
                            "end_time": "45.189"
                        },
                        {
                            "speaker_label": "spk_1",
                            "start_time": "45.189",
                            "end_time": "45.38"
                        },
                        {
                            "speaker_label": "spk_1",
                            "start_time": "45.38",
                            "end_time": "45.79"
                        },
                        {
                            "speaker_label": "spk_1",
                            "start_time": "45.909",
                            "end_time": "46.139"
                        },
                        {
                            "speaker_label": "spk_1",
                            "start_time": "46.189",
                            "end_time": "46.47"
                        }
                    ]
                },
                {
                    "start_time": "47.77",
                    "end_time": "51.959",
                    "speaker_label": "spk_1",
                    "items": [
                        {
                            "speaker_label": "spk_1",
                            "start_time": "47.779",
                            "end_time": "48.159"
                        },
                        {
                            "speaker_label": "spk_1",
                            "start_time": "48.169",
                            "end_time": "48.799"
                        },
                        {
                            "speaker_label": "spk_1",
                            "start_time": "49.25",
                            "end_time": "49.45"
                        },
                        {
                            "speaker_label": "spk_1",
                            "start_time": "49.45",
                            "end_time": "49.659"
                        },
                        {
                            "speaker_label": "spk_1",
                            "start_time": "49.659",
                            "end_time": "50.009"
                        },
                        {
                            "speaker_label": "spk_1",
                            "start_time": "50.009",
                            "end_time": "50.209"
                        },
                        {
                            "speaker_label": "spk_1",
                            "start_time": "50.209",
                            "end_time": "50.569"
                        },
                        {
                            "speaker_label": "spk_1",
                            "start_time": "50.65",
                            "end_time": "50.77"
                        },
                        {
                            "speaker_label": "spk_1",
                            "start_time": "50.77",
                            "end_time": "51.24"
                        },
                        {
                            "speaker_label": "spk_1",
                            "start_time": "51.68",
                            "end_time": "51.689"
                        },
                        {
                            "speaker_label": "spk_1",
                            "start_time": "51.689",
                            "end_time": "51.889"
                        }
                    ]
                },
                {
                    "start_time": "52.77",
                    "end_time": "53.34",
                    "speaker_label": "spk_1",
                    "items": [
                        {
                            "speaker_label": "spk_1",
                            "start_time": "52.93",
                            "end_time": "53.189"
                        }
                    ]
                }
            ],
            "channel_label": "ch_0",
            "speakers": 2
        },
        "items": [
            {
                "id": 0,
                "type": "pronunciation",
                "alternatives": [
                    {
                        "confidence": "0.999",
                        "content": "Thank"
                    }
                ],
                "start_time": "1.75",
                "end_time": "1.87",
                "speaker_label": "spk_0"
            },
            {
                "id": 1,
                "type": "pronunciation",
                "alternatives": [
                    {
                        "confidence": "0.999",
                        "content": "you"
                    }
                ],
                "start_time": "1.87",
                "end_time": "2.069",
                "speaker_label": "spk_0"
            },
            {
                "id": 2,
                "type": "pronunciation",
                "alternatives": [
                    {
                        "confidence": "0.999",
                        "content": "for"
                    }
                ],
                "start_time": "2.069",
                "end_time": "2.269",
                "speaker_label": "spk_0"
            },
            {
                "id": 3,
                "type": "pronunciation",
                "alternatives": [
                    {
                        "confidence": "0.999",
                        "content": "calling"
                    }
                ],
                "start_time": "2.269",
                "end_time": "2.549",
                "speaker_label": "spk_0"
            },
            {
                "id": 4,
                "type": "pronunciation",
                "alternatives": [
                    {
                        "confidence": "0.867",
                        "content": "Wassler"
                    }
                ],
                "start_time": "2.549",
                "end_time": "3.029",
                "speaker_label": "spk_0"
            },
            {
                "id": 5,
                "type": "pronunciation",
                "alternatives": [
                    {
                        "confidence": "0.992",
                        "content": "Diagnostics"
                    }
                ],
                "start_time": "3.029",
                "end_time": "3.99",
                "speaker_label": "spk_0"
            },
            {
                "id": 6,
                "type": "punctuation",
                "alternatives": [
                    {
                        "confidence": "0.0",
                        "content": "."
                    }
                ],
                "speaker_label": "spk_0"
            },
            {
                "id": 7,
                "type": "pronunciation",
                "alternatives": [
                    {
                        "confidence": "0.997",
                        "content": "Please"
                    }
                ],
                "start_time": "4.19",
                "end_time": "4.409",
                "speaker_label": "spk_0"
            },
            {
                "id": 8,
                "type": "pronunciation",
                "alternatives": [
                    {
                        "confidence": "0.999",
                        "content": "listen"
                    }
                ],
                "start_time": "4.409",
                "end_time": "4.71",
                "speaker_label": "spk_0"
            },
            {
                "id": 9,
                "type": "pronunciation",
                "alternatives": [
                    {
                        "confidence": "0.999",
                        "content": "to"
                    }
                ],
                "start_time": "4.71",
                "end_time": "4.829",
                "speaker_label": "spk_0"
            },
            {
                "id": 10,
                "type": "pronunciation",
                "alternatives": [
                    {
                        "confidence": "0.999",
                        "content": "all"
                    }
                ],
                "start_time": "4.829",
                "end_time": "4.989",
                "speaker_label": "spk_0"
            },
            {
                "id": 11,
                "type": "pronunciation",
                "alternatives": [
                    {
                        "confidence": "0.996",
                        "content": "of"
                    }
                ],
                "start_time": "4.989",
                "end_time": "5.11",
                "speaker_label": "spk_0"
            },
            {
                "id": 12,
                "type": "pronunciation",
                "alternatives": [
                    {
                        "confidence": "0.999",
                        "content": "the"
                    }
                ],
                "start_time": "5.11",
                "end_time": "5.3",
                "speaker_label": "spk_0"
            },
            {
                "id": 13,
                "type": "pronunciation",
                "alternatives": [
                    {
                        "confidence": "0.996",
                        "content": "prompts"
                    }
                ],
                "start_time": "5.3",
                "end_time": "5.789",
                "speaker_label": "spk_0"
            },
            {
                "id": 14,
                "type": "pronunciation",
                "alternatives": [
                    {
                        "confidence": "0.999",
                        "content": "before"
                    }
                ],
                "start_time": "5.789",
                "end_time": "5.989",
                "speaker_label": "spk_0"
            },
            {
                "id": 15,
                "type": "pronunciation",
                "alternatives": [
                    {
                        "confidence": "0.999",
                        "content": "making"
                    }
                ],
                "start_time": "5.989",
                "end_time": "6.179",
                "speaker_label": "spk_0"
            },
            {
                "id": 16,
                "type": "pronunciation",
                "alternatives": [
                    {
                        "confidence": "0.997",
                        "content": "a"
                    }
                ],
                "start_time": "6.179",
                "end_time": "6.3",
                "speaker_label": "spk_0"
            },
            {
                "id": 17,
                "type": "pronunciation",
                "alternatives": [
                    {
                        "confidence": "0.998",
                        "content": "selection"
                    }
                ],
                "start_time": "6.3",
                "end_time": "7.03",
                "speaker_label": "spk_0"
            },
            {
                "id": 18,
                "type": "punctuation",
                "alternatives": [
                    {
                        "confidence": "0.0",
                        "content": "."
                    }
                ],
                "speaker_label": "spk_0"
            },
            {
                "id": 19,
                "type": "pronunciation",
                "alternatives": [
                    {
                        "confidence": "0.997",
                        "content": "If"
                    }
                ],
                "start_time": "7.269",
                "end_time": "7.389",
                "speaker_label": "spk_0"
            },
            {
                "id": 20,
                "type": "pronunciation",
                "alternatives": [
                    {
                        "confidence": "0.999",
                        "content": "you"
                    }
                ],
                "start_time": "7.389",
                "end_time": "7.51",
                "speaker_label": "spk_0"
            },
            {
                "id": 21,
                "type": "pronunciation",
                "alternatives": [
                    {
                        "confidence": "0.997",
                        "content": "are"
                    }
                ],
                "start_time": "7.51",
                "end_time": "7.67",
                "speaker_label": "spk_0"
            },
            {
                "id": 22,
                "type": "pronunciation",
                "alternatives": [
                    {
                        "confidence": "0.999",
                        "content": "calling"
                    }
                ],
                "start_time": "7.67",
                "end_time": "7.989",
                "speaker_label": "spk_0"
            },
            {
                "id": 23,
                "type": "pronunciation",
                "alternatives": [
                    {
                        "confidence": "0.999",
                        "content": "about"
                    }
                ],
                "start_time": "7.989",
                "end_time": "8.189",
                "speaker_label": "spk_0"
            },
            {
                "id": 24,
                "type": "pronunciation",
                "alternatives": [
                    {
                        "confidence": "0.999",
                        "content": "booking"
                    }
                ],
                "start_time": "8.189",
                "end_time": "8.47",
                "speaker_label": "spk_0"
            },
            {
                "id": 25,
                "type": "pronunciation",
                "alternatives": [
                    {
                        "confidence": "0.998",
                        "content": "an"
                    }
                ],
                "start_time": "8.47",
                "end_time": "8.55",
                "speaker_label": "spk_0"
            },
            {
                "id": 26,
                "type": "pronunciation",
                "alternatives": [
                    {
                        "confidence": "0.998",
                        "content": "appointment"
                    }
                ],
                "start_time": "8.55",
                "end_time": "8.989",
                "speaker_label": "spk_0"
            },
            {
                "id": 27,
                "type": "punctuation",
                "alternatives": [
                    {
                        "confidence": "0.0",
                        "content": ","
                    }
                ],
                "speaker_label": "spk_0"
            },
            {
                "id": 28,
                "type": "pronunciation",
                "alternatives": [
                    {
                        "confidence": "0.996",
                        "content": "press"
                    }
                ],
                "start_time": "9.109",
                "end_time": "9.359",
                "speaker_label": "spk_0"
            },
            {
                "id": 29,
                "type": "pronunciation",
                "alternatives": [
                    {
                        "confidence": "0.994",
                        "content": "1"
                    }
                ],
                "start_time": "9.359",
                "end_time": "9.819",
                "speaker_label": "spk_0"
            },
            {
                "id": 30,
                "type": "punctuation",
                "alternatives": [
                    {
                        "confidence": "0.0",
                        "content": "."
                    }
                ],
                "speaker_label": "spk_0"
            },
            {
                "id": 31,
                "type": "pronunciation",
                "alternatives": [
                    {
                        "confidence": "0.996",
                        "content": "For"
                    }
                ],
                "start_time": "10.069",
                "end_time": "10.27",
                "speaker_label": "spk_0"
            },
            {
                "id": 32,
                "type": "pronunciation",
                "alternatives": [
                    {
                        "confidence": "0.999",
                        "content": "general"
                    }
                ],
                "start_time": "10.27",
                "end_time": "10.55",
                "speaker_label": "spk_0"
            },
            {
                "id": 33,
                "type": "pronunciation",
                "alternatives": [
                    {
                        "confidence": "0.995",
                        "content": "inquiries"
                    }
                ],
                "start_time": "10.55",
                "end_time": "11.109",
                "speaker_label": "spk_0"
            },
            {
                "id": 34,
                "type": "pronunciation",
                "alternatives": [
                    {
                        "confidence": "0.998",
                        "content": "like"
                    }
                ],
                "start_time": "11.109",
                "end_time": "11.27",
                "speaker_label": "spk_0"
            },
            {
                "id": 35,
                "type": "pronunciation",
                "alternatives": [
                    {
                        "confidence": "0.995",
                        "content": "clinic"
                    }
                ],
                "start_time": "11.27",
                "end_time": "11.789",
                "speaker_label": "spk_0"
            },
            {
                "id": 36,
                "type": "pronunciation",
                "alternatives": [
                    {
                        "confidence": "0.997",
                        "content": "locations"
                    }
                ],
                "start_time": "11.789",
                "end_time": "12.47",
                "speaker_label": "spk_0"
            },
            {
                "id": 37,
                "type": "punctuation",
                "alternatives": [
                    {
                        "confidence": "0.0",
                        "content": ","
                    }
                ],
                "speaker_label": "spk_0"
            },
            {
                "id": 38,
                "type": "pronunciation",
                "alternatives": [
                    {
                        "confidence": "0.995",
                        "content": "operating"
                    }
                ],
                "start_time": "12.51",
                "end_time": "13.189",
                "speaker_label": "spk_0"
            },
            {
                "id": 39,
                "type": "pronunciation",
                "alternatives": [
                    {
                        "confidence": "0.999",
                        "content": "hours"
                    }
                ],
                "start_time": "13.189",
                "end_time": "13.59",
                "speaker_label": "spk_0"
            },
            {
                "id": 40,
                "type": "punctuation",
                "alternatives": [
                    {
                        "confidence": "0.0",
                        "content": ","
                    }
                ],
                "speaker_label": "spk_0"
            },
            {
                "id": 41,
                "type": "pronunciation",
                "alternatives": [
                    {
                        "confidence": "0.999",
                        "content": "and"
                    }
                ],
                "start_time": "13.829",
                "end_time": "13.989",
                "speaker_label": "spk_0"
            },
            {
                "id": 42,
                "type": "pronunciation",
                "alternatives": [
                    {
                        "confidence": "0.997",
                        "content": "how"
                    }
                ],
                "start_time": "13.989",
                "end_time": "14.149",
                "speaker_label": "spk_0"
            },
            {
                "id": 43,
                "type": "pronunciation",
                "alternatives": [
                    {
                        "confidence": "0.999",
                        "content": "to"
                    }
                ],
                "start_time": "14.149",
                "end_time": "14.47",
                "speaker_label": "spk_0"
            },
            {
                "id": 44,
                "type": "pronunciation",
                "alternatives": [
                    {
                        "confidence": "0.999",
                        "content": "prepare"
                    }
                ],
                "start_time": "14.47",
                "end_time": "14.71",
                "speaker_label": "spk_0"
            },
            {
                "id": 45,
                "type": "pronunciation",
                "alternatives": [
                    {
                        "confidence": "0.999",
                        "content": "for"
                    }
                ],
                "start_time": "14.71",
                "end_time": "14.81",
                "speaker_label": "spk_0"
            },
            {
                "id": 46,
                "type": "pronunciation",
                "alternatives": [
                    {
                        "confidence": "0.998",
                        "content": "the"
                    }
                ],
                "start_time": "14.81",
                "end_time": "14.909",
                "speaker_label": "spk_0"
            },
            {
                "id": 47,
                "type": "pronunciation",
                "alternatives": [
                    {
                        "confidence": "0.998",
                        "content": "appointment"
                    }
                ],
                "start_time": "14.909",
                "end_time": "15.35",
                "speaker_label": "spk_0"
            },
            {
                "id": 48,
                "type": "punctuation",
                "alternatives": [
                    {
                        "confidence": "0.0",
                        "content": ","
                    }
                ],
                "speaker_label": "spk_0"
            },
            {
                "id": 49,
                "type": "pronunciation",
                "alternatives": [
                    {
                        "confidence": "0.996",
                        "content": "press"
                    }
                ],
                "start_time": "15.39",
                "end_time": "15.67",
                "speaker_label": "spk_0"
            },
            {
                "id": 50,
                "type": "pronunciation",
                "alternatives": [
                    {
                        "confidence": "0.996",
                        "content": "2"
                    }
                ],
                "start_time": "15.67",
                "end_time": "16.139",
                "speaker_label": "spk_0"
            },
            {
                "id": 51,
                "type": "punctuation",
                "alternatives": [
                    {
                        "confidence": "0.0",
                        "content": "."
                    }
                ],
                "speaker_label": "spk_0"
            },
            {
                "id": 52,
                "type": "pronunciation",
                "alternatives": [
                    {
                        "confidence": "0.997",
                        "content": "If"
                    }
                ],
                "start_time": "16.309",
                "end_time": "16.43",
                "speaker_label": "spk_0"
            },
            {
                "id": 53,
                "type": "pronunciation",
                "alternatives": [
                    {
                        "confidence": "0.999",
                        "content": "you"
                    }
                ],
                "start_time": "16.43",
                "end_time": "16.59",
                "speaker_label": "spk_0"
            },
            {
                "id": 54,
                "type": "pronunciation",
                "alternatives": [
                    {
                        "confidence": "0.998",
                        "content": "are"
                    }
                ],
                "start_time": "16.59",
                "end_time": "16.75",
                "speaker_label": "spk_0"
            },
            {
                "id": 55,
                "type": "pronunciation",
                "alternatives": [
                    {
                        "confidence": "0.999",
                        "content": "at"
                    }
                ],
                "start_time": "16.75",
                "end_time": "16.84",
                "speaker_label": "spk_0"
            },
            {
                "id": 56,
                "type": "pronunciation",
                "alternatives": [
                    {
                        "confidence": "0.998",
                        "content": "the"
                    }
                ],
                "start_time": "16.84",
                "end_time": "17.03",
                "speaker_label": "spk_0"
            },
            {
                "id": 57,
                "type": "pronunciation",
                "alternatives": [
                    {
                        "content": "[PII]",
                        "redactions": [
                            {
                                "confidence": "1.0",
                                "type": "ADDRESS",
                                "category": "PII"
                            }
                        ]
                    }
                ],
                "start_time": "17.03",
                "end_time": "17.469"
            },
            {
                "id": 58,
                "type": "pronunciation",
                "alternatives": [
                    {
                        "confidence": "0.999",
                        "content": "office"
                    }
                ],
                "start_time": "17.469",
                "end_time": "17.829",
                "speaker_label": "spk_0"
            },
            {
                "id": 59,
                "type": "pronunciation",
                "alternatives": [
                    {
                        "confidence": "0.998",
                        "content": "but"
                    }
                ],
                "start_time": "17.829",
                "end_time": "17.95",
                "speaker_label": "spk_0"
            },
            {
                "id": 60,
                "type": "pronunciation",
                "alternatives": [
                    {
                        "confidence": "0.99",
                        "content": "aren't"
                    }
                ],
                "start_time": "17.95",
                "end_time": "18.19",
                "speaker_label": "spk_0"
            },
            {
                "id": 61,
                "type": "pronunciation",
                "alternatives": [
                    {
                        "confidence": "0.999",
                        "content": "sure"
                    }
                ],
                "start_time": "18.19",
                "end_time": "18.469",
                "speaker_label": "spk_0"
            },
            {
                "id": 62,
                "type": "pronunciation",
                "alternatives": [
                    {
                        "confidence": "0.999",
                        "content": "where"
                    }
                ],
                "start_time": "18.469",
                "end_time": "18.629",
                "speaker_label": "spk_0"
            },
            {
                "id": 63,
                "type": "pronunciation",
                "alternatives": [
                    {
                        "confidence": "0.999",
                        "content": "to"
                    }
                ],
                "start_time": "18.629",
                "end_time": "18.79",
                "speaker_label": "spk_0"
            },
            {
                "id": 64,
                "type": "pronunciation",
                "alternatives": [
                    {
                        "confidence": "0.999",
                        "content": "go"
                    }
                ],
                "start_time": "18.79",
                "end_time": "19.18",
                "speaker_label": "spk_0"
            },
            {
                "id": 65,
                "type": "punctuation",
                "alternatives": [
                    {
                        "confidence": "0.0",
                        "content": ","
                    }
                ],
                "speaker_label": "spk_0"
            },
            {
                "id": 66,
                "type": "pronunciation",
                "alternatives": [
                    {
                        "confidence": "0.996",
                        "content": "press"
                    }
                ],
                "start_time": "19.34",
                "end_time": "19.629",
                "speaker_label": "spk_0"
            },
            {
                "id": 67,
                "type": "pronunciation",
                "alternatives": [
                    {
                        "confidence": "0.997",
                        "content": "3"
                    }
                ],
                "start_time": "19.629",
                "end_time": "20.149",
                "speaker_label": "spk_0"
            },
            {
                "id": 68,
                "type": "punctuation",
                "alternatives": [
                    {
                        "confidence": "0.0",
                        "content": "."
                    }
                ],
                "speaker_label": "spk_0"
            },
            {
                "id": 69,
                "type": "pronunciation",
                "alternatives": [
                    {
                        "confidence": "0.582",
                        "content": "How"
                    }
                ],
                "start_time": "30.34",
                "end_time": "30.35",
                "speaker_label": "spk_1"
            },
            {
                "id": 70,
                "type": "pronunciation",
                "alternatives": [
                    {
                        "confidence": "0.996",
                        "content": "may"
                    }
                ],
                "start_time": "30.35",
                "end_time": "30.36",
                "speaker_label": "spk_1"
            },
            {
                "id": 71,
                "type": "pronunciation",
                "alternatives": [
                    {
                        "confidence": "0.996",
                        "content": "I"
                    }
                ],
                "start_time": "30.36",
                "end_time": "30.37",
                "speaker_label": "spk_1"
            },
            {
                "id": 72,
                "type": "pronunciation",
                "alternatives": [
                    {
                        "confidence": "0.995",
                        "content": "help"
                    }
                ],
                "start_time": "30.37",
                "end_time": "30.379",
                "speaker_label": "spk_1"
            },
            {
                "id": 73,
                "type": "pronunciation",
                "alternatives": [
                    {
                        "confidence": "0.942",
                        "content": "you"
                    }
                ],
                "start_time": "30.379",
                "end_time": "30.389",
                "speaker_label": "spk_1"
            },
            {
                "id": 74,
                "type": "punctuation",
                "alternatives": [
                    {
                        "confidence": "0.0",
                        "content": "?"
                    }
                ],
                "speaker_label": "spk_1"
            },
            {
                "id": 75,
                "type": "pronunciation",
                "alternatives": [
                    {
                        "confidence": "0.996",
                        "content": "Hi"
                    }
                ],
                "start_time": "30.399",
                "end_time": "30.409",
                "speaker_label": "spk_1"
            },
            {
                "id": 76,
                "type": "punctuation",
                "alternatives": [
                    {
                        "confidence": "0.0",
                        "content": ","
                    }
                ],
                "speaker_label": "spk_1"
            },
            {
                "id": 77,
                "type": "pronunciation",
                "alternatives": [
                    {
                        "confidence": "0.988",
                        "content": "I'm"
                    }
                ],
                "start_time": "30.42",
                "end_time": "30.45",
                "speaker_label": "spk_1"
            },
            {
                "id": 78,
                "type": "pronunciation",
                "alternatives": [
                    {
                        "confidence": "0.996",
                        "content": "hi"
                    }
                ],
                "start_time": "35.29",
                "end_time": "35.689",
                "speaker_label": "spk_1"
            },
            {
                "id": 79,
                "type": "pronunciation",
                "alternatives": [
                    {
                        "confidence": "0.995",
                        "content": "I'm"
                    }
                ],
                "start_time": "35.99",
                "end_time": "36.189",
                "speaker_label": "spk_1"
            },
            {
                "id": 80,
                "type": "pronunciation",
                "alternatives": [
                    {
                        "confidence": "0.998",
                        "content": "just"
                    }
                ],
                "start_time": "36.189",
                "end_time": "36.389",
                "speaker_label": "spk_1"
            },
            {
                "id": 81,
                "type": "pronunciation",
                "alternatives": [
                    {
                        "confidence": "0.986",
                        "content": "phoning"
                    }
                ],
                "start_time": "36.389",
                "end_time": "36.709",
                "speaker_label": "spk_1"
            },
            {
                "id": 82,
                "type": "pronunciation",
                "alternatives": [
                    {
                        "confidence": "0.999",
                        "content": "to"
                    }
                ],
                "start_time": "36.709",
                "end_time": "36.909",
                "speaker_label": "spk_1"
            },
            {
                "id": 83,
                "type": "pronunciation",
                "alternatives": [
                    {
                        "confidence": "0.999",
                        "content": "see"
                    }
                ],
                "start_time": "36.909",
                "end_time": "37.31",
                "speaker_label": "spk_1"
            },
            {
                "id": 84,
                "type": "pronunciation",
                "alternatives": [
                    {
                        "confidence": "0.998",
                        "content": "how"
                    }
                ],
                "start_time": "37.31",
                "end_time": "37.63",
                "speaker_label": "spk_1"
            },
            {
                "id": 85,
                "type": "pronunciation",
                "alternatives": [
                    {
                        "confidence": "0.998",
                        "content": "long"
                    }
                ],
                "start_time": "37.63",
                "end_time": "37.909",
                "speaker_label": "spk_1"
            },
            {
                "id": 86,
                "type": "pronunciation",
                "alternatives": [
                    {
                        "confidence": "0.998",
                        "content": "if"
                    }
                ],
                "start_time": "37.909",
                "end_time": "38.069",
                "speaker_label": "spk_1"
            },
            {
                "id": 87,
                "type": "pronunciation",
                "alternatives": [
                    {
                        "confidence": "0.998",
                        "content": "I"
                    }
                ],
                "start_time": "38.069",
                "end_time": "38.189",
                "speaker_label": "spk_1"
            },
            {
                "id": 88,
                "type": "pronunciation",
                "alternatives": [
                    {
                        "confidence": "0.997",
                        "content": "were"
                    }
                ],
                "start_time": "38.189",
                "end_time": "38.27",
                "speaker_label": "spk_1"
            },
            {
                "id": 89,
                "type": "pronunciation",
                "alternatives": [
                    {
                        "confidence": "0.998",
                        "content": "to"
                    }
                ],
                "start_time": "38.27",
                "end_time": "38.43",
                "speaker_label": "spk_1"
            },
            {
                "id": 90,
                "type": "pronunciation",
                "alternatives": [
                    {
                        "confidence": "0.999",
                        "content": "book"
                    }
                ],
                "start_time": "38.43",
                "end_time": "38.59",
                "speaker_label": "spk_1"
            },
            {
                "id": 91,
                "type": "pronunciation",
                "alternatives": [
                    {
                        "confidence": "0.998",
                        "content": "an"
                    }
                ],
                "start_time": "38.59",
                "end_time": "38.709",
                "speaker_label": "spk_1"
            },
            {
                "id": 92,
                "type": "pronunciation",
                "alternatives": [
                    {
                        "confidence": "0.998",
                        "content": "appointment"
                    }
                ],
                "start_time": "38.709",
                "end_time": "39.229",
                "speaker_label": "spk_1"
            },
            {
                "id": 93,
                "type": "pronunciation",
                "alternatives": [
                    {
                        "confidence": "0.998",
                        "content": "today"
                    }
                ],
                "start_time": "39.229",
                "end_time": "39.389",
                "speaker_label": "spk_1"
            },
            {
                "id": 94,
                "type": "pronunciation",
                "alternatives": [
                    {
                        "confidence": "0.999",
                        "content": "for"
                    }
                ],
                "start_time": "39.389",
                "end_time": "39.52",
                "speaker_label": "spk_1"
            },
            {
                "id": 95,
                "type": "pronunciation",
                "alternatives": [
                    {
                        "confidence": "0.997",
                        "content": "a"
                    }
                ],
                "start_time": "39.52",
                "end_time": "39.669",
                "speaker_label": "spk_1"
            },
            {
                "id": 96,
                "type": "pronunciation",
                "alternatives": [
                    {
                        "confidence": "0.013",
                        "content": "mammogram"
                    }
                ],
                "start_time": "39.669",
                "end_time": "40.58",
                "speaker_label": "spk_1"
            },
            {
                "id": 97,
                "type": "punctuation",
                "alternatives": [
                    {
                        "confidence": "0.0",
                        "content": ","
                    }
                ],
                "speaker_label": "spk_1"
            },
            {
                "id": 98,
                "type": "pronunciation",
                "alternatives": [
                    {
                        "confidence": "0.997",
                        "content": "how"
                    }
                ],
                "start_time": "40.95",
                "end_time": "41.15",
                "speaker_label": "spk_1"
            },
            {
                "id": 99,
                "type": "pronunciation",
                "alternatives": [
                    {
                        "confidence": "0.999",
                        "content": "long"
                    }
                ],
                "start_time": "41.15",
                "end_time": "41.31",
                "speaker_label": "spk_1"
            },
            {
                "id": 100,
                "type": "pronunciation",
                "alternatives": [
                    {
                        "confidence": "0.998",
                        "content": "would"
                    }
                ],
                "start_time": "41.31",
                "end_time": "41.43",
                "speaker_label": "spk_1"
            },
            {
                "id": 101,
                "type": "pronunciation",
                "alternatives": [
                    {
                        "confidence": "0.998",
                        "content": "it"
                    }
                ],
                "start_time": "41.43",
                "end_time": "41.549",
                "speaker_label": "spk_1"
            },
            {
                "id": 102,
                "type": "pronunciation",
                "alternatives": [
                    {
                        "confidence": "0.999",
                        "content": "be"
                    }
                ],
                "start_time": "41.549",
                "end_time": "41.869",
                "speaker_label": "spk_1"
            },
            {
                "id": 103,
                "type": "pronunciation",
                "alternatives": [
                    {
                        "confidence": "0.998",
                        "content": "until"
                    }
                ],
                "start_time": "41.869",
                "end_time": "41.99",
                "speaker_label": "spk_1"
            },
            {
                "id": 104,
                "type": "pronunciation",
                "alternatives": [
                    {
                        "confidence": "0.998",
                        "content": "I"
                    }
                ],
                "start_time": "41.99",
                "end_time": "42.13",
                "speaker_label": "spk_1"
            },
            {
                "id": 105,
                "type": "pronunciation",
                "alternatives": [
                    {
                        "confidence": "0.996",
                        "content": "could"
                    }
                ],
                "start_time": "42.13",
                "end_time": "42.31",
                "speaker_label": "spk_1"
            },
            {
                "id": 106,
                "type": "pronunciation",
                "alternatives": [
                    {
                        "confidence": "0.999",
                        "content": "get"
                    }
                ],
                "start_time": "42.31",
                "end_time": "42.509",
                "speaker_label": "spk_1"
            },
            {
                "id": 107,
                "type": "pronunciation",
                "alternatives": [
                    {
                        "confidence": "0.998",
                        "content": "in"
                    }
                ],
                "start_time": "42.509",
                "end_time": "42.9",
                "speaker_label": "spk_1"
            },
            {
                "id": 108,
                "type": "punctuation",
                "alternatives": [
                    {
                        "confidence": "0.0",
                        "content": "."
                    }
                ],
                "speaker_label": "spk_1"
            },
            {
                "id": 109,
                "type": "pronunciation",
                "alternatives": [
                    {
                        "confidence": "0.996",
                        "content": "Uh"
                    }
                ],
                "start_time": "43.27",
                "end_time": "43.549",
                "speaker_label": "spk_1"
            },
            {
                "id": 110,
                "type": "punctuation",
                "alternatives": [
                    {
                        "confidence": "0.0",
                        "content": ","
                    }
                ],
                "speaker_label": "spk_1"
            },
            {
                "id": 111,
                "type": "pronunciation",
                "alternatives": [
                    {
                        "confidence": "0.992",
                        "content": "we're"
                    }
                ],
                "start_time": "43.63",
                "end_time": "43.86",
                "speaker_label": "spk_1"
            },
            {
                "id": 112,
                "type": "pronunciation",
                "alternatives": [
                    {
                        "confidence": "0.999",
                        "content": "not"
                    }
                ],
                "start_time": "43.86",
                "end_time": "44.069",
                "speaker_label": "spk_1"
            },
            {
                "id": 113,
                "type": "pronunciation",
                "alternatives": [
                    {
                        "confidence": "0.999",
                        "content": "doing"
                    }
                ],
                "start_time": "44.069",
                "end_time": "44.349",
                "speaker_label": "spk_1"
            },
            {
                "id": 114,
                "type": "pronunciation",
                "alternatives": [
                    {
                        "confidence": "0.814",
                        "content": "mammograms"
                    }
                ],
                "start_time": "44.349",
                "end_time": "45.029",
                "speaker_label": "spk_1"
            },
            {
                "id": 115,
                "type": "pronunciation",
                "alternatives": [
                    {
                        "confidence": "0.997",
                        "content": "in"
                    }
                ],
                "start_time": "45.029",
                "end_time": "45.189",
                "speaker_label": "spk_1"
            },
            {
                "id": 116,
                "type": "pronunciation",
                "alternatives": [
                    {
                        "confidence": "0.997",
                        "content": "our"
                    }
                ],
                "start_time": "45.189",
                "end_time": "45.38",
                "speaker_label": "spk_1"
            },
            {
                "id": 117,
                "type": "pronunciation",
                "alternatives": [
                    {
                        "confidence": "0.995",
                        "content": "clinic"
                    }
                ],
                "start_time": "45.38",
                "end_time": "45.79",
                "speaker_label": "spk_1"
            },
            {
                "id": 118,
                "type": "punctuation",
                "alternatives": [
                    {
                        "confidence": "0.0",
                        "content": ","
                    }
                ],
                "speaker_label": "spk_1"
            },
            {
                "id": 119,
                "type": "pronunciation",
                "alternatives": [
                    {
                        "confidence": "0.985",
                        "content": "sorry"
                    }
                ],
                "start_time": "45.909",
                "end_time": "46.139",
                "speaker_label": "spk_1"
            },
            {
                "id": 120,
                "type": "punctuation",
                "alternatives": [
                    {
                        "confidence": "0.0",
                        "content": ","
                    }
                ],
                "speaker_label": "spk_1"
            },
            {
                "id": 121,
                "type": "pronunciation",
                "alternatives": [
                    {
                        "confidence": "0.994",
                        "content": "ma'am"
                    }
                ],
                "start_time": "46.189",
                "end_time": "46.47",
                "speaker_label": "spk_1"
            },
            {
                "id": 122,
                "type": "punctuation",
                "alternatives": [
                    {
                        "confidence": "0.0",
                        "content": "."
                    }
                ],
                "speaker_label": "spk_1"
            },
            {
                "id": 123,
                "type": "pronunciation",
                "alternatives": [
                    {
                        "confidence": "0.998",
                        "content": "Oh"
                    }
                ],
                "start_time": "47.779",
                "end_time": "48.159",
                "speaker_label": "spk_1"
            },
            {
                "id": 124,
                "type": "punctuation",
                "alternatives": [
                    {
                        "confidence": "0.0",
                        "content": ","
                    }
                ],
                "speaker_label": "spk_1"
            },
            {
                "id": 125,
                "type": "pronunciation",
                "alternatives": [
                    {
                        "confidence": "0.998",
                        "content": "OK"
                    }
                ],
                "start_time": "48.169",
                "end_time": "48.799",
                "speaker_label": "spk_1"
            },
            {
                "id": 126,
                "type": "punctuation",
                "alternatives": [
                    {
                        "confidence": "0.0",
                        "content": ","
                    }
                ],
                "speaker_label": "spk_1"
            },
            {
                "id": 127,
                "type": "pronunciation",
                "alternatives": [
                    {
                        "confidence": "0.996",
                        "content": "I'll"
                    }
                ],
                "start_time": "49.25",
                "end_time": "49.45",
                "speaker_label": "spk_1"
            },
            {
                "id": 128,
                "type": "pronunciation",
                "alternatives": [
                    {
                        "confidence": "0.998",
                        "content": "try"
                    }
                ],
                "start_time": "49.45",
                "end_time": "49.659",
                "speaker_label": "spk_1"
            },
            {
                "id": 129,
                "type": "pronunciation",
                "alternatives": [
                    {
                        "confidence": "0.997",
                        "content": "a"
                    }
                ],
                "start_time": "49.659",
                "end_time": "50.009",
                "speaker_label": "spk_1"
            },
            {
                "id": 130,
                "type": "pronunciation",
                "alternatives": [
                    {
                        "confidence": "0.999",
                        "content": "different"
                    }
                ],
                "start_time": "50.009",
                "end_time": "50.209",
                "speaker_label": "spk_1"
            },
            {
                "id": 131,
                "type": "pronunciation",
                "alternatives": [
                    {
                        "confidence": "0.991",
                        "content": "clinic"
                    }
                ],
                "start_time": "50.209",
                "end_time": "50.569",
                "speaker_label": "spk_1"
            },
            {
                "id": 132,
                "type": "punctuation",
                "alternatives": [
                    {
                        "confidence": "0.0",
                        "content": "."
                    }
                ],
                "speaker_label": "spk_1"
            },
            {
                "id": 133,
                "type": "pronunciation",
                "alternatives": [
                    {
                        "confidence": "0.57",
                        "content": "Thank"
                    }
                ],
                "start_time": "50.65",
                "end_time": "50.77",
                "speaker_label": "spk_1"
            },
            {
                "id": 134,
                "type": "pronunciation",
                "alternatives": [
                    {
                        "confidence": "0.999",
                        "content": "you"
                    }
                ],
                "start_time": "50.77",
                "end_time": "51.24",
                "speaker_label": "spk_1"
            },
            {
                "id": 135,
                "type": "punctuation",
                "alternatives": [
                    {
                        "confidence": "0.0",
                        "content": "."
                    }
                ],
                "speaker_label": "spk_1"
            },
            {
                "id": 136,
                "type": "pronunciation",
                "alternatives": [
                    {
                        "confidence": "0.874",
                        "content": "Bye"
                    }
                ],
                "start_time": "51.68",
                "end_time": "51.689",
                "speaker_label": "spk_1"
            },
            {
                "id": 137,
                "type": "pronunciation",
                "alternatives": [
                    {
                        "confidence": "0.707",
                        "content": "bye"
                    }
                ],
                "start_time": "51.689",
                "end_time": "51.889",
                "speaker_label": "spk_1"
            },
            {
                "id": 138,
                "type": "punctuation",
                "alternatives": [
                    {
                        "confidence": "0.0",
                        "content": "."
                    }
                ],
                "speaker_label": "spk_1"
            },
            {
                "id": 139,
                "type": "pronunciation",
                "alternatives": [
                    {
                        "confidence": "0.505",
                        "content": "Yeah"
                    }
                ],
                "start_time": "52.93",
                "end_time": "53.189",
                "speaker_label": "spk_1"
            }
        ],
        "audio_segments": [
            {
                "id": 0,
                "transcript": "Thank you for calling Wassler Diagnostics. Please listen to all of the prompts before making a selection. If you are calling about booking an appointment, press 1. For general inquiries like clinic locations, operating hours, and how to prepare for the appointment, press 2. If you are at the [PII] office but aren't sure where to go, press 3.",
                "start_time": "1.549",
                "end_time": "20.229",
                "speaker_label": "spk_0",
                "items": [
                    0,
                    1,
                    2,
                    3,
                    4,
                    5,
                    6,
                    7,
                    8,
                    9,
                    10,
                    11,
                    12,
                    13,
                    14,
                    15,
                    16,
                    17,
                    18,
                    19,
                    20,
                    21,
                    22,
                    23,
                    24,
                    25,
                    26,
                    27,
                    28,
                    29,
                    30,
                    31,
                    32,
                    33,
                    34,
                    35,
                    36,
                    37,
                    38,
                    39,
                    40,
                    41,
                    42,
                    43,
                    44,
                    45,
                    46,
                    47,
                    48,
                    49,
                    50,
                    51,
                    52,
                    53,
                    54,
                    55,
                    56,
                    57,
                    58,
                    59,
                    60,
                    61,
                    62,
                    63,
                    64,
                    65,
                    66,
                    67,
                    68
                ]
            },
            {
                "id": 1,
                "transcript": "How may I help you? Hi, I'm hi I'm just phoning to see how long if I were to book an appointment today for a mammogram, how long would it be until I could get in. Uh, we're not doing mammograms in our clinic, sorry, ma'am.",
                "start_time": "30.309",
                "end_time": "46.59",
                "speaker_label": "spk_1",
                "items": [
                    69,
                    70,
                    71,
                    72,
                    73,
                    74,
                    75,
                    76,
                    77,
                    78,
                    79,
                    80,
                    81,
                    82,
                    83,
                    84,
                    85,
                    86,
                    87,
                    88,
                    89,
                    90,
                    91,
                    92,
                    93,
                    94,
                    95,
                    96,
                    97,
                    98,
                    99,
                    100,
                    101,
                    102,
                    103,
                    104,
                    105,
                    106,
                    107,
                    108,
                    109,
                    110,
                    111,
                    112,
                    113,
                    114,
                    115,
                    116,
                    117,
                    118,
                    119,
                    120,
                    121,
                    122
                ]
            },
            {
                "id": 2,
                "transcript": "Oh, OK, I'll try a different clinic. Thank you. Bye bye.",
                "start_time": "47.77",
                "end_time": "51.959",
                "speaker_label": "spk_1",
                "items": [
                    123,
                    124,
                    125,
                    126,
                    127,
                    128,
                    129,
                    130,
                    131,
                    132,
                    133,
                    134,
                    135,
                    136,
                    137,
                    138
                ]
            },
            {
                "id": 3,
                "transcript": "Yeah",
                "start_time": "52.77",
                "end_time": "53.34",
                "speaker_label": "spk_1",
                "items": [
                    139
                ]
            }
        ]
    }
}