{
    "jobName": "transcription-job-2024-03-21T18-24-41Z-call-b331f9d0-8ab5-451e-bdc5-636a439519bd-1734638220",
    "accountId": "199040315413",
    "isRedacted": true,
    "status": "COMPLETED",
    "results": {
        "transcripts": [
            {
                "transcript": "Well for diagnostics please hold. OK Thank you for waiting sorry for the wait. How may I help? OK hi. Hi. Yeah, sorry, I requested for an appointment online and then I missed your call today so that's why I'm calling back. OK, uh, which location? Um, the [PII] location. So just give me a couple of seconds. So actually, yes, we actually received a notification for X-ray. Do you know what type of X-ray it is? OK, I have the breast imaging, the screening mammogram. Oh, breast imaging mammogram unfortunately that's not something that we do in our clinic. Oh OK sorry about that. OK, that's OK. Thank you. You're welcome have a good day. You too bye bye."
            }
        ],
        "speaker_labels": {
            "segments": [
                {
                    "start_time": "0.0",
                    "end_time": "2.269",
                    "speaker_label": "spk_0",
                    "items": [
                        {
                            "speaker_label": "spk_0",
                            "start_time": "0.159",
                            "end_time": "0.209"
                        },
                        {
                            "speaker_label": "spk_0",
                            "start_time": "0.209",
                            "end_time": "0.519"
                        },
                        {
                            "speaker_label": "spk_0",
                            "start_time": "0.519",
                            "end_time": "1.71"
                        },
                        {
                            "speaker_label": "spk_0",
                            "start_time": "1.71",
                            "end_time": "1.72"
                        },
                        {
                            "speaker_label": "spk_0",
                            "start_time": "1.72",
                            "end_time": "2.14"
                        }
                    ]
                },
                {
                    "start_time": "3.319",
                    "end_time": "3.97",
                    "speaker_label": "spk_1",
                    "items": [
                        {
                            "speaker_label": "spk_1",
                            "start_time": "3.329",
                            "end_time": "3.94"
                        }
                    ]
                },
                {
                    "start_time": "145.72",
                    "end_time": "148.279",
                    "speaker_label": "spk_0",
                    "items": [
                        {
                            "speaker_label": "spk_0",
                            "start_time": "145.96",
                            "end_time": "146.199"
                        },
                        {
                            "speaker_label": "spk_0",
                            "start_time": "146.199",
                            "end_time": "146.36"
                        },
                        {
                            "speaker_label": "spk_0",
                            "start_time": "146.36",
                            "end_time": "146.6"
                        },
                        {
                            "speaker_label": "spk_0",
                            "start_time": "146.6",
                            "end_time": "147.0"
                        },
                        {
                            "speaker_label": "spk_0",
                            "start_time": "147.0",
                            "end_time": "147.24"
                        },
                        {
                            "speaker_label": "spk_0",
                            "start_time": "147.24",
                            "end_time": "147.38"
                        },
                        {
                            "speaker_label": "spk_0",
                            "start_time": "147.38",
                            "end_time": "147.6"
                        },
                        {
                            "speaker_label": "spk_0",
                            "start_time": "147.6",
                            "end_time": "147.8"
                        },
                        {
                            "speaker_label": "spk_0",
                            "start_time": "147.929",
                            "end_time": "148.08"
                        },
                        {
                            "speaker_label": "spk_0",
                            "start_time": "148.08",
                            "end_time": "148.16"
                        },
                        {
                            "speaker_label": "spk_0",
                            "start_time": "148.16",
                            "end_time": "148.279"
                        }
                    ]
                },
                {
                    "start_time": "148.279",
                    "end_time": "148.809",
                    "speaker_label": "spk_1",
                    "items": [
                        {
                            "speaker_label": "spk_1",
                            "start_time": "148.279",
                            "end_time": "148.669"
                        }
                    ]
                },
                {
                    "start_time": "150.389",
                    "end_time": "151.55",
                    "speaker_label": "spk_1",
                    "items": [
                        {
                            "speaker_label": "spk_1",
                            "start_time": "150.399",
                            "end_time": "150.919"
                        },
                        {
                            "speaker_label": "spk_1",
                            "start_time": "150.919",
                            "end_time": "151.08"
                        }
                    ]
                },
                {
                    "start_time": "152.279",
                    "end_time": "153.139",
                    "speaker_label": "spk_0",
                    "items": [
                        {
                            "speaker_label": "spk_0",
                            "start_time": "152.289",
                            "end_time": "152.3"
                        }
                    ]
                },
                {
                    "start_time": "153.869",
                    "end_time": "164.3",
                    "speaker_label": "spk_1",
                    "items": [
                        {
                            "speaker_label": "spk_1",
                            "start_time": "154.05",
                            "end_time": "154.35"
                        },
                        {
                            "speaker_label": "spk_1",
                            "start_time": "154.589",
                            "end_time": "154.91"
                        },
                        {
                            "speaker_label": "spk_1",
                            "start_time": "154.949",
                            "end_time": "155.74"
                        },
                        {
                            "speaker_label": "spk_1",
                            "start_time": "156.789",
                            "end_time": "157.24"
                        },
                        {
                            "speaker_label": "spk_1",
                            "start_time": "157.24",
                            "end_time": "157.25"
                        },
                        {
                            "speaker_label": "spk_1",
                            "start_time": "157.25",
                            "end_time": "157.539"
                        },
                        {
                            "speaker_label": "spk_1",
                            "start_time": "157.539",
                            "end_time": "158.539"
                        },
                        {
                            "speaker_label": "spk_1",
                            "start_time": "158.539",
                            "end_time": "159.22"
                        },
                        {
                            "speaker_label": "spk_1",
                            "start_time": "159.75",
                            "end_time": "159.949"
                        },
                        {
                            "speaker_label": "spk_1",
                            "start_time": "159.949",
                            "end_time": "160.389"
                        },
                        {
                            "speaker_label": "spk_1",
                            "start_time": "160.389",
                            "end_time": "160.589"
                        },
                        {
                            "speaker_label": "spk_1",
                            "start_time": "160.589",
                            "end_time": "160.869"
                        },
                        {
                            "speaker_label": "spk_1",
                            "start_time": "160.869",
                            "end_time": "161.149"
                        },
                        {
                            "speaker_label": "spk_1",
                            "start_time": "161.149",
                            "end_time": "161.699"
                        },
                        {
                            "speaker_label": "spk_1",
                            "start_time": "161.699",
                            "end_time": "162.419"
                        },
                        {
                            "speaker_label": "spk_1",
                            "start_time": "162.99",
                            "end_time": "163.11"
                        },
                        {
                            "speaker_label": "spk_1",
                            "start_time": "163.11",
                            "end_time": "163.309"
                        },
                        {
                            "speaker_label": "spk_1",
                            "start_time": "163.309",
                            "end_time": "163.389"
                        },
                        {
                            "speaker_label": "spk_1",
                            "start_time": "163.389",
                            "end_time": "163.63"
                        },
                        {
                            "speaker_label": "spk_1",
                            "start_time": "163.63",
                            "end_time": "164.07"
                        },
                        {
                            "speaker_label": "spk_1",
                            "start_time": "164.07",
                            "end_time": "164.3"
                        }
                    ]
                },
                {
                    "start_time": "165.11",
                    "end_time": "166.74",
                    "speaker_label": "spk_0",
                    "items": [
                        {
                            "speaker_label": "spk_0",
                            "start_time": "165.11",
                            "end_time": "165.35"
                        },
                        {
                            "speaker_label": "spk_0",
                            "start_time": "165.41",
                            "end_time": "165.66"
                        },
                        {
                            "speaker_label": "spk_0",
                            "start_time": "165.669",
                            "end_time": "166.16"
                        },
                        {
                            "speaker_label": "spk_0",
                            "start_time": "166.16",
                            "end_time": "166.699"
                        }
                    ]
                },
                {
                    "start_time": "168.539",
                    "end_time": "172.029",
                    "speaker_label": "spk_1",
                    "items": [
                        {
                            "speaker_label": "spk_1",
                            "start_time": "168.559",
                            "end_time": "168.979"
                        },
                        {
                            "speaker_label": "spk_1",
                            "start_time": "169.1",
                            "end_time": "169.3"
                        },
                        {
                            "speaker_label": "spk_1",
                            "start_time": "169.3",
                            "end_time": "169.63"
                        },
                        {
                            "speaker_label": "spk_1",
                            "start_time": "170.58",
                            "end_time": "171.5"
                        }
                    ]
                },
                {
                    "start_time": "172.809",
                    "end_time": "174.009",
                    "speaker_label": "spk_1",
                    "items": [
                        {
                            "speaker_label": "spk_1",
                            "start_time": "172.91",
                            "end_time": "173.49"
                        },
                        {
                            "speaker_label": "spk_1",
                            "start_time": "173.49",
                            "end_time": "173.77"
                        },
                        {
                            "speaker_label": "spk_1",
                            "start_time": "173.77",
                            "end_time": "174.009"
                        }
                    ]
                },
                {
                    "start_time": "174.009",
                    "end_time": "175.009",
                    "speaker_label": "spk_1",
                    "items": [
                        {
                            "speaker_label": "spk_1",
                            "start_time": "174.009",
                            "end_time": "174.169"
                        },
                        {
                            "speaker_label": "spk_1",
                            "start_time": "174.169",
                            "end_time": "174.369"
                        },
                        {
                            "speaker_label": "spk_1",
                            "start_time": "174.369",
                            "end_time": "174.729"
                        },
                        {
                            "speaker_label": "spk_1",
                            "start_time": "174.729",
                            "end_time": "175.009"
                        }
                    ]
                },
                {
                    "start_time": "175.009",
                    "end_time": "175.789",
                    "speaker_label": "spk_1",
                    "items": [
                        {
                            "speaker_label": "spk_1",
                            "start_time": "175.009",
                            "end_time": "175.74"
                        }
                    ]
                },
                {
                    "start_time": "192.789",
                    "end_time": "194.63",
                    "speaker_label": "spk_0",
                    "items": [
                        {
                            "speaker_label": "spk_0",
                            "start_time": "192.94",
                            "end_time": "193.47"
                        },
                        {
                            "speaker_label": "spk_0",
                            "start_time": "193.47",
                            "end_time": "193.949"
                        },
                        {
                            "speaker_label": "spk_0",
                            "start_time": "194.11",
                            "end_time": "194.36"
                        },
                        {
                            "speaker_label": "spk_0",
                            "start_time": "194.429",
                            "end_time": "194.63"
                        }
                    ]
                },
                {
                    "start_time": "194.63",
                    "end_time": "195.229",
                    "speaker_label": "spk_0",
                    "items": [
                        {
                            "speaker_label": "spk_0",
                            "start_time": "194.63",
                            "end_time": "195.229"
                        }
                    ]
                },
                {
                    "start_time": "195.229",
                    "end_time": "195.71",
                    "speaker_label": "spk_1",
                    "items": [
                        {
                            "speaker_label": "spk_1",
                            "start_time": "195.229",
                            "end_time": "195.71"
                        }
                    ]
                },
                {
                    "start_time": "195.71",
                    "end_time": "196.419",
                    "speaker_label": "spk_0",
                    "items": [
                        {
                            "speaker_label": "spk_0",
                            "start_time": "195.71",
                            "end_time": "196.419"
                        }
                    ]
                },
                {
                    "start_time": "197.309",
                    "end_time": "201.21",
                    "speaker_label": "spk_0",
                    "items": [
                        {
                            "speaker_label": "spk_0",
                            "start_time": "197.309",
                            "end_time": "198.149"
                        },
                        {
                            "speaker_label": "spk_0",
                            "start_time": "198.149",
                            "end_time": "198.27"
                        },
                        {
                            "speaker_label": "spk_0",
                            "start_time": "198.27",
                            "end_time": "199.0"
                        },
                        {
                            "speaker_label": "spk_0",
                            "start_time": "199.27",
                            "end_time": "199.35"
                        },
                        {
                            "speaker_label": "spk_0",
                            "start_time": "199.35",
                            "end_time": "199.47"
                        },
                        {
                            "speaker_label": "spk_0",
                            "start_time": "199.47",
                            "end_time": "199.55"
                        },
                        {
                            "speaker_label": "spk_0",
                            "start_time": "199.55",
                            "end_time": "199.75"
                        },
                        {
                            "speaker_label": "spk_0",
                            "start_time": "199.75",
                            "end_time": "199.91"
                        },
                        {
                            "speaker_label": "spk_0",
                            "start_time": "199.91",
                            "end_time": "200.02"
                        },
                        {
                            "speaker_label": "spk_0",
                            "start_time": "200.02",
                            "end_time": "200.47"
                        },
                        {
                            "speaker_label": "spk_0",
                            "start_time": "200.47",
                            "end_time": "200.669"
                        },
                        {
                            "speaker_label": "spk_0",
                            "start_time": "200.669",
                            "end_time": "201.11"
                        }
                    ]
                },
                {
                    "start_time": "202.66",
                    "end_time": "203.02",
                    "speaker_label": "spk_0",
                    "items": [
                        {
                            "speaker_label": "spk_0",
                            "start_time": "202.759",
                            "end_time": "203.02"
                        }
                    ]
                },
                {
                    "start_time": "203.1",
                    "end_time": "207.07",
                    "speaker_label": "spk_1",
                    "items": [
                        {
                            "speaker_label": "spk_1",
                            "start_time": "203.1",
                            "end_time": "203.25"
                        },
                        {
                            "speaker_label": "spk_1",
                            "start_time": "203.25",
                            "end_time": "203.44"
                        },
                        {
                            "speaker_label": "spk_1",
                            "start_time": "203.44",
                            "end_time": "203.539"
                        },
                        {
                            "speaker_label": "spk_1",
                            "start_time": "203.539",
                            "end_time": "203.899"
                        },
                        {
                            "speaker_label": "spk_1",
                            "start_time": "203.899",
                            "end_time": "205.13"
                        },
                        {
                            "speaker_label": "spk_1",
                            "start_time": "205.619",
                            "end_time": "205.869"
                        },
                        {
                            "speaker_label": "spk_1",
                            "start_time": "205.869",
                            "end_time": "206.259"
                        },
                        {
                            "speaker_label": "spk_1",
                            "start_time": "206.259",
                            "end_time": "206.979"
                        }
                    ]
                },
                {
                    "start_time": "207.63",
                    "end_time": "213.44",
                    "speaker_label": "spk_0",
                    "items": [
                        {
                            "speaker_label": "spk_0",
                            "start_time": "207.639",
                            "end_time": "208.259"
                        },
                        {
                            "speaker_label": "spk_0",
                            "start_time": "208.309",
                            "end_time": "208.61"
                        },
                        {
                            "speaker_label": "spk_0",
                            "start_time": "208.61",
                            "end_time": "209.229"
                        },
                        {
                            "speaker_label": "spk_0",
                            "start_time": "209.229",
                            "end_time": "209.91"
                        },
                        {
                            "speaker_label": "spk_0",
                            "start_time": "209.91",
                            "end_time": "210.83"
                        },
                        {
                            "speaker_label": "spk_0",
                            "start_time": "210.83",
                            "end_time": "211.07"
                        },
                        {
                            "speaker_label": "spk_0",
                            "start_time": "211.07",
                            "end_time": "211.35"
                        },
                        {
                            "speaker_label": "spk_0",
                            "start_time": "211.35",
                            "end_time": "211.71"
                        },
                        {
                            "speaker_label": "spk_0",
                            "start_time": "211.71",
                            "end_time": "211.83"
                        },
                        {
                            "speaker_label": "spk_0",
                            "start_time": "211.83",
                            "end_time": "211.99"
                        },
                        {
                            "speaker_label": "spk_0",
                            "start_time": "211.99",
                            "end_time": "212.149"
                        },
                        {
                            "speaker_label": "spk_0",
                            "start_time": "212.149",
                            "end_time": "212.309"
                        },
                        {
                            "speaker_label": "spk_0",
                            "start_time": "212.309",
                            "end_time": "212.509"
                        },
                        {
                            "speaker_label": "spk_0",
                            "start_time": "212.509",
                            "end_time": "213.259"
                        }
                    ]
                },
                {
                    "start_time": "215.24",
                    "end_time": "217.49",
                    "speaker_label": "spk_1",
                    "items": [
                        {
                            "speaker_label": "spk_1",
                            "start_time": "215.399",
                            "end_time": "216.149"
                        },
                        {
                            "speaker_label": "spk_1",
                            "start_time": "216.88",
                            "end_time": "217.49"
                        }
                    ]
                },
                {
                    "start_time": "218.0",
                    "end_time": "219.199",
                    "speaker_label": "spk_0",
                    "items": [
                        {
                            "speaker_label": "spk_0",
                            "start_time": "218.0",
                            "end_time": "218.32"
                        },
                        {
                            "speaker_label": "spk_0",
                            "start_time": "218.32",
                            "end_time": "218.559"
                        },
                        {
                            "speaker_label": "spk_0",
                            "start_time": "218.559",
                            "end_time": "219.07"
                        }
                    ]
                },
                {
                    "start_time": "219.85",
                    "end_time": "221.8",
                    "speaker_label": "spk_1",
                    "items": [
                        {
                            "speaker_label": "spk_1",
                            "start_time": "219.86",
                            "end_time": "220.289"
                        },
                        {
                            "speaker_label": "spk_1",
                            "start_time": "220.33",
                            "end_time": "220.649"
                        },
                        {
                            "speaker_label": "spk_1",
                            "start_time": "220.649",
                            "end_time": "221.009"
                        },
                        {
                            "speaker_label": "spk_1",
                            "start_time": "221.13",
                            "end_time": "221.36"
                        },
                        {
                            "speaker_label": "spk_1",
                            "start_time": "221.36",
                            "end_time": "221.8"
                        }
                    ]
                },
                {
                    "start_time": "221.97",
                    "end_time": "223.559",
                    "speaker_label": "spk_0",
                    "items": [
                        {
                            "speaker_label": "spk_0",
                            "start_time": "221.97",
                            "end_time": "222.169"
                        },
                        {
                            "speaker_label": "spk_0",
                            "start_time": "222.169",
                            "end_time": "222.649"
                        },
                        {
                            "speaker_label": "spk_0",
                            "start_time": "222.649",
                            "end_time": "222.809"
                        },
                        {
                            "speaker_label": "spk_0",
                            "start_time": "222.809",
                            "end_time": "222.929"
                        },
                        {
                            "speaker_label": "spk_0",
                            "start_time": "222.929",
                            "end_time": "223.13"
                        },
                        {
                            "speaker_label": "spk_0",
                            "start_time": "223.13",
                            "end_time": "223.559"
                        }
                    ]
                },
                {
                    "start_time": "224.949",
                    "end_time": "226.419",
                    "speaker_label": "spk_1",
                    "items": [
                        {
                            "speaker_label": "spk_1",
                            "start_time": "224.949",
                            "end_time": "224.96"
                        },
                        {
                            "speaker_label": "spk_1",
                            "start_time": "224.96",
                            "end_time": "224.97"
                        },
                        {
                            "speaker_label": "spk_1",
                            "start_time": "224.97",
                            "end_time": "225.169"
                        },
                        {
                            "speaker_label": "spk_1",
                            "start_time": "225.169",
                            "end_time": "225.55"
                        }
                    ]
                }
            ],
            "channel_label": "ch_0",
            "speakers": 2
        },
        "items": [
            {
                "id": 0,
                "type": "pronunciation",
                "alternatives": [
                    {
                        "confidence": "0.675",
                        "content": "Well"
                    }
                ],
                "start_time": "0.159",
                "end_time": "0.209",
                "speaker_label": "spk_0"
            },
            {
                "id": 1,
                "type": "pronunciation",
                "alternatives": [
                    {
                        "confidence": "0.993",
                        "content": "for"
                    }
                ],
                "start_time": "0.209",
                "end_time": "0.519",
                "speaker_label": "spk_0"
            },
            {
                "id": 2,
                "type": "pronunciation",
                "alternatives": [
                    {
                        "confidence": "0.981",
                        "content": "diagnostics"
                    }
                ],
                "start_time": "0.519",
                "end_time": "1.71",
                "speaker_label": "spk_0"
            },
            {
                "id": 3,
                "type": "pronunciation",
                "alternatives": [
                    {
                        "confidence": "0.983",
                        "content": "please"
                    }
                ],
                "start_time": "1.71",
                "end_time": "1.72",
                "speaker_label": "spk_0"
            },
            {
                "id": 4,
                "type": "pronunciation",
                "alternatives": [
                    {
                        "confidence": "0.996",
                        "content": "hold"
                    }
                ],
                "start_time": "1.72",
                "end_time": "2.14",
                "speaker_label": "spk_0"
            },
            {
                "id": 5,
                "type": "punctuation",
                "alternatives": [
                    {
                        "confidence": "0.0",
                        "content": "."
                    }
                ],
                "speaker_label": "spk_0"
            },
            {
                "id": 6,
                "type": "pronunciation",
                "alternatives": [
                    {
                        "confidence": "0.996",
                        "content": "OK"
                    }
                ],
                "start_time": "3.329",
                "end_time": "3.94",
                "speaker_label": "spk_1"
            },
            {
                "id": 7,
                "type": "pronunciation",
                "alternatives": [
                    {
                        "confidence": "0.999",
                        "content": "Thank"
                    }
                ],
                "start_time": "145.96",
                "end_time": "146.199",
                "speaker_label": "spk_0"
            },
            {
                "id": 8,
                "type": "pronunciation",
                "alternatives": [
                    {
                        "confidence": "0.999",
                        "content": "you"
                    }
                ],
                "start_time": "146.199",
                "end_time": "146.36",
                "speaker_label": "spk_0"
            },
            {
                "id": 9,
                "type": "pronunciation",
                "alternatives": [
                    {
                        "confidence": "0.999",
                        "content": "for"
                    }
                ],
                "start_time": "146.36",
                "end_time": "146.6",
                "speaker_label": "spk_0"
            },
            {
                "id": 10,
                "type": "pronunciation",
                "alternatives": [
                    {
                        "confidence": "0.999",
                        "content": "waiting"
                    }
                ],
                "start_time": "146.6",
                "end_time": "147.0",
                "speaker_label": "spk_0"
            },
            {
                "id": 11,
                "type": "pronunciation",
                "alternatives": [
                    {
                        "confidence": "0.996",
                        "content": "sorry"
                    }
                ],
                "start_time": "147.0",
                "end_time": "147.24",
                "speaker_label": "spk_0"
            },
            {
                "id": 12,
                "type": "pronunciation",
                "alternatives": [
                    {
                        "confidence": "0.998",
                        "content": "for"
                    }
                ],
                "start_time": "147.24",
                "end_time": "147.38",
                "speaker_label": "spk_0"
            },
            {
                "id": 13,
                "type": "pronunciation",
                "alternatives": [
                    {
                        "confidence": "0.998",
                        "content": "the"
                    }
                ],
                "start_time": "147.38",
                "end_time": "147.6",
                "speaker_label": "spk_0"
            },
            {
                "id": 14,
                "type": "pronunciation",
                "alternatives": [
                    {
                        "confidence": "0.998",
                        "content": "wait"
                    }
                ],
                "start_time": "147.6",
                "end_time": "147.8",
                "speaker_label": "spk_0"
            },
            {
                "id": 15,
                "type": "punctuation",
                "alternatives": [
                    {
                        "confidence": "0.0",
                        "content": "."
                    }
                ],
                "speaker_label": "spk_0"
            },
            {
                "id": 16,
                "type": "pronunciation",
                "alternatives": [
                    {
                        "confidence": "0.913",
                        "content": "How"
                    }
                ],
                "start_time": "147.929",
                "end_time": "148.08",
                "speaker_label": "spk_0"
            },
            {
                "id": 17,
                "type": "pronunciation",
                "alternatives": [
                    {
                        "confidence": "0.999",
                        "content": "may"
                    }
                ],
                "start_time": "148.08",
                "end_time": "148.16",
                "speaker_label": "spk_0"
            },
            {
                "id": 18,
                "type": "pronunciation",
                "alternatives": [
                    {
                        "confidence": "0.997",
                        "content": "I"
                    }
                ],
                "start_time": "148.16",
                "end_time": "148.279",
                "speaker_label": "spk_0"
            },
            {
                "id": 19,
                "type": "pronunciation",
                "alternatives": [
                    {
                        "confidence": "0.999",
                        "content": "help"
                    }
                ],
                "start_time": "148.279",
                "end_time": "148.669",
                "speaker_label": "spk_1"
            },
            {
                "id": 20,
                "type": "punctuation",
                "alternatives": [
                    {
                        "confidence": "0.0",
                        "content": "?"
                    }
                ],
                "speaker_label": "spk_1"
            },
            {
                "id": 21,
                "type": "pronunciation",
                "alternatives": [
                    {
                        "confidence": "0.996",
                        "content": "OK"
                    }
                ],
                "start_time": "150.399",
                "end_time": "150.919",
                "speaker_label": "spk_1"
            },
            {
                "id": 22,
                "type": "pronunciation",
                "alternatives": [
                    {
                        "confidence": "0.996",
                        "content": "hi"
                    }
                ],
                "start_time": "150.919",
                "end_time": "151.08",
                "speaker_label": "spk_1"
            },
            {
                "id": 23,
                "type": "punctuation",
                "alternatives": [
                    {
                        "confidence": "0.0",
                        "content": "."
                    }
                ],
                "speaker_label": "spk_1"
            },
            {
                "id": 24,
                "type": "pronunciation",
                "alternatives": [
                    {
                        "confidence": "0.99",
                        "content": "Hi"
                    }
                ],
                "start_time": "152.289",
                "end_time": "152.3",
                "speaker_label": "spk_0"
            },
            {
                "id": 25,
                "type": "punctuation",
                "alternatives": [
                    {
                        "confidence": "0.0",
                        "content": "."
                    }
                ],
                "speaker_label": "spk_0"
            },
            {
                "id": 26,
                "type": "pronunciation",
                "alternatives": [
                    {
                        "confidence": "0.987",
                        "content": "Yeah"
                    }
                ],
                "start_time": "154.05",
                "end_time": "154.35",
                "speaker_label": "spk_1"
            },
            {
                "id": 27,
                "type": "punctuation",
                "alternatives": [
                    {
                        "confidence": "0.0",
                        "content": ","
                    }
                ],
                "speaker_label": "spk_1"
            },
            {
                "id": 28,
                "type": "pronunciation",
                "alternatives": [
                    {
                        "confidence": "0.996",
                        "content": "sorry"
                    }
                ],
                "start_time": "154.589",
                "end_time": "154.91",
                "speaker_label": "spk_1"
            },
            {
                "id": 29,
                "type": "punctuation",
                "alternatives": [
                    {
                        "confidence": "0.0",
                        "content": ","
                    }
                ],
                "speaker_label": "spk_1"
            },
            {
                "id": 30,
                "type": "pronunciation",
                "alternatives": [
                    {
                        "confidence": "0.999",
                        "content": "I"
                    }
                ],
                "start_time": "154.949",
                "end_time": "155.74",
                "speaker_label": "spk_1"
            },
            {
                "id": 31,
                "type": "pronunciation",
                "alternatives": [
                    {
                        "confidence": "0.997",
                        "content": "requested"
                    }
                ],
                "start_time": "156.789",
                "end_time": "157.24",
                "speaker_label": "spk_1"
            },
            {
                "id": 32,
                "type": "pronunciation",
                "alternatives": [
                    {
                        "confidence": "0.989",
                        "content": "for"
                    }
                ],
                "start_time": "157.24",
                "end_time": "157.25",
                "speaker_label": "spk_1"
            },
            {
                "id": 33,
                "type": "pronunciation",
                "alternatives": [
                    {
                        "confidence": "0.996",
                        "content": "an"
                    }
                ],
                "start_time": "157.25",
                "end_time": "157.539",
                "speaker_label": "spk_1"
            },
            {
                "id": 34,
                "type": "pronunciation",
                "alternatives": [
                    {
                        "confidence": "0.997",
                        "content": "appointment"
                    }
                ],
                "start_time": "157.539",
                "end_time": "158.539",
                "speaker_label": "spk_1"
            },
            {
                "id": 35,
                "type": "pronunciation",
                "alternatives": [
                    {
                        "confidence": "0.998",
                        "content": "online"
                    }
                ],
                "start_time": "158.539",
                "end_time": "159.22",
                "speaker_label": "spk_1"
            },
            {
                "id": 36,
                "type": "pronunciation",
                "alternatives": [
                    {
                        "confidence": "0.998",
                        "content": "and"
                    }
                ],
                "start_time": "159.75",
                "end_time": "159.949",
                "speaker_label": "spk_1"
            },
            {
                "id": 37,
                "type": "pronunciation",
                "alternatives": [
                    {
                        "confidence": "0.999",
                        "content": "then"
                    }
                ],
                "start_time": "159.949",
                "end_time": "160.389",
                "speaker_label": "spk_1"
            },
            {
                "id": 38,
                "type": "pronunciation",
                "alternatives": [
                    {
                        "confidence": "0.999",
                        "content": "I"
                    }
                ],
                "start_time": "160.389",
                "end_time": "160.589",
                "speaker_label": "spk_1"
            },
            {
                "id": 39,
                "type": "pronunciation",
                "alternatives": [
                    {
                        "confidence": "0.991",
                        "content": "missed"
                    }
                ],
                "start_time": "160.589",
                "end_time": "160.869",
                "speaker_label": "spk_1"
            },
            {
                "id": 40,
                "type": "pronunciation",
                "alternatives": [
                    {
                        "confidence": "0.997",
                        "content": "your"
                    }
                ],
                "start_time": "160.869",
                "end_time": "161.149",
                "speaker_label": "spk_1"
            },
            {
                "id": 41,
                "type": "pronunciation",
                "alternatives": [
                    {
                        "confidence": "0.998",
                        "content": "call"
                    }
                ],
                "start_time": "161.149",
                "end_time": "161.699",
                "speaker_label": "spk_1"
            },
            {
                "id": 42,
                "type": "pronunciation",
                "alternatives": [
                    {
                        "confidence": "0.997",
                        "content": "today"
                    }
                ],
                "start_time": "161.699",
                "end_time": "162.419",
                "speaker_label": "spk_1"
            },
            {
                "id": 43,
                "type": "pronunciation",
                "alternatives": [
                    {
                        "confidence": "0.996",
                        "content": "so"
                    }
                ],
                "start_time": "162.99",
                "end_time": "163.11",
                "speaker_label": "spk_1"
            },
            {
                "id": 44,
                "type": "pronunciation",
                "alternatives": [
                    {
                        "confidence": "0.995",
                        "content": "that's"
                    }
                ],
                "start_time": "163.11",
                "end_time": "163.309",
                "speaker_label": "spk_1"
            },
            {
                "id": 45,
                "type": "pronunciation",
                "alternatives": [
                    {
                        "confidence": "0.997",
                        "content": "why"
                    }
                ],
                "start_time": "163.309",
                "end_time": "163.389",
                "speaker_label": "spk_1"
            },
            {
                "id": 46,
                "type": "pronunciation",
                "alternatives": [
                    {
                        "confidence": "0.996",
                        "content": "I'm"
                    }
                ],
                "start_time": "163.389",
                "end_time": "163.63",
                "speaker_label": "spk_1"
            },
            {
                "id": 47,
                "type": "pronunciation",
                "alternatives": [
                    {
                        "confidence": "0.999",
                        "content": "calling"
                    }
                ],
                "start_time": "163.63",
                "end_time": "164.07",
                "speaker_label": "spk_1"
            },
            {
                "id": 48,
                "type": "pronunciation",
                "alternatives": [
                    {
                        "confidence": "0.994",
                        "content": "back"
                    }
                ],
                "start_time": "164.07",
                "end_time": "164.3",
                "speaker_label": "spk_1"
            },
            {
                "id": 49,
                "type": "punctuation",
                "alternatives": [
                    {
                        "confidence": "0.0",
                        "content": "."
                    }
                ],
                "speaker_label": "spk_1"
            },
            {
                "id": 50,
                "type": "pronunciation",
                "alternatives": [
                    {
                        "confidence": "0.997",
                        "content": "OK"
                    }
                ],
                "start_time": "165.11",
                "end_time": "165.35",
                "speaker_label": "spk_0"
            },
            {
                "id": 51,
                "type": "punctuation",
                "alternatives": [
                    {
                        "confidence": "0.0",
                        "content": ","
                    }
                ],
                "speaker_label": "spk_0"
            },
            {
                "id": 52,
                "type": "pronunciation",
                "alternatives": [
                    {
                        "confidence": "0.996",
                        "content": "uh"
                    }
                ],
                "start_time": "165.41",
                "end_time": "165.66",
                "speaker_label": "spk_0"
            },
            {
                "id": 53,
                "type": "punctuation",
                "alternatives": [
                    {
                        "confidence": "0.0",
                        "content": ","
                    }
                ],
                "speaker_label": "spk_0"
            },
            {
                "id": 54,
                "type": "pronunciation",
                "alternatives": [
                    {
                        "confidence": "0.998",
                        "content": "which"
                    }
                ],
                "start_time": "165.669",
                "end_time": "166.16",
                "speaker_label": "spk_0"
            },
            {
                "id": 55,
                "type": "pronunciation",
                "alternatives": [
                    {
                        "confidence": "0.999",
                        "content": "location"
                    }
                ],
                "start_time": "166.16",
                "end_time": "166.699",
                "speaker_label": "spk_0"
            },
            {
                "id": 56,
                "type": "punctuation",
                "alternatives": [
                    {
                        "confidence": "0.0",
                        "content": "?"
                    }
                ],
                "speaker_label": "spk_0"
            },
            {
                "id": 57,
                "type": "pronunciation",
                "alternatives": [
                    {
                        "confidence": "0.997",
                        "content": "Um"
                    }
                ],
                "start_time": "168.559",
                "end_time": "168.979",
                "speaker_label": "spk_1"
            },
            {
                "id": 58,
                "type": "punctuation",
                "alternatives": [
                    {
                        "confidence": "0.0",
                        "content": ","
                    }
                ],
                "speaker_label": "spk_1"
            },
            {
                "id": 59,
                "type": "pronunciation",
                "alternatives": [
                    {
                        "confidence": "0.996",
                        "content": "the"
                    }
                ],
                "start_time": "169.1",
                "end_time": "169.3",
                "speaker_label": "spk_1"
            },
            {
                "id": 60,
                "type": "pronunciation",
                "alternatives": [
                    {
                        "content": "[PII]",
                        "redactions": [
                            {
                                "confidence": "1.0",
                                "type": "ADDRESS",
                                "category": "PII"
                            }
                        ]
                    }
                ],
                "start_time": "169.3",
                "end_time": "169.63"
            },
            {
                "id": 61,
                "type": "pronunciation",
                "alternatives": [
                    {
                        "confidence": "0.998",
                        "content": "location"
                    }
                ],
                "start_time": "170.58",
                "end_time": "171.5",
                "speaker_label": "spk_1"
            },
            {
                "id": 62,
                "type": "punctuation",
                "alternatives": [
                    {
                        "confidence": "0.0",
                        "content": "."
                    }
                ],
                "speaker_label": "spk_1"
            },
            {
                "id": 63,
                "type": "pronunciation",
                "alternatives": [
                    {
                        "confidence": "0.996",
                        "content": "So"
                    }
                ],
                "start_time": "172.91",
                "end_time": "173.49",
                "speaker_label": "spk_1"
            },
            {
                "id": 64,
                "type": "pronunciation",
                "alternatives": [
                    {
                        "confidence": "0.998",
                        "content": "just"
                    }
                ],
                "start_time": "173.49",
                "end_time": "173.77",
                "speaker_label": "spk_1"
            },
            {
                "id": 65,
                "type": "pronunciation",
                "alternatives": [
                    {
                        "confidence": "0.998",
                        "content": "give"
                    }
                ],
                "start_time": "173.77",
                "end_time": "174.009",
                "speaker_label": "spk_1"
            },
            {
                "id": 66,
                "type": "pronunciation",
                "alternatives": [
                    {
                        "confidence": "0.999",
                        "content": "me"
                    }
                ],
                "start_time": "174.009",
                "end_time": "174.169",
                "speaker_label": "spk_1"
            },
            {
                "id": 67,
                "type": "pronunciation",
                "alternatives": [
                    {
                        "confidence": "0.999",
                        "content": "a"
                    }
                ],
                "start_time": "174.169",
                "end_time": "174.369",
                "speaker_label": "spk_1"
            },
            {
                "id": 68,
                "type": "pronunciation",
                "alternatives": [
                    {
                        "confidence": "0.998",
                        "content": "couple"
                    }
                ],
                "start_time": "174.369",
                "end_time": "174.729",
                "speaker_label": "spk_1"
            },
            {
                "id": 69,
                "type": "pronunciation",
                "alternatives": [
                    {
                        "confidence": "0.972",
                        "content": "of"
                    }
                ],
                "start_time": "174.729",
                "end_time": "175.009",
                "speaker_label": "spk_1"
            },
            {
                "id": 70,
                "type": "pronunciation",
                "alternatives": [
                    {
                        "confidence": "0.984",
                        "content": "seconds"
                    }
                ],
                "start_time": "175.009",
                "end_time": "175.74",
                "speaker_label": "spk_1"
            },
            {
                "id": 71,
                "type": "punctuation",
                "alternatives": [
                    {
                        "confidence": "0.0",
                        "content": "."
                    }
                ],
                "speaker_label": "spk_1"
            },
            {
                "id": 72,
                "type": "pronunciation",
                "alternatives": [
                    {
                        "confidence": "0.998",
                        "content": "So"
                    }
                ],
                "start_time": "192.94",
                "end_time": "193.47",
                "speaker_label": "spk_0"
            },
            {
                "id": 73,
                "type": "pronunciation",
                "alternatives": [
                    {
                        "confidence": "0.998",
                        "content": "actually"
                    }
                ],
                "start_time": "193.47",
                "end_time": "193.949",
                "speaker_label": "spk_0"
            },
            {
                "id": 74,
                "type": "punctuation",
                "alternatives": [
                    {
                        "confidence": "0.0",
                        "content": ","
                    }
                ],
                "speaker_label": "spk_0"
            },
            {
                "id": 75,
                "type": "pronunciation",
                "alternatives": [
                    {
                        "confidence": "0.998",
                        "content": "yes"
                    }
                ],
                "start_time": "194.11",
                "end_time": "194.36",
                "speaker_label": "spk_0"
            },
            {
                "id": 76,
                "type": "punctuation",
                "alternatives": [
                    {
                        "confidence": "0.0",
                        "content": ","
                    }
                ],
                "speaker_label": "spk_0"
            },
            {
                "id": 77,
                "type": "pronunciation",
                "alternatives": [
                    {
                        "confidence": "0.997",
                        "content": "we"
                    }
                ],
                "start_time": "194.429",
                "end_time": "194.63",
                "speaker_label": "spk_0"
            },
            {
                "id": 78,
                "type": "pronunciation",
                "alternatives": [
                    {
                        "confidence": "0.999",
                        "content": "actually"
                    }
                ],
                "start_time": "194.63",
                "end_time": "195.229",
                "speaker_label": "spk_0"
            },
            {
                "id": 79,
                "type": "pronunciation",
                "alternatives": [
                    {
                        "confidence": "0.994",
                        "content": "received"
                    }
                ],
                "start_time": "195.229",
                "end_time": "195.71",
                "speaker_label": "spk_1"
            },
            {
                "id": 80,
                "type": "pronunciation",
                "alternatives": [
                    {
                        "confidence": "0.996",
                        "content": "a"
                    }
                ],
                "start_time": "195.71",
                "end_time": "196.419",
                "speaker_label": "spk_0"
            },
            {
                "id": 81,
                "type": "pronunciation",
                "alternatives": [
                    {
                        "confidence": "0.996",
                        "content": "notification"
                    }
                ],
                "start_time": "197.309",
                "end_time": "198.149",
                "speaker_label": "spk_0"
            },
            {
                "id": 82,
                "type": "pronunciation",
                "alternatives": [
                    {
                        "confidence": "0.999",
                        "content": "for"
                    }
                ],
                "start_time": "198.149",
                "end_time": "198.27",
                "speaker_label": "spk_0"
            },
            {
                "id": 83,
                "type": "pronunciation",
                "alternatives": [
                    {
                        "confidence": "0.991",
                        "content": "X-ray"
                    }
                ],
                "start_time": "198.27",
                "end_time": "199.0",
                "speaker_label": "spk_0"
            },
            {
                "id": 84,
                "type": "punctuation",
                "alternatives": [
                    {
                        "confidence": "0.0",
                        "content": "."
                    }
                ],
                "speaker_label": "spk_0"
            },
            {
                "id": 85,
                "type": "pronunciation",
                "alternatives": [
                    {
                        "confidence": "0.996",
                        "content": "Do"
                    }
                ],
                "start_time": "199.27",
                "end_time": "199.35",
                "speaker_label": "spk_0"
            },
            {
                "id": 86,
                "type": "pronunciation",
                "alternatives": [
                    {
                        "confidence": "0.999",
                        "content": "you"
                    }
                ],
                "start_time": "199.35",
                "end_time": "199.47",
                "speaker_label": "spk_0"
            },
            {
                "id": 87,
                "type": "pronunciation",
                "alternatives": [
                    {
                        "confidence": "0.999",
                        "content": "know"
                    }
                ],
                "start_time": "199.47",
                "end_time": "199.55",
                "speaker_label": "spk_0"
            },
            {
                "id": 88,
                "type": "pronunciation",
                "alternatives": [
                    {
                        "confidence": "0.999",
                        "content": "what"
                    }
                ],
                "start_time": "199.55",
                "end_time": "199.75",
                "speaker_label": "spk_0"
            },
            {
                "id": 89,
                "type": "pronunciation",
                "alternatives": [
                    {
                        "confidence": "0.998",
                        "content": "type"
                    }
                ],
                "start_time": "199.75",
                "end_time": "199.91",
                "speaker_label": "spk_0"
            },
            {
                "id": 90,
                "type": "pronunciation",
                "alternatives": [
                    {
                        "confidence": "0.998",
                        "content": "of"
                    }
                ],
                "start_time": "199.91",
                "end_time": "200.02",
                "speaker_label": "spk_0"
            },
            {
                "id": 91,
                "type": "pronunciation",
                "alternatives": [
                    {
                        "confidence": "0.991",
                        "content": "X-ray"
                    }
                ],
                "start_time": "200.02",
                "end_time": "200.47",
                "speaker_label": "spk_0"
            },
            {
                "id": 92,
                "type": "pronunciation",
                "alternatives": [
                    {
                        "confidence": "0.996",
                        "content": "it"
                    }
                ],
                "start_time": "200.47",
                "end_time": "200.669",
                "speaker_label": "spk_0"
            },
            {
                "id": 93,
                "type": "pronunciation",
                "alternatives": [
                    {
                        "confidence": "0.996",
                        "content": "is"
                    }
                ],
                "start_time": "200.669",
                "end_time": "201.11",
                "speaker_label": "spk_0"
            },
            {
                "id": 94,
                "type": "punctuation",
                "alternatives": [
                    {
                        "confidence": "0.0",
                        "content": "?"
                    }
                ],
                "speaker_label": "spk_0"
            },
            {
                "id": 95,
                "type": "pronunciation",
                "alternatives": [
                    {
                        "confidence": "0.996",
                        "content": "OK"
                    }
                ],
                "start_time": "202.759",
                "end_time": "203.02",
                "speaker_label": "spk_0"
            },
            {
                "id": 96,
                "type": "punctuation",
                "alternatives": [
                    {
                        "confidence": "0.0",
                        "content": ","
                    }
                ],
                "speaker_label": "spk_0"
            },
            {
                "id": 97,
                "type": "pronunciation",
                "alternatives": [
                    {
                        "confidence": "0.996",
                        "content": "I"
                    }
                ],
                "start_time": "203.1",
                "end_time": "203.25",
                "speaker_label": "spk_1"
            },
            {
                "id": 98,
                "type": "pronunciation",
                "alternatives": [
                    {
                        "confidence": "0.996",
                        "content": "have"
                    }
                ],
                "start_time": "203.25",
                "end_time": "203.44",
                "speaker_label": "spk_1"
            },
            {
                "id": 99,
                "type": "pronunciation",
                "alternatives": [
                    {
                        "confidence": "0.996",
                        "content": "the"
                    }
                ],
                "start_time": "203.44",
                "end_time": "203.539",
                "speaker_label": "spk_1"
            },
            {
                "id": 100,
                "type": "pronunciation",
                "alternatives": [
                    {
                        "confidence": "0.3",
                        "content": "breast"
                    }
                ],
                "start_time": "203.539",
                "end_time": "203.899",
                "speaker_label": "spk_1"
            },
            {
                "id": 101,
                "type": "pronunciation",
                "alternatives": [
                    {
                        "confidence": "0.989",
                        "content": "imaging"
                    }
                ],
                "start_time": "203.899",
                "end_time": "205.13",
                "speaker_label": "spk_1"
            },
            {
                "id": 102,
                "type": "punctuation",
                "alternatives": [
                    {
                        "confidence": "0.0",
                        "content": ","
                    }
                ],
                "speaker_label": "spk_1"
            },
            {
                "id": 103,
                "type": "pronunciation",
                "alternatives": [
                    {
                        "confidence": "0.996",
                        "content": "the"
                    }
                ],
                "start_time": "205.619",
                "end_time": "205.869",
                "speaker_label": "spk_1"
            },
            {
                "id": 104,
                "type": "pronunciation",
                "alternatives": [
                    {
                        "confidence": "0.995",
                        "content": "screening"
                    }
                ],
                "start_time": "205.869",
                "end_time": "206.259",
                "speaker_label": "spk_1"
            },
            {
                "id": 105,
                "type": "pronunciation",
                "alternatives": [
                    {
                        "confidence": "0.996",
                        "content": "mammogram"
                    }
                ],
                "start_time": "206.259",
                "end_time": "206.979",
                "speaker_label": "spk_1"
            },
            {
                "id": 106,
                "type": "punctuation",
                "alternatives": [
                    {
                        "confidence": "0.0",
                        "content": "."
                    }
                ],
                "speaker_label": "spk_1"
            },
            {
                "id": 107,
                "type": "pronunciation",
                "alternatives": [
                    {
                        "confidence": "0.998",
                        "content": "Oh"
                    }
                ],
                "start_time": "207.639",
                "end_time": "208.259",
                "speaker_label": "spk_0"
            },
            {
                "id": 108,
                "type": "punctuation",
                "alternatives": [
                    {
                        "confidence": "0.0",
                        "content": ","
                    }
                ],
                "speaker_label": "spk_0"
            },
            {
                "id": 109,
                "type": "pronunciation",
                "alternatives": [
                    {
                        "confidence": "0.968",
                        "content": "breast"
                    }
                ],
                "start_time": "208.309",
                "end_time": "208.61",
                "speaker_label": "spk_0"
            },
            {
                "id": 110,
                "type": "pronunciation",
                "alternatives": [
                    {
                        "confidence": "0.995",
                        "content": "imaging"
                    }
                ],
                "start_time": "208.61",
                "end_time": "209.229",
                "speaker_label": "spk_0"
            },
            {
                "id": 111,
                "type": "pronunciation",
                "alternatives": [
                    {
                        "confidence": "0.996",
                        "content": "mammogram"
                    }
                ],
                "start_time": "209.229",
                "end_time": "209.91",
                "speaker_label": "spk_0"
            },
            {
                "id": 112,
                "type": "pronunciation",
                "alternatives": [
                    {
                        "confidence": "0.987",
                        "content": "unfortunately"
                    }
                ],
                "start_time": "209.91",
                "end_time": "210.83",
                "speaker_label": "spk_0"
            },
            {
                "id": 113,
                "type": "pronunciation",
                "alternatives": [
                    {
                        "confidence": "0.997",
                        "content": "that's"
                    }
                ],
                "start_time": "210.83",
                "end_time": "211.07",
                "speaker_label": "spk_0"
            },
            {
                "id": 114,
                "type": "pronunciation",
                "alternatives": [
                    {
                        "confidence": "0.999",
                        "content": "not"
                    }
                ],
                "start_time": "211.07",
                "end_time": "211.35",
                "speaker_label": "spk_0"
            },
            {
                "id": 115,
                "type": "pronunciation",
                "alternatives": [
                    {
                        "confidence": "0.999",
                        "content": "something"
                    }
                ],
                "start_time": "211.35",
                "end_time": "211.71",
                "speaker_label": "spk_0"
            },
            {
                "id": 116,
                "type": "pronunciation",
                "alternatives": [
                    {
                        "confidence": "0.999",
                        "content": "that"
                    }
                ],
                "start_time": "211.71",
                "end_time": "211.83",
                "speaker_label": "spk_0"
            },
            {
                "id": 117,
                "type": "pronunciation",
                "alternatives": [
                    {
                        "confidence": "0.999",
                        "content": "we"
                    }
                ],
                "start_time": "211.83",
                "end_time": "211.99",
                "speaker_label": "spk_0"
            },
            {
                "id": 118,
                "type": "pronunciation",
                "alternatives": [
                    {
                        "confidence": "0.997",
                        "content": "do"
                    }
                ],
                "start_time": "211.99",
                "end_time": "212.149",
                "speaker_label": "spk_0"
            },
            {
                "id": 119,
                "type": "pronunciation",
                "alternatives": [
                    {
                        "confidence": "0.998",
                        "content": "in"
                    }
                ],
                "start_time": "212.149",
                "end_time": "212.309",
                "speaker_label": "spk_0"
            },
            {
                "id": 120,
                "type": "pronunciation",
                "alternatives": [
                    {
                        "confidence": "0.999",
                        "content": "our"
                    }
                ],
                "start_time": "212.309",
                "end_time": "212.509",
                "speaker_label": "spk_0"
            },
            {
                "id": 121,
                "type": "pronunciation",
                "alternatives": [
                    {
                        "confidence": "0.999",
                        "content": "clinic"
                    }
                ],
                "start_time": "212.509",
                "end_time": "213.259",
                "speaker_label": "spk_0"
            },
            {
                "id": 122,
                "type": "punctuation",
                "alternatives": [
                    {
                        "confidence": "0.0",
                        "content": "."
                    }
                ],
                "speaker_label": "spk_0"
            },
            {
                "id": 123,
                "type": "pronunciation",
                "alternatives": [
                    {
                        "confidence": "0.997",
                        "content": "Oh"
                    }
                ],
                "start_time": "215.399",
                "end_time": "216.149",
                "speaker_label": "spk_1"
            },
            {
                "id": 124,
                "type": "pronunciation",
                "alternatives": [
                    {
                        "confidence": "0.996",
                        "content": "OK"
                    }
                ],
                "start_time": "216.88",
                "end_time": "217.49",
                "speaker_label": "spk_1"
            },
            {
                "id": 125,
                "type": "pronunciation",
                "alternatives": [
                    {
                        "confidence": "0.997",
                        "content": "sorry"
                    }
                ],
                "start_time": "218.0",
                "end_time": "218.32",
                "speaker_label": "spk_0"
            },
            {
                "id": 126,
                "type": "pronunciation",
                "alternatives": [
                    {
                        "confidence": "0.999",
                        "content": "about"
                    }
                ],
                "start_time": "218.32",
                "end_time": "218.559",
                "speaker_label": "spk_0"
            },
            {
                "id": 127,
                "type": "pronunciation",
                "alternatives": [
                    {
                        "confidence": "0.998",
                        "content": "that"
                    }
                ],
                "start_time": "218.559",
                "end_time": "219.07",
                "speaker_label": "spk_0"
            },
            {
                "id": 128,
                "type": "punctuation",
                "alternatives": [
                    {
                        "confidence": "0.0",
                        "content": "."
                    }
                ],
                "speaker_label": "spk_0"
            },
            {
                "id": 129,
                "type": "pronunciation",
                "alternatives": [
                    {
                        "confidence": "0.996",
                        "content": "OK"
                    }
                ],
                "start_time": "219.86",
                "end_time": "220.289",
                "speaker_label": "spk_1"
            },
            {
                "id": 130,
                "type": "punctuation",
                "alternatives": [
                    {
                        "confidence": "0.0",
                        "content": ","
                    }
                ],
                "speaker_label": "spk_1"
            },
            {
                "id": 131,
                "type": "pronunciation",
                "alternatives": [
                    {
                        "confidence": "0.992",
                        "content": "that's"
                    }
                ],
                "start_time": "220.33",
                "end_time": "220.649",
                "speaker_label": "spk_1"
            },
            {
                "id": 132,
                "type": "pronunciation",
                "alternatives": [
                    {
                        "confidence": "0.992",
                        "content": "OK"
                    }
                ],
                "start_time": "220.649",
                "end_time": "221.009",
                "speaker_label": "spk_1"
            },
            {
                "id": 133,
                "type": "punctuation",
                "alternatives": [
                    {
                        "confidence": "0.0",
                        "content": "."
                    }
                ],
                "speaker_label": "spk_1"
            },
            {
                "id": 134,
                "type": "pronunciation",
                "alternatives": [
                    {
                        "confidence": "0.81",
                        "content": "Thank"
                    }
                ],
                "start_time": "221.13",
                "end_time": "221.36",
                "speaker_label": "spk_1"
            },
            {
                "id": 135,
                "type": "pronunciation",
                "alternatives": [
                    {
                        "confidence": "0.998",
                        "content": "you"
                    }
                ],
                "start_time": "221.36",
                "end_time": "221.8",
                "speaker_label": "spk_1"
            },
            {
                "id": 136,
                "type": "punctuation",
                "alternatives": [
                    {
                        "confidence": "0.0",
                        "content": "."
                    }
                ],
                "speaker_label": "spk_1"
            },
            {
                "id": 137,
                "type": "pronunciation",
                "alternatives": [
                    {
                        "confidence": "0.99",
                        "content": "You're"
                    }
                ],
                "start_time": "221.97",
                "end_time": "222.169",
                "speaker_label": "spk_0"
            },
            {
                "id": 138,
                "type": "pronunciation",
                "alternatives": [
                    {
                        "confidence": "0.997",
                        "content": "welcome"
                    }
                ],
                "start_time": "222.169",
                "end_time": "222.649",
                "speaker_label": "spk_0"
            },
            {
                "id": 139,
                "type": "pronunciation",
                "alternatives": [
                    {
                        "confidence": "0.992",
                        "content": "have"
                    }
                ],
                "start_time": "222.649",
                "end_time": "222.809",
                "speaker_label": "spk_0"
            },
            {
                "id": 140,
                "type": "pronunciation",
                "alternatives": [
                    {
                        "confidence": "0.998",
                        "content": "a"
                    }
                ],
                "start_time": "222.809",
                "end_time": "222.929",
                "speaker_label": "spk_0"
            },
            {
                "id": 141,
                "type": "pronunciation",
                "alternatives": [
                    {
                        "confidence": "0.998",
                        "content": "good"
                    }
                ],
                "start_time": "222.929",
                "end_time": "223.13",
                "speaker_label": "spk_0"
            },
            {
                "id": 142,
                "type": "pronunciation",
                "alternatives": [
                    {
                        "confidence": "0.997",
                        "content": "day"
                    }
                ],
                "start_time": "223.13",
                "end_time": "223.559",
                "speaker_label": "spk_0"
            },
            {
                "id": 143,
                "type": "punctuation",
                "alternatives": [
                    {
                        "confidence": "0.0",
                        "content": "."
                    }
                ],
                "speaker_label": "spk_0"
            },
            {
                "id": 144,
                "type": "pronunciation",
                "alternatives": [
                    {
                        "confidence": "0.562",
                        "content": "You"
                    }
                ],
                "start_time": "224.949",
                "end_time": "224.96",
                "speaker_label": "spk_1"
            },
            {
                "id": 145,
                "type": "pronunciation",
                "alternatives": [
                    {
                        "confidence": "0.983",
                        "content": "too"
                    }
                ],
                "start_time": "224.96",
                "end_time": "224.97",
                "speaker_label": "spk_1"
            },
            {
                "id": 146,
                "type": "pronunciation",
                "alternatives": [
                    {
                        "confidence": "0.933",
                        "content": "bye"
                    }
                ],
                "start_time": "224.97",
                "end_time": "225.169",
                "speaker_label": "spk_1"
            },
            {
                "id": 147,
                "type": "pronunciation",
                "alternatives": [
                    {
                        "confidence": "0.994",
                        "content": "bye"
                    }
                ],
                "start_time": "225.169",
                "end_time": "225.55",
                "speaker_label": "spk_1"
            },
            {
                "id": 148,
                "type": "punctuation",
                "alternatives": [
                    {
                        "confidence": "0.0",
                        "content": "."
                    }
                ],
                "speaker_label": "spk_1"
            }
        ],
        "audio_segments": [
            {
                "id": 0,
                "transcript": "Well for diagnostics please hold.",
                "start_time": "0.0",
                "end_time": "2.269",
                "speaker_label": "spk_0",
                "items": [
                    0,
                    1,
                    2,
                    3,
                    4,
                    5
                ]
            },
            {
                "id": 1,
                "transcript": "OK",
                "start_time": "3.319",
                "end_time": "3.97",
                "speaker_label": "spk_1",
                "items": [
                    6
                ]
            },
            {
                "id": 2,
                "transcript": "Thank you for waiting sorry for the wait. How may I",
                "start_time": "145.72",
                "end_time": "148.279",
                "speaker_label": "spk_0",
                "items": [
                    7,
                    8,
                    9,
                    10,
                    11,
                    12,
                    13,
                    14,
                    15,
                    16,
                    17,
                    18
                ]
            },
            {
                "id": 3,
                "transcript": "help?",
                "start_time": "148.279",
                "end_time": "148.809",
                "speaker_label": "spk_1",
                "items": [
                    19,
                    20
                ]
            },
            {
                "id": 4,
                "transcript": "OK hi.",
                "start_time": "150.389",
                "end_time": "151.55",
                "speaker_label": "spk_1",
                "items": [
                    21,
                    22,
                    23
                ]
            },
            {
                "id": 5,
                "transcript": "Hi.",
                "start_time": "152.279",
                "end_time": "153.139",
                "speaker_label": "spk_0",
                "items": [
                    24,
                    25
                ]
            },
            {
                "id": 6,
                "transcript": "Yeah, sorry, I requested for an appointment online and then I missed your call today so that's why I'm calling back.",
                "start_time": "153.869",
                "end_time": "164.3",
                "speaker_label": "spk_1",
                "items": [
                    26,
                    27,
                    28,
                    29,
                    30,
                    31,
                    32,
                    33,
                    34,
                    35,
                    36,
                    37,
                    38,
                    39,
                    40,
                    41,
                    42,
                    43,
                    44,
                    45,
                    46,
                    47,
                    48,
                    49
                ]
            },
            {
                "id": 7,
                "transcript": "OK, uh, which location?",
                "start_time": "165.11",
                "end_time": "166.74",
                "speaker_label": "spk_0",
                "items": [
                    50,
                    51,
                    52,
                    53,
                    54,
                    55,
                    56
                ]
            },
            {
                "id": 8,
                "transcript": "Um, the [PII] location.",
                "start_time": "168.539",
                "end_time": "172.029",
                "speaker_label": "spk_1",
                "items": [
                    57,
                    58,
                    59,
                    60,
                    61,
                    62
                ]
            },
            {
                "id": 9,
                "transcript": "So just give",
                "start_time": "172.809",
                "end_time": "174.009",
                "speaker_label": "spk_1",
                "items": [
                    63,
                    64,
                    65
                ]
            },
            {
                "id": 10,
                "transcript": "me a couple of",
                "start_time": "174.009",
                "end_time": "175.009",
                "speaker_label": "spk_1",
                "items": [
                    66,
                    67,
                    68,
                    69
                ]
            },
            {
                "id": 11,
                "transcript": "seconds.",
                "start_time": "175.009",
                "end_time": "175.789",
                "speaker_label": "spk_1",
                "items": [
                    70,
                    71
                ]
            },
            {
                "id": 12,
                "transcript": "So actually, yes, we",
                "start_time": "192.789",
                "end_time": "194.63",
                "speaker_label": "spk_0",
                "items": [
                    72,
                    73,
                    74,
                    75,
                    76,
                    77
                ]
            },
            {
                "id": 13,
                "transcript": "actually",
                "start_time": "194.63",
                "end_time": "195.229",
                "speaker_label": "spk_0",
                "items": [
                    78
                ]
            },
            {
                "id": 14,
                "transcript": "received",
                "start_time": "195.229",
                "end_time": "195.71",
                "speaker_label": "spk_1",
                "items": [
                    79
                ]
            },
            {
                "id": 15,
                "transcript": "a",
                "start_time": "195.71",
                "end_time": "196.419",
                "speaker_label": "spk_0",
                "items": [
                    80
                ]
            },
            {
                "id": 16,
                "transcript": "notification for X-ray. Do you know what type of X-ray it is?",
                "start_time": "197.309",
                "end_time": "201.21",
                "speaker_label": "spk_0",
                "items": [
                    81,
                    82,
                    83,
                    84,
                    85,
                    86,
                    87,
                    88,
                    89,
                    90,
                    91,
                    92,
                    93,
                    94
                ]
            },
            {
                "id": 17,
                "transcript": "OK,",
                "start_time": "202.66",
                "end_time": "203.02",
                "speaker_label": "spk_0",
                "items": [
                    95,
                    96
                ]
            },
            {
                "id": 18,
                "transcript": "I have the breast imaging, the screening mammogram.",
                "start_time": "203.1",
                "end_time": "207.07",
                "speaker_label": "spk_1",
                "items": [
                    97,
                    98,
                    99,
                    100,
                    101,
                    102,
                    103,
                    104,
                    105,
                    106
                ]
            },
            {
                "id": 19,
                "transcript": "Oh, breast imaging mammogram unfortunately that's not something that we do in our clinic.",
                "start_time": "207.63",
                "end_time": "213.44",
                "speaker_label": "spk_0",
                "items": [
                    107,
                    108,
                    109,
                    110,
                    111,
                    112,
                    113,
                    114,
                    115,
                    116,
                    117,
                    118,
                    119,
                    120,
                    121,
                    122
                ]
            },
            {
                "id": 20,
                "transcript": "Oh OK",
                "start_time": "215.24",
                "end_time": "217.49",
                "speaker_label": "spk_1",
                "items": [
                    123,
                    124
                ]
            },
            {
                "id": 21,
                "transcript": "sorry about that.",
                "start_time": "218.0",
                "end_time": "219.199",
                "speaker_label": "spk_0",
                "items": [
                    125,
                    126,
                    127,
                    128
                ]
            },
            {
                "id": 22,
                "transcript": "OK, that's OK. Thank you.",
                "start_time": "219.85",
                "end_time": "221.8",
                "speaker_label": "spk_1",
                "items": [
                    129,
                    130,
                    131,
                    132,
                    133,
                    134,
                    135,
                    136
                ]
            },
            {
                "id": 23,
                "transcript": "You're welcome have a good day.",
                "start_time": "221.97",
                "end_time": "223.559",
                "speaker_label": "spk_0",
                "items": [
                    137,
                    138,
                    139,
                    140,
                    141,
                    142,
                    143
                ]
            },
            {
                "id": 24,
                "transcript": "You too bye bye.",
                "start_time": "224.949",
                "end_time": "226.419",
                "speaker_label": "spk_1",
                "items": [
                    144,
                    145,
                    146,
                    147,
                    148
                ]
            }
        ]
    }
}