{
    "jobName": "transcription-job-2024-03-21T22-52-42Z-call-40d7bf08-9e63-4d2e-a3c5-6f1b9670bf76-1734640801",
    "accountId": "199040315413",
    "isRedacted": true,
    "status": "COMPLETED",
    "results": {
        "transcripts": [
            {
                "transcript": "Water diagnostics, how may I help? Yeah, hi there, did you guys do PET scan of the whole body. Uh, no, we only offer ultrasound for like shoulder. No worries, thank you so"
            }
        ],
        "speaker_labels": {
            "segments": [
                {
                    "start_time": "0.189",
                    "end_time": "2.609",
                    "speaker_label": "spk_0",
                    "items": [
                        {
                            "speaker_label": "spk_0",
                            "start_time": "0.779",
                            "end_time": "0.8"
                        },
                        {
                            "speaker_label": "spk_0",
                            "start_time": "0.8",
                            "end_time": "1.779"
                        },
                        {
                            "speaker_label": "spk_0",
                            "start_time": "1.789",
                            "end_time": "1.95"
                        },
                        {
                            "speaker_label": "spk_0",
                            "start_time": "1.95",
                            "end_time": "2.029"
                        },
                        {
                            "speaker_label": "spk_0",
                            "start_time": "2.029",
                            "end_time": "2.109"
                        },
                        {
                            "speaker_label": "spk_0",
                            "start_time": "2.109",
                            "end_time": "2.46"
                        }
                    ]
                },
                {
                    "start_time": "3.559",
                    "end_time": "6.32",
                    "speaker_label": "spk_1",
                    "items": [
                        {
                            "speaker_label": "spk_1",
                            "start_time": "3.569",
                            "end_time": "3.759"
                        },
                        {
                            "speaker_label": "spk_1",
                            "start_time": "3.799",
                            "end_time": "4.0"
                        },
                        {
                            "speaker_label": "spk_1",
                            "start_time": "4.0",
                            "end_time": "4.079"
                        },
                        {
                            "speaker_label": "spk_1",
                            "start_time": "4.199",
                            "end_time": "4.28"
                        },
                        {
                            "speaker_label": "spk_1",
                            "start_time": "4.28",
                            "end_time": "4.36"
                        },
                        {
                            "speaker_label": "spk_1",
                            "start_time": "4.36",
                            "end_time": "4.55"
                        },
                        {
                            "speaker_label": "spk_1",
                            "start_time": "4.55",
                            "end_time": "4.76"
                        },
                        {
                            "speaker_label": "spk_1",
                            "start_time": "4.76",
                            "end_time": "5.039"
                        },
                        {
                            "speaker_label": "spk_1",
                            "start_time": "5.039",
                            "end_time": "5.36"
                        },
                        {
                            "speaker_label": "spk_1",
                            "start_time": "5.36",
                            "end_time": "5.46"
                        },
                        {
                            "speaker_label": "spk_1",
                            "start_time": "5.46",
                            "end_time": "5.639"
                        },
                        {
                            "speaker_label": "spk_1",
                            "start_time": "5.639",
                            "end_time": "5.84"
                        },
                        {
                            "speaker_label": "spk_1",
                            "start_time": "5.84",
                            "end_time": "6.199"
                        }
                    ]
                },
                {
                    "start_time": "7.19",
                    "end_time": "11.85",
                    "speaker_label": "spk_0",
                    "items": [
                        {
                            "speaker_label": "spk_0",
                            "start_time": "7.21",
                            "end_time": "7.659"
                        },
                        {
                            "speaker_label": "spk_0",
                            "start_time": "7.869",
                            "end_time": "8.439"
                        },
                        {
                            "speaker_label": "spk_0",
                            "start_time": "8.67",
                            "end_time": "8.96"
                        },
                        {
                            "speaker_label": "spk_0",
                            "start_time": "8.96",
                            "end_time": "9.27"
                        },
                        {
                            "speaker_label": "spk_0",
                            "start_time": "9.27",
                            "end_time": "9.55"
                        },
                        {
                            "speaker_label": "spk_0",
                            "start_time": "9.55",
                            "end_time": "10.35"
                        },
                        {
                            "speaker_label": "spk_0",
                            "start_time": "10.35",
                            "end_time": "10.51"
                        },
                        {
                            "speaker_label": "spk_0",
                            "start_time": "10.51",
                            "end_time": "10.909"
                        },
                        {
                            "speaker_label": "spk_0",
                            "start_time": "10.909",
                            "end_time": "11.71"
                        }
                    ]
                },
                {
                    "start_time": "12.5",
                    "end_time": "13.739",
                    "speaker_label": "spk_1",
                    "items": [
                        {
                            "speaker_label": "spk_1",
                            "start_time": "12.64",
                            "end_time": "12.819"
                        },
                        {
                            "speaker_label": "spk_1",
                            "start_time": "12.819",
                            "end_time": "13.069"
                        },
                        {
                            "speaker_label": "spk_1",
                            "start_time": "13.18",
                            "end_time": "13.369"
                        },
                        {
                            "speaker_label": "spk_1",
                            "start_time": "13.369",
                            "end_time": "13.5"
                        },
                        {
                            "speaker_label": "spk_1",
                            "start_time": "13.5",
                            "end_time": "13.71"
                        }
                    ]
                }
            ],
            "channel_label": "ch_0",
            "speakers": 2
        },
        "items": [
            {
                "id": 0,
                "type": "pronunciation",
                "alternatives": [
                    {
                        "confidence": "0.012",
                        "content": "Water"
                    }
                ],
                "start_time": "0.779",
                "end_time": "0.8",
                "speaker_label": "spk_0"
            },
            {
                "id": 1,
                "type": "pronunciation",
                "alternatives": [
                    {
                        "confidence": "0.746",
                        "content": "diagnostics"
                    }
                ],
                "start_time": "0.8",
                "end_time": "1.779",
                "speaker_label": "spk_0"
            },
            {
                "id": 2,
                "type": "punctuation",
                "alternatives": [
                    {
                        "confidence": "0.0",
                        "content": ","
                    }
                ],
                "speaker_label": "spk_0"
            },
            {
                "id": 3,
                "type": "pronunciation",
                "alternatives": [
                    {
                        "confidence": "0.996",
                        "content": "how"
                    }
                ],
                "start_time": "1.789",
                "end_time": "1.95",
                "speaker_label": "spk_0"
            },
            {
                "id": 4,
                "type": "pronunciation",
                "alternatives": [
                    {
                        "confidence": "0.999",
                        "content": "may"
                    }
                ],
                "start_time": "1.95",
                "end_time": "2.029",
                "speaker_label": "spk_0"
            },
            {
                "id": 5,
                "type": "pronunciation",
                "alternatives": [
                    {
                        "confidence": "0.998",
                        "content": "I"
                    }
                ],
                "start_time": "2.029",
                "end_time": "2.109",
                "speaker_label": "spk_0"
            },
            {
                "id": 6,
                "type": "pronunciation",
                "alternatives": [
                    {
                        "confidence": "0.999",
                        "content": "help"
                    }
                ],
                "start_time": "2.109",
                "end_time": "2.46",
                "speaker_label": "spk_0"
            },
            {
                "id": 7,
                "type": "punctuation",
                "alternatives": [
                    {
                        "confidence": "0.0",
                        "content": "?"
                    }
                ],
                "speaker_label": "spk_0"
            },
            {
                "id": 8,
                "type": "pronunciation",
                "alternatives": [
                    {
                        "confidence": "0.985",
                        "content": "Yeah"
                    }
                ],
                "start_time": "3.569",
                "end_time": "3.759",
                "speaker_label": "spk_1"
            },
            {
                "id": 9,
                "type": "punctuation",
                "alternatives": [
                    {
                        "confidence": "0.0",
                        "content": ","
                    }
                ],
                "speaker_label": "spk_1"
            },
            {
                "id": 10,
                "type": "pronunciation",
                "alternatives": [
                    {
                        "confidence": "0.927",
                        "content": "hi"
                    }
                ],
                "start_time": "3.799",
                "end_time": "4.0",
                "speaker_label": "spk_1"
            },
            {
                "id": 11,
                "type": "pronunciation",
                "alternatives": [
                    {
                        "confidence": "0.817",
                        "content": "there"
                    }
                ],
                "start_time": "4.0",
                "end_time": "4.079",
                "speaker_label": "spk_1"
            },
            {
                "id": 12,
                "type": "punctuation",
                "alternatives": [
                    {
                        "confidence": "0.0",
                        "content": ","
                    }
                ],
                "speaker_label": "spk_1"
            },
            {
                "id": 13,
                "type": "pronunciation",
                "alternatives": [
                    {
                        "confidence": "0.651",
                        "content": "did"
                    }
                ],
                "start_time": "4.199",
                "end_time": "4.28",
                "speaker_label": "spk_1"
            },
            {
                "id": 14,
                "type": "pronunciation",
                "alternatives": [
                    {
                        "confidence": "0.996",
                        "content": "you"
                    }
                ],
                "start_time": "4.28",
                "end_time": "4.36",
                "speaker_label": "spk_1"
            },
            {
                "id": 15,
                "type": "pronunciation",
                "alternatives": [
                    {
                        "confidence": "0.986",
                        "content": "guys"
                    }
                ],
                "start_time": "4.36",
                "end_time": "4.55",
                "speaker_label": "spk_1"
            },
            {
                "id": 16,
                "type": "pronunciation",
                "alternatives": [
                    {
                        "confidence": "0.623",
                        "content": "do"
                    }
                ],
                "start_time": "4.55",
                "end_time": "4.76",
                "speaker_label": "spk_1"
            },
            {
                "id": 17,
                "type": "pronunciation",
                "alternatives": [
                    {
                        "confidence": "0.985",
                        "content": "PET"
                    }
                ],
                "start_time": "4.76",
                "end_time": "5.039",
                "speaker_label": "spk_1"
            },
            {
                "id": 18,
                "type": "pronunciation",
                "alternatives": [
                    {
                        "confidence": "0.995",
                        "content": "scan"
                    }
                ],
                "start_time": "5.039",
                "end_time": "5.36",
                "speaker_label": "spk_1"
            },
            {
                "id": 19,
                "type": "pronunciation",
                "alternatives": [
                    {
                        "confidence": "0.997",
                        "content": "of"
                    }
                ],
                "start_time": "5.36",
                "end_time": "5.46",
                "speaker_label": "spk_1"
            },
            {
                "id": 20,
                "type": "pronunciation",
                "alternatives": [
                    {
                        "confidence": "0.997",
                        "content": "the"
                    }
                ],
                "start_time": "5.46",
                "end_time": "5.639",
                "speaker_label": "spk_1"
            },
            {
                "id": 21,
                "type": "pronunciation",
                "alternatives": [
                    {
                        "confidence": "0.997",
                        "content": "whole"
                    }
                ],
                "start_time": "5.639",
                "end_time": "5.84",
                "speaker_label": "spk_1"
            },
            {
                "id": 22,
                "type": "pronunciation",
                "alternatives": [
                    {
                        "confidence": "0.998",
                        "content": "body"
                    }
                ],
                "start_time": "5.84",
                "end_time": "6.199",
                "speaker_label": "spk_1"
            },
            {
                "id": 23,
                "type": "punctuation",
                "alternatives": [
                    {
                        "confidence": "0.0",
                        "content": "."
                    }
                ],
                "speaker_label": "spk_1"
            },
            {
                "id": 24,
                "type": "pronunciation",
                "alternatives": [
                    {
                        "confidence": "0.996",
                        "content": "Uh"
                    }
                ],
                "start_time": "7.21",
                "end_time": "7.659",
                "speaker_label": "spk_0"
            },
            {
                "id": 25,
                "type": "punctuation",
                "alternatives": [
                    {
                        "confidence": "0.0",
                        "content": ","
                    }
                ],
                "speaker_label": "spk_0"
            },
            {
                "id": 26,
                "type": "pronunciation",
                "alternatives": [
                    {
                        "confidence": "0.998",
                        "content": "no"
                    }
                ],
                "start_time": "7.869",
                "end_time": "8.439",
                "speaker_label": "spk_0"
            },
            {
                "id": 27,
                "type": "punctuation",
                "alternatives": [
                    {
                        "confidence": "0.0",
                        "content": ","
                    }
                ],
                "speaker_label": "spk_0"
            },
            {
                "id": 28,
                "type": "pronunciation",
                "alternatives": [
                    {
                        "confidence": "0.997",
                        "content": "we"
                    }
                ],
                "start_time": "8.67",
                "end_time": "8.96",
                "speaker_label": "spk_0"
            },
            {
                "id": 29,
                "type": "pronunciation",
                "alternatives": [
                    {
                        "confidence": "0.999",
                        "content": "only"
                    }
                ],
                "start_time": "8.96",
                "end_time": "9.27",
                "speaker_label": "spk_0"
            },
            {
                "id": 30,
                "type": "pronunciation",
                "alternatives": [
                    {
                        "confidence": "0.999",
                        "content": "offer"
                    }
                ],
                "start_time": "9.27",
                "end_time": "9.55",
                "speaker_label": "spk_0"
            },
            {
                "id": 31,
                "type": "pronunciation",
                "alternatives": [
                    {
                        "confidence": "0.986",
                        "content": "ultrasound"
                    }
                ],
                "start_time": "9.55",
                "end_time": "10.35",
                "speaker_label": "spk_0"
            },
            {
                "id": 32,
                "type": "pronunciation",
                "alternatives": [
                    {
                        "confidence": "0.998",
                        "content": "for"
                    }
                ],
                "start_time": "10.35",
                "end_time": "10.51",
                "speaker_label": "spk_0"
            },
            {
                "id": 33,
                "type": "pronunciation",
                "alternatives": [
                    {
                        "confidence": "0.998",
                        "content": "like"
                    }
                ],
                "start_time": "10.51",
                "end_time": "10.909",
                "speaker_label": "spk_0"
            },
            {
                "id": 34,
                "type": "pronunciation",
                "alternatives": [
                    {
                        "confidence": "0.998",
                        "content": "shoulder"
                    }
                ],
                "start_time": "10.909",
                "end_time": "11.71",
                "speaker_label": "spk_0"
            },
            {
                "id": 35,
                "type": "punctuation",
                "alternatives": [
                    {
                        "confidence": "0.0",
                        "content": "."
                    }
                ],
                "speaker_label": "spk_0"
            },
            {
                "id": 36,
                "type": "pronunciation",
                "alternatives": [
                    {
                        "confidence": "0.996",
                        "content": "No"
                    }
                ],
                "start_time": "12.64",
                "end_time": "12.819",
                "speaker_label": "spk_1"
            },
            {
                "id": 37,
                "type": "pronunciation",
                "alternatives": [
                    {
                        "confidence": "0.981",
                        "content": "worries"
                    }
                ],
                "start_time": "12.819",
                "end_time": "13.069",
                "speaker_label": "spk_1"
            },
            {
                "id": 38,
                "type": "punctuation",
                "alternatives": [
                    {
                        "confidence": "0.0",
                        "content": ","
                    }
                ],
                "speaker_label": "spk_1"
            },
            {
                "id": 39,
                "type": "pronunciation",
                "alternatives": [
                    {
                        "confidence": "0.996",
                        "content": "thank"
                    }
                ],
                "start_time": "13.18",
                "end_time": "13.369",
                "speaker_label": "spk_1"
            },
            {
                "id": 40,
                "type": "pronunciation",
                "alternatives": [
                    {
                        "confidence": "0.996",
                        "content": "you"
                    }
                ],
                "start_time": "13.369",
                "end_time": "13.5",
                "speaker_label": "spk_1"
            },
            {
                "id": 41,
                "type": "pronunciation",
                "alternatives": [
                    {
                        "confidence": "0.981",
                        "content": "so"
                    }
                ],
                "start_time": "13.5",
                "end_time": "13.71",
                "speaker_label": "spk_1"
            }
        ],
        "audio_segments": [
            {
                "id": 0,
                "transcript": "Water diagnostics, how may I help?",
                "start_time": "0.189",
                "end_time": "2.609",
                "speaker_label": "spk_0",
                "items": [
                    0,
                    1,
                    2,
                    3,
                    4,
                    5,
                    6,
                    7
                ]
            },
            {
                "id": 1,
                "transcript": "Yeah, hi there, did you guys do PET scan of the whole body.",
                "start_time": "3.559",
                "end_time": "6.32",
                "speaker_label": "spk_1",
                "items": [
                    8,
                    9,
                    10,
                    11,
                    12,
                    13,
                    14,
                    15,
                    16,
                    17,
                    18,
                    19,
                    20,
                    21,
                    22,
                    23
                ]
            },
            {
                "id": 2,
                "transcript": "Uh, no, we only offer ultrasound for like shoulder.",
                "start_time": "7.19",
                "end_time": "11.85",
                "speaker_label": "spk_0",
                "items": [
                    24,
                    25,
                    26,
                    27,
                    28,
                    29,
                    30,
                    31,
                    32,
                    33,
                    34,
                    35
                ]
            },
            {
                "id": 3,
                "transcript": "No worries, thank you so",
                "start_time": "12.5",
                "end_time": "13.739",
                "speaker_label": "spk_1",
                "items": [
                    36,
                    37,
                    38,
                    39,
                    40,
                    41
                ]
            }
        ]
    }
}