{
    "jobName": "transcription-job-2024-03-21T18-39-02Z-call-d2b3424d-1b00-4ce9-892a-79cb33c770e3-1734638281",
    "accountId": "199040315413",
    "isRedacted": true,
    "status": "COMPLETED",
    "results": {
        "transcripts": [
            {
                "transcript": "Thank you for calling Mosler Diagnostics. Please listen to all of the prompts before making a selection. If you are calling about booking an appointment, press 1. For general inquiries like clinic locations, operating hours, and how to prepare for the appointment, press 2. If you are at the [PII] office but aren't sure where to go, press 3. Are you"
            }
        ],
        "speaker_labels": {
            "segments": [
                {
                    "start_time": "1.6",
                    "end_time": "3.039",
                    "speaker_label": "spk_0",
                    "items": [
                        {
                            "speaker_label": "spk_0",
                            "start_time": "1.61",
                            "end_time": "1.879"
                        },
                        {
                            "speaker_label": "spk_0",
                            "start_time": "1.879",
                            "end_time": "2.079"
                        },
                        {
                            "speaker_label": "spk_0",
                            "start_time": "2.079",
                            "end_time": "2.24"
                        },
                        {
                            "speaker_label": "spk_0",
                            "start_time": "2.24",
                            "end_time": "2.559"
                        },
                        {
                            "speaker_label": "spk_0",
                            "start_time": "2.559",
                            "end_time": "3.039"
                        }
                    ]
                },
                {
                    "start_time": "3.039",
                    "end_time": "3.96",
                    "speaker_label": "spk_1",
                    "items": [
                        {
                            "speaker_label": "spk_1",
                            "start_time": "3.039",
                            "end_time": "3.96"
                        }
                    ]
                },
                {
                    "start_time": "4.159",
                    "end_time": "6.289",
                    "speaker_label": "spk_0",
                    "items": [
                        {
                            "speaker_label": "spk_0",
                            "start_time": "4.159",
                            "end_time": "4.4"
                        },
                        {
                            "speaker_label": "spk_0",
                            "start_time": "4.4",
                            "end_time": "4.75"
                        },
                        {
                            "speaker_label": "spk_0",
                            "start_time": "4.75",
                            "end_time": "4.84"
                        },
                        {
                            "speaker_label": "spk_0",
                            "start_time": "4.84",
                            "end_time": "4.96"
                        },
                        {
                            "speaker_label": "spk_0",
                            "start_time": "4.96",
                            "end_time": "5.11"
                        },
                        {
                            "speaker_label": "spk_0",
                            "start_time": "5.11",
                            "end_time": "5.28"
                        },
                        {
                            "speaker_label": "spk_0",
                            "start_time": "5.28",
                            "end_time": "5.8"
                        },
                        {
                            "speaker_label": "spk_0",
                            "start_time": "5.8",
                            "end_time": "5.96"
                        },
                        {
                            "speaker_label": "spk_0",
                            "start_time": "5.96",
                            "end_time": "6.19"
                        },
                        {
                            "speaker_label": "spk_0",
                            "start_time": "6.19",
                            "end_time": "6.289"
                        }
                    ]
                },
                {
                    "start_time": "6.289",
                    "end_time": "7.05",
                    "speaker_label": "spk_0",
                    "items": [
                        {
                            "speaker_label": "spk_0",
                            "start_time": "6.289",
                            "end_time": "7.05"
                        }
                    ]
                },
                {
                    "start_time": "7.28",
                    "end_time": "8.56",
                    "speaker_label": "spk_0",
                    "items": [
                        {
                            "speaker_label": "spk_0",
                            "start_time": "7.28",
                            "end_time": "7.36"
                        },
                        {
                            "speaker_label": "spk_0",
                            "start_time": "7.36",
                            "end_time": "7.519"
                        },
                        {
                            "speaker_label": "spk_0",
                            "start_time": "7.519",
                            "end_time": "7.679"
                        },
                        {
                            "speaker_label": "spk_0",
                            "start_time": "7.679",
                            "end_time": "8.0"
                        },
                        {
                            "speaker_label": "spk_0",
                            "start_time": "8.0",
                            "end_time": "8.199"
                        },
                        {
                            "speaker_label": "spk_0",
                            "start_time": "8.199",
                            "end_time": "8.479"
                        },
                        {
                            "speaker_label": "spk_0",
                            "start_time": "8.479",
                            "end_time": "8.56"
                        }
                    ]
                },
                {
                    "start_time": "8.56",
                    "end_time": "10.239",
                    "speaker_label": "spk_1",
                    "items": [
                        {
                            "speaker_label": "spk_1",
                            "start_time": "8.56",
                            "end_time": "9.0"
                        },
                        {
                            "speaker_label": "spk_1",
                            "start_time": "9.079",
                            "end_time": "9.359"
                        },
                        {
                            "speaker_label": "spk_1",
                            "start_time": "9.359",
                            "end_time": "9.81"
                        },
                        {
                            "speaker_label": "spk_1",
                            "start_time": "10.079",
                            "end_time": "10.239"
                        }
                    ]
                },
                {
                    "start_time": "10.239",
                    "end_time": "10.56",
                    "speaker_label": "spk_1",
                    "items": [
                        {
                            "speaker_label": "spk_1",
                            "start_time": "10.239",
                            "end_time": "10.56"
                        }
                    ]
                },
                {
                    "start_time": "10.56",
                    "end_time": "11.279",
                    "speaker_label": "spk_1",
                    "items": [
                        {
                            "speaker_label": "spk_1",
                            "start_time": "10.56",
                            "end_time": "11.109"
                        },
                        {
                            "speaker_label": "spk_1",
                            "start_time": "11.109",
                            "end_time": "11.279"
                        }
                    ]
                },
                {
                    "start_time": "11.279",
                    "end_time": "11.8",
                    "speaker_label": "spk_0",
                    "items": [
                        {
                            "speaker_label": "spk_0",
                            "start_time": "11.279",
                            "end_time": "11.8"
                        }
                    ]
                },
                {
                    "start_time": "11.8",
                    "end_time": "16.44",
                    "speaker_label": "spk_1",
                    "items": [
                        {
                            "speaker_label": "spk_1",
                            "start_time": "11.8",
                            "end_time": "12.479"
                        },
                        {
                            "speaker_label": "spk_1",
                            "start_time": "12.56",
                            "end_time": "13.159"
                        },
                        {
                            "speaker_label": "spk_1",
                            "start_time": "13.159",
                            "end_time": "13.67"
                        },
                        {
                            "speaker_label": "spk_1",
                            "start_time": "13.84",
                            "end_time": "14.0"
                        },
                        {
                            "speaker_label": "spk_1",
                            "start_time": "14.0",
                            "end_time": "14.159"
                        },
                        {
                            "speaker_label": "spk_1",
                            "start_time": "14.159",
                            "end_time": "14.479"
                        },
                        {
                            "speaker_label": "spk_1",
                            "start_time": "14.479",
                            "end_time": "14.72"
                        },
                        {
                            "speaker_label": "spk_1",
                            "start_time": "14.72",
                            "end_time": "14.8"
                        },
                        {
                            "speaker_label": "spk_1",
                            "start_time": "14.8",
                            "end_time": "14.88"
                        },
                        {
                            "speaker_label": "spk_1",
                            "start_time": "14.88",
                            "end_time": "15.319"
                        },
                        {
                            "speaker_label": "spk_1",
                            "start_time": "15.399",
                            "end_time": "15.68"
                        },
                        {
                            "speaker_label": "spk_1",
                            "start_time": "15.68",
                            "end_time": "16.11"
                        },
                        {
                            "speaker_label": "spk_1",
                            "start_time": "16.319",
                            "end_time": "16.44"
                        }
                    ]
                },
                {
                    "start_time": "16.44",
                    "end_time": "17.0",
                    "speaker_label": "spk_0",
                    "items": [
                        {
                            "speaker_label": "spk_0",
                            "start_time": "16.44",
                            "end_time": "16.6"
                        },
                        {
                            "speaker_label": "spk_0",
                            "start_time": "16.6",
                            "end_time": "16.739"
                        },
                        {
                            "speaker_label": "spk_0",
                            "start_time": "16.739",
                            "end_time": "16.84"
                        },
                        {
                            "speaker_label": "spk_0",
                            "start_time": "16.84",
                            "end_time": "17.0"
                        }
                    ]
                },
                {
                    "start_time": "17.0",
                    "end_time": "17.92",
                    "speaker_label": "spk_1",
                    "items": [
                        {
                            "speaker_label": "spk_1",
                            "start_time": "17.0",
                            "end_time": "17.479"
                        },
                        {
                            "speaker_label": "spk_1",
                            "start_time": "17.479",
                            "end_time": "17.799"
                        },
                        {
                            "speaker_label": "spk_1",
                            "start_time": "17.799",
                            "end_time": "17.92"
                        }
                    ]
                },
                {
                    "start_time": "17.92",
                    "end_time": "18.2",
                    "speaker_label": "spk_0",
                    "items": [
                        {
                            "speaker_label": "spk_0",
                            "start_time": "17.92",
                            "end_time": "18.2"
                        }
                    ]
                },
                {
                    "start_time": "18.2",
                    "end_time": "19.149",
                    "speaker_label": "spk_1",
                    "items": [
                        {
                            "speaker_label": "spk_1",
                            "start_time": "18.2",
                            "end_time": "18.44"
                        },
                        {
                            "speaker_label": "spk_1",
                            "start_time": "18.44",
                            "end_time": "18.639"
                        },
                        {
                            "speaker_label": "spk_1",
                            "start_time": "18.639",
                            "end_time": "18.78"
                        },
                        {
                            "speaker_label": "spk_1",
                            "start_time": "18.78",
                            "end_time": "19.149"
                        }
                    ]
                },
                {
                    "start_time": "19.319",
                    "end_time": "19.659",
                    "speaker_label": "spk_0",
                    "items": [
                        {
                            "speaker_label": "spk_0",
                            "start_time": "19.319",
                            "end_time": "19.659"
                        }
                    ]
                },
                {
                    "start_time": "19.659",
                    "end_time": "20.399",
                    "speaker_label": "spk_1",
                    "items": [
                        {
                            "speaker_label": "spk_1",
                            "start_time": "19.659",
                            "end_time": "20.239"
                        }
                    ]
                },
                {
                    "start_time": "25.03",
                    "end_time": "25.6",
                    "speaker_label": "spk_0",
                    "items": [
                        {
                            "speaker_label": "spk_0",
                            "start_time": "25.04",
                            "end_time": "25.229"
                        },
                        {
                            "speaker_label": "spk_0",
                            "start_time": "25.229",
                            "end_time": "25.569"
                        }
                    ]
                }
            ],
            "channel_label": "ch_0",
            "speakers": 2
        },
        "items": [
            {
                "id": 0,
                "type": "pronunciation",
                "alternatives": [
                    {
                        "confidence": "0.999",
                        "content": "Thank"
                    }
                ],
                "start_time": "1.61",
                "end_time": "1.879",
                "speaker_label": "spk_0"
            },
            {
                "id": 1,
                "type": "pronunciation",
                "alternatives": [
                    {
                        "confidence": "0.999",
                        "content": "you"
                    }
                ],
                "start_time": "1.879",
                "end_time": "2.079",
                "speaker_label": "spk_0"
            },
            {
                "id": 2,
                "type": "pronunciation",
                "alternatives": [
                    {
                        "confidence": "0.999",
                        "content": "for"
                    }
                ],
                "start_time": "2.079",
                "end_time": "2.24",
                "speaker_label": "spk_0"
            },
            {
                "id": 3,
                "type": "pronunciation",
                "alternatives": [
                    {
                        "confidence": "0.999",
                        "content": "calling"
                    }
                ],
                "start_time": "2.24",
                "end_time": "2.559",
                "speaker_label": "spk_0"
            },
            {
                "id": 4,
                "type": "pronunciation",
                "alternatives": [
                    {
                        "confidence": "0.353",
                        "content": "Mosler"
                    }
                ],
                "start_time": "2.559",
                "end_time": "3.039",
                "speaker_label": "spk_0"
            },
            {
                "id": 5,
                "type": "pronunciation",
                "alternatives": [
                    {
                        "confidence": "0.992",
                        "content": "Diagnostics"
                    }
                ],
                "start_time": "3.039",
                "end_time": "3.96",
                "speaker_label": "spk_1"
            },
            {
                "id": 6,
                "type": "punctuation",
                "alternatives": [
                    {
                        "confidence": "0.0",
                        "content": "."
                    }
                ],
                "speaker_label": "spk_1"
            },
            {
                "id": 7,
                "type": "pronunciation",
                "alternatives": [
                    {
                        "confidence": "0.997",
                        "content": "Please"
                    }
                ],
                "start_time": "4.159",
                "end_time": "4.4",
                "speaker_label": "spk_0"
            },
            {
                "id": 8,
                "type": "pronunciation",
                "alternatives": [
                    {
                        "confidence": "0.999",
                        "content": "listen"
                    }
                ],
                "start_time": "4.4",
                "end_time": "4.75",
                "speaker_label": "spk_0"
            },
            {
                "id": 9,
                "type": "pronunciation",
                "alternatives": [
                    {
                        "confidence": "0.999",
                        "content": "to"
                    }
                ],
                "start_time": "4.75",
                "end_time": "4.84",
                "speaker_label": "spk_0"
            },
            {
                "id": 10,
                "type": "pronunciation",
                "alternatives": [
                    {
                        "confidence": "0.999",
                        "content": "all"
                    }
                ],
                "start_time": "4.84",
                "end_time": "4.96",
                "speaker_label": "spk_0"
            },
            {
                "id": 11,
                "type": "pronunciation",
                "alternatives": [
                    {
                        "confidence": "0.996",
                        "content": "of"
                    }
                ],
                "start_time": "4.96",
                "end_time": "5.11",
                "speaker_label": "spk_0"
            },
            {
                "id": 12,
                "type": "pronunciation",
                "alternatives": [
                    {
                        "confidence": "0.999",
                        "content": "the"
                    }
                ],
                "start_time": "5.11",
                "end_time": "5.28",
                "speaker_label": "spk_0"
            },
            {
                "id": 13,
                "type": "pronunciation",
                "alternatives": [
                    {
                        "confidence": "0.995",
                        "content": "prompts"
                    }
                ],
                "start_time": "5.28",
                "end_time": "5.8",
                "speaker_label": "spk_0"
            },
            {
                "id": 14,
                "type": "pronunciation",
                "alternatives": [
                    {
                        "confidence": "0.999",
                        "content": "before"
                    }
                ],
                "start_time": "5.8",
                "end_time": "5.96",
                "speaker_label": "spk_0"
            },
            {
                "id": 15,
                "type": "pronunciation",
                "alternatives": [
                    {
                        "confidence": "0.999",
                        "content": "making"
                    }
                ],
                "start_time": "5.96",
                "end_time": "6.19",
                "speaker_label": "spk_0"
            },
            {
                "id": 16,
                "type": "pronunciation",
                "alternatives": [
                    {
                        "confidence": "0.998",
                        "content": "a"
                    }
                ],
                "start_time": "6.19",
                "end_time": "6.289",
                "speaker_label": "spk_0"
            },
            {
                "id": 17,
                "type": "pronunciation",
                "alternatives": [
                    {
                        "confidence": "0.998",
                        "content": "selection"
                    }
                ],
                "start_time": "6.289",
                "end_time": "7.05",
                "speaker_label": "spk_0"
            },
            {
                "id": 18,
                "type": "punctuation",
                "alternatives": [
                    {
                        "confidence": "0.0",
                        "content": "."
                    }
                ],
                "speaker_label": "spk_0"
            },
            {
                "id": 19,
                "type": "pronunciation",
                "alternatives": [
                    {
                        "confidence": "0.997",
                        "content": "If"
                    }
                ],
                "start_time": "7.28",
                "end_time": "7.36",
                "speaker_label": "spk_0"
            },
            {
                "id": 20,
                "type": "pronunciation",
                "alternatives": [
                    {
                        "confidence": "0.999",
                        "content": "you"
                    }
                ],
                "start_time": "7.36",
                "end_time": "7.519",
                "speaker_label": "spk_0"
            },
            {
                "id": 21,
                "type": "pronunciation",
                "alternatives": [
                    {
                        "confidence": "0.997",
                        "content": "are"
                    }
                ],
                "start_time": "7.519",
                "end_time": "7.679",
                "speaker_label": "spk_0"
            },
            {
                "id": 22,
                "type": "pronunciation",
                "alternatives": [
                    {
                        "confidence": "0.999",
                        "content": "calling"
                    }
                ],
                "start_time": "7.679",
                "end_time": "8.0",
                "speaker_label": "spk_0"
            },
            {
                "id": 23,
                "type": "pronunciation",
                "alternatives": [
                    {
                        "confidence": "0.998",
                        "content": "about"
                    }
                ],
                "start_time": "8.0",
                "end_time": "8.199",
                "speaker_label": "spk_0"
            },
            {
                "id": 24,
                "type": "pronunciation",
                "alternatives": [
                    {
                        "confidence": "0.999",
                        "content": "booking"
                    }
                ],
                "start_time": "8.199",
                "end_time": "8.479",
                "speaker_label": "spk_0"
            },
            {
                "id": 25,
                "type": "pronunciation",
                "alternatives": [
                    {
                        "confidence": "0.998",
                        "content": "an"
                    }
                ],
                "start_time": "8.479",
                "end_time": "8.56",
                "speaker_label": "spk_0"
            },
            {
                "id": 26,
                "type": "pronunciation",
                "alternatives": [
                    {
                        "confidence": "0.998",
                        "content": "appointment"
                    }
                ],
                "start_time": "8.56",
                "end_time": "9.0",
                "speaker_label": "spk_1"
            },
            {
                "id": 27,
                "type": "punctuation",
                "alternatives": [
                    {
                        "confidence": "0.0",
                        "content": ","
                    }
                ],
                "speaker_label": "spk_1"
            },
            {
                "id": 28,
                "type": "pronunciation",
                "alternatives": [
                    {
                        "confidence": "0.996",
                        "content": "press"
                    }
                ],
                "start_time": "9.079",
                "end_time": "9.359",
                "speaker_label": "spk_1"
            },
            {
                "id": 29,
                "type": "pronunciation",
                "alternatives": [
                    {
                        "confidence": "0.994",
                        "content": "1"
                    }
                ],
                "start_time": "9.359",
                "end_time": "9.81",
                "speaker_label": "spk_1"
            },
            {
                "id": 30,
                "type": "punctuation",
                "alternatives": [
                    {
                        "confidence": "0.0",
                        "content": "."
                    }
                ],
                "speaker_label": "spk_1"
            },
            {
                "id": 31,
                "type": "pronunciation",
                "alternatives": [
                    {
                        "confidence": "0.996",
                        "content": "For"
                    }
                ],
                "start_time": "10.079",
                "end_time": "10.239",
                "speaker_label": "spk_1"
            },
            {
                "id": 32,
                "type": "pronunciation",
                "alternatives": [
                    {
                        "confidence": "0.999",
                        "content": "general"
                    }
                ],
                "start_time": "10.239",
                "end_time": "10.56",
                "speaker_label": "spk_1"
            },
            {
                "id": 33,
                "type": "pronunciation",
                "alternatives": [
                    {
                        "confidence": "0.994",
                        "content": "inquiries"
                    }
                ],
                "start_time": "10.56",
                "end_time": "11.109",
                "speaker_label": "spk_1"
            },
            {
                "id": 34,
                "type": "pronunciation",
                "alternatives": [
                    {
                        "confidence": "0.998",
                        "content": "like"
                    }
                ],
                "start_time": "11.109",
                "end_time": "11.279",
                "speaker_label": "spk_1"
            },
            {
                "id": 35,
                "type": "pronunciation",
                "alternatives": [
                    {
                        "confidence": "0.995",
                        "content": "clinic"
                    }
                ],
                "start_time": "11.279",
                "end_time": "11.8",
                "speaker_label": "spk_0"
            },
            {
                "id": 36,
                "type": "pronunciation",
                "alternatives": [
                    {
                        "confidence": "0.997",
                        "content": "locations"
                    }
                ],
                "start_time": "11.8",
                "end_time": "12.479",
                "speaker_label": "spk_1"
            },
            {
                "id": 37,
                "type": "punctuation",
                "alternatives": [
                    {
                        "confidence": "0.0",
                        "content": ","
                    }
                ],
                "speaker_label": "spk_1"
            },
            {
                "id": 38,
                "type": "pronunciation",
                "alternatives": [
                    {
                        "confidence": "0.995",
                        "content": "operating"
                    }
                ],
                "start_time": "12.56",
                "end_time": "13.159",
                "speaker_label": "spk_1"
            },
            {
                "id": 39,
                "type": "pronunciation",
                "alternatives": [
                    {
                        "confidence": "0.999",
                        "content": "hours"
                    }
                ],
                "start_time": "13.159",
                "end_time": "13.67",
                "speaker_label": "spk_1"
            },
            {
                "id": 40,
                "type": "punctuation",
                "alternatives": [
                    {
                        "confidence": "0.0",
                        "content": ","
                    }
                ],
                "speaker_label": "spk_1"
            },
            {
                "id": 41,
                "type": "pronunciation",
                "alternatives": [
                    {
                        "confidence": "0.999",
                        "content": "and"
                    }
                ],
                "start_time": "13.84",
                "end_time": "14.0",
                "speaker_label": "spk_1"
            },
            {
                "id": 42,
                "type": "pronunciation",
                "alternatives": [
                    {
                        "confidence": "0.997",
                        "content": "how"
                    }
                ],
                "start_time": "14.0",
                "end_time": "14.159",
                "speaker_label": "spk_1"
            },
            {
                "id": 43,
                "type": "pronunciation",
                "alternatives": [
                    {
                        "confidence": "0.999",
                        "content": "to"
                    }
                ],
                "start_time": "14.159",
                "end_time": "14.479",
                "speaker_label": "spk_1"
            },
            {
                "id": 44,
                "type": "pronunciation",
                "alternatives": [
                    {
                        "confidence": "0.999",
                        "content": "prepare"
                    }
                ],
                "start_time": "14.479",
                "end_time": "14.72",
                "speaker_label": "spk_1"
            },
            {
                "id": 45,
                "type": "pronunciation",
                "alternatives": [
                    {
                        "confidence": "0.999",
                        "content": "for"
                    }
                ],
                "start_time": "14.72",
                "end_time": "14.8",
                "speaker_label": "spk_1"
            },
            {
                "id": 46,
                "type": "pronunciation",
                "alternatives": [
                    {
                        "confidence": "0.998",
                        "content": "the"
                    }
                ],
                "start_time": "14.8",
                "end_time": "14.88",
                "speaker_label": "spk_1"
            },
            {
                "id": 47,
                "type": "pronunciation",
                "alternatives": [
                    {
                        "confidence": "0.998",
                        "content": "appointment"
                    }
                ],
                "start_time": "14.88",
                "end_time": "15.319",
                "speaker_label": "spk_1"
            },
            {
                "id": 48,
                "type": "punctuation",
                "alternatives": [
                    {
                        "confidence": "0.0",
                        "content": ","
                    }
                ],
                "speaker_label": "spk_1"
            },
            {
                "id": 49,
                "type": "pronunciation",
                "alternatives": [
                    {
                        "confidence": "0.996",
                        "content": "press"
                    }
                ],
                "start_time": "15.399",
                "end_time": "15.68",
                "speaker_label": "spk_1"
            },
            {
                "id": 50,
                "type": "pronunciation",
                "alternatives": [
                    {
                        "confidence": "0.996",
                        "content": "2"
                    }
                ],
                "start_time": "15.68",
                "end_time": "16.11",
                "speaker_label": "spk_1"
            },
            {
                "id": 51,
                "type": "punctuation",
                "alternatives": [
                    {
                        "confidence": "0.0",
                        "content": "."
                    }
                ],
                "speaker_label": "spk_1"
            },
            {
                "id": 52,
                "type": "pronunciation",
                "alternatives": [
                    {
                        "confidence": "0.997",
                        "content": "If"
                    }
                ],
                "start_time": "16.319",
                "end_time": "16.44",
                "speaker_label": "spk_1"
            },
            {
                "id": 53,
                "type": "pronunciation",
                "alternatives": [
                    {
                        "confidence": "0.999",
                        "content": "you"
                    }
                ],
                "start_time": "16.44",
                "end_time": "16.6",
                "speaker_label": "spk_0"
            },
            {
                "id": 54,
                "type": "pronunciation",
                "alternatives": [
                    {
                        "confidence": "0.998",
                        "content": "are"
                    }
                ],
                "start_time": "16.6",
                "end_time": "16.739",
                "speaker_label": "spk_0"
            },
            {
                "id": 55,
                "type": "pronunciation",
                "alternatives": [
                    {
                        "confidence": "0.999",
                        "content": "at"
                    }
                ],
                "start_time": "16.739",
                "end_time": "16.84",
                "speaker_label": "spk_0"
            },
            {
                "id": 56,
                "type": "pronunciation",
                "alternatives": [
                    {
                        "confidence": "0.998",
                        "content": "the"
                    }
                ],
                "start_time": "16.84",
                "end_time": "17.0",
                "speaker_label": "spk_0"
            },
            {
                "id": 57,
                "type": "pronunciation",
                "alternatives": [
                    {
                        "content": "[PII]",
                        "redactions": [
                            {
                                "confidence": "1.0",
                                "type": "ADDRESS",
                                "category": "PII"
                            }
                        ]
                    }
                ],
                "start_time": "17.0",
                "end_time": "17.479"
            },
            {
                "id": 58,
                "type": "pronunciation",
                "alternatives": [
                    {
                        "confidence": "0.999",
                        "content": "office"
                    }
                ],
                "start_time": "17.479",
                "end_time": "17.799",
                "speaker_label": "spk_1"
            },
            {
                "id": 59,
                "type": "pronunciation",
                "alternatives": [
                    {
                        "confidence": "0.998",
                        "content": "but"
                    }
                ],
                "start_time": "17.799",
                "end_time": "17.92",
                "speaker_label": "spk_1"
            },
            {
                "id": 60,
                "type": "pronunciation",
                "alternatives": [
                    {
                        "confidence": "0.99",
                        "content": "aren't"
                    }
                ],
                "start_time": "17.92",
                "end_time": "18.2",
                "speaker_label": "spk_0"
            },
            {
                "id": 61,
                "type": "pronunciation",
                "alternatives": [
                    {
                        "confidence": "0.999",
                        "content": "sure"
                    }
                ],
                "start_time": "18.2",
                "end_time": "18.44",
                "speaker_label": "spk_1"
            },
            {
                "id": 62,
                "type": "pronunciation",
                "alternatives": [
                    {
                        "confidence": "0.999",
                        "content": "where"
                    }
                ],
                "start_time": "18.44",
                "end_time": "18.639",
                "speaker_label": "spk_1"
            },
            {
                "id": 63,
                "type": "pronunciation",
                "alternatives": [
                    {
                        "confidence": "0.999",
                        "content": "to"
                    }
                ],
                "start_time": "18.639",
                "end_time": "18.78",
                "speaker_label": "spk_1"
            },
            {
                "id": 64,
                "type": "pronunciation",
                "alternatives": [
                    {
                        "confidence": "0.999",
                        "content": "go"
                    }
                ],
                "start_time": "18.78",
                "end_time": "19.149",
                "speaker_label": "spk_1"
            },
            {
                "id": 65,
                "type": "punctuation",
                "alternatives": [
                    {
                        "confidence": "0.0",
                        "content": ","
                    }
                ],
                "speaker_label": "spk_1"
            },
            {
                "id": 66,
                "type": "pronunciation",
                "alternatives": [
                    {
                        "confidence": "0.996",
                        "content": "press"
                    }
                ],
                "start_time": "19.319",
                "end_time": "19.659",
                "speaker_label": "spk_0"
            },
            {
                "id": 67,
                "type": "pronunciation",
                "alternatives": [
                    {
                        "confidence": "0.997",
                        "content": "3"
                    }
                ],
                "start_time": "19.659",
                "end_time": "20.239",
                "speaker_label": "spk_1"
            },
            {
                "id": 68,
                "type": "punctuation",
                "alternatives": [
                    {
                        "confidence": "0.0",
                        "content": "."
                    }
                ],
                "speaker_label": "spk_1"
            },
            {
                "id": 69,
                "type": "pronunciation",
                "alternatives": [
                    {
                        "confidence": "0.997",
                        "content": "Are"
                    }
                ],
                "start_time": "25.04",
                "end_time": "25.229",
                "speaker_label": "spk_0"
            },
            {
                "id": 70,
                "type": "pronunciation",
                "alternatives": [
                    {
                        "confidence": "0.997",
                        "content": "you"
                    }
                ],
                "start_time": "25.229",
                "end_time": "25.569",
                "speaker_label": "spk_0"
            }
        ],
        "audio_segments": [
            {
                "id": 0,
                "transcript": "Thank you for calling Mosler",
                "start_time": "1.6",
                "end_time": "3.039",
                "speaker_label": "spk_0",
                "items": [
                    0,
                    1,
                    2,
                    3,
                    4
                ]
            },
            {
                "id": 1,
                "transcript": "Diagnostics.",
                "start_time": "3.039",
                "end_time": "3.96",
                "speaker_label": "spk_1",
                "items": [
                    5,
                    6
                ]
            },
            {
                "id": 2,
                "transcript": "Please listen to all of the prompts before making a",
                "start_time": "4.159",
                "end_time": "6.289",
                "speaker_label": "spk_0",
                "items": [
                    7,
                    8,
                    9,
                    10,
                    11,
                    12,
                    13,
                    14,
                    15,
                    16
                ]
            },
            {
                "id": 3,
                "transcript": "selection.",
                "start_time": "6.289",
                "end_time": "7.05",
                "speaker_label": "spk_0",
                "items": [
                    17,
                    18
                ]
            },
            {
                "id": 4,
                "transcript": "If you are calling about booking an",
                "start_time": "7.28",
                "end_time": "8.56",
                "speaker_label": "spk_0",
                "items": [
                    19,
                    20,
                    21,
                    22,
                    23,
                    24,
                    25
                ]
            },
            {
                "id": 5,
                "transcript": "appointment, press 1. For",
                "start_time": "8.56",
                "end_time": "10.239",
                "speaker_label": "spk_1",
                "items": [
                    26,
                    27,
                    28,
                    29,
                    30,
                    31
                ]
            },
            {
                "id": 6,
                "transcript": "general",
                "start_time": "10.239",
                "end_time": "10.56",
                "speaker_label": "spk_1",
                "items": [
                    32
                ]
            },
            {
                "id": 7,
                "transcript": "inquiries like",
                "start_time": "10.56",
                "end_time": "11.279",
                "speaker_label": "spk_1",
                "items": [
                    33,
                    34
                ]
            },
            {
                "id": 8,
                "transcript": "clinic",
                "start_time": "11.279",
                "end_time": "11.8",
                "speaker_label": "spk_0",
                "items": [
                    35
                ]
            },
            {
                "id": 9,
                "transcript": "locations, operating hours, and how to prepare for the appointment, press 2. If",
                "start_time": "11.8",
                "end_time": "16.44",
                "speaker_label": "spk_1",
                "items": [
                    36,
                    37,
                    38,
                    39,
                    40,
                    41,
                    42,
                    43,
                    44,
                    45,
                    46,
                    47,
                    48,
                    49,
                    50,
                    51,
                    52
                ]
            },
            {
                "id": 10,
                "transcript": "you are at the",
                "start_time": "16.44",
                "end_time": "17.0",
                "speaker_label": "spk_0",
                "items": [
                    53,
                    54,
                    55,
                    56
                ]
            },
            {
                "id": 11,
                "transcript": "[PII] office but",
                "start_time": "17.0",
                "end_time": "17.92",
                "items": [
                    57,
                    58,
                    59
                ]
            },
            {
                "id": 12,
                "transcript": "aren't",
                "start_time": "17.92",
                "end_time": "18.2",
                "speaker_label": "spk_0",
                "items": [
                    60
                ]
            },
            {
                "id": 13,
                "transcript": "sure where to go,",
                "start_time": "18.2",
                "end_time": "19.149",
                "speaker_label": "spk_1",
                "items": [
                    61,
                    62,
                    63,
                    64,
                    65
                ]
            },
            {
                "id": 14,
                "transcript": "press",
                "start_time": "19.319",
                "end_time": "19.659",
                "speaker_label": "spk_0",
                "items": [
                    66
                ]
            },
            {
                "id": 15,
                "transcript": "3.",
                "start_time": "19.659",
                "end_time": "20.399",
                "speaker_label": "spk_1",
                "items": [
                    67,
                    68
                ]
            },
            {
                "id": 16,
                "transcript": "Are you",
                "start_time": "25.03",
                "end_time": "25.6",
                "speaker_label": "spk_0",
                "items": [
                    69,
                    70
                ]
            }
        ]
    }
}