{
    "jobName": "transcription-job-2024-03-21T21-47-35Z-call-0f98abe5-9020-4331-8a8d-aaddadd0c91e-1734640435",
    "accountId": "199040315413",
    "isRedacted": true,
    "status": "COMPLETED",
    "results": {
        "transcripts": [
            {
                "transcript": "Was how may I help? Hello, how are you? Hi, I'm good. What about you? How's your? Yeah, I, I, I wanna, I wanna book an appointment for some medical examination. Uh, medical examination. Yeah, uh, labor of examinations, labor, no labor of examinations, uh, laboratory like blood production. Yeah, uh, actually they are, they are, um, examination to determine that I am immunizes for, uh. Yeah, communicable. OK, I'm so sorry, but that's not something that we do in our clinic. What we offer is just ultrasound and X-rays. OK, OK, OK. OK, thank you. You're welcome have a good day."
            }
        ],
        "speaker_labels": {
            "segments": [
                {
                    "start_time": "0.0",
                    "end_time": "2.599",
                    "speaker_label": "spk_0",
                    "items": [
                        {
                            "speaker_label": "spk_0",
                            "start_time": "1.509",
                            "end_time": "1.73"
                        },
                        {
                            "speaker_label": "spk_0",
                            "start_time": "1.73",
                            "end_time": "1.879"
                        },
                        {
                            "speaker_label": "spk_0",
                            "start_time": "1.879",
                            "end_time": "1.96"
                        },
                        {
                            "speaker_label": "spk_0",
                            "start_time": "1.96",
                            "end_time": "2.039"
                        },
                        {
                            "speaker_label": "spk_0",
                            "start_time": "2.039",
                            "end_time": "2.39"
                        }
                    ]
                },
                {
                    "start_time": "3.63",
                    "end_time": "4.11",
                    "speaker_label": "spk_0",
                    "items": [
                        {
                            "speaker_label": "spk_0",
                            "start_time": "3.65",
                            "end_time": "4.11"
                        }
                    ]
                },
                {
                    "start_time": "4.159",
                    "end_time": "4.78",
                    "speaker_label": "spk_1",
                    "items": [
                        {
                            "speaker_label": "spk_1",
                            "start_time": "4.159",
                            "end_time": "4.269"
                        },
                        {
                            "speaker_label": "spk_1",
                            "start_time": "4.269",
                            "end_time": "4.429"
                        },
                        {
                            "speaker_label": "spk_1",
                            "start_time": "4.429",
                            "end_time": "4.78"
                        }
                    ]
                },
                {
                    "start_time": "5.11",
                    "end_time": "6.949",
                    "speaker_label": "spk_0",
                    "items": [
                        {
                            "speaker_label": "spk_0",
                            "start_time": "5.11",
                            "end_time": "5.269"
                        },
                        {
                            "speaker_label": "spk_0",
                            "start_time": "5.309",
                            "end_time": "5.55"
                        },
                        {
                            "speaker_label": "spk_0",
                            "start_time": "5.55",
                            "end_time": "6.019"
                        },
                        {
                            "speaker_label": "spk_0",
                            "start_time": "6.19",
                            "end_time": "6.329"
                        },
                        {
                            "speaker_label": "spk_0",
                            "start_time": "6.329",
                            "end_time": "6.469"
                        },
                        {
                            "speaker_label": "spk_0",
                            "start_time": "6.469",
                            "end_time": "6.59"
                        },
                        {
                            "speaker_label": "spk_0",
                            "start_time": "6.67",
                            "end_time": "6.829"
                        },
                        {
                            "speaker_label": "spk_0",
                            "start_time": "6.829",
                            "end_time": "6.949"
                        }
                    ]
                },
                {
                    "start_time": "7.15",
                    "end_time": "12.039",
                    "speaker_label": "spk_1",
                    "items": [
                        {
                            "speaker_label": "spk_1",
                            "start_time": "7.15",
                            "end_time": "7.269"
                        },
                        {
                            "speaker_label": "spk_1",
                            "start_time": "7.389",
                            "end_time": "7.739"
                        },
                        {
                            "speaker_label": "spk_1",
                            "start_time": "7.809",
                            "end_time": "8.17"
                        },
                        {
                            "speaker_label": "spk_1",
                            "start_time": "8.31",
                            "end_time": "8.47"
                        },
                        {
                            "speaker_label": "spk_1",
                            "start_time": "8.47",
                            "end_time": "8.6"
                        },
                        {
                            "speaker_label": "spk_1",
                            "start_time": "8.75",
                            "end_time": "8.869"
                        },
                        {
                            "speaker_label": "spk_1",
                            "start_time": "8.869",
                            "end_time": "9.069"
                        },
                        {
                            "speaker_label": "spk_1",
                            "start_time": "9.069",
                            "end_time": "9.229"
                        },
                        {
                            "speaker_label": "spk_1",
                            "start_time": "9.229",
                            "end_time": "9.35"
                        },
                        {
                            "speaker_label": "spk_1",
                            "start_time": "9.35",
                            "end_time": "9.869"
                        },
                        {
                            "speaker_label": "spk_1",
                            "start_time": "9.869",
                            "end_time": "10.51"
                        },
                        {
                            "speaker_label": "spk_1",
                            "start_time": "10.51",
                            "end_time": "10.75"
                        },
                        {
                            "speaker_label": "spk_1",
                            "start_time": "10.75",
                            "end_time": "11.109"
                        },
                        {
                            "speaker_label": "spk_1",
                            "start_time": "11.109",
                            "end_time": "11.579"
                        }
                    ]
                },
                {
                    "start_time": "14.069",
                    "end_time": "16.079",
                    "speaker_label": "spk_0",
                    "items": [
                        {
                            "speaker_label": "spk_0",
                            "start_time": "14.21",
                            "end_time": "14.63"
                        },
                        {
                            "speaker_label": "spk_0",
                            "start_time": "14.71",
                            "end_time": "15.06"
                        },
                        {
                            "speaker_label": "spk_0",
                            "start_time": "15.06",
                            "end_time": "15.949"
                        }
                    ]
                },
                {
                    "start_time": "16.84",
                    "end_time": "19.69",
                    "speaker_label": "spk_1",
                    "items": [
                        {
                            "speaker_label": "spk_1",
                            "start_time": "17.059",
                            "end_time": "17.2"
                        },
                        {
                            "speaker_label": "spk_1",
                            "start_time": "17.329",
                            "end_time": "17.35"
                        },
                        {
                            "speaker_label": "spk_1",
                            "start_time": "17.44",
                            "end_time": "17.61"
                        },
                        {
                            "speaker_label": "spk_1",
                            "start_time": "17.61",
                            "end_time": "17.829"
                        },
                        {
                            "speaker_label": "spk_1",
                            "start_time": "17.829",
                            "end_time": "18.36"
                        },
                        {
                            "speaker_label": "spk_1",
                            "start_time": "18.559",
                            "end_time": "18.829"
                        },
                        {
                            "speaker_label": "spk_1",
                            "start_time": "19.319",
                            "end_time": "19.35"
                        },
                        {
                            "speaker_label": "spk_1",
                            "start_time": "19.35",
                            "end_time": "19.5"
                        },
                        {
                            "speaker_label": "spk_1",
                            "start_time": "19.5",
                            "end_time": "19.69"
                        }
                    ]
                },
                {
                    "start_time": "19.69",
                    "end_time": "21.02",
                    "speaker_label": "spk_1",
                    "items": [
                        {
                            "speaker_label": "spk_1",
                            "start_time": "19.69",
                            "end_time": "20.59"
                        },
                        {
                            "speaker_label": "spk_1",
                            "start_time": "20.799",
                            "end_time": "21.02"
                        }
                    ]
                },
                {
                    "start_time": "21.12",
                    "end_time": "22.059",
                    "speaker_label": "spk_0",
                    "items": [
                        {
                            "speaker_label": "spk_0",
                            "start_time": "21.12",
                            "end_time": "22.059"
                        }
                    ]
                },
                {
                    "start_time": "22.399",
                    "end_time": "23.84",
                    "speaker_label": "spk_1",
                    "items": [
                        {
                            "speaker_label": "spk_1",
                            "start_time": "22.399",
                            "end_time": "22.69"
                        },
                        {
                            "speaker_label": "spk_1",
                            "start_time": "22.69",
                            "end_time": "22.879"
                        },
                        {
                            "speaker_label": "spk_1",
                            "start_time": "22.879",
                            "end_time": "23.68"
                        }
                    ]
                },
                {
                    "start_time": "24.889",
                    "end_time": "31.45",
                    "speaker_label": "spk_1",
                    "items": [
                        {
                            "speaker_label": "spk_1",
                            "start_time": "24.899",
                            "end_time": "25.25"
                        },
                        {
                            "speaker_label": "spk_1",
                            "start_time": "25.409",
                            "end_time": "25.729"
                        },
                        {
                            "speaker_label": "spk_1",
                            "start_time": "25.979",
                            "end_time": "26.409"
                        },
                        {
                            "speaker_label": "spk_1",
                            "start_time": "26.409",
                            "end_time": "26.54"
                        },
                        {
                            "speaker_label": "spk_1",
                            "start_time": "26.54",
                            "end_time": "26.889"
                        },
                        {
                            "speaker_label": "spk_1",
                            "start_time": "26.969",
                            "end_time": "27.09"
                        },
                        {
                            "speaker_label": "spk_1",
                            "start_time": "27.09",
                            "end_time": "27.28"
                        },
                        {
                            "speaker_label": "spk_1",
                            "start_time": "27.29",
                            "end_time": "27.84"
                        },
                        {
                            "speaker_label": "spk_1",
                            "start_time": "27.93",
                            "end_time": "28.42"
                        },
                        {
                            "speaker_label": "spk_1",
                            "start_time": "28.42",
                            "end_time": "28.649"
                        },
                        {
                            "speaker_label": "spk_1",
                            "start_time": "28.649",
                            "end_time": "29.129"
                        },
                        {
                            "speaker_label": "spk_1",
                            "start_time": "29.129",
                            "end_time": "29.25"
                        },
                        {
                            "speaker_label": "spk_1",
                            "start_time": "29.25",
                            "end_time": "29.45"
                        },
                        {
                            "speaker_label": "spk_1",
                            "start_time": "29.45",
                            "end_time": "29.569"
                        },
                        {
                            "speaker_label": "spk_1",
                            "start_time": "29.569",
                            "end_time": "30.25"
                        },
                        {
                            "speaker_label": "spk_1",
                            "start_time": "30.25",
                            "end_time": "30.69"
                        },
                        {
                            "speaker_label": "spk_1",
                            "start_time": "30.989",
                            "end_time": "31.36"
                        }
                    ]
                },
                {
                    "start_time": "32.008",
                    "end_time": "33.519",
                    "speaker_label": "spk_1",
                    "items": [
                        {
                            "speaker_label": "spk_1",
                            "start_time": "32.028",
                            "end_time": "32.289"
                        },
                        {
                            "speaker_label": "spk_1",
                            "start_time": "32.449",
                            "end_time": "33.519"
                        }
                    ]
                },
                {
                    "start_time": "34.129",
                    "end_time": "42.09",
                    "speaker_label": "spk_0",
                    "items": [
                        {
                            "speaker_label": "spk_0",
                            "start_time": "34.129",
                            "end_time": "34.679"
                        },
                        {
                            "speaker_label": "spk_0",
                            "start_time": "34.888",
                            "end_time": "35.379"
                        },
                        {
                            "speaker_label": "spk_0",
                            "start_time": "35.449",
                            "end_time": "35.808"
                        },
                        {
                            "speaker_label": "spk_0",
                            "start_time": "35.808",
                            "end_time": "36.148"
                        },
                        {
                            "speaker_label": "spk_0",
                            "start_time": "36.249",
                            "end_time": "36.729"
                        },
                        {
                            "speaker_label": "spk_0",
                            "start_time": "36.729",
                            "end_time": "37.019"
                        },
                        {
                            "speaker_label": "spk_0",
                            "start_time": "37.019",
                            "end_time": "37.249"
                        },
                        {
                            "speaker_label": "spk_0",
                            "start_time": "37.249",
                            "end_time": "37.569"
                        },
                        {
                            "speaker_label": "spk_0",
                            "start_time": "37.569",
                            "end_time": "37.769"
                        },
                        {
                            "speaker_label": "spk_0",
                            "start_time": "37.769",
                            "end_time": "38.039"
                        },
                        {
                            "speaker_label": "spk_0",
                            "start_time": "38.039",
                            "end_time": "38.168"
                        },
                        {
                            "speaker_label": "spk_0",
                            "start_time": "38.168",
                            "end_time": "38.328"
                        },
                        {
                            "speaker_label": "spk_0",
                            "start_time": "38.328",
                            "end_time": "38.488"
                        },
                        {
                            "speaker_label": "spk_0",
                            "start_time": "38.488",
                            "end_time": "38.969"
                        },
                        {
                            "speaker_label": "spk_0",
                            "start_time": "39.129",
                            "end_time": "39.289"
                        },
                        {
                            "speaker_label": "spk_0",
                            "start_time": "39.289",
                            "end_time": "39.449"
                        },
                        {
                            "speaker_label": "spk_0",
                            "start_time": "39.449",
                            "end_time": "39.769"
                        },
                        {
                            "speaker_label": "spk_0",
                            "start_time": "39.769",
                            "end_time": "40.129"
                        },
                        {
                            "speaker_label": "spk_0",
                            "start_time": "40.129",
                            "end_time": "40.368"
                        },
                        {
                            "speaker_label": "spk_0",
                            "start_time": "40.368",
                            "end_time": "41.008"
                        },
                        {
                            "speaker_label": "spk_0",
                            "start_time": "41.008",
                            "end_time": "41.148"
                        },
                        {
                            "speaker_label": "spk_0",
                            "start_time": "41.148",
                            "end_time": "41.969"
                        }
                    ]
                },
                {
                    "start_time": "43.069",
                    "end_time": "44.79",
                    "speaker_label": "spk_1",
                    "items": [
                        {
                            "speaker_label": "spk_1",
                            "start_time": "43.09",
                            "end_time": "43.18"
                        },
                        {
                            "speaker_label": "spk_1",
                            "start_time": "43.189",
                            "end_time": "43.83"
                        },
                        {
                            "speaker_label": "spk_1",
                            "start_time": "43.86",
                            "end_time": "44.669"
                        }
                    ]
                },
                {
                    "start_time": "45.299",
                    "end_time": "45.619",
                    "speaker_label": "spk_1",
                    "items": [
                        {
                            "speaker_label": "spk_1",
                            "start_time": "45.31",
                            "end_time": "45.619"
                        }
                    ]
                },
                {
                    "start_time": "45.659",
                    "end_time": "48.419",
                    "speaker_label": "spk_0",
                    "items": [
                        {
                            "speaker_label": "spk_0",
                            "start_time": "45.659",
                            "end_time": "45.86"
                        },
                        {
                            "speaker_label": "spk_0",
                            "start_time": "45.86",
                            "end_time": "46.29"
                        },
                        {
                            "speaker_label": "spk_0",
                            "start_time": "46.299",
                            "end_time": "46.349"
                        },
                        {
                            "speaker_label": "spk_0",
                            "start_time": "46.349",
                            "end_time": "46.36"
                        },
                        {
                            "speaker_label": "spk_0",
                            "start_time": "46.36",
                            "end_time": "46.369"
                        },
                        {
                            "speaker_label": "spk_0",
                            "start_time": "46.369",
                            "end_time": "46.38"
                        },
                        {
                            "speaker_label": "spk_0",
                            "start_time": "46.38",
                            "end_time": "46.389"
                        },
                        {
                            "speaker_label": "spk_0",
                            "start_time": "46.389",
                            "end_time": "46.4"
                        }
                    ]
                }
            ],
            "channel_label": "ch_0",
            "speakers": 2
        },
        "items": [
            {
                "id": 0,
                "type": "pronunciation",
                "alternatives": [
                    {
                        "confidence": "0.107",
                        "content": "Was"
                    }
                ],
                "start_time": "1.509",
                "end_time": "1.73",
                "speaker_label": "spk_0"
            },
            {
                "id": 1,
                "type": "pronunciation",
                "alternatives": [
                    {
                        "confidence": "0.971",
                        "content": "how"
                    }
                ],
                "start_time": "1.73",
                "end_time": "1.879",
                "speaker_label": "spk_0"
            },
            {
                "id": 2,
                "type": "pronunciation",
                "alternatives": [
                    {
                        "confidence": "0.999",
                        "content": "may"
                    }
                ],
                "start_time": "1.879",
                "end_time": "1.96",
                "speaker_label": "spk_0"
            },
            {
                "id": 3,
                "type": "pronunciation",
                "alternatives": [
                    {
                        "confidence": "0.998",
                        "content": "I"
                    }
                ],
                "start_time": "1.96",
                "end_time": "2.039",
                "speaker_label": "spk_0"
            },
            {
                "id": 4,
                "type": "pronunciation",
                "alternatives": [
                    {
                        "confidence": "0.999",
                        "content": "help"
                    }
                ],
                "start_time": "2.039",
                "end_time": "2.39",
                "speaker_label": "spk_0"
            },
            {
                "id": 5,
                "type": "punctuation",
                "alternatives": [
                    {
                        "confidence": "0.0",
                        "content": "?"
                    }
                ],
                "speaker_label": "spk_0"
            },
            {
                "id": 6,
                "type": "pronunciation",
                "alternatives": [
                    {
                        "confidence": "0.996",
                        "content": "Hello"
                    }
                ],
                "start_time": "3.65",
                "end_time": "4.11",
                "speaker_label": "spk_0"
            },
            {
                "id": 7,
                "type": "punctuation",
                "alternatives": [
                    {
                        "confidence": "0.0",
                        "content": ","
                    }
                ],
                "speaker_label": "spk_0"
            },
            {
                "id": 8,
                "type": "pronunciation",
                "alternatives": [
                    {
                        "confidence": "0.996",
                        "content": "how"
                    }
                ],
                "start_time": "4.159",
                "end_time": "4.269",
                "speaker_label": "spk_1"
            },
            {
                "id": 9,
                "type": "pronunciation",
                "alternatives": [
                    {
                        "confidence": "0.997",
                        "content": "are"
                    }
                ],
                "start_time": "4.269",
                "end_time": "4.429",
                "speaker_label": "spk_1"
            },
            {
                "id": 10,
                "type": "pronunciation",
                "alternatives": [
                    {
                        "confidence": "0.997",
                        "content": "you"
                    }
                ],
                "start_time": "4.429",
                "end_time": "4.78",
                "speaker_label": "spk_1"
            },
            {
                "id": 11,
                "type": "punctuation",
                "alternatives": [
                    {
                        "confidence": "0.0",
                        "content": "?"
                    }
                ],
                "speaker_label": "spk_1"
            },
            {
                "id": 12,
                "type": "pronunciation",
                "alternatives": [
                    {
                        "confidence": "0.963",
                        "content": "Hi"
                    }
                ],
                "start_time": "5.11",
                "end_time": "5.269",
                "speaker_label": "spk_0"
            },
            {
                "id": 13,
                "type": "punctuation",
                "alternatives": [
                    {
                        "confidence": "0.0",
                        "content": ","
                    }
                ],
                "speaker_label": "spk_0"
            },
            {
                "id": 14,
                "type": "pronunciation",
                "alternatives": [
                    {
                        "confidence": "0.989",
                        "content": "I'm"
                    }
                ],
                "start_time": "5.309",
                "end_time": "5.55",
                "speaker_label": "spk_0"
            },
            {
                "id": 15,
                "type": "pronunciation",
                "alternatives": [
                    {
                        "confidence": "0.997",
                        "content": "good"
                    }
                ],
                "start_time": "5.55",
                "end_time": "6.019",
                "speaker_label": "spk_0"
            },
            {
                "id": 16,
                "type": "punctuation",
                "alternatives": [
                    {
                        "confidence": "0.0",
                        "content": "."
                    }
                ],
                "speaker_label": "spk_0"
            },
            {
                "id": 17,
                "type": "pronunciation",
                "alternatives": [
                    {
                        "confidence": "0.915",
                        "content": "What"
                    }
                ],
                "start_time": "6.19",
                "end_time": "6.329",
                "speaker_label": "spk_0"
            },
            {
                "id": 18,
                "type": "pronunciation",
                "alternatives": [
                    {
                        "confidence": "0.996",
                        "content": "about"
                    }
                ],
                "start_time": "6.329",
                "end_time": "6.469",
                "speaker_label": "spk_0"
            },
            {
                "id": 19,
                "type": "pronunciation",
                "alternatives": [
                    {
                        "confidence": "0.996",
                        "content": "you"
                    }
                ],
                "start_time": "6.469",
                "end_time": "6.59",
                "speaker_label": "spk_0"
            },
            {
                "id": 20,
                "type": "punctuation",
                "alternatives": [
                    {
                        "confidence": "0.0",
                        "content": "?"
                    }
                ],
                "speaker_label": "spk_0"
            },
            {
                "id": 21,
                "type": "pronunciation",
                "alternatives": [
                    {
                        "confidence": "0.588",
                        "content": "How's"
                    }
                ],
                "start_time": "6.67",
                "end_time": "6.829",
                "speaker_label": "spk_0"
            },
            {
                "id": 22,
                "type": "pronunciation",
                "alternatives": [
                    {
                        "confidence": "0.934",
                        "content": "your"
                    }
                ],
                "start_time": "6.829",
                "end_time": "6.949",
                "speaker_label": "spk_0"
            },
            {
                "id": 23,
                "type": "punctuation",
                "alternatives": [
                    {
                        "confidence": "0.0",
                        "content": "?"
                    }
                ],
                "speaker_label": "spk_0"
            },
            {
                "id": 24,
                "type": "pronunciation",
                "alternatives": [
                    {
                        "confidence": "0.996",
                        "content": "Yeah"
                    }
                ],
                "start_time": "7.15",
                "end_time": "7.269",
                "speaker_label": "spk_1"
            },
            {
                "id": 25,
                "type": "punctuation",
                "alternatives": [
                    {
                        "confidence": "0.0",
                        "content": ","
                    }
                ],
                "speaker_label": "spk_1"
            },
            {
                "id": 26,
                "type": "pronunciation",
                "alternatives": [
                    {
                        "confidence": "0.996",
                        "content": "I"
                    }
                ],
                "start_time": "7.389",
                "end_time": "7.739",
                "speaker_label": "spk_1"
            },
            {
                "id": 27,
                "type": "punctuation",
                "alternatives": [
                    {
                        "confidence": "0.0",
                        "content": ","
                    }
                ],
                "speaker_label": "spk_1"
            },
            {
                "id": 28,
                "type": "pronunciation",
                "alternatives": [
                    {
                        "confidence": "0.947",
                        "content": "I"
                    }
                ],
                "start_time": "7.809",
                "end_time": "8.17",
                "speaker_label": "spk_1"
            },
            {
                "id": 29,
                "type": "punctuation",
                "alternatives": [
                    {
                        "confidence": "0.0",
                        "content": ","
                    }
                ],
                "speaker_label": "spk_1"
            },
            {
                "id": 30,
                "type": "pronunciation",
                "alternatives": [
                    {
                        "confidence": "0.997",
                        "content": "I"
                    }
                ],
                "start_time": "8.31",
                "end_time": "8.47",
                "speaker_label": "spk_1"
            },
            {
                "id": 31,
                "type": "pronunciation",
                "alternatives": [
                    {
                        "confidence": "0.996",
                        "content": "wanna"
                    }
                ],
                "start_time": "8.47",
                "end_time": "8.6",
                "speaker_label": "spk_1"
            },
            {
                "id": 32,
                "type": "punctuation",
                "alternatives": [
                    {
                        "confidence": "0.0",
                        "content": ","
                    }
                ],
                "speaker_label": "spk_1"
            },
            {
                "id": 33,
                "type": "pronunciation",
                "alternatives": [
                    {
                        "confidence": "0.997",
                        "content": "I"
                    }
                ],
                "start_time": "8.75",
                "end_time": "8.869",
                "speaker_label": "spk_1"
            },
            {
                "id": 34,
                "type": "pronunciation",
                "alternatives": [
                    {
                        "confidence": "0.996",
                        "content": "wanna"
                    }
                ],
                "start_time": "8.869",
                "end_time": "9.069",
                "speaker_label": "spk_1"
            },
            {
                "id": 35,
                "type": "pronunciation",
                "alternatives": [
                    {
                        "confidence": "0.997",
                        "content": "book"
                    }
                ],
                "start_time": "9.069",
                "end_time": "9.229",
                "speaker_label": "spk_1"
            },
            {
                "id": 36,
                "type": "pronunciation",
                "alternatives": [
                    {
                        "confidence": "0.997",
                        "content": "an"
                    }
                ],
                "start_time": "9.229",
                "end_time": "9.35",
                "speaker_label": "spk_1"
            },
            {
                "id": 37,
                "type": "pronunciation",
                "alternatives": [
                    {
                        "confidence": "0.992",
                        "content": "appointment"
                    }
                ],
                "start_time": "9.35",
                "end_time": "9.869",
                "speaker_label": "spk_1"
            },
            {
                "id": 38,
                "type": "pronunciation",
                "alternatives": [
                    {
                        "confidence": "0.998",
                        "content": "for"
                    }
                ],
                "start_time": "9.869",
                "end_time": "10.51",
                "speaker_label": "spk_1"
            },
            {
                "id": 39,
                "type": "pronunciation",
                "alternatives": [
                    {
                        "confidence": "0.997",
                        "content": "some"
                    }
                ],
                "start_time": "10.51",
                "end_time": "10.75",
                "speaker_label": "spk_1"
            },
            {
                "id": 40,
                "type": "pronunciation",
                "alternatives": [
                    {
                        "confidence": "0.997",
                        "content": "medical"
                    }
                ],
                "start_time": "10.75",
                "end_time": "11.109",
                "speaker_label": "spk_1"
            },
            {
                "id": 41,
                "type": "pronunciation",
                "alternatives": [
                    {
                        "confidence": "0.992",
                        "content": "examination"
                    }
                ],
                "start_time": "11.109",
                "end_time": "11.579",
                "speaker_label": "spk_1"
            },
            {
                "id": 42,
                "type": "punctuation",
                "alternatives": [
                    {
                        "confidence": "0.0",
                        "content": "."
                    }
                ],
                "speaker_label": "spk_1"
            },
            {
                "id": 43,
                "type": "pronunciation",
                "alternatives": [
                    {
                        "confidence": "0.996",
                        "content": "Uh"
                    }
                ],
                "start_time": "14.21",
                "end_time": "14.63",
                "speaker_label": "spk_0"
            },
            {
                "id": 44,
                "type": "punctuation",
                "alternatives": [
                    {
                        "confidence": "0.0",
                        "content": ","
                    }
                ],
                "speaker_label": "spk_0"
            },
            {
                "id": 45,
                "type": "pronunciation",
                "alternatives": [
                    {
                        "confidence": "0.997",
                        "content": "medical"
                    }
                ],
                "start_time": "14.71",
                "end_time": "15.06",
                "speaker_label": "spk_0"
            },
            {
                "id": 46,
                "type": "pronunciation",
                "alternatives": [
                    {
                        "confidence": "0.999",
                        "content": "examination"
                    }
                ],
                "start_time": "15.06",
                "end_time": "15.949",
                "speaker_label": "spk_0"
            },
            {
                "id": 47,
                "type": "punctuation",
                "alternatives": [
                    {
                        "confidence": "0.0",
                        "content": "."
                    }
                ],
                "speaker_label": "spk_0"
            },
            {
                "id": 48,
                "type": "pronunciation",
                "alternatives": [
                    {
                        "confidence": "0.998",
                        "content": "Yeah"
                    }
                ],
                "start_time": "17.059",
                "end_time": "17.2",
                "speaker_label": "spk_1"
            },
            {
                "id": 49,
                "type": "punctuation",
                "alternatives": [
                    {
                        "confidence": "0.0",
                        "content": ","
                    }
                ],
                "speaker_label": "spk_1"
            },
            {
                "id": 50,
                "type": "pronunciation",
                "alternatives": [
                    {
                        "confidence": "0.943",
                        "content": "uh"
                    }
                ],
                "start_time": "17.329",
                "end_time": "17.35",
                "speaker_label": "spk_1"
            },
            {
                "id": 51,
                "type": "punctuation",
                "alternatives": [
                    {
                        "confidence": "0.0",
                        "content": ","
                    }
                ],
                "speaker_label": "spk_1"
            },
            {
                "id": 52,
                "type": "pronunciation",
                "alternatives": [
                    {
                        "confidence": "0.994",
                        "content": "labor"
                    }
                ],
                "start_time": "17.44",
                "end_time": "17.61",
                "speaker_label": "spk_1"
            },
            {
                "id": 53,
                "type": "pronunciation",
                "alternatives": [
                    {
                        "confidence": "0.89",
                        "content": "of"
                    }
                ],
                "start_time": "17.61",
                "end_time": "17.829",
                "speaker_label": "spk_1"
            },
            {
                "id": 54,
                "type": "pronunciation",
                "alternatives": [
                    {
                        "confidence": "0.988",
                        "content": "examinations"
                    }
                ],
                "start_time": "17.829",
                "end_time": "18.36",
                "speaker_label": "spk_1"
            },
            {
                "id": 55,
                "type": "punctuation",
                "alternatives": [
                    {
                        "confidence": "0.0",
                        "content": ","
                    }
                ],
                "speaker_label": "spk_1"
            },
            {
                "id": 56,
                "type": "pronunciation",
                "alternatives": [
                    {
                        "confidence": "0.965",
                        "content": "labor"
                    }
                ],
                "start_time": "18.559",
                "end_time": "18.829",
                "speaker_label": "spk_1"
            },
            {
                "id": 57,
                "type": "punctuation",
                "alternatives": [
                    {
                        "confidence": "0.0",
                        "content": ","
                    }
                ],
                "speaker_label": "spk_1"
            },
            {
                "id": 58,
                "type": "pronunciation",
                "alternatives": [
                    {
                        "confidence": "0.974",
                        "content": "no"
                    }
                ],
                "start_time": "19.319",
                "end_time": "19.35",
                "speaker_label": "spk_1"
            },
            {
                "id": 59,
                "type": "pronunciation",
                "alternatives": [
                    {
                        "confidence": "0.996",
                        "content": "labor"
                    }
                ],
                "start_time": "19.35",
                "end_time": "19.5",
                "speaker_label": "spk_1"
            },
            {
                "id": 60,
                "type": "pronunciation",
                "alternatives": [
                    {
                        "confidence": "0.959",
                        "content": "of"
                    }
                ],
                "start_time": "19.5",
                "end_time": "19.69",
                "speaker_label": "spk_1"
            },
            {
                "id": 61,
                "type": "pronunciation",
                "alternatives": [
                    {
                        "confidence": "0.982",
                        "content": "examinations"
                    }
                ],
                "start_time": "19.69",
                "end_time": "20.59",
                "speaker_label": "spk_1"
            },
            {
                "id": 62,
                "type": "punctuation",
                "alternatives": [
                    {
                        "confidence": "0.0",
                        "content": ","
                    }
                ],
                "speaker_label": "spk_1"
            },
            {
                "id": 63,
                "type": "pronunciation",
                "alternatives": [
                    {
                        "confidence": "0.965",
                        "content": "uh"
                    }
                ],
                "start_time": "20.799",
                "end_time": "21.02",
                "speaker_label": "spk_1"
            },
            {
                "id": 64,
                "type": "punctuation",
                "alternatives": [
                    {
                        "confidence": "0.0",
                        "content": ","
                    }
                ],
                "speaker_label": "spk_1"
            },
            {
                "id": 65,
                "type": "pronunciation",
                "alternatives": [
                    {
                        "confidence": "0.991",
                        "content": "laboratory"
                    }
                ],
                "start_time": "21.12",
                "end_time": "22.059",
                "speaker_label": "spk_0"
            },
            {
                "id": 66,
                "type": "pronunciation",
                "alternatives": [
                    {
                        "confidence": "0.996",
                        "content": "like"
                    }
                ],
                "start_time": "22.399",
                "end_time": "22.69",
                "speaker_label": "spk_1"
            },
            {
                "id": 67,
                "type": "pronunciation",
                "alternatives": [
                    {
                        "confidence": "0.996",
                        "content": "blood"
                    }
                ],
                "start_time": "22.69",
                "end_time": "22.879",
                "speaker_label": "spk_1"
            },
            {
                "id": 68,
                "type": "pronunciation",
                "alternatives": [
                    {
                        "confidence": "0.185",
                        "content": "production"
                    }
                ],
                "start_time": "22.879",
                "end_time": "23.68",
                "speaker_label": "spk_1"
            },
            {
                "id": 69,
                "type": "punctuation",
                "alternatives": [
                    {
                        "confidence": "0.0",
                        "content": "."
                    }
                ],
                "speaker_label": "spk_1"
            },
            {
                "id": 70,
                "type": "pronunciation",
                "alternatives": [
                    {
                        "confidence": "0.999",
                        "content": "Yeah"
                    }
                ],
                "start_time": "24.899",
                "end_time": "25.25",
                "speaker_label": "spk_1"
            },
            {
                "id": 71,
                "type": "punctuation",
                "alternatives": [
                    {
                        "confidence": "0.0",
                        "content": ","
                    }
                ],
                "speaker_label": "spk_1"
            },
            {
                "id": 72,
                "type": "pronunciation",
                "alternatives": [
                    {
                        "confidence": "0.995",
                        "content": "uh"
                    }
                ],
                "start_time": "25.409",
                "end_time": "25.729",
                "speaker_label": "spk_1"
            },
            {
                "id": 73,
                "type": "punctuation",
                "alternatives": [
                    {
                        "confidence": "0.0",
                        "content": ","
                    }
                ],
                "speaker_label": "spk_1"
            },
            {
                "id": 74,
                "type": "pronunciation",
                "alternatives": [
                    {
                        "confidence": "0.998",
                        "content": "actually"
                    }
                ],
                "start_time": "25.979",
                "end_time": "26.409",
                "speaker_label": "spk_1"
            },
            {
                "id": 75,
                "type": "pronunciation",
                "alternatives": [
                    {
                        "confidence": "0.996",
                        "content": "they"
                    }
                ],
                "start_time": "26.409",
                "end_time": "26.54",
                "speaker_label": "spk_1"
            },
            {
                "id": 76,
                "type": "pronunciation",
                "alternatives": [
                    {
                        "confidence": "0.996",
                        "content": "are"
                    }
                ],
                "start_time": "26.54",
                "end_time": "26.889",
                "speaker_label": "spk_1"
            },
            {
                "id": 77,
                "type": "punctuation",
                "alternatives": [
                    {
                        "confidence": "0.0",
                        "content": ","
                    }
                ],
                "speaker_label": "spk_1"
            },
            {
                "id": 78,
                "type": "pronunciation",
                "alternatives": [
                    {
                        "confidence": "0.996",
                        "content": "they"
                    }
                ],
                "start_time": "26.969",
                "end_time": "27.09",
                "speaker_label": "spk_1"
            },
            {
                "id": 79,
                "type": "pronunciation",
                "alternatives": [
                    {
                        "confidence": "0.996",
                        "content": "are"
                    }
                ],
                "start_time": "27.09",
                "end_time": "27.28",
                "speaker_label": "spk_1"
            },
            {
                "id": 80,
                "type": "punctuation",
                "alternatives": [
                    {
                        "confidence": "0.0",
                        "content": ","
                    }
                ],
                "speaker_label": "spk_1"
            },
            {
                "id": 81,
                "type": "pronunciation",
                "alternatives": [
                    {
                        "confidence": "0.998",
                        "content": "um"
                    }
                ],
                "start_time": "27.29",
                "end_time": "27.84",
                "speaker_label": "spk_1"
            },
            {
                "id": 82,
                "type": "punctuation",
                "alternatives": [
                    {
                        "confidence": "0.0",
                        "content": ","
                    }
                ],
                "speaker_label": "spk_1"
            },
            {
                "id": 83,
                "type": "pronunciation",
                "alternatives": [
                    {
                        "confidence": "0.995",
                        "content": "examination"
                    }
                ],
                "start_time": "27.93",
                "end_time": "28.42",
                "speaker_label": "spk_1"
            },
            {
                "id": 84,
                "type": "pronunciation",
                "alternatives": [
                    {
                        "confidence": "0.998",
                        "content": "to"
                    }
                ],
                "start_time": "28.42",
                "end_time": "28.649",
                "speaker_label": "spk_1"
            },
            {
                "id": 85,
                "type": "pronunciation",
                "alternatives": [
                    {
                        "confidence": "0.996",
                        "content": "determine"
                    }
                ],
                "start_time": "28.649",
                "end_time": "29.129",
                "speaker_label": "spk_1"
            },
            {
                "id": 86,
                "type": "pronunciation",
                "alternatives": [
                    {
                        "confidence": "0.999",
                        "content": "that"
                    }
                ],
                "start_time": "29.129",
                "end_time": "29.25",
                "speaker_label": "spk_1"
            },
            {
                "id": 87,
                "type": "pronunciation",
                "alternatives": [
                    {
                        "confidence": "0.999",
                        "content": "I"
                    }
                ],
                "start_time": "29.25",
                "end_time": "29.45",
                "speaker_label": "spk_1"
            },
            {
                "id": 88,
                "type": "pronunciation",
                "alternatives": [
                    {
                        "confidence": "0.996",
                        "content": "am"
                    }
                ],
                "start_time": "29.45",
                "end_time": "29.569",
                "speaker_label": "spk_1"
            },
            {
                "id": 89,
                "type": "pronunciation",
                "alternatives": [
                    {
                        "confidence": "0.705",
                        "content": "immunizes"
                    }
                ],
                "start_time": "29.569",
                "end_time": "30.25",
                "speaker_label": "spk_1"
            },
            {
                "id": 90,
                "type": "pronunciation",
                "alternatives": [
                    {
                        "confidence": "0.996",
                        "content": "for"
                    }
                ],
                "start_time": "30.25",
                "end_time": "30.69",
                "speaker_label": "spk_1"
            },
            {
                "id": 91,
                "type": "punctuation",
                "alternatives": [
                    {
                        "confidence": "0.0",
                        "content": ","
                    }
                ],
                "speaker_label": "spk_1"
            },
            {
                "id": 92,
                "type": "pronunciation",
                "alternatives": [
                    {
                        "confidence": "0.997",
                        "content": "uh"
                    }
                ],
                "start_time": "30.989",
                "end_time": "31.36",
                "speaker_label": "spk_1"
            },
            {
                "id": 93,
                "type": "punctuation",
                "alternatives": [
                    {
                        "confidence": "0.0",
                        "content": "."
                    }
                ],
                "speaker_label": "spk_1"
            },
            {
                "id": 94,
                "type": "pronunciation",
                "alternatives": [
                    {
                        "confidence": "0.997",
                        "content": "Yeah"
                    }
                ],
                "start_time": "32.028",
                "end_time": "32.289",
                "speaker_label": "spk_1"
            },
            {
                "id": 95,
                "type": "punctuation",
                "alternatives": [
                    {
                        "confidence": "0.0",
                        "content": ","
                    }
                ],
                "speaker_label": "spk_1"
            },
            {
                "id": 96,
                "type": "pronunciation",
                "alternatives": [
                    {
                        "confidence": "0.204",
                        "content": "communicable"
                    }
                ],
                "start_time": "32.449",
                "end_time": "33.519",
                "speaker_label": "spk_1"
            },
            {
                "id": 97,
                "type": "punctuation",
                "alternatives": [
                    {
                        "confidence": "0.0",
                        "content": "."
                    }
                ],
                "speaker_label": "spk_1"
            },
            {
                "id": 98,
                "type": "pronunciation",
                "alternatives": [
                    {
                        "confidence": "0.997",
                        "content": "OK"
                    }
                ],
                "start_time": "34.129",
                "end_time": "34.679",
                "speaker_label": "spk_0"
            },
            {
                "id": 99,
                "type": "punctuation",
                "alternatives": [
                    {
                        "confidence": "0.0",
                        "content": ","
                    }
                ],
                "speaker_label": "spk_0"
            },
            {
                "id": 100,
                "type": "pronunciation",
                "alternatives": [
                    {
                        "confidence": "0.992",
                        "content": "I'm"
                    }
                ],
                "start_time": "34.888",
                "end_time": "35.379",
                "speaker_label": "spk_0"
            },
            {
                "id": 101,
                "type": "pronunciation",
                "alternatives": [
                    {
                        "confidence": "0.998",
                        "content": "so"
                    }
                ],
                "start_time": "35.449",
                "end_time": "35.808",
                "speaker_label": "spk_0"
            },
            {
                "id": 102,
                "type": "pronunciation",
                "alternatives": [
                    {
                        "confidence": "0.999",
                        "content": "sorry"
                    }
                ],
                "start_time": "35.808",
                "end_time": "36.148",
                "speaker_label": "spk_0"
            },
            {
                "id": 103,
                "type": "punctuation",
                "alternatives": [
                    {
                        "confidence": "0.0",
                        "content": ","
                    }
                ],
                "speaker_label": "spk_0"
            },
            {
                "id": 104,
                "type": "pronunciation",
                "alternatives": [
                    {
                        "confidence": "0.994",
                        "content": "but"
                    }
                ],
                "start_time": "36.249",
                "end_time": "36.729",
                "speaker_label": "spk_0"
            },
            {
                "id": 105,
                "type": "pronunciation",
                "alternatives": [
                    {
                        "confidence": "0.996",
                        "content": "that's"
                    }
                ],
                "start_time": "36.729",
                "end_time": "37.019",
                "speaker_label": "spk_0"
            },
            {
                "id": 106,
                "type": "pronunciation",
                "alternatives": [
                    {
                        "confidence": "0.999",
                        "content": "not"
                    }
                ],
                "start_time": "37.019",
                "end_time": "37.249",
                "speaker_label": "spk_0"
            },
            {
                "id": 107,
                "type": "pronunciation",
                "alternatives": [
                    {
                        "confidence": "0.999",
                        "content": "something"
                    }
                ],
                "start_time": "37.249",
                "end_time": "37.569",
                "speaker_label": "spk_0"
            },
            {
                "id": 108,
                "type": "pronunciation",
                "alternatives": [
                    {
                        "confidence": "0.999",
                        "content": "that"
                    }
                ],
                "start_time": "37.569",
                "end_time": "37.769",
                "speaker_label": "spk_0"
            },
            {
                "id": 109,
                "type": "pronunciation",
                "alternatives": [
                    {
                        "confidence": "0.999",
                        "content": "we"
                    }
                ],
                "start_time": "37.769",
                "end_time": "38.039",
                "speaker_label": "spk_0"
            },
            {
                "id": 110,
                "type": "pronunciation",
                "alternatives": [
                    {
                        "confidence": "0.998",
                        "content": "do"
                    }
                ],
                "start_time": "38.039",
                "end_time": "38.168",
                "speaker_label": "spk_0"
            },
            {
                "id": 111,
                "type": "pronunciation",
                "alternatives": [
                    {
                        "confidence": "0.998",
                        "content": "in"
                    }
                ],
                "start_time": "38.168",
                "end_time": "38.328",
                "speaker_label": "spk_0"
            },
            {
                "id": 112,
                "type": "pronunciation",
                "alternatives": [
                    {
                        "confidence": "0.998",
                        "content": "our"
                    }
                ],
                "start_time": "38.328",
                "end_time": "38.488",
                "speaker_label": "spk_0"
            },
            {
                "id": 113,
                "type": "pronunciation",
                "alternatives": [
                    {
                        "confidence": "0.995",
                        "content": "clinic"
                    }
                ],
                "start_time": "38.488",
                "end_time": "38.969",
                "speaker_label": "spk_0"
            },
            {
                "id": 114,
                "type": "punctuation",
                "alternatives": [
                    {
                        "confidence": "0.0",
                        "content": "."
                    }
                ],
                "speaker_label": "spk_0"
            },
            {
                "id": 115,
                "type": "pronunciation",
                "alternatives": [
                    {
                        "confidence": "0.992",
                        "content": "What"
                    }
                ],
                "start_time": "39.129",
                "end_time": "39.289",
                "speaker_label": "spk_0"
            },
            {
                "id": 116,
                "type": "pronunciation",
                "alternatives": [
                    {
                        "confidence": "0.999",
                        "content": "we"
                    }
                ],
                "start_time": "39.289",
                "end_time": "39.449",
                "speaker_label": "spk_0"
            },
            {
                "id": 117,
                "type": "pronunciation",
                "alternatives": [
                    {
                        "confidence": "0.999",
                        "content": "offer"
                    }
                ],
                "start_time": "39.449",
                "end_time": "39.769",
                "speaker_label": "spk_0"
            },
            {
                "id": 118,
                "type": "pronunciation",
                "alternatives": [
                    {
                        "confidence": "0.998",
                        "content": "is"
                    }
                ],
                "start_time": "39.769",
                "end_time": "40.129",
                "speaker_label": "spk_0"
            },
            {
                "id": 119,
                "type": "pronunciation",
                "alternatives": [
                    {
                        "confidence": "0.997",
                        "content": "just"
                    }
                ],
                "start_time": "40.129",
                "end_time": "40.368",
                "speaker_label": "spk_0"
            },
            {
                "id": 120,
                "type": "pronunciation",
                "alternatives": [
                    {
                        "confidence": "0.984",
                        "content": "ultrasound"
                    }
                ],
                "start_time": "40.368",
                "end_time": "41.008",
                "speaker_label": "spk_0"
            },
            {
                "id": 121,
                "type": "pronunciation",
                "alternatives": [
                    {
                        "confidence": "0.997",
                        "content": "and"
                    }
                ],
                "start_time": "41.008",
                "end_time": "41.148",
                "speaker_label": "spk_0"
            },
            {
                "id": 122,
                "type": "pronunciation",
                "alternatives": [
                    {
                        "confidence": "0.988",
                        "content": "X-rays"
                    }
                ],
                "start_time": "41.148",
                "end_time": "41.969",
                "speaker_label": "spk_0"
            },
            {
                "id": 123,
                "type": "punctuation",
                "alternatives": [
                    {
                        "confidence": "0.0",
                        "content": "."
                    }
                ],
                "speaker_label": "spk_0"
            },
            {
                "id": 124,
                "type": "pronunciation",
                "alternatives": [
                    {
                        "confidence": "0.998",
                        "content": "OK"
                    }
                ],
                "start_time": "43.09",
                "end_time": "43.18",
                "speaker_label": "spk_1"
            },
            {
                "id": 125,
                "type": "punctuation",
                "alternatives": [
                    {
                        "confidence": "0.0",
                        "content": ","
                    }
                ],
                "speaker_label": "spk_1"
            },
            {
                "id": 126,
                "type": "pronunciation",
                "alternatives": [
                    {
                        "confidence": "0.998",
                        "content": "OK"
                    }
                ],
                "start_time": "43.189",
                "end_time": "43.83",
                "speaker_label": "spk_1"
            },
            {
                "id": 127,
                "type": "punctuation",
                "alternatives": [
                    {
                        "confidence": "0.0",
                        "content": ","
                    }
                ],
                "speaker_label": "spk_1"
            },
            {
                "id": 128,
                "type": "pronunciation",
                "alternatives": [
                    {
                        "confidence": "0.997",
                        "content": "OK"
                    }
                ],
                "start_time": "43.86",
                "end_time": "44.669",
                "speaker_label": "spk_1"
            },
            {
                "id": 129,
                "type": "punctuation",
                "alternatives": [
                    {
                        "confidence": "0.0",
                        "content": "."
                    }
                ],
                "speaker_label": "spk_1"
            },
            {
                "id": 130,
                "type": "pronunciation",
                "alternatives": [
                    {
                        "confidence": "0.996",
                        "content": "OK"
                    }
                ],
                "start_time": "45.31",
                "end_time": "45.619",
                "speaker_label": "spk_1"
            },
            {
                "id": 131,
                "type": "punctuation",
                "alternatives": [
                    {
                        "confidence": "0.0",
                        "content": ","
                    }
                ],
                "speaker_label": "spk_1"
            },
            {
                "id": 132,
                "type": "pronunciation",
                "alternatives": [
                    {
                        "confidence": "0.996",
                        "content": "thank"
                    }
                ],
                "start_time": "45.659",
                "end_time": "45.86",
                "speaker_label": "spk_0"
            },
            {
                "id": 133,
                "type": "pronunciation",
                "alternatives": [
                    {
                        "confidence": "0.996",
                        "content": "you"
                    }
                ],
                "start_time": "45.86",
                "end_time": "46.29",
                "speaker_label": "spk_0"
            },
            {
                "id": 134,
                "type": "punctuation",
                "alternatives": [
                    {
                        "confidence": "0.0",
                        "content": "."
                    }
                ],
                "speaker_label": "spk_0"
            },
            {
                "id": 135,
                "type": "pronunciation",
                "alternatives": [
                    {
                        "confidence": "0.591",
                        "content": "You're"
                    }
                ],
                "start_time": "46.299",
                "end_time": "46.349",
                "speaker_label": "spk_0"
            },
            {
                "id": 136,
                "type": "pronunciation",
                "alternatives": [
                    {
                        "confidence": "0.884",
                        "content": "welcome"
                    }
                ],
                "start_time": "46.349",
                "end_time": "46.36",
                "speaker_label": "spk_0"
            },
            {
                "id": 137,
                "type": "pronunciation",
                "alternatives": [
                    {
                        "confidence": "0.825",
                        "content": "have"
                    }
                ],
                "start_time": "46.36",
                "end_time": "46.369",
                "speaker_label": "spk_0"
            },
            {
                "id": 138,
                "type": "pronunciation",
                "alternatives": [
                    {
                        "confidence": "0.967",
                        "content": "a"
                    }
                ],
                "start_time": "46.369",
                "end_time": "46.38",
                "speaker_label": "spk_0"
            },
            {
                "id": 139,
                "type": "pronunciation",
                "alternatives": [
                    {
                        "confidence": "0.946",
                        "content": "good"
                    }
                ],
                "start_time": "46.38",
                "end_time": "46.389",
                "speaker_label": "spk_0"
            },
            {
                "id": 140,
                "type": "pronunciation",
                "alternatives": [
                    {
                        "confidence": "0.943",
                        "content": "day"
                    }
                ],
                "start_time": "46.389",
                "end_time": "46.4",
                "speaker_label": "spk_0"
            },
            {
                "id": 141,
                "type": "punctuation",
                "alternatives": [
                    {
                        "confidence": "0.0",
                        "content": "."
                    }
                ],
                "speaker_label": "spk_0"
            }
        ],
        "audio_segments": [
            {
                "id": 0,
                "transcript": "Was how may I help?",
                "start_time": "0.0",
                "end_time": "2.599",
                "speaker_label": "spk_0",
                "items": [
                    0,
                    1,
                    2,
                    3,
                    4,
                    5
                ]
            },
            {
                "id": 1,
                "transcript": "Hello,",
                "start_time": "3.63",
                "end_time": "4.11",
                "speaker_label": "spk_0",
                "items": [
                    6,
                    7
                ]
            },
            {
                "id": 2,
                "transcript": "how are you?",
                "start_time": "4.159",
                "end_time": "4.78",
                "speaker_label": "spk_1",
                "items": [
                    8,
                    9,
                    10,
                    11
                ]
            },
            {
                "id": 3,
                "transcript": "Hi, I'm good. What about you? How's your?",
                "start_time": "5.11",
                "end_time": "6.949",
                "speaker_label": "spk_0",
                "items": [
                    12,
                    13,
                    14,
                    15,
                    16,
                    17,
                    18,
                    19,
                    20,
                    21,
                    22,
                    23
                ]
            },
            {
                "id": 4,
                "transcript": "Yeah, I, I, I wanna, I wanna book an appointment for some medical examination.",
                "start_time": "7.15",
                "end_time": "12.039",
                "speaker_label": "spk_1",
                "items": [
                    24,
                    25,
                    26,
                    27,
                    28,
                    29,
                    30,
                    31,
                    32,
                    33,
                    34,
                    35,
                    36,
                    37,
                    38,
                    39,
                    40,
                    41,
                    42
                ]
            },
            {
                "id": 5,
                "transcript": "Uh, medical examination.",
                "start_time": "14.069",
                "end_time": "16.079",
                "speaker_label": "spk_0",
                "items": [
                    43,
                    44,
                    45,
                    46,
                    47
                ]
            },
            {
                "id": 6,
                "transcript": "Yeah, uh, labor of examinations, labor, no labor of",
                "start_time": "16.84",
                "end_time": "19.69",
                "speaker_label": "spk_1",
                "items": [
                    48,
                    49,
                    50,
                    51,
                    52,
                    53,
                    54,
                    55,
                    56,
                    57,
                    58,
                    59,
                    60
                ]
            },
            {
                "id": 7,
                "transcript": "examinations, uh,",
                "start_time": "19.69",
                "end_time": "21.02",
                "speaker_label": "spk_1",
                "items": [
                    61,
                    62,
                    63,
                    64
                ]
            },
            {
                "id": 8,
                "transcript": "laboratory",
                "start_time": "21.12",
                "end_time": "22.059",
                "speaker_label": "spk_0",
                "items": [
                    65
                ]
            },
            {
                "id": 9,
                "transcript": "like blood production.",
                "start_time": "22.399",
                "end_time": "23.84",
                "speaker_label": "spk_1",
                "items": [
                    66,
                    67,
                    68,
                    69
                ]
            },
            {
                "id": 10,
                "transcript": "Yeah, uh, actually they are, they are, um, examination to determine that I am immunizes for, uh.",
                "start_time": "24.889",
                "end_time": "31.45",
                "speaker_label": "spk_1",
                "items": [
                    70,
                    71,
                    72,
                    73,
                    74,
                    75,
                    76,
                    77,
                    78,
                    79,
                    80,
                    81,
                    82,
                    83,
                    84,
                    85,
                    86,
                    87,
                    88,
                    89,
                    90,
                    91,
                    92,
                    93
                ]
            },
            {
                "id": 11,
                "transcript": "Yeah, communicable.",
                "start_time": "32.008",
                "end_time": "33.519",
                "speaker_label": "spk_1",
                "items": [
                    94,
                    95,
                    96,
                    97
                ]
            },
            {
                "id": 12,
                "transcript": "OK, I'm so sorry, but that's not something that we do in our clinic. What we offer is just ultrasound and X-rays.",
                "start_time": "34.129",
                "end_time": "42.09",
                "speaker_label": "spk_0",
                "items": [
                    98,
                    99,
                    100,
                    101,
                    102,
                    103,
                    104,
                    105,
                    106,
                    107,
                    108,
                    109,
                    110,
                    111,
                    112,
                    113,
                    114,
                    115,
                    116,
                    117,
                    118,
                    119,
                    120,
                    121,
                    122,
                    123
                ]
            },
            {
                "id": 13,
                "transcript": "OK, OK, OK.",
                "start_time": "43.069",
                "end_time": "44.79",
                "speaker_label": "spk_1",
                "items": [
                    124,
                    125,
                    126,
                    127,
                    128,
                    129
                ]
            },
            {
                "id": 14,
                "transcript": "OK,",
                "start_time": "45.299",
                "end_time": "45.619",
                "speaker_label": "spk_1",
                "items": [
                    130,
                    131
                ]
            },
            {
                "id": 15,
                "transcript": "thank you. You're welcome have a good day.",
                "start_time": "45.659",
                "end_time": "48.419",
                "speaker_label": "spk_0",
                "items": [
                    132,
                    133,
                    134,
                    135,
                    136,
                    137,
                    138,
                    139,
                    140,
                    141
                ]
            }
        ]
    }
}