{
    "jobName": "transcription-job-2024-03-21T15-35-43Z-call-20bc91b1-6cc9-4eab-ab62-1a0079cd3a44-1734636653",
    "accountId": "199040315413",
    "isRedacted": true,
    "status": "COMPLETED",
    "results": {
        "transcripts": [
            {
                "transcript": "Thank you for calling WasA Diagnostics. Please listen to all of the prompts before making a selection. If you are calling about booking an appointment, press [PII]. For general inquiries like clinic locations, operating hours, and how to prepare for the appointment, press 2. What you've got no answer there."
            }
        ],
        "speaker_labels": {
            "segments": [
                {
                    "start_time": "1.61",
                    "end_time": "16.149",
                    "speaker_label": "spk_0",
                    "items": [
                        {
                            "speaker_label": "spk_0",
                            "start_time": "1.62",
                            "end_time": "1.889"
                        },
                        {
                            "speaker_label": "spk_0",
                            "start_time": "1.889",
                            "end_time": "2.049"
                        },
                        {
                            "speaker_label": "spk_0",
                            "start_time": "2.049",
                            "end_time": "2.25"
                        },
                        {
                            "speaker_label": "spk_0",
                            "start_time": "2.25",
                            "end_time": "2.569"
                        },
                        {
                            "speaker_label": "spk_0",
                            "start_time": "2.569",
                            "end_time": "3.009"
                        },
                        {
                            "speaker_label": "spk_0",
                            "start_time": "3.009",
                            "end_time": "3.96"
                        },
                        {
                            "speaker_label": "spk_0",
                            "start_time": "4.17",
                            "end_time": "4.409"
                        },
                        {
                            "speaker_label": "spk_0",
                            "start_time": "4.409",
                            "end_time": "4.69"
                        },
                        {
                            "speaker_label": "spk_0",
                            "start_time": "4.69",
                            "end_time": "4.84"
                        },
                        {
                            "speaker_label": "spk_0",
                            "start_time": "4.84",
                            "end_time": "4.969"
                        },
                        {
                            "speaker_label": "spk_0",
                            "start_time": "4.969",
                            "end_time": "5.09"
                        },
                        {
                            "speaker_label": "spk_0",
                            "start_time": "5.09",
                            "end_time": "5.28"
                        },
                        {
                            "speaker_label": "spk_0",
                            "start_time": "5.28",
                            "end_time": "5.809"
                        },
                        {
                            "speaker_label": "spk_0",
                            "start_time": "5.809",
                            "end_time": "5.969"
                        },
                        {
                            "speaker_label": "spk_0",
                            "start_time": "5.969",
                            "end_time": "6.21"
                        },
                        {
                            "speaker_label": "spk_0",
                            "start_time": "6.21",
                            "end_time": "6.289"
                        },
                        {
                            "speaker_label": "spk_0",
                            "start_time": "6.289",
                            "end_time": "7.039"
                        },
                        {
                            "speaker_label": "spk_0",
                            "start_time": "7.25",
                            "end_time": "7.369"
                        },
                        {
                            "speaker_label": "spk_0",
                            "start_time": "7.369",
                            "end_time": "7.489"
                        },
                        {
                            "speaker_label": "spk_0",
                            "start_time": "7.489",
                            "end_time": "7.69"
                        },
                        {
                            "speaker_label": "spk_0",
                            "start_time": "7.69",
                            "end_time": "8.01"
                        },
                        {
                            "speaker_label": "spk_0",
                            "start_time": "8.01",
                            "end_time": "8.21"
                        },
                        {
                            "speaker_label": "spk_0",
                            "start_time": "8.21",
                            "end_time": "8.489"
                        },
                        {
                            "speaker_label": "spk_0",
                            "start_time": "8.489",
                            "end_time": "8.569"
                        },
                        {
                            "speaker_label": "spk_0",
                            "start_time": "8.569",
                            "end_time": "9.01"
                        },
                        {
                            "speaker_label": "spk_0",
                            "start_time": "9.09",
                            "end_time": "9.369"
                        },
                        {
                            "speaker_label": "spk_0",
                            "start_time": "9.369",
                            "end_time": "9.819"
                        },
                        {
                            "speaker_label": "spk_0",
                            "start_time": "10.09",
                            "end_time": "10.25"
                        },
                        {
                            "speaker_label": "spk_0",
                            "start_time": "10.25",
                            "end_time": "10.55"
                        },
                        {
                            "speaker_label": "spk_0",
                            "start_time": "10.55",
                            "end_time": "11.1"
                        },
                        {
                            "speaker_label": "spk_0",
                            "start_time": "11.1",
                            "end_time": "11.26"
                        },
                        {
                            "speaker_label": "spk_0",
                            "start_time": "11.26",
                            "end_time": "11.77"
                        },
                        {
                            "speaker_label": "spk_0",
                            "start_time": "11.77",
                            "end_time": "12.479"
                        },
                        {
                            "speaker_label": "spk_0",
                            "start_time": "12.569",
                            "end_time": "13.149"
                        },
                        {
                            "speaker_label": "spk_0",
                            "start_time": "13.149",
                            "end_time": "13.68"
                        },
                        {
                            "speaker_label": "spk_0",
                            "start_time": "13.84",
                            "end_time": "14.01"
                        },
                        {
                            "speaker_label": "spk_0",
                            "start_time": "14.01",
                            "end_time": "14.13"
                        },
                        {
                            "speaker_label": "spk_0",
                            "start_time": "14.13",
                            "end_time": "14.489"
                        },
                        {
                            "speaker_label": "spk_0",
                            "start_time": "14.489",
                            "end_time": "14.729"
                        },
                        {
                            "speaker_label": "spk_0",
                            "start_time": "14.729",
                            "end_time": "14.81"
                        },
                        {
                            "speaker_label": "spk_0",
                            "start_time": "14.81",
                            "end_time": "14.89"
                        },
                        {
                            "speaker_label": "spk_0",
                            "start_time": "14.89",
                            "end_time": "15.329"
                        },
                        {
                            "speaker_label": "spk_0",
                            "start_time": "15.369",
                            "end_time": "15.649"
                        },
                        {
                            "speaker_label": "spk_0",
                            "start_time": "15.649",
                            "end_time": "16.01"
                        }
                    ]
                },
                {
                    "start_time": "55.209",
                    "end_time": "57.909",
                    "speaker_label": "spk_1",
                    "items": [
                        {
                            "speaker_label": "spk_1",
                            "start_time": "55.909",
                            "end_time": "55.919"
                        },
                        {
                            "speaker_label": "spk_1",
                            "start_time": "55.919",
                            "end_time": "56.25"
                        },
                        {
                            "speaker_label": "spk_1",
                            "start_time": "56.25",
                            "end_time": "56.49"
                        },
                        {
                            "speaker_label": "spk_1",
                            "start_time": "56.49",
                            "end_time": "56.74"
                        },
                        {
                            "speaker_label": "spk_1",
                            "start_time": "56.74",
                            "end_time": "57.409"
                        },
                        {
                            "speaker_label": "spk_1",
                            "start_time": "57.409",
                            "end_time": "57.77"
                        }
                    ]
                }
            ],
            "channel_label": "ch_0",
            "speakers": 2
        },
        "items": [
            {
                "id": 0,
                "type": "pronunciation",
                "alternatives": [
                    {
                        "confidence": "0.999",
                        "content": "Thank"
                    }
                ],
                "start_time": "1.62",
                "end_time": "1.889",
                "speaker_label": "spk_0"
            },
            {
                "id": 1,
                "type": "pronunciation",
                "alternatives": [
                    {
                        "confidence": "0.999",
                        "content": "you"
                    }
                ],
                "start_time": "1.889",
                "end_time": "2.049",
                "speaker_label": "spk_0"
            },
            {
                "id": 2,
                "type": "pronunciation",
                "alternatives": [
                    {
                        "confidence": "0.999",
                        "content": "for"
                    }
                ],
                "start_time": "2.049",
                "end_time": "2.25",
                "speaker_label": "spk_0"
            },
            {
                "id": 3,
                "type": "pronunciation",
                "alternatives": [
                    {
                        "confidence": "0.999",
                        "content": "calling"
                    }
                ],
                "start_time": "2.25",
                "end_time": "2.569",
                "speaker_label": "spk_0"
            },
            {
                "id": 4,
                "type": "pronunciation",
                "alternatives": [
                    {
                        "confidence": "0.662",
                        "content": "WasA"
                    }
                ],
                "start_time": "2.569",
                "end_time": "3.009",
                "speaker_label": "spk_0"
            },
            {
                "id": 5,
                "type": "pronunciation",
                "alternatives": [
                    {
                        "confidence": "0.993",
                        "content": "Diagnostics"
                    }
                ],
                "start_time": "3.009",
                "end_time": "3.96",
                "speaker_label": "spk_0"
            },
            {
                "id": 6,
                "type": "punctuation",
                "alternatives": [
                    {
                        "confidence": "0.0",
                        "content": "."
                    }
                ],
                "speaker_label": "spk_0"
            },
            {
                "id": 7,
                "type": "pronunciation",
                "alternatives": [
                    {
                        "confidence": "0.997",
                        "content": "Please"
                    }
                ],
                "start_time": "4.17",
                "end_time": "4.409",
                "speaker_label": "spk_0"
            },
            {
                "id": 8,
                "type": "pronunciation",
                "alternatives": [
                    {
                        "confidence": "0.999",
                        "content": "listen"
                    }
                ],
                "start_time": "4.409",
                "end_time": "4.69",
                "speaker_label": "spk_0"
            },
            {
                "id": 9,
                "type": "pronunciation",
                "alternatives": [
                    {
                        "confidence": "0.999",
                        "content": "to"
                    }
                ],
                "start_time": "4.69",
                "end_time": "4.84",
                "speaker_label": "spk_0"
            },
            {
                "id": 10,
                "type": "pronunciation",
                "alternatives": [
                    {
                        "confidence": "0.999",
                        "content": "all"
                    }
                ],
                "start_time": "4.84",
                "end_time": "4.969",
                "speaker_label": "spk_0"
            },
            {
                "id": 11,
                "type": "pronunciation",
                "alternatives": [
                    {
                        "confidence": "0.996",
                        "content": "of"
                    }
                ],
                "start_time": "4.969",
                "end_time": "5.09",
                "speaker_label": "spk_0"
            },
            {
                "id": 12,
                "type": "pronunciation",
                "alternatives": [
                    {
                        "confidence": "0.999",
                        "content": "the"
                    }
                ],
                "start_time": "5.09",
                "end_time": "5.28",
                "speaker_label": "spk_0"
            },
            {
                "id": 13,
                "type": "pronunciation",
                "alternatives": [
                    {
                        "confidence": "0.992",
                        "content": "prompts"
                    }
                ],
                "start_time": "5.28",
                "end_time": "5.809",
                "speaker_label": "spk_0"
            },
            {
                "id": 14,
                "type": "pronunciation",
                "alternatives": [
                    {
                        "confidence": "0.999",
                        "content": "before"
                    }
                ],
                "start_time": "5.809",
                "end_time": "5.969",
                "speaker_label": "spk_0"
            },
            {
                "id": 15,
                "type": "pronunciation",
                "alternatives": [
                    {
                        "confidence": "0.999",
                        "content": "making"
                    }
                ],
                "start_time": "5.969",
                "end_time": "6.21",
                "speaker_label": "spk_0"
            },
            {
                "id": 16,
                "type": "pronunciation",
                "alternatives": [
                    {
                        "confidence": "0.998",
                        "content": "a"
                    }
                ],
                "start_time": "6.21",
                "end_time": "6.289",
                "speaker_label": "spk_0"
            },
            {
                "id": 17,
                "type": "pronunciation",
                "alternatives": [
                    {
                        "confidence": "0.998",
                        "content": "selection"
                    }
                ],
                "start_time": "6.289",
                "end_time": "7.039",
                "speaker_label": "spk_0"
            },
            {
                "id": 18,
                "type": "punctuation",
                "alternatives": [
                    {
                        "confidence": "0.0",
                        "content": "."
                    }
                ],
                "speaker_label": "spk_0"
            },
            {
                "id": 19,
                "type": "pronunciation",
                "alternatives": [
                    {
                        "confidence": "0.997",
                        "content": "If"
                    }
                ],
                "start_time": "7.25",
                "end_time": "7.369",
                "speaker_label": "spk_0"
            },
            {
                "id": 20,
                "type": "pronunciation",
                "alternatives": [
                    {
                        "confidence": "0.999",
                        "content": "you"
                    }
                ],
                "start_time": "7.369",
                "end_time": "7.489",
                "speaker_label": "spk_0"
            },
            {
                "id": 21,
                "type": "pronunciation",
                "alternatives": [
                    {
                        "confidence": "0.997",
                        "content": "are"
                    }
                ],
                "start_time": "7.489",
                "end_time": "7.69",
                "speaker_label": "spk_0"
            },
            {
                "id": 22,
                "type": "pronunciation",
                "alternatives": [
                    {
                        "confidence": "0.999",
                        "content": "calling"
                    }
                ],
                "start_time": "7.69",
                "end_time": "8.01",
                "speaker_label": "spk_0"
            },
            {
                "id": 23,
                "type": "pronunciation",
                "alternatives": [
                    {
                        "confidence": "0.999",
                        "content": "about"
                    }
                ],
                "start_time": "8.01",
                "end_time": "8.21",
                "speaker_label": "spk_0"
            },
            {
                "id": 24,
                "type": "pronunciation",
                "alternatives": [
                    {
                        "confidence": "0.999",
                        "content": "booking"
                    }
                ],
                "start_time": "8.21",
                "end_time": "8.489",
                "speaker_label": "spk_0"
            },
            {
                "id": 25,
                "type": "pronunciation",
                "alternatives": [
                    {
                        "confidence": "0.998",
                        "content": "an"
                    }
                ],
                "start_time": "8.489",
                "end_time": "8.569",
                "speaker_label": "spk_0"
            },
            {
                "id": 26,
                "type": "pronunciation",
                "alternatives": [
                    {
                        "confidence": "0.999",
                        "content": "appointment"
                    }
                ],
                "start_time": "8.569",
                "end_time": "9.01",
                "speaker_label": "spk_0"
            },
            {
                "id": 27,
                "type": "punctuation",
                "alternatives": [
                    {
                        "confidence": "0.0",
                        "content": ","
                    }
                ],
                "speaker_label": "spk_0"
            },
            {
                "id": 28,
                "type": "pronunciation",
                "alternatives": [
                    {
                        "confidence": "0.996",
                        "content": "press"
                    }
                ],
                "start_time": "9.09",
                "end_time": "9.369",
                "speaker_label": "spk_0"
            },
            {
                "id": 29,
                "type": "pronunciation",
                "alternatives": [
                    {
                        "content": "[PII]",
                        "redactions": [
                            {
                                "confidence": "0.1747",
                                "type": "PHONE",
                                "category": "PII"
                            }
                        ]
                    }
                ],
                "start_time": "9.369",
                "end_time": "9.819"
            },
            {
                "id": 30,
                "type": "punctuation",
                "alternatives": [
                    {
                        "confidence": "0.0",
                        "content": "."
                    }
                ]
            },
            {
                "id": 31,
                "type": "pronunciation",
                "alternatives": [
                    {
                        "confidence": "0.996",
                        "content": "For"
                    }
                ],
                "start_time": "10.09",
                "end_time": "10.25",
                "speaker_label": "spk_0"
            },
            {
                "id": 32,
                "type": "pronunciation",
                "alternatives": [
                    {
                        "confidence": "0.999",
                        "content": "general"
                    }
                ],
                "start_time": "10.25",
                "end_time": "10.55",
                "speaker_label": "spk_0"
            },
            {
                "id": 33,
                "type": "pronunciation",
                "alternatives": [
                    {
                        "confidence": "0.994",
                        "content": "inquiries"
                    }
                ],
                "start_time": "10.55",
                "end_time": "11.1",
                "speaker_label": "spk_0"
            },
            {
                "id": 34,
                "type": "pronunciation",
                "alternatives": [
                    {
                        "confidence": "0.998",
                        "content": "like"
                    }
                ],
                "start_time": "11.1",
                "end_time": "11.26",
                "speaker_label": "spk_0"
            },
            {
                "id": 35,
                "type": "pronunciation",
                "alternatives": [
                    {
                        "confidence": "0.996",
                        "content": "clinic"
                    }
                ],
                "start_time": "11.26",
                "end_time": "11.77",
                "speaker_label": "spk_0"
            },
            {
                "id": 36,
                "type": "pronunciation",
                "alternatives": [
                    {
                        "confidence": "0.997",
                        "content": "locations"
                    }
                ],
                "start_time": "11.77",
                "end_time": "12.479",
                "speaker_label": "spk_0"
            },
            {
                "id": 37,
                "type": "punctuation",
                "alternatives": [
                    {
                        "confidence": "0.0",
                        "content": ","
                    }
                ],
                "speaker_label": "spk_0"
            },
            {
                "id": 38,
                "type": "pronunciation",
                "alternatives": [
                    {
                        "confidence": "0.995",
                        "content": "operating"
                    }
                ],
                "start_time": "12.569",
                "end_time": "13.149",
                "speaker_label": "spk_0"
            },
            {
                "id": 39,
                "type": "pronunciation",
                "alternatives": [
                    {
                        "confidence": "0.999",
                        "content": "hours"
                    }
                ],
                "start_time": "13.149",
                "end_time": "13.68",
                "speaker_label": "spk_0"
            },
            {
                "id": 40,
                "type": "punctuation",
                "alternatives": [
                    {
                        "confidence": "0.0",
                        "content": ","
                    }
                ],
                "speaker_label": "spk_0"
            },
            {
                "id": 41,
                "type": "pronunciation",
                "alternatives": [
                    {
                        "confidence": "0.998",
                        "content": "and"
                    }
                ],
                "start_time": "13.84",
                "end_time": "14.01",
                "speaker_label": "spk_0"
            },
            {
                "id": 42,
                "type": "pronunciation",
                "alternatives": [
                    {
                        "confidence": "0.996",
                        "content": "how"
                    }
                ],
                "start_time": "14.01",
                "end_time": "14.13",
                "speaker_label": "spk_0"
            },
            {
                "id": 43,
                "type": "pronunciation",
                "alternatives": [
                    {
                        "confidence": "0.999",
                        "content": "to"
                    }
                ],
                "start_time": "14.13",
                "end_time": "14.489",
                "speaker_label": "spk_0"
            },
            {
                "id": 44,
                "type": "pronunciation",
                "alternatives": [
                    {
                        "confidence": "0.999",
                        "content": "prepare"
                    }
                ],
                "start_time": "14.489",
                "end_time": "14.729",
                "speaker_label": "spk_0"
            },
            {
                "id": 45,
                "type": "pronunciation",
                "alternatives": [
                    {
                        "confidence": "0.999",
                        "content": "for"
                    }
                ],
                "start_time": "14.729",
                "end_time": "14.81",
                "speaker_label": "spk_0"
            },
            {
                "id": 46,
                "type": "pronunciation",
                "alternatives": [
                    {
                        "confidence": "0.998",
                        "content": "the"
                    }
                ],
                "start_time": "14.81",
                "end_time": "14.89",
                "speaker_label": "spk_0"
            },
            {
                "id": 47,
                "type": "pronunciation",
                "alternatives": [
                    {
                        "confidence": "0.998",
                        "content": "appointment"
                    }
                ],
                "start_time": "14.89",
                "end_time": "15.329",
                "speaker_label": "spk_0"
            },
            {
                "id": 48,
                "type": "punctuation",
                "alternatives": [
                    {
                        "confidence": "0.0",
                        "content": ","
                    }
                ],
                "speaker_label": "spk_0"
            },
            {
                "id": 49,
                "type": "pronunciation",
                "alternatives": [
                    {
                        "confidence": "0.996",
                        "content": "press"
                    }
                ],
                "start_time": "15.369",
                "end_time": "15.649",
                "speaker_label": "spk_0"
            },
            {
                "id": 50,
                "type": "pronunciation",
                "alternatives": [
                    {
                        "confidence": "0.996",
                        "content": "2"
                    }
                ],
                "start_time": "15.649",
                "end_time": "16.01",
                "speaker_label": "spk_0"
            },
            {
                "id": 51,
                "type": "punctuation",
                "alternatives": [
                    {
                        "confidence": "0.0",
                        "content": "."
                    }
                ],
                "speaker_label": "spk_0"
            },
            {
                "id": 52,
                "type": "pronunciation",
                "alternatives": [
                    {
                        "confidence": "0.572",
                        "content": "What"
                    }
                ],
                "start_time": "55.909",
                "end_time": "55.919",
                "speaker_label": "spk_1"
            },
            {
                "id": 53,
                "type": "pronunciation",
                "alternatives": [
                    {
                        "confidence": "0.908",
                        "content": "you've"
                    }
                ],
                "start_time": "55.919",
                "end_time": "56.25",
                "speaker_label": "spk_1"
            },
            {
                "id": 54,
                "type": "pronunciation",
                "alternatives": [
                    {
                        "confidence": "0.996",
                        "content": "got"
                    }
                ],
                "start_time": "56.25",
                "end_time": "56.49",
                "speaker_label": "spk_1"
            },
            {
                "id": 55,
                "type": "pronunciation",
                "alternatives": [
                    {
                        "confidence": "0.996",
                        "content": "no"
                    }
                ],
                "start_time": "56.49",
                "end_time": "56.74",
                "speaker_label": "spk_1"
            },
            {
                "id": 56,
                "type": "pronunciation",
                "alternatives": [
                    {
                        "confidence": "0.996",
                        "content": "answer"
                    }
                ],
                "start_time": "56.74",
                "end_time": "57.409",
                "speaker_label": "spk_1"
            },
            {
                "id": 57,
                "type": "pronunciation",
                "alternatives": [
                    {
                        "confidence": "0.943",
                        "content": "there"
                    }
                ],
                "start_time": "57.409",
                "end_time": "57.77",
                "speaker_label": "spk_1"
            },
            {
                "id": 58,
                "type": "punctuation",
                "alternatives": [
                    {
                        "confidence": "0.0",
                        "content": "."
                    }
                ],
                "speaker_label": "spk_1"
            }
        ],
        "audio_segments": [
            {
                "id": 0,
                "transcript": "Thank you for calling WasA Diagnostics. Please listen to all of the prompts before making a selection. If you are calling about booking an appointment, press [PII]. For general inquiries like clinic locations, operating hours, and how to prepare for the appointment, press 2.",
                "start_time": "1.61",
                "end_time": "16.149",
                "speaker_label": "spk_0",
                "items": [
                    0,
                    1,
                    2,
                    3,
                    4,
                    5,
                    6,
                    7,
                    8,
                    9,
                    10,
                    11,
                    12,
                    13,
                    14,
                    15,
                    16,
                    17,
                    18,
                    19,
                    20,
                    21,
                    22,
                    23,
                    24,
                    25,
                    26,
                    27,
                    28,
                    29,
                    30,
                    31,
                    32,
                    33,
                    34,
                    35,
                    36,
                    37,
                    38,
                    39,
                    40,
                    41,
                    42,
                    43,
                    44,
                    45,
                    46,
                    47,
                    48,
                    49,
                    50,
                    51
                ]
            },
            {
                "id": 1,
                "transcript": "What you've got no answer there.",
                "start_time": "55.209",
                "end_time": "57.909",
                "speaker_label": "spk_1",
                "items": [
                    52,
                    53,
                    54,
                    55,
                    56,
                    57,
                    58
                ]
            }
        ]
    }
}