{
    "jobName": "transcription-job-2024-03-21T21-27-46Z-call-d3155720-5976-4ba8-ba7a-3dc8f337a9bf-1734640251",
    "accountId": "199040315413",
    "isRedacted": true,
    "status": "COMPLETED",
    "results": {
        "transcripts": [
            {
                "transcript": "Well through Diagnostics, how may I help you? Hi, this is the [PII] location. [PII]? No, we're located in [PII]. Oh, OK, no, I, I on Google said it was [PII]. OK, um, no worries, bye."
            }
        ],
        "speaker_labels": {
            "segments": [
                {
                    "start_time": "0.15",
                    "end_time": "2.71",
                    "speaker_label": "spk_0",
                    "items": [
                        {
                            "speaker_label": "spk_0",
                            "start_time": "0.779",
                            "end_time": "0.79"
                        },
                        {
                            "speaker_label": "spk_0",
                            "start_time": "0.79",
                            "end_time": "1.009"
                        },
                        {
                            "speaker_label": "spk_0",
                            "start_time": "1.009",
                            "end_time": "1.799"
                        },
                        {
                            "speaker_label": "spk_0",
                            "start_time": "1.83",
                            "end_time": "1.96"
                        },
                        {
                            "speaker_label": "spk_0",
                            "start_time": "1.96",
                            "end_time": "2.069"
                        },
                        {
                            "speaker_label": "spk_0",
                            "start_time": "2.069",
                            "end_time": "2.19"
                        },
                        {
                            "speaker_label": "spk_0",
                            "start_time": "2.19",
                            "end_time": "2.38"
                        },
                        {
                            "speaker_label": "spk_0",
                            "start_time": "2.38",
                            "end_time": "2.589"
                        }
                    ]
                },
                {
                    "start_time": "3.67",
                    "end_time": "5.329",
                    "speaker_label": "spk_1",
                    "items": [
                        {
                            "speaker_label": "spk_1",
                            "start_time": "3.95",
                            "end_time": "4.07"
                        },
                        {
                            "speaker_label": "spk_1",
                            "start_time": "4.15",
                            "end_time": "4.269"
                        },
                        {
                            "speaker_label": "spk_1",
                            "start_time": "4.269",
                            "end_time": "4.389"
                        },
                        {
                            "speaker_label": "spk_1",
                            "start_time": "4.389",
                            "end_time": "4.599"
                        },
                        {
                            "speaker_label": "spk_1",
                            "start_time": "4.599",
                            "end_time": "5.329"
                        }
                    ]
                },
                {
                    "start_time": "5.329",
                    "end_time": "10.079",
                    "speaker_label": "spk_0",
                    "items": [
                        {
                            "speaker_label": "spk_0",
                            "start_time": "5.329",
                            "end_time": "5.86"
                        },
                        {
                            "speaker_label": "spk_0",
                            "start_time": "6.51",
                            "end_time": "7.07"
                        },
                        {
                            "speaker_label": "spk_0",
                            "start_time": "7.19",
                            "end_time": "7.44"
                        },
                        {
                            "speaker_label": "spk_0",
                            "start_time": "7.57",
                            "end_time": "7.789"
                        },
                        {
                            "speaker_label": "spk_0",
                            "start_time": "7.789",
                            "end_time": "8.34"
                        },
                        {
                            "speaker_label": "spk_0",
                            "start_time": "8.34",
                            "end_time": "8.59"
                        },
                        {
                            "speaker_label": "spk_0",
                            "start_time": "8.59",
                            "end_time": "10.079"
                        }
                    ]
                },
                {
                    "start_time": "10.869",
                    "end_time": "17.27",
                    "speaker_label": "spk_1",
                    "items": [
                        {
                            "speaker_label": "spk_1",
                            "start_time": "10.869",
                            "end_time": "11.189"
                        },
                        {
                            "speaker_label": "spk_1",
                            "start_time": "11.229",
                            "end_time": "11.55"
                        },
                        {
                            "speaker_label": "spk_1",
                            "start_time": "11.71",
                            "end_time": "11.75"
                        },
                        {
                            "speaker_label": "spk_1",
                            "start_time": "11.909",
                            "end_time": "12.069"
                        },
                        {
                            "speaker_label": "spk_1",
                            "start_time": "12.149",
                            "end_time": "12.399"
                        },
                        {
                            "speaker_label": "spk_1",
                            "start_time": "12.399",
                            "end_time": "12.63"
                        },
                        {
                            "speaker_label": "spk_1",
                            "start_time": "12.63",
                            "end_time": "13.029"
                        },
                        {
                            "speaker_label": "spk_1",
                            "start_time": "13.029",
                            "end_time": "13.18"
                        },
                        {
                            "speaker_label": "spk_1",
                            "start_time": "13.18",
                            "end_time": "13.35"
                        },
                        {
                            "speaker_label": "spk_1",
                            "start_time": "13.35",
                            "end_time": "13.909"
                        },
                        {
                            "speaker_label": "spk_1",
                            "start_time": "13.909",
                            "end_time": "14.319"
                        },
                        {
                            "speaker_label": "spk_1",
                            "start_time": "14.43",
                            "end_time": "14.939"
                        },
                        {
                            "speaker_label": "spk_1",
                            "start_time": "15.149",
                            "end_time": "15.939"
                        },
                        {
                            "speaker_label": "spk_1",
                            "start_time": "16.829",
                            "end_time": "16.94"
                        },
                        {
                            "speaker_label": "spk_1",
                            "start_time": "16.94",
                            "end_time": "17.27"
                        }
                    ]
                },
                {
                    "start_time": "17.469",
                    "end_time": "18.579",
                    "speaker_label": "spk_0",
                    "items": [
                        {
                            "speaker_label": "spk_0",
                            "start_time": "17.469",
                            "end_time": "17.879"
                        }
                    ]
                }
            ],
            "channel_label": "ch_0",
            "speakers": 2
        },
        "items": [
            {
                "id": 0,
                "type": "pronunciation",
                "alternatives": [
                    {
                        "confidence": "0.959",
                        "content": "Well"
                    }
                ],
                "start_time": "0.779",
                "end_time": "0.79",
                "speaker_label": "spk_0"
            },
            {
                "id": 1,
                "type": "pronunciation",
                "alternatives": [
                    {
                        "confidence": "0.963",
                        "content": "through"
                    }
                ],
                "start_time": "0.79",
                "end_time": "1.009",
                "speaker_label": "spk_0"
            },
            {
                "id": 2,
                "type": "pronunciation",
                "alternatives": [
                    {
                        "confidence": "0.52",
                        "content": "Diagnostics"
                    }
                ],
                "start_time": "1.009",
                "end_time": "1.799",
                "speaker_label": "spk_0"
            },
            {
                "id": 3,
                "type": "punctuation",
                "alternatives": [
                    {
                        "confidence": "0.0",
                        "content": ","
                    }
                ],
                "speaker_label": "spk_0"
            },
            {
                "id": 4,
                "type": "pronunciation",
                "alternatives": [
                    {
                        "confidence": "0.987",
                        "content": "how"
                    }
                ],
                "start_time": "1.83",
                "end_time": "1.96",
                "speaker_label": "spk_0"
            },
            {
                "id": 5,
                "type": "pronunciation",
                "alternatives": [
                    {
                        "confidence": "0.999",
                        "content": "may"
                    }
                ],
                "start_time": "1.96",
                "end_time": "2.069",
                "speaker_label": "spk_0"
            },
            {
                "id": 6,
                "type": "pronunciation",
                "alternatives": [
                    {
                        "confidence": "0.998",
                        "content": "I"
                    }
                ],
                "start_time": "2.069",
                "end_time": "2.19",
                "speaker_label": "spk_0"
            },
            {
                "id": 7,
                "type": "pronunciation",
                "alternatives": [
                    {
                        "confidence": "0.999",
                        "content": "help"
                    }
                ],
                "start_time": "2.19",
                "end_time": "2.38",
                "speaker_label": "spk_0"
            },
            {
                "id": 8,
                "type": "pronunciation",
                "alternatives": [
                    {
                        "confidence": "0.525",
                        "content": "you"
                    }
                ],
                "start_time": "2.38",
                "end_time": "2.589",
                "speaker_label": "spk_0"
            },
            {
                "id": 9,
                "type": "punctuation",
                "alternatives": [
                    {
                        "confidence": "0.0",
                        "content": "?"
                    }
                ],
                "speaker_label": "spk_0"
            },
            {
                "id": 10,
                "type": "pronunciation",
                "alternatives": [
                    {
                        "confidence": "0.928",
                        "content": "Hi"
                    }
                ],
                "start_time": "3.95",
                "end_time": "4.07",
                "speaker_label": "spk_1"
            },
            {
                "id": 11,
                "type": "punctuation",
                "alternatives": [
                    {
                        "confidence": "0.0",
                        "content": ","
                    }
                ],
                "speaker_label": "spk_1"
            },
            {
                "id": 12,
                "type": "pronunciation",
                "alternatives": [
                    {
                        "confidence": "0.997",
                        "content": "this"
                    }
                ],
                "start_time": "4.15",
                "end_time": "4.269",
                "speaker_label": "spk_1"
            },
            {
                "id": 13,
                "type": "pronunciation",
                "alternatives": [
                    {
                        "confidence": "0.997",
                        "content": "is"
                    }
                ],
                "start_time": "4.269",
                "end_time": "4.389",
                "speaker_label": "spk_1"
            },
            {
                "id": 14,
                "type": "pronunciation",
                "alternatives": [
                    {
                        "confidence": "0.996",
                        "content": "the"
                    }
                ],
                "start_time": "4.389",
                "end_time": "4.599",
                "speaker_label": "spk_1"
            },
            {
                "id": 15,
                "type": "pronunciation",
                "alternatives": [
                    {
                        "content": "[PII]",
                        "redactions": [
                            {
                                "confidence": "1.0",
                                "type": "ADDRESS",
                                "category": "PII"
                            }
                        ]
                    }
                ],
                "start_time": "4.599",
                "end_time": "5.329"
            },
            {
                "id": 16,
                "type": "pronunciation",
                "alternatives": [
                    {
                        "confidence": "0.998",
                        "content": "location"
                    }
                ],
                "start_time": "5.329",
                "end_time": "5.86",
                "speaker_label": "spk_0"
            },
            {
                "id": 17,
                "type": "punctuation",
                "alternatives": [
                    {
                        "confidence": "0.0",
                        "content": "."
                    }
                ],
                "speaker_label": "spk_0"
            },
            {
                "id": 18,
                "type": "pronunciation",
                "alternatives": [
                    {
                        "content": "[PII]",
                        "redactions": [
                            {
                                "confidence": "1.0",
                                "type": "ADDRESS",
                                "category": "PII"
                            }
                        ]
                    }
                ],
                "start_time": "6.51",
                "end_time": "7.07"
            },
            {
                "id": 19,
                "type": "punctuation",
                "alternatives": [
                    {
                        "confidence": "0.0",
                        "content": "?"
                    }
                ]
            },
            {
                "id": 20,
                "type": "pronunciation",
                "alternatives": [
                    {
                        "confidence": "0.955",
                        "content": "No"
                    }
                ],
                "start_time": "7.19",
                "end_time": "7.44",
                "speaker_label": "spk_0"
            },
            {
                "id": 21,
                "type": "punctuation",
                "alternatives": [
                    {
                        "confidence": "0.0",
                        "content": ","
                    }
                ],
                "speaker_label": "spk_0"
            },
            {
                "id": 22,
                "type": "pronunciation",
                "alternatives": [
                    {
                        "confidence": "0.991",
                        "content": "we're"
                    }
                ],
                "start_time": "7.57",
                "end_time": "7.789",
                "speaker_label": "spk_0"
            },
            {
                "id": 23,
                "type": "pronunciation",
                "alternatives": [
                    {
                        "confidence": "0.99",
                        "content": "located"
                    }
                ],
                "start_time": "7.789",
                "end_time": "8.34",
                "speaker_label": "spk_0"
            },
            {
                "id": 24,
                "type": "pronunciation",
                "alternatives": [
                    {
                        "confidence": "0.997",
                        "content": "in"
                    }
                ],
                "start_time": "8.34",
                "end_time": "8.59",
                "speaker_label": "spk_0"
            },
            {
                "id": 25,
                "type": "pronunciation",
                "alternatives": [
                    {
                        "content": "[PII]",
                        "redactions": [
                            {
                                "confidence": "1.0",
                                "type": "ADDRESS",
                                "category": "PII"
                            }
                        ]
                    }
                ],
                "start_time": "8.59",
                "end_time": "10.079"
            },
            {
                "id": 26,
                "type": "punctuation",
                "alternatives": [
                    {
                        "confidence": "0.0",
                        "content": "."
                    }
                ]
            },
            {
                "id": 27,
                "type": "pronunciation",
                "alternatives": [
                    {
                        "confidence": "0.947",
                        "content": "Oh"
                    }
                ],
                "start_time": "10.869",
                "end_time": "11.189",
                "speaker_label": "spk_1"
            },
            {
                "id": 28,
                "type": "punctuation",
                "alternatives": [
                    {
                        "confidence": "0.0",
                        "content": ","
                    }
                ],
                "speaker_label": "spk_1"
            },
            {
                "id": 29,
                "type": "pronunciation",
                "alternatives": [
                    {
                        "confidence": "0.997",
                        "content": "OK"
                    }
                ],
                "start_time": "11.229",
                "end_time": "11.55",
                "speaker_label": "spk_1"
            },
            {
                "id": 30,
                "type": "punctuation",
                "alternatives": [
                    {
                        "confidence": "0.0",
                        "content": ","
                    }
                ],
                "speaker_label": "spk_1"
            },
            {
                "id": 31,
                "type": "pronunciation",
                "alternatives": [
                    {
                        "confidence": "0.851",
                        "content": "no"
                    }
                ],
                "start_time": "11.71",
                "end_time": "11.75",
                "speaker_label": "spk_1"
            },
            {
                "id": 32,
                "type": "punctuation",
                "alternatives": [
                    {
                        "confidence": "0.0",
                        "content": ","
                    }
                ],
                "speaker_label": "spk_1"
            },
            {
                "id": 33,
                "type": "pronunciation",
                "alternatives": [
                    {
                        "confidence": "0.996",
                        "content": "I"
                    }
                ],
                "start_time": "11.909",
                "end_time": "12.069",
                "speaker_label": "spk_1"
            },
            {
                "id": 34,
                "type": "punctuation",
                "alternatives": [
                    {
                        "confidence": "0.0",
                        "content": ","
                    }
                ],
                "speaker_label": "spk_1"
            },
            {
                "id": 35,
                "type": "pronunciation",
                "alternatives": [
                    {
                        "confidence": "0.996",
                        "content": "I"
                    }
                ],
                "start_time": "12.149",
                "end_time": "12.399",
                "speaker_label": "spk_1"
            },
            {
                "id": 36,
                "type": "pronunciation",
                "alternatives": [
                    {
                        "confidence": "0.996",
                        "content": "on"
                    }
                ],
                "start_time": "12.399",
                "end_time": "12.63",
                "speaker_label": "spk_1"
            },
            {
                "id": 37,
                "type": "pronunciation",
                "alternatives": [
                    {
                        "confidence": "0.991",
                        "content": "Google"
                    }
                ],
                "start_time": "12.63",
                "end_time": "13.029",
                "speaker_label": "spk_1"
            },
            {
                "id": 38,
                "type": "pronunciation",
                "alternatives": [
                    {
                        "confidence": "0.989",
                        "content": "said"
                    }
                ],
                "start_time": "13.029",
                "end_time": "13.18",
                "speaker_label": "spk_1"
            },
            {
                "id": 39,
                "type": "pronunciation",
                "alternatives": [
                    {
                        "confidence": "0.996",
                        "content": "it"
                    }
                ],
                "start_time": "13.18",
                "end_time": "13.35",
                "speaker_label": "spk_1"
            },
            {
                "id": 40,
                "type": "pronunciation",
                "alternatives": [
                    {
                        "confidence": "0.998",
                        "content": "was"
                    }
                ],
                "start_time": "13.35",
                "end_time": "13.909",
                "speaker_label": "spk_1"
            },
            {
                "id": 41,
                "type": "pronunciation",
                "alternatives": [
                    {
                        "content": "[PII]",
                        "redactions": [
                            {
                                "confidence": "1.0",
                                "type": "ADDRESS",
                                "category": "PII"
                            }
                        ]
                    }
                ],
                "start_time": "13.909",
                "end_time": "14.319"
            },
            {
                "id": 42,
                "type": "punctuation",
                "alternatives": [
                    {
                        "confidence": "0.0",
                        "content": "."
                    }
                ]
            },
            {
                "id": 43,
                "type": "pronunciation",
                "alternatives": [
                    {
                        "confidence": "0.996",
                        "content": "OK"
                    }
                ],
                "start_time": "14.43",
                "end_time": "14.939",
                "speaker_label": "spk_1"
            },
            {
                "id": 44,
                "type": "punctuation",
                "alternatives": [
                    {
                        "confidence": "0.0",
                        "content": ","
                    }
                ],
                "speaker_label": "spk_1"
            },
            {
                "id": 45,
                "type": "pronunciation",
                "alternatives": [
                    {
                        "confidence": "0.996",
                        "content": "um"
                    }
                ],
                "start_time": "15.149",
                "end_time": "15.939",
                "speaker_label": "spk_1"
            },
            {
                "id": 46,
                "type": "punctuation",
                "alternatives": [
                    {
                        "confidence": "0.0",
                        "content": ","
                    }
                ],
                "speaker_label": "spk_1"
            },
            {
                "id": 47,
                "type": "pronunciation",
                "alternatives": [
                    {
                        "confidence": "0.997",
                        "content": "no"
                    }
                ],
                "start_time": "16.829",
                "end_time": "16.94",
                "speaker_label": "spk_1"
            },
            {
                "id": 48,
                "type": "pronunciation",
                "alternatives": [
                    {
                        "confidence": "0.987",
                        "content": "worries"
                    }
                ],
                "start_time": "16.94",
                "end_time": "17.27",
                "speaker_label": "spk_1"
            },
            {
                "id": 49,
                "type": "punctuation",
                "alternatives": [
                    {
                        "confidence": "0.0",
                        "content": ","
                    }
                ],
                "speaker_label": "spk_1"
            },
            {
                "id": 50,
                "type": "pronunciation",
                "alternatives": [
                    {
                        "confidence": "0.974",
                        "content": "bye"
                    }
                ],
                "start_time": "17.469",
                "end_time": "17.879",
                "speaker_label": "spk_0"
            },
            {
                "id": 51,
                "type": "punctuation",
                "alternatives": [
                    {
                        "confidence": "0.0",
                        "content": "."
                    }
                ],
                "speaker_label": "spk_0"
            }
        ],
        "audio_segments": [
            {
                "id": 0,
                "transcript": "Well through Diagnostics, how may I help you?",
                "start_time": "0.15",
                "end_time": "2.71",
                "speaker_label": "spk_0",
                "items": [
                    0,
                    1,
                    2,
                    3,
                    4,
                    5,
                    6,
                    7,
                    8,
                    9
                ]
            },
            {
                "id": 1,
                "transcript": "Hi, this is the [PII]",
                "start_time": "3.67",
                "end_time": "5.329",
                "speaker_label": "spk_1",
                "items": [
                    10,
                    11,
                    12,
                    13,
                    14,
                    15
                ]
            },
            {
                "id": 2,
                "transcript": "location. [PII]? No, we're located in [PII].",
                "start_time": "5.329",
                "end_time": "10.079",
                "speaker_label": "spk_0",
                "items": [
                    16,
                    17,
                    18,
                    19,
                    20,
                    21,
                    22,
                    23,
                    24,
                    25,
                    26
                ]
            },
            {
                "id": 3,
                "transcript": "Oh, OK, no, I, I on Google said it was [PII]. OK, um, no worries,",
                "start_time": "10.869",
                "end_time": "17.27",
                "speaker_label": "spk_1",
                "items": [
                    27,
                    28,
                    29,
                    30,
                    31,
                    32,
                    33,
                    34,
                    35,
                    36,
                    37,
                    38,
                    39,
                    40,
                    41,
                    42,
                    43,
                    44,
                    45,
                    46,
                    47,
                    48,
                    49
                ]
            },
            {
                "id": 4,
                "transcript": "bye.",
                "start_time": "17.469",
                "end_time": "18.579",
                "speaker_label": "spk_0",
                "items": [
                    50,
                    51
                ]
            }
        ]
    }
}