{
    "jobName": "transcription-job-2024-03-21T21-46-31Z-call-b4ab4242-479e-45a3-b787-2fd00b5fcea6-1734640374",
    "accountId": "199040315413",
    "isRedacted": true,
    "status": "COMPLETED",
    "results": {
        "transcripts": [
            {
                "transcript": "[PII] Northwest or at Fairplay Wilder.com. Hello and opinions that matter."
            }
        ],
        "speaker_labels": {
            "segments": [
                {
                    "start_time": "0.0",
                    "end_time": "3.24",
                    "speaker_label": "spk_0",
                    "items": [
                        {
                            "speaker_label": "spk_0",
                            "start_time": "0.019",
                            "end_time": "0.209"
                        },
                        {
                            "speaker_label": "spk_0",
                            "start_time": "0.209",
                            "end_time": "0.79"
                        },
                        {
                            "speaker_label": "spk_0",
                            "start_time": "0.79",
                            "end_time": "1.08"
                        },
                        {
                            "speaker_label": "spk_0",
                            "start_time": "1.08",
                            "end_time": "1.25"
                        },
                        {
                            "speaker_label": "spk_0",
                            "start_time": "1.25",
                            "end_time": "1.72"
                        },
                        {
                            "speaker_label": "spk_0",
                            "start_time": "1.72",
                            "end_time": "3.109"
                        }
                    ]
                },
                {
                    "start_time": "4.44",
                    "end_time": "8.279",
                    "speaker_label": "spk_0",
                    "items": [
                        {
                            "speaker_label": "spk_0",
                            "start_time": "5.679",
                            "end_time": "6.13"
                        },
                        {
                            "speaker_label": "spk_0",
                            "start_time": "6.13",
                            "end_time": "6.78"
                        },
                        {
                            "speaker_label": "spk_0",
                            "start_time": "6.78",
                            "end_time": "7.239"
                        },
                        {
                            "speaker_label": "spk_0",
                            "start_time": "7.239",
                            "end_time": "7.579"
                        },
                        {
                            "speaker_label": "spk_0",
                            "start_time": "7.579",
                            "end_time": "8.09"
                        }
                    ]
                }
            ],
            "channel_label": "ch_0",
            "speakers": 1
        },
        "items": [
            {
                "id": 0,
                "type": "pronunciation",
                "alternatives": [
                    {
                        "content": "[PII]",
                        "redactions": [
                            {
                                "confidence": "0.9904",
                                "type": "ADDRESS",
                                "category": "PII"
                            }
                        ]
                    }
                ],
                "start_time": "0.019",
                "end_time": "0.209"
            },
            {
                "id": 1,
                "type": "pronunciation",
                "alternatives": [
                    {
                        "confidence": "0.982",
                        "content": "Northwest"
                    }
                ],
                "start_time": "0.209",
                "end_time": "0.79",
                "speaker_label": "spk_0"
            },
            {
                "id": 2,
                "type": "pronunciation",
                "alternatives": [
                    {
                        "confidence": "0.996",
                        "content": "or"
                    }
                ],
                "start_time": "0.79",
                "end_time": "1.08",
                "speaker_label": "spk_0"
            },
            {
                "id": 3,
                "type": "pronunciation",
                "alternatives": [
                    {
                        "confidence": "0.972",
                        "content": "at"
                    }
                ],
                "start_time": "1.08",
                "end_time": "1.25",
                "speaker_label": "spk_0"
            },
            {
                "id": 4,
                "type": "pronunciation",
                "alternatives": [
                    {
                        "confidence": "0.292",
                        "content": "Fairplay"
                    }
                ],
                "start_time": "1.25",
                "end_time": "1.72",
                "speaker_label": "spk_0"
            },
            {
                "id": 5,
                "type": "pronunciation",
                "alternatives": [
                    {
                        "confidence": "0.015",
                        "content": "Wilder.com"
                    }
                ],
                "start_time": "1.72",
                "end_time": "3.109",
                "speaker_label": "spk_0"
            },
            {
                "id": 6,
                "type": "punctuation",
                "alternatives": [
                    {
                        "confidence": "0.0",
                        "content": "."
                    }
                ],
                "speaker_label": "spk_0"
            },
            {
                "id": 7,
                "type": "pronunciation",
                "alternatives": [
                    {
                        "confidence": "0.996",
                        "content": "Hello"
                    }
                ],
                "start_time": "5.679",
                "end_time": "6.13",
                "speaker_label": "spk_0"
            },
            {
                "id": 8,
                "type": "pronunciation",
                "alternatives": [
                    {
                        "confidence": "0.996",
                        "content": "and"
                    }
                ],
                "start_time": "6.13",
                "end_time": "6.78",
                "speaker_label": "spk_0"
            },
            {
                "id": 9,
                "type": "pronunciation",
                "alternatives": [
                    {
                        "confidence": "0.992",
                        "content": "opinions"
                    }
                ],
                "start_time": "6.78",
                "end_time": "7.239",
                "speaker_label": "spk_0"
            },
            {
                "id": 10,
                "type": "pronunciation",
                "alternatives": [
                    {
                        "confidence": "0.997",
                        "content": "that"
                    }
                ],
                "start_time": "7.239",
                "end_time": "7.579",
                "speaker_label": "spk_0"
            },
            {
                "id": 11,
                "type": "pronunciation",
                "alternatives": [
                    {
                        "confidence": "0.997",
                        "content": "matter"
                    }
                ],
                "start_time": "7.579",
                "end_time": "8.09",
                "speaker_label": "spk_0"
            },
            {
                "id": 12,
                "type": "punctuation",
                "alternatives": [
                    {
                        "confidence": "0.0",
                        "content": "."
                    }
                ],
                "speaker_label": "spk_0"
            }
        ],
        "audio_segments": [
            {
                "id": 0,
                "transcript": "[PII] Northwest or at Fairplay Wilder.com.",
                "start_time": "0.0",
                "end_time": "3.24",
                "items": [
                    0,
                    1,
                    2,
                    3,
                    4,
                    5,
                    6
                ]
            },
            {
                "id": 1,
                "transcript": "Hello and opinions that matter.",
                "start_time": "4.44",
                "end_time": "8.279",
                "speaker_label": "spk_0",
                "items": [
                    7,
                    8,
                    9,
                    10,
                    11,
                    12
                ]
            }
        ]
    }
}