{
    "jobName": "transcription-job-2024-03-21T16-23-58Z-call-91354f78-770b-47a0-921f-8782c81e98c9-1734637395",
    "accountId": "199040315413",
    "isRedacted": true,
    "status": "COMPLETED",
    "results": {
        "transcripts": [
            {
                "transcript": "What's for diagnostics please hold. Oh. 14."
            }
        ],
        "speaker_labels": {
            "segments": [
                {
                    "start_time": "0.0",
                    "end_time": "1.72",
                    "speaker_label": "spk_0",
                    "items": [
                        {
                            "speaker_label": "spk_0",
                            "start_time": "0.219",
                            "end_time": "0.439"
                        },
                        {
                            "speaker_label": "spk_0",
                            "start_time": "0.439",
                            "end_time": "0.6"
                        },
                        {
                            "speaker_label": "spk_0",
                            "start_time": "0.6",
                            "end_time": "1.48"
                        },
                        {
                            "speaker_label": "spk_0",
                            "start_time": "1.48",
                            "end_time": "1.72"
                        }
                    ]
                },
                {
                    "start_time": "1.72",
                    "end_time": "3.099",
                    "speaker_label": "spk_1",
                    "items": [
                        {
                            "speaker_label": "spk_1",
                            "start_time": "1.72",
                            "end_time": "2.549"
                        }
                    ]
                },
                {
                    "start_time": "5.78",
                    "end_time": "7.05",
                    "speaker_label": "spk_1",
                    "items": [
                        {
                            "speaker_label": "spk_1",
                            "start_time": "5.789",
                            "end_time": "6.32"
                        }
                    ]
                },
                {
                    "start_time": "43.33",
                    "end_time": "45.95",
                    "speaker_label": "spk_1",
                    "items": [
                        {
                            "speaker_label": "spk_1",
                            "start_time": "44.99",
                            "end_time": "45.889"
                        }
                    ]
                }
            ],
            "channel_label": "ch_0",
            "speakers": 2
        },
        "items": [
            {
                "id": 0,
                "type": "pronunciation",
                "alternatives": [
                    {
                        "confidence": "0.411",
                        "content": "What's"
                    }
                ],
                "start_time": "0.219",
                "end_time": "0.439",
                "speaker_label": "spk_0"
            },
            {
                "id": 1,
                "type": "pronunciation",
                "alternatives": [
                    {
                        "confidence": "0.683",
                        "content": "for"
                    }
                ],
                "start_time": "0.439",
                "end_time": "0.6",
                "speaker_label": "spk_0"
            },
            {
                "id": 2,
                "type": "pronunciation",
                "alternatives": [
                    {
                        "confidence": "0.818",
                        "content": "diagnostics"
                    }
                ],
                "start_time": "0.6",
                "end_time": "1.48",
                "speaker_label": "spk_0"
            },
            {
                "id": 3,
                "type": "pronunciation",
                "alternatives": [
                    {
                        "confidence": "0.996",
                        "content": "please"
                    }
                ],
                "start_time": "1.48",
                "end_time": "1.72",
                "speaker_label": "spk_0"
            },
            {
                "id": 4,
                "type": "pronunciation",
                "alternatives": [
                    {
                        "confidence": "0.997",
                        "content": "hold"
                    }
                ],
                "start_time": "1.72",
                "end_time": "2.549",
                "speaker_label": "spk_1"
            },
            {
                "id": 5,
                "type": "punctuation",
                "alternatives": [
                    {
                        "confidence": "0.0",
                        "content": "."
                    }
                ],
                "speaker_label": "spk_1"
            },
            {
                "id": 6,
                "type": "pronunciation",
                "alternatives": [
                    {
                        "confidence": "0.996",
                        "content": "Oh"
                    }
                ],
                "start_time": "5.789",
                "end_time": "6.32",
                "speaker_label": "spk_1"
            },
            {
                "id": 7,
                "type": "punctuation",
                "alternatives": [
                    {
                        "confidence": "0.0",
                        "content": "."
                    }
                ],
                "speaker_label": "spk_1"
            },
            {
                "id": 8,
                "type": "pronunciation",
                "alternatives": [
                    {
                        "confidence": "0.759",
                        "content": "14"
                    }
                ],
                "start_time": "44.99",
                "end_time": "45.889",
                "speaker_label": "spk_1"
            },
            {
                "id": 9,
                "type": "punctuation",
                "alternatives": [
                    {
                        "confidence": "0.0",
                        "content": "."
                    }
                ],
                "speaker_label": "spk_1"
            }
        ],
        "audio_segments": [
            {
                "id": 0,
                "transcript": "What's for diagnostics please",
                "start_time": "0.0",
                "end_time": "1.72",
                "speaker_label": "spk_0",
                "items": [
                    0,
                    1,
                    2,
                    3
                ]
            },
            {
                "id": 1,
                "transcript": "hold.",
                "start_time": "1.72",
                "end_time": "3.099",
                "speaker_label": "spk_1",
                "items": [
                    4,
                    5
                ]
            },
            {
                "id": 2,
                "transcript": "Oh.",
                "start_time": "5.78",
                "end_time": "7.05",
                "speaker_label": "spk_1",
                "items": [
                    6,
                    7
                ]
            },
            {
                "id": 3,
                "transcript": "14.",
                "start_time": "43.33",
                "end_time": "45.95",
                "speaker_label": "spk_1",
                "items": [
                    8,
                    9
                ]
            }
        ]
    }
}