{
    "jobName": "transcription-job-2024-03-21T17-06-42Z-call-8c9c1d3a-424b-49e9-a262-f75aa896750f-1734637578",
    "accountId": "199040315413",
    "isRedacted": true,
    "status": "COMPLETED",
    "results": {
        "transcripts": [
            {
                "transcript": "Thank you for calling Wassler Diagnostics. Please listen to all of the prompts before making a selection. If you are calling about."
            }
        ],
        "speaker_labels": {
            "segments": [
                {
                    "start_time": "1.59",
                    "end_time": "3.029",
                    "speaker_label": "spk_0",
                    "items": [
                        {
                            "speaker_label": "spk_0",
                            "start_time": "1.6",
                            "end_time": "1.87"
                        },
                        {
                            "speaker_label": "spk_0",
                            "start_time": "1.87",
                            "end_time": "2.069"
                        },
                        {
                            "speaker_label": "spk_0",
                            "start_time": "2.069",
                            "end_time": "2.269"
                        },
                        {
                            "speaker_label": "spk_0",
                            "start_time": "2.269",
                            "end_time": "2.549"
                        },
                        {
                            "speaker_label": "spk_0",
                            "start_time": "2.549",
                            "end_time": "3.029"
                        }
                    ]
                },
                {
                    "start_time": "3.029",
                    "end_time": "3.99",
                    "speaker_label": "spk_1",
                    "items": [
                        {
                            "speaker_label": "spk_1",
                            "start_time": "3.029",
                            "end_time": "3.99"
                        }
                    ]
                },
                {
                    "start_time": "4.19",
                    "end_time": "5.3",
                    "speaker_label": "spk_0",
                    "items": [
                        {
                            "speaker_label": "spk_0",
                            "start_time": "4.19",
                            "end_time": "4.42"
                        },
                        {
                            "speaker_label": "spk_0",
                            "start_time": "4.42",
                            "end_time": "4.71"
                        },
                        {
                            "speaker_label": "spk_0",
                            "start_time": "4.71",
                            "end_time": "4.829"
                        },
                        {
                            "speaker_label": "spk_0",
                            "start_time": "4.829",
                            "end_time": "4.989"
                        },
                        {
                            "speaker_label": "spk_0",
                            "start_time": "4.989",
                            "end_time": "5.11"
                        },
                        {
                            "speaker_label": "spk_0",
                            "start_time": "5.11",
                            "end_time": "5.3"
                        }
                    ]
                },
                {
                    "start_time": "5.3",
                    "end_time": "7.019",
                    "speaker_label": "spk_1",
                    "items": [
                        {
                            "speaker_label": "spk_1",
                            "start_time": "5.3",
                            "end_time": "5.78"
                        },
                        {
                            "speaker_label": "spk_1",
                            "start_time": "5.78",
                            "end_time": "5.989"
                        },
                        {
                            "speaker_label": "spk_1",
                            "start_time": "5.989",
                            "end_time": "6.179"
                        },
                        {
                            "speaker_label": "spk_1",
                            "start_time": "6.179",
                            "end_time": "6.3"
                        },
                        {
                            "speaker_label": "spk_1",
                            "start_time": "6.3",
                            "end_time": "7.019"
                        }
                    ]
                },
                {
                    "start_time": "7.269",
                    "end_time": "8.279",
                    "speaker_label": "spk_0",
                    "items": [
                        {
                            "speaker_label": "spk_0",
                            "start_time": "7.269",
                            "end_time": "7.369"
                        },
                        {
                            "speaker_label": "spk_0",
                            "start_time": "7.369",
                            "end_time": "7.51"
                        },
                        {
                            "speaker_label": "spk_0",
                            "start_time": "7.51",
                            "end_time": "7.67"
                        },
                        {
                            "speaker_label": "spk_0",
                            "start_time": "7.67",
                            "end_time": "7.98"
                        },
                        {
                            "speaker_label": "spk_0",
                            "start_time": "7.98",
                            "end_time": "8.239"
                        }
                    ]
                }
            ],
            "channel_label": "ch_0",
            "speakers": 2
        },
        "items": [
            {
                "id": 0,
                "type": "pronunciation",
                "alternatives": [
                    {
                        "confidence": "0.999",
                        "content": "Thank"
                    }
                ],
                "start_time": "1.6",
                "end_time": "1.87",
                "speaker_label": "spk_0"
            },
            {
                "id": 1,
                "type": "pronunciation",
                "alternatives": [
                    {
                        "confidence": "0.999",
                        "content": "you"
                    }
                ],
                "start_time": "1.87",
                "end_time": "2.069",
                "speaker_label": "spk_0"
            },
            {
                "id": 2,
                "type": "pronunciation",
                "alternatives": [
                    {
                        "confidence": "0.999",
                        "content": "for"
                    }
                ],
                "start_time": "2.069",
                "end_time": "2.269",
                "speaker_label": "spk_0"
            },
            {
                "id": 3,
                "type": "pronunciation",
                "alternatives": [
                    {
                        "confidence": "0.999",
                        "content": "calling"
                    }
                ],
                "start_time": "2.269",
                "end_time": "2.549",
                "speaker_label": "spk_0"
            },
            {
                "id": 4,
                "type": "pronunciation",
                "alternatives": [
                    {
                        "confidence": "0.916",
                        "content": "Wassler"
                    }
                ],
                "start_time": "2.549",
                "end_time": "3.029",
                "speaker_label": "spk_0"
            },
            {
                "id": 5,
                "type": "pronunciation",
                "alternatives": [
                    {
                        "confidence": "0.991",
                        "content": "Diagnostics"
                    }
                ],
                "start_time": "3.029",
                "end_time": "3.99",
                "speaker_label": "spk_1"
            },
            {
                "id": 6,
                "type": "punctuation",
                "alternatives": [
                    {
                        "confidence": "0.0",
                        "content": "."
                    }
                ],
                "speaker_label": "spk_1"
            },
            {
                "id": 7,
                "type": "pronunciation",
                "alternatives": [
                    {
                        "confidence": "0.997",
                        "content": "Please"
                    }
                ],
                "start_time": "4.19",
                "end_time": "4.42",
                "speaker_label": "spk_0"
            },
            {
                "id": 8,
                "type": "pronunciation",
                "alternatives": [
                    {
                        "confidence": "0.999",
                        "content": "listen"
                    }
                ],
                "start_time": "4.42",
                "end_time": "4.71",
                "speaker_label": "spk_0"
            },
            {
                "id": 9,
                "type": "pronunciation",
                "alternatives": [
                    {
                        "confidence": "0.998",
                        "content": "to"
                    }
                ],
                "start_time": "4.71",
                "end_time": "4.829",
                "speaker_label": "spk_0"
            },
            {
                "id": 10,
                "type": "pronunciation",
                "alternatives": [
                    {
                        "confidence": "0.998",
                        "content": "all"
                    }
                ],
                "start_time": "4.829",
                "end_time": "4.989",
                "speaker_label": "spk_0"
            },
            {
                "id": 11,
                "type": "pronunciation",
                "alternatives": [
                    {
                        "confidence": "0.996",
                        "content": "of"
                    }
                ],
                "start_time": "4.989",
                "end_time": "5.11",
                "speaker_label": "spk_0"
            },
            {
                "id": 12,
                "type": "pronunciation",
                "alternatives": [
                    {
                        "confidence": "0.998",
                        "content": "the"
                    }
                ],
                "start_time": "5.11",
                "end_time": "5.3",
                "speaker_label": "spk_0"
            },
            {
                "id": 13,
                "type": "pronunciation",
                "alternatives": [
                    {
                        "confidence": "0.994",
                        "content": "prompts"
                    }
                ],
                "start_time": "5.3",
                "end_time": "5.78",
                "speaker_label": "spk_1"
            },
            {
                "id": 14,
                "type": "pronunciation",
                "alternatives": [
                    {
                        "confidence": "0.999",
                        "content": "before"
                    }
                ],
                "start_time": "5.78",
                "end_time": "5.989",
                "speaker_label": "spk_1"
            },
            {
                "id": 15,
                "type": "pronunciation",
                "alternatives": [
                    {
                        "confidence": "0.999",
                        "content": "making"
                    }
                ],
                "start_time": "5.989",
                "end_time": "6.179",
                "speaker_label": "spk_1"
            },
            {
                "id": 16,
                "type": "pronunciation",
                "alternatives": [
                    {
                        "confidence": "0.997",
                        "content": "a"
                    }
                ],
                "start_time": "6.179",
                "end_time": "6.3",
                "speaker_label": "spk_1"
            },
            {
                "id": 17,
                "type": "pronunciation",
                "alternatives": [
                    {
                        "confidence": "0.997",
                        "content": "selection"
                    }
                ],
                "start_time": "6.3",
                "end_time": "7.019",
                "speaker_label": "spk_1"
            },
            {
                "id": 18,
                "type": "punctuation",
                "alternatives": [
                    {
                        "confidence": "0.0",
                        "content": "."
                    }
                ],
                "speaker_label": "spk_1"
            },
            {
                "id": 19,
                "type": "pronunciation",
                "alternatives": [
                    {
                        "confidence": "0.991",
                        "content": "If"
                    }
                ],
                "start_time": "7.269",
                "end_time": "7.369",
                "speaker_label": "spk_0"
            },
            {
                "id": 20,
                "type": "pronunciation",
                "alternatives": [
                    {
                        "confidence": "0.998",
                        "content": "you"
                    }
                ],
                "start_time": "7.369",
                "end_time": "7.51",
                "speaker_label": "spk_0"
            },
            {
                "id": 21,
                "type": "pronunciation",
                "alternatives": [
                    {
                        "confidence": "0.996",
                        "content": "are"
                    }
                ],
                "start_time": "7.51",
                "end_time": "7.67",
                "speaker_label": "spk_0"
            },
            {
                "id": 22,
                "type": "pronunciation",
                "alternatives": [
                    {
                        "confidence": "0.998",
                        "content": "calling"
                    }
                ],
                "start_time": "7.67",
                "end_time": "7.98",
                "speaker_label": "spk_0"
            },
            {
                "id": 23,
                "type": "pronunciation",
                "alternatives": [
                    {
                        "confidence": "0.997",
                        "content": "about"
                    }
                ],
                "start_time": "7.98",
                "end_time": "8.239",
                "speaker_label": "spk_0"
            },
            {
                "id": 24,
                "type": "punctuation",
                "alternatives": [
                    {
                        "confidence": "0.0",
                        "content": "."
                    }
                ],
                "speaker_label": "spk_0"
            }
        ],
        "audio_segments": [
            {
                "id": 0,
                "transcript": "Thank you for calling Wassler",
                "start_time": "1.59",
                "end_time": "3.029",
                "speaker_label": "spk_0",
                "items": [
                    0,
                    1,
                    2,
                    3,
                    4
                ]
            },
            {
                "id": 1,
                "transcript": "Diagnostics.",
                "start_time": "3.029",
                "end_time": "3.99",
                "speaker_label": "spk_1",
                "items": [
                    5,
                    6
                ]
            },
            {
                "id": 2,
                "transcript": "Please listen to all of the",
                "start_time": "4.19",
                "end_time": "5.3",
                "speaker_label": "spk_0",
                "items": [
                    7,
                    8,
                    9,
                    10,
                    11,
                    12
                ]
            },
            {
                "id": 3,
                "transcript": "prompts before making a selection.",
                "start_time": "5.3",
                "end_time": "7.019",
                "speaker_label": "spk_1",
                "items": [
                    13,
                    14,
                    15,
                    16,
                    17,
                    18
                ]
            },
            {
                "id": 4,
                "transcript": "If you are calling about.",
                "start_time": "7.269",
                "end_time": "8.279",
                "speaker_label": "spk_0",
                "items": [
                    19,
                    20,
                    21,
                    22,
                    23,
                    24
                ]
            }
        ]
    }
}