{
    "jobName": "transcription-job-2024-03-21T21-27-12Z-call-ac483ce8-af90-4696-bbd5-de1aa3b6fa2d-1734640231",
    "accountId": "199040315413",
    "isRedacted": true,
    "status": "COMPLETED",
    "results": {
        "transcripts": [
            {
                "transcript": "Thank you for calling Wassler Diagnostics. Please listen to all of the prompts before making a selection. If you are calling about booking an appointment, press 1. For general inquiries like clinic locations, operating hours, and how to prepare for the appointment, press 2. If you are at the [PII] office but aren't sure where to go, press 3. right Go ahead if you want, yeah. Well through Diagnostics, how may I help? Hi, this is the [PII] location. [PII]? No, we're located in [PII]. Oh, OK, no, I, I on Google said it was [PII]. OK, um, no worries, bye. Thank you."
            }
        ],
        "speaker_labels": {
            "segments": [
                {
                    "start_time": "1.6",
                    "end_time": "20.25",
                    "speaker_label": "spk_0",
                    "items": [
                        {
                            "speaker_label": "spk_0",
                            "start_time": "1.61",
                            "end_time": "1.879"
                        },
                        {
                            "speaker_label": "spk_0",
                            "start_time": "1.879",
                            "end_time": "2.079"
                        },
                        {
                            "speaker_label": "spk_0",
                            "start_time": "2.079",
                            "end_time": "2.24"
                        },
                        {
                            "speaker_label": "spk_0",
                            "start_time": "2.24",
                            "end_time": "2.559"
                        },
                        {
                            "speaker_label": "spk_0",
                            "start_time": "2.559",
                            "end_time": "3.029"
                        },
                        {
                            "speaker_label": "spk_0",
                            "start_time": "3.029",
                            "end_time": "4.0"
                        },
                        {
                            "speaker_label": "spk_0",
                            "start_time": "4.159",
                            "end_time": "4.4"
                        },
                        {
                            "speaker_label": "spk_0",
                            "start_time": "4.4",
                            "end_time": "4.75"
                        },
                        {
                            "speaker_label": "spk_0",
                            "start_time": "4.75",
                            "end_time": "4.84"
                        },
                        {
                            "speaker_label": "spk_0",
                            "start_time": "4.84",
                            "end_time": "4.96"
                        },
                        {
                            "speaker_label": "spk_0",
                            "start_time": "4.96",
                            "end_time": "5.11"
                        },
                        {
                            "speaker_label": "spk_0",
                            "start_time": "5.11",
                            "end_time": "5.28"
                        },
                        {
                            "speaker_label": "spk_0",
                            "start_time": "5.28",
                            "end_time": "5.8"
                        },
                        {
                            "speaker_label": "spk_0",
                            "start_time": "5.8",
                            "end_time": "5.96"
                        },
                        {
                            "speaker_label": "spk_0",
                            "start_time": "5.96",
                            "end_time": "6.199"
                        },
                        {
                            "speaker_label": "spk_0",
                            "start_time": "6.199",
                            "end_time": "6.3"
                        },
                        {
                            "speaker_label": "spk_0",
                            "start_time": "6.3",
                            "end_time": "7.05"
                        },
                        {
                            "speaker_label": "spk_0",
                            "start_time": "7.28",
                            "end_time": "7.36"
                        },
                        {
                            "speaker_label": "spk_0",
                            "start_time": "7.36",
                            "end_time": "7.519"
                        },
                        {
                            "speaker_label": "spk_0",
                            "start_time": "7.519",
                            "end_time": "7.679"
                        },
                        {
                            "speaker_label": "spk_0",
                            "start_time": "7.679",
                            "end_time": "8.0"
                        },
                        {
                            "speaker_label": "spk_0",
                            "start_time": "8.0",
                            "end_time": "8.199"
                        },
                        {
                            "speaker_label": "spk_0",
                            "start_time": "8.199",
                            "end_time": "8.479"
                        },
                        {
                            "speaker_label": "spk_0",
                            "start_time": "8.479",
                            "end_time": "8.56"
                        },
                        {
                            "speaker_label": "spk_0",
                            "start_time": "8.56",
                            "end_time": "9.0"
                        },
                        {
                            "speaker_label": "spk_0",
                            "start_time": "9.119",
                            "end_time": "9.359"
                        },
                        {
                            "speaker_label": "spk_0",
                            "start_time": "9.359",
                            "end_time": "9.81"
                        },
                        {
                            "speaker_label": "spk_0",
                            "start_time": "10.079",
                            "end_time": "10.239"
                        },
                        {
                            "speaker_label": "spk_0",
                            "start_time": "10.239",
                            "end_time": "10.56"
                        },
                        {
                            "speaker_label": "spk_0",
                            "start_time": "10.56",
                            "end_time": "11.119"
                        },
                        {
                            "speaker_label": "spk_0",
                            "start_time": "11.119",
                            "end_time": "11.279"
                        },
                        {
                            "speaker_label": "spk_0",
                            "start_time": "11.279",
                            "end_time": "11.8"
                        },
                        {
                            "speaker_label": "spk_0",
                            "start_time": "11.8",
                            "end_time": "12.449"
                        },
                        {
                            "speaker_label": "spk_0",
                            "start_time": "12.56",
                            "end_time": "13.159"
                        },
                        {
                            "speaker_label": "spk_0",
                            "start_time": "13.159",
                            "end_time": "13.569"
                        },
                        {
                            "speaker_label": "spk_0",
                            "start_time": "13.84",
                            "end_time": "14.0"
                        },
                        {
                            "speaker_label": "spk_0",
                            "start_time": "14.0",
                            "end_time": "14.159"
                        },
                        {
                            "speaker_label": "spk_0",
                            "start_time": "14.159",
                            "end_time": "14.479"
                        },
                        {
                            "speaker_label": "spk_0",
                            "start_time": "14.479",
                            "end_time": "14.72"
                        },
                        {
                            "speaker_label": "spk_0",
                            "start_time": "14.72",
                            "end_time": "14.8"
                        },
                        {
                            "speaker_label": "spk_0",
                            "start_time": "14.8",
                            "end_time": "14.92"
                        },
                        {
                            "speaker_label": "spk_0",
                            "start_time": "14.92",
                            "end_time": "15.329"
                        },
                        {
                            "speaker_label": "spk_0",
                            "start_time": "15.399",
                            "end_time": "15.68"
                        },
                        {
                            "speaker_label": "spk_0",
                            "start_time": "15.68",
                            "end_time": "16.11"
                        },
                        {
                            "speaker_label": "spk_0",
                            "start_time": "16.319",
                            "end_time": "16.44"
                        },
                        {
                            "speaker_label": "spk_0",
                            "start_time": "16.44",
                            "end_time": "16.6"
                        },
                        {
                            "speaker_label": "spk_0",
                            "start_time": "16.6",
                            "end_time": "16.739"
                        },
                        {
                            "speaker_label": "spk_0",
                            "start_time": "16.739",
                            "end_time": "16.84"
                        },
                        {
                            "speaker_label": "spk_0",
                            "start_time": "16.84",
                            "end_time": "17.0"
                        },
                        {
                            "speaker_label": "spk_0",
                            "start_time": "17.0",
                            "end_time": "17.479"
                        },
                        {
                            "speaker_label": "spk_0",
                            "start_time": "17.479",
                            "end_time": "17.799"
                        },
                        {
                            "speaker_label": "spk_0",
                            "start_time": "17.799",
                            "end_time": "17.92"
                        },
                        {
                            "speaker_label": "spk_0",
                            "start_time": "17.92",
                            "end_time": "18.2"
                        },
                        {
                            "speaker_label": "spk_0",
                            "start_time": "18.2",
                            "end_time": "18.44"
                        },
                        {
                            "speaker_label": "spk_0",
                            "start_time": "18.44",
                            "end_time": "18.639"
                        },
                        {
                            "speaker_label": "spk_0",
                            "start_time": "18.639",
                            "end_time": "18.76"
                        },
                        {
                            "speaker_label": "spk_0",
                            "start_time": "18.76",
                            "end_time": "19.149"
                        },
                        {
                            "speaker_label": "spk_0",
                            "start_time": "19.319",
                            "end_time": "19.639"
                        },
                        {
                            "speaker_label": "spk_0",
                            "start_time": "19.639",
                            "end_time": "20.12"
                        }
                    ]
                },
                {
                    "start_time": "28.629",
                    "end_time": "29.479",
                    "speaker_label": "spk_1",
                    "items": [
                        {
                            "speaker_label": "spk_1",
                            "start_time": "28.909",
                            "end_time": "29.45"
                        }
                    ]
                },
                {
                    "start_time": "30.02",
                    "end_time": "32.209",
                    "speaker_label": "spk_1",
                    "items": [
                        {
                            "speaker_label": "spk_1",
                            "start_time": "30.18",
                            "end_time": "30.42"
                        },
                        {
                            "speaker_label": "spk_1",
                            "start_time": "30.42",
                            "end_time": "30.579"
                        },
                        {
                            "speaker_label": "spk_1",
                            "start_time": "30.579",
                            "end_time": "30.78"
                        },
                        {
                            "speaker_label": "spk_1",
                            "start_time": "30.78",
                            "end_time": "31.059"
                        },
                        {
                            "speaker_label": "spk_1",
                            "start_time": "31.059",
                            "end_time": "31.1"
                        },
                        {
                            "speaker_label": "spk_1",
                            "start_time": "31.739",
                            "end_time": "32.06"
                        }
                    ]
                },
                {
                    "start_time": "33.52",
                    "end_time": "35.939",
                    "speaker_label": "spk_1",
                    "items": [
                        {
                            "speaker_label": "spk_1",
                            "start_time": "33.99",
                            "end_time": "34.0"
                        },
                        {
                            "speaker_label": "spk_1",
                            "start_time": "34.0",
                            "end_time": "34.24"
                        },
                        {
                            "speaker_label": "spk_1",
                            "start_time": "34.24",
                            "end_time": "35.029"
                        },
                        {
                            "speaker_label": "spk_1",
                            "start_time": "35.04",
                            "end_time": "35.2"
                        },
                        {
                            "speaker_label": "spk_1",
                            "start_time": "35.2",
                            "end_time": "35.279"
                        },
                        {
                            "speaker_label": "spk_1",
                            "start_time": "35.279",
                            "end_time": "35.4"
                        },
                        {
                            "speaker_label": "spk_1",
                            "start_time": "35.4",
                            "end_time": "35.79"
                        }
                    ]
                },
                {
                    "start_time": "36.95",
                    "end_time": "51.889",
                    "speaker_label": "spk_1",
                    "items": [
                        {
                            "speaker_label": "spk_1",
                            "start_time": "37.15",
                            "end_time": "37.27"
                        },
                        {
                            "speaker_label": "spk_1",
                            "start_time": "37.38",
                            "end_time": "37.47"
                        },
                        {
                            "speaker_label": "spk_1",
                            "start_time": "37.47",
                            "end_time": "37.63"
                        },
                        {
                            "speaker_label": "spk_1",
                            "start_time": "37.63",
                            "end_time": "37.83"
                        },
                        {
                            "speaker_label": "spk_1",
                            "start_time": "37.83",
                            "end_time": "38.549"
                        },
                        {
                            "speaker_label": "spk_1",
                            "start_time": "38.549",
                            "end_time": "39.139"
                        },
                        {
                            "speaker_label": "spk_1",
                            "start_time": "39.79",
                            "end_time": "40.349"
                        },
                        {
                            "speaker_label": "spk_1",
                            "start_time": "40.43",
                            "end_time": "40.709"
                        },
                        {
                            "speaker_label": "spk_1",
                            "start_time": "40.83",
                            "end_time": "41.029"
                        },
                        {
                            "speaker_label": "spk_1",
                            "start_time": "41.029",
                            "end_time": "41.58"
                        },
                        {
                            "speaker_label": "spk_1",
                            "start_time": "41.58",
                            "end_time": "41.83"
                        },
                        {
                            "speaker_label": "spk_1",
                            "start_time": "41.83",
                            "end_time": "43.34"
                        },
                        {
                            "speaker_label": "spk_1",
                            "start_time": "44.069",
                            "end_time": "44.4"
                        },
                        {
                            "speaker_label": "spk_1",
                            "start_time": "44.47",
                            "end_time": "44.759"
                        },
                        {
                            "speaker_label": "spk_1",
                            "start_time": "44.909",
                            "end_time": "44.95"
                        },
                        {
                            "speaker_label": "spk_1",
                            "start_time": "45.15",
                            "end_time": "45.31"
                        },
                        {
                            "speaker_label": "spk_1",
                            "start_time": "45.349",
                            "end_time": "45.63"
                        },
                        {
                            "speaker_label": "spk_1",
                            "start_time": "45.63",
                            "end_time": "45.84"
                        },
                        {
                            "speaker_label": "spk_1",
                            "start_time": "45.84",
                            "end_time": "46.229"
                        },
                        {
                            "speaker_label": "spk_1",
                            "start_time": "46.229",
                            "end_time": "46.36"
                        },
                        {
                            "speaker_label": "spk_1",
                            "start_time": "46.36",
                            "end_time": "46.549"
                        },
                        {
                            "speaker_label": "spk_1",
                            "start_time": "46.549",
                            "end_time": "47.139"
                        },
                        {
                            "speaker_label": "spk_1",
                            "start_time": "47.139",
                            "end_time": "47.549"
                        },
                        {
                            "speaker_label": "spk_1",
                            "start_time": "47.63",
                            "end_time": "48.139"
                        },
                        {
                            "speaker_label": "spk_1",
                            "start_time": "48.389",
                            "end_time": "49.18"
                        },
                        {
                            "speaker_label": "spk_1",
                            "start_time": "50.069",
                            "end_time": "50.15"
                        },
                        {
                            "speaker_label": "spk_1",
                            "start_time": "50.15",
                            "end_time": "50.5"
                        },
                        {
                            "speaker_label": "spk_1",
                            "start_time": "50.709",
                            "end_time": "51.15"
                        },
                        {
                            "speaker_label": "spk_1",
                            "start_time": "51.34",
                            "end_time": "51.349"
                        },
                        {
                            "speaker_label": "spk_1",
                            "start_time": "51.349",
                            "end_time": "51.75"
                        }
                    ]
                }
            ],
            "channel_label": "ch_0",
            "speakers": 2
        },
        "items": [
            {
                "id": 0,
                "type": "pronunciation",
                "alternatives": [
                    {
                        "confidence": "0.999",
                        "content": "Thank"
                    }
                ],
                "start_time": "1.61",
                "end_time": "1.879",
                "speaker_label": "spk_0"
            },
            {
                "id": 1,
                "type": "pronunciation",
                "alternatives": [
                    {
                        "confidence": "0.999",
                        "content": "you"
                    }
                ],
                "start_time": "1.879",
                "end_time": "2.079",
                "speaker_label": "spk_0"
            },
            {
                "id": 2,
                "type": "pronunciation",
                "alternatives": [
                    {
                        "confidence": "0.999",
                        "content": "for"
                    }
                ],
                "start_time": "2.079",
                "end_time": "2.24",
                "speaker_label": "spk_0"
            },
            {
                "id": 3,
                "type": "pronunciation",
                "alternatives": [
                    {
                        "confidence": "0.999",
                        "content": "calling"
                    }
                ],
                "start_time": "2.24",
                "end_time": "2.559",
                "speaker_label": "spk_0"
            },
            {
                "id": 4,
                "type": "pronunciation",
                "alternatives": [
                    {
                        "confidence": "0.758",
                        "content": "Wassler"
                    }
                ],
                "start_time": "2.559",
                "end_time": "3.029",
                "speaker_label": "spk_0"
            },
            {
                "id": 5,
                "type": "pronunciation",
                "alternatives": [
                    {
                        "confidence": "0.992",
                        "content": "Diagnostics"
                    }
                ],
                "start_time": "3.029",
                "end_time": "4.0",
                "speaker_label": "spk_0"
            },
            {
                "id": 6,
                "type": "punctuation",
                "alternatives": [
                    {
                        "confidence": "0.0",
                        "content": "."
                    }
                ],
                "speaker_label": "spk_0"
            },
            {
                "id": 7,
                "type": "pronunciation",
                "alternatives": [
                    {
                        "confidence": "0.997",
                        "content": "Please"
                    }
                ],
                "start_time": "4.159",
                "end_time": "4.4",
                "speaker_label": "spk_0"
            },
            {
                "id": 8,
                "type": "pronunciation",
                "alternatives": [
                    {
                        "confidence": "0.999",
                        "content": "listen"
                    }
                ],
                "start_time": "4.4",
                "end_time": "4.75",
                "speaker_label": "spk_0"
            },
            {
                "id": 9,
                "type": "pronunciation",
                "alternatives": [
                    {
                        "confidence": "0.998",
                        "content": "to"
                    }
                ],
                "start_time": "4.75",
                "end_time": "4.84",
                "speaker_label": "spk_0"
            },
            {
                "id": 10,
                "type": "pronunciation",
                "alternatives": [
                    {
                        "confidence": "0.998",
                        "content": "all"
                    }
                ],
                "start_time": "4.84",
                "end_time": "4.96",
                "speaker_label": "spk_0"
            },
            {
                "id": 11,
                "type": "pronunciation",
                "alternatives": [
                    {
                        "confidence": "0.996",
                        "content": "of"
                    }
                ],
                "start_time": "4.96",
                "end_time": "5.11",
                "speaker_label": "spk_0"
            },
            {
                "id": 12,
                "type": "pronunciation",
                "alternatives": [
                    {
                        "confidence": "0.999",
                        "content": "the"
                    }
                ],
                "start_time": "5.11",
                "end_time": "5.28",
                "speaker_label": "spk_0"
            },
            {
                "id": 13,
                "type": "pronunciation",
                "alternatives": [
                    {
                        "confidence": "0.995",
                        "content": "prompts"
                    }
                ],
                "start_time": "5.28",
                "end_time": "5.8",
                "speaker_label": "spk_0"
            },
            {
                "id": 14,
                "type": "pronunciation",
                "alternatives": [
                    {
                        "confidence": "0.999",
                        "content": "before"
                    }
                ],
                "start_time": "5.8",
                "end_time": "5.96",
                "speaker_label": "spk_0"
            },
            {
                "id": 15,
                "type": "pronunciation",
                "alternatives": [
                    {
                        "confidence": "0.999",
                        "content": "making"
                    }
                ],
                "start_time": "5.96",
                "end_time": "6.199",
                "speaker_label": "spk_0"
            },
            {
                "id": 16,
                "type": "pronunciation",
                "alternatives": [
                    {
                        "confidence": "0.997",
                        "content": "a"
                    }
                ],
                "start_time": "6.199",
                "end_time": "6.3",
                "speaker_label": "spk_0"
            },
            {
                "id": 17,
                "type": "pronunciation",
                "alternatives": [
                    {
                        "confidence": "0.998",
                        "content": "selection"
                    }
                ],
                "start_time": "6.3",
                "end_time": "7.05",
                "speaker_label": "spk_0"
            },
            {
                "id": 18,
                "type": "punctuation",
                "alternatives": [
                    {
                        "confidence": "0.0",
                        "content": "."
                    }
                ],
                "speaker_label": "spk_0"
            },
            {
                "id": 19,
                "type": "pronunciation",
                "alternatives": [
                    {
                        "confidence": "0.997",
                        "content": "If"
                    }
                ],
                "start_time": "7.28",
                "end_time": "7.36",
                "speaker_label": "spk_0"
            },
            {
                "id": 20,
                "type": "pronunciation",
                "alternatives": [
                    {
                        "confidence": "0.999",
                        "content": "you"
                    }
                ],
                "start_time": "7.36",
                "end_time": "7.519",
                "speaker_label": "spk_0"
            },
            {
                "id": 21,
                "type": "pronunciation",
                "alternatives": [
                    {
                        "confidence": "0.997",
                        "content": "are"
                    }
                ],
                "start_time": "7.519",
                "end_time": "7.679",
                "speaker_label": "spk_0"
            },
            {
                "id": 22,
                "type": "pronunciation",
                "alternatives": [
                    {
                        "confidence": "0.999",
                        "content": "calling"
                    }
                ],
                "start_time": "7.679",
                "end_time": "8.0",
                "speaker_label": "spk_0"
            },
            {
                "id": 23,
                "type": "pronunciation",
                "alternatives": [
                    {
                        "confidence": "0.999",
                        "content": "about"
                    }
                ],
                "start_time": "8.0",
                "end_time": "8.199",
                "speaker_label": "spk_0"
            },
            {
                "id": 24,
                "type": "pronunciation",
                "alternatives": [
                    {
                        "confidence": "0.999",
                        "content": "booking"
                    }
                ],
                "start_time": "8.199",
                "end_time": "8.479",
                "speaker_label": "spk_0"
            },
            {
                "id": 25,
                "type": "pronunciation",
                "alternatives": [
                    {
                        "confidence": "0.997",
                        "content": "an"
                    }
                ],
                "start_time": "8.479",
                "end_time": "8.56",
                "speaker_label": "spk_0"
            },
            {
                "id": 26,
                "type": "pronunciation",
                "alternatives": [
                    {
                        "confidence": "0.998",
                        "content": "appointment"
                    }
                ],
                "start_time": "8.56",
                "end_time": "9.0",
                "speaker_label": "spk_0"
            },
            {
                "id": 27,
                "type": "punctuation",
                "alternatives": [
                    {
                        "confidence": "0.0",
                        "content": ","
                    }
                ],
                "speaker_label": "spk_0"
            },
            {
                "id": 28,
                "type": "pronunciation",
                "alternatives": [
                    {
                        "confidence": "0.996",
                        "content": "press"
                    }
                ],
                "start_time": "9.119",
                "end_time": "9.359",
                "speaker_label": "spk_0"
            },
            {
                "id": 29,
                "type": "pronunciation",
                "alternatives": [
                    {
                        "confidence": "0.994",
                        "content": "1"
                    }
                ],
                "start_time": "9.359",
                "end_time": "9.81",
                "speaker_label": "spk_0"
            },
            {
                "id": 30,
                "type": "punctuation",
                "alternatives": [
                    {
                        "confidence": "0.0",
                        "content": "."
                    }
                ],
                "speaker_label": "spk_0"
            },
            {
                "id": 31,
                "type": "pronunciation",
                "alternatives": [
                    {
                        "confidence": "0.996",
                        "content": "For"
                    }
                ],
                "start_time": "10.079",
                "end_time": "10.239",
                "speaker_label": "spk_0"
            },
            {
                "id": 32,
                "type": "pronunciation",
                "alternatives": [
                    {
                        "confidence": "0.999",
                        "content": "general"
                    }
                ],
                "start_time": "10.239",
                "end_time": "10.56",
                "speaker_label": "spk_0"
            },
            {
                "id": 33,
                "type": "pronunciation",
                "alternatives": [
                    {
                        "confidence": "0.994",
                        "content": "inquiries"
                    }
                ],
                "start_time": "10.56",
                "end_time": "11.119",
                "speaker_label": "spk_0"
            },
            {
                "id": 34,
                "type": "pronunciation",
                "alternatives": [
                    {
                        "confidence": "0.999",
                        "content": "like"
                    }
                ],
                "start_time": "11.119",
                "end_time": "11.279",
                "speaker_label": "spk_0"
            },
            {
                "id": 35,
                "type": "pronunciation",
                "alternatives": [
                    {
                        "confidence": "0.994",
                        "content": "clinic"
                    }
                ],
                "start_time": "11.279",
                "end_time": "11.8",
                "speaker_label": "spk_0"
            },
            {
                "id": 36,
                "type": "pronunciation",
                "alternatives": [
                    {
                        "confidence": "0.997",
                        "content": "locations"
                    }
                ],
                "start_time": "11.8",
                "end_time": "12.449",
                "speaker_label": "spk_0"
            },
            {
                "id": 37,
                "type": "punctuation",
                "alternatives": [
                    {
                        "confidence": "0.0",
                        "content": ","
                    }
                ],
                "speaker_label": "spk_0"
            },
            {
                "id": 38,
                "type": "pronunciation",
                "alternatives": [
                    {
                        "confidence": "0.995",
                        "content": "operating"
                    }
                ],
                "start_time": "12.56",
                "end_time": "13.159",
                "speaker_label": "spk_0"
            },
            {
                "id": 39,
                "type": "pronunciation",
                "alternatives": [
                    {
                        "confidence": "0.999",
                        "content": "hours"
                    }
                ],
                "start_time": "13.159",
                "end_time": "13.569",
                "speaker_label": "spk_0"
            },
            {
                "id": 40,
                "type": "punctuation",
                "alternatives": [
                    {
                        "confidence": "0.0",
                        "content": ","
                    }
                ],
                "speaker_label": "spk_0"
            },
            {
                "id": 41,
                "type": "pronunciation",
                "alternatives": [
                    {
                        "confidence": "0.999",
                        "content": "and"
                    }
                ],
                "start_time": "13.84",
                "end_time": "14.0",
                "speaker_label": "spk_0"
            },
            {
                "id": 42,
                "type": "pronunciation",
                "alternatives": [
                    {
                        "confidence": "0.997",
                        "content": "how"
                    }
                ],
                "start_time": "14.0",
                "end_time": "14.159",
                "speaker_label": "spk_0"
            },
            {
                "id": 43,
                "type": "pronunciation",
                "alternatives": [
                    {
                        "confidence": "0.999",
                        "content": "to"
                    }
                ],
                "start_time": "14.159",
                "end_time": "14.479",
                "speaker_label": "spk_0"
            },
            {
                "id": 44,
                "type": "pronunciation",
                "alternatives": [
                    {
                        "confidence": "0.999",
                        "content": "prepare"
                    }
                ],
                "start_time": "14.479",
                "end_time": "14.72",
                "speaker_label": "spk_0"
            },
            {
                "id": 45,
                "type": "pronunciation",
                "alternatives": [
                    {
                        "confidence": "0.999",
                        "content": "for"
                    }
                ],
                "start_time": "14.72",
                "end_time": "14.8",
                "speaker_label": "spk_0"
            },
            {
                "id": 46,
                "type": "pronunciation",
                "alternatives": [
                    {
                        "confidence": "0.998",
                        "content": "the"
                    }
                ],
                "start_time": "14.8",
                "end_time": "14.92",
                "speaker_label": "spk_0"
            },
            {
                "id": 47,
                "type": "pronunciation",
                "alternatives": [
                    {
                        "confidence": "0.998",
                        "content": "appointment"
                    }
                ],
                "start_time": "14.92",
                "end_time": "15.329",
                "speaker_label": "spk_0"
            },
            {
                "id": 48,
                "type": "punctuation",
                "alternatives": [
                    {
                        "confidence": "0.0",
                        "content": ","
                    }
                ],
                "speaker_label": "spk_0"
            },
            {
                "id": 49,
                "type": "pronunciation",
                "alternatives": [
                    {
                        "confidence": "0.996",
                        "content": "press"
                    }
                ],
                "start_time": "15.399",
                "end_time": "15.68",
                "speaker_label": "spk_0"
            },
            {
                "id": 50,
                "type": "pronunciation",
                "alternatives": [
                    {
                        "confidence": "0.996",
                        "content": "2"
                    }
                ],
                "start_time": "15.68",
                "end_time": "16.11",
                "speaker_label": "spk_0"
            },
            {
                "id": 51,
                "type": "punctuation",
                "alternatives": [
                    {
                        "confidence": "0.0",
                        "content": "."
                    }
                ],
                "speaker_label": "spk_0"
            },
            {
                "id": 52,
                "type": "pronunciation",
                "alternatives": [
                    {
                        "confidence": "0.997",
                        "content": "If"
                    }
                ],
                "start_time": "16.319",
                "end_time": "16.44",
                "speaker_label": "spk_0"
            },
            {
                "id": 53,
                "type": "pronunciation",
                "alternatives": [
                    {
                        "confidence": "0.999",
                        "content": "you"
                    }
                ],
                "start_time": "16.44",
                "end_time": "16.6",
                "speaker_label": "spk_0"
            },
            {
                "id": 54,
                "type": "pronunciation",
                "alternatives": [
                    {
                        "confidence": "0.998",
                        "content": "are"
                    }
                ],
                "start_time": "16.6",
                "end_time": "16.739",
                "speaker_label": "spk_0"
            },
            {
                "id": 55,
                "type": "pronunciation",
                "alternatives": [
                    {
                        "confidence": "0.998",
                        "content": "at"
                    }
                ],
                "start_time": "16.739",
                "end_time": "16.84",
                "speaker_label": "spk_0"
            },
            {
                "id": 56,
                "type": "pronunciation",
                "alternatives": [
                    {
                        "confidence": "0.998",
                        "content": "the"
                    }
                ],
                "start_time": "16.84",
                "end_time": "17.0",
                "speaker_label": "spk_0"
            },
            {
                "id": 57,
                "type": "pronunciation",
                "alternatives": [
                    {
                        "content": "[PII]",
                        "redactions": [
                            {
                                "confidence": "1.0",
                                "type": "ADDRESS",
                                "category": "PII"
                            }
                        ]
                    }
                ],
                "start_time": "17.0",
                "end_time": "17.479"
            },
            {
                "id": 58,
                "type": "pronunciation",
                "alternatives": [
                    {
                        "confidence": "0.999",
                        "content": "office"
                    }
                ],
                "start_time": "17.479",
                "end_time": "17.799",
                "speaker_label": "spk_0"
            },
            {
                "id": 59,
                "type": "pronunciation",
                "alternatives": [
                    {
                        "confidence": "0.998",
                        "content": "but"
                    }
                ],
                "start_time": "17.799",
                "end_time": "17.92",
                "speaker_label": "spk_0"
            },
            {
                "id": 60,
                "type": "pronunciation",
                "alternatives": [
                    {
                        "confidence": "0.99",
                        "content": "aren't"
                    }
                ],
                "start_time": "17.92",
                "end_time": "18.2",
                "speaker_label": "spk_0"
            },
            {
                "id": 61,
                "type": "pronunciation",
                "alternatives": [
                    {
                        "confidence": "0.999",
                        "content": "sure"
                    }
                ],
                "start_time": "18.2",
                "end_time": "18.44",
                "speaker_label": "spk_0"
            },
            {
                "id": 62,
                "type": "pronunciation",
                "alternatives": [
                    {
                        "confidence": "0.999",
                        "content": "where"
                    }
                ],
                "start_time": "18.44",
                "end_time": "18.639",
                "speaker_label": "spk_0"
            },
            {
                "id": 63,
                "type": "pronunciation",
                "alternatives": [
                    {
                        "confidence": "0.999",
                        "content": "to"
                    }
                ],
                "start_time": "18.639",
                "end_time": "18.76",
                "speaker_label": "spk_0"
            },
            {
                "id": 64,
                "type": "pronunciation",
                "alternatives": [
                    {
                        "confidence": "0.999",
                        "content": "go"
                    }
                ],
                "start_time": "18.76",
                "end_time": "19.149",
                "speaker_label": "spk_0"
            },
            {
                "id": 65,
                "type": "punctuation",
                "alternatives": [
                    {
                        "confidence": "0.0",
                        "content": ","
                    }
                ],
                "speaker_label": "spk_0"
            },
            {
                "id": 66,
                "type": "pronunciation",
                "alternatives": [
                    {
                        "confidence": "0.996",
                        "content": "press"
                    }
                ],
                "start_time": "19.319",
                "end_time": "19.639",
                "speaker_label": "spk_0"
            },
            {
                "id": 67,
                "type": "pronunciation",
                "alternatives": [
                    {
                        "confidence": "0.997",
                        "content": "3"
                    }
                ],
                "start_time": "19.639",
                "end_time": "20.12",
                "speaker_label": "spk_0"
            },
            {
                "id": 68,
                "type": "punctuation",
                "alternatives": [
                    {
                        "confidence": "0.0",
                        "content": "."
                    }
                ],
                "speaker_label": "spk_0"
            },
            {
                "id": 69,
                "type": "pronunciation",
                "alternatives": [
                    {
                        "confidence": "0.393",
                        "content": "right"
                    }
                ],
                "start_time": "28.909",
                "end_time": "29.45",
                "speaker_label": "spk_1"
            },
            {
                "id": 70,
                "type": "pronunciation",
                "alternatives": [
                    {
                        "confidence": "0.997",
                        "content": "Go"
                    }
                ],
                "start_time": "30.18",
                "end_time": "30.42",
                "speaker_label": "spk_1"
            },
            {
                "id": 71,
                "type": "pronunciation",
                "alternatives": [
                    {
                        "confidence": "0.996",
                        "content": "ahead"
                    }
                ],
                "start_time": "30.42",
                "end_time": "30.579",
                "speaker_label": "spk_1"
            },
            {
                "id": 72,
                "type": "pronunciation",
                "alternatives": [
                    {
                        "confidence": "0.996",
                        "content": "if"
                    }
                ],
                "start_time": "30.579",
                "end_time": "30.78",
                "speaker_label": "spk_1"
            },
            {
                "id": 73,
                "type": "pronunciation",
                "alternatives": [
                    {
                        "confidence": "0.996",
                        "content": "you"
                    }
                ],
                "start_time": "30.78",
                "end_time": "31.059",
                "speaker_label": "spk_1"
            },
            {
                "id": 74,
                "type": "pronunciation",
                "alternatives": [
                    {
                        "confidence": "0.928",
                        "content": "want"
                    }
                ],
                "start_time": "31.059",
                "end_time": "31.1",
                "speaker_label": "spk_1"
            },
            {
                "id": 75,
                "type": "punctuation",
                "alternatives": [
                    {
                        "confidence": "0.0",
                        "content": ","
                    }
                ],
                "speaker_label": "spk_1"
            },
            {
                "id": 76,
                "type": "pronunciation",
                "alternatives": [
                    {
                        "confidence": "0.874",
                        "content": "yeah"
                    }
                ],
                "start_time": "31.739",
                "end_time": "32.06",
                "speaker_label": "spk_1"
            },
            {
                "id": 77,
                "type": "punctuation",
                "alternatives": [
                    {
                        "confidence": "0.0",
                        "content": "."
                    }
                ],
                "speaker_label": "spk_1"
            },
            {
                "id": 78,
                "type": "pronunciation",
                "alternatives": [
                    {
                        "confidence": "0.814",
                        "content": "Well"
                    }
                ],
                "start_time": "33.99",
                "end_time": "34.0",
                "speaker_label": "spk_1"
            },
            {
                "id": 79,
                "type": "pronunciation",
                "alternatives": [
                    {
                        "confidence": "0.944",
                        "content": "through"
                    }
                ],
                "start_time": "34.0",
                "end_time": "34.24",
                "speaker_label": "spk_1"
            },
            {
                "id": 80,
                "type": "pronunciation",
                "alternatives": [
                    {
                        "confidence": "0.587",
                        "content": "Diagnostics"
                    }
                ],
                "start_time": "34.24",
                "end_time": "35.029",
                "speaker_label": "spk_1"
            },
            {
                "id": 81,
                "type": "punctuation",
                "alternatives": [
                    {
                        "confidence": "0.0",
                        "content": ","
                    }
                ],
                "speaker_label": "spk_1"
            },
            {
                "id": 82,
                "type": "pronunciation",
                "alternatives": [
                    {
                        "confidence": "0.992",
                        "content": "how"
                    }
                ],
                "start_time": "35.04",
                "end_time": "35.2",
                "speaker_label": "spk_1"
            },
            {
                "id": 83,
                "type": "pronunciation",
                "alternatives": [
                    {
                        "confidence": "0.999",
                        "content": "may"
                    }
                ],
                "start_time": "35.2",
                "end_time": "35.279",
                "speaker_label": "spk_1"
            },
            {
                "id": 84,
                "type": "pronunciation",
                "alternatives": [
                    {
                        "confidence": "0.998",
                        "content": "I"
                    }
                ],
                "start_time": "35.279",
                "end_time": "35.4",
                "speaker_label": "spk_1"
            },
            {
                "id": 85,
                "type": "pronunciation",
                "alternatives": [
                    {
                        "confidence": "0.999",
                        "content": "help"
                    }
                ],
                "start_time": "35.4",
                "end_time": "35.79",
                "speaker_label": "spk_1"
            },
            {
                "id": 86,
                "type": "punctuation",
                "alternatives": [
                    {
                        "confidence": "0.0",
                        "content": "?"
                    }
                ],
                "speaker_label": "spk_1"
            },
            {
                "id": 87,
                "type": "pronunciation",
                "alternatives": [
                    {
                        "confidence": "0.982",
                        "content": "Hi"
                    }
                ],
                "start_time": "37.15",
                "end_time": "37.27",
                "speaker_label": "spk_1"
            },
            {
                "id": 88,
                "type": "punctuation",
                "alternatives": [
                    {
                        "confidence": "0.0",
                        "content": ","
                    }
                ],
                "speaker_label": "spk_1"
            },
            {
                "id": 89,
                "type": "pronunciation",
                "alternatives": [
                    {
                        "confidence": "0.997",
                        "content": "this"
                    }
                ],
                "start_time": "37.38",
                "end_time": "37.47",
                "speaker_label": "spk_1"
            },
            {
                "id": 90,
                "type": "pronunciation",
                "alternatives": [
                    {
                        "confidence": "0.997",
                        "content": "is"
                    }
                ],
                "start_time": "37.47",
                "end_time": "37.63",
                "speaker_label": "spk_1"
            },
            {
                "id": 91,
                "type": "pronunciation",
                "alternatives": [
                    {
                        "confidence": "0.996",
                        "content": "the"
                    }
                ],
                "start_time": "37.63",
                "end_time": "37.83",
                "speaker_label": "spk_1"
            },
            {
                "id": 92,
                "type": "pronunciation",
                "alternatives": [
                    {
                        "content": "[PII]",
                        "redactions": [
                            {
                                "confidence": "0.9999",
                                "type": "ADDRESS",
                                "category": "PII"
                            }
                        ]
                    }
                ],
                "start_time": "37.83",
                "end_time": "38.549"
            },
            {
                "id": 93,
                "type": "pronunciation",
                "alternatives": [
                    {
                        "confidence": "0.998",
                        "content": "location"
                    }
                ],
                "start_time": "38.549",
                "end_time": "39.139",
                "speaker_label": "spk_1"
            },
            {
                "id": 94,
                "type": "punctuation",
                "alternatives": [
                    {
                        "confidence": "0.0",
                        "content": "."
                    }
                ],
                "speaker_label": "spk_1"
            },
            {
                "id": 95,
                "type": "pronunciation",
                "alternatives": [
                    {
                        "content": "[PII]",
                        "redactions": [
                            {
                                "confidence": "1.0",
                                "type": "ADDRESS",
                                "category": "PII"
                            }
                        ]
                    }
                ],
                "start_time": "39.79",
                "end_time": "40.349"
            },
            {
                "id": 96,
                "type": "punctuation",
                "alternatives": [
                    {
                        "confidence": "0.0",
                        "content": "?"
                    }
                ]
            },
            {
                "id": 97,
                "type": "pronunciation",
                "alternatives": [
                    {
                        "confidence": "0.965",
                        "content": "No"
                    }
                ],
                "start_time": "40.43",
                "end_time": "40.709",
                "speaker_label": "spk_1"
            },
            {
                "id": 98,
                "type": "punctuation",
                "alternatives": [
                    {
                        "confidence": "0.0",
                        "content": ","
                    }
                ],
                "speaker_label": "spk_1"
            },
            {
                "id": 99,
                "type": "pronunciation",
                "alternatives": [
                    {
                        "confidence": "0.991",
                        "content": "we're"
                    }
                ],
                "start_time": "40.83",
                "end_time": "41.029",
                "speaker_label": "spk_1"
            },
            {
                "id": 100,
                "type": "pronunciation",
                "alternatives": [
                    {
                        "confidence": "0.991",
                        "content": "located"
                    }
                ],
                "start_time": "41.029",
                "end_time": "41.58",
                "speaker_label": "spk_1"
            },
            {
                "id": 101,
                "type": "pronunciation",
                "alternatives": [
                    {
                        "confidence": "0.997",
                        "content": "in"
                    }
                ],
                "start_time": "41.58",
                "end_time": "41.83",
                "speaker_label": "spk_1"
            },
            {
                "id": 102,
                "type": "pronunciation",
                "alternatives": [
                    {
                        "content": "[PII]",
                        "redactions": [
                            {
                                "confidence": "1.0",
                                "type": "ADDRESS",
                                "category": "PII"
                            }
                        ]
                    }
                ],
                "start_time": "41.83",
                "end_time": "43.34"
            },
            {
                "id": 103,
                "type": "punctuation",
                "alternatives": [
                    {
                        "confidence": "0.0",
                        "content": "."
                    }
                ]
            },
            {
                "id": 104,
                "type": "pronunciation",
                "alternatives": [
                    {
                        "confidence": "0.891",
                        "content": "Oh"
                    }
                ],
                "start_time": "44.069",
                "end_time": "44.4",
                "speaker_label": "spk_1"
            },
            {
                "id": 105,
                "type": "punctuation",
                "alternatives": [
                    {
                        "confidence": "0.0",
                        "content": ","
                    }
                ],
                "speaker_label": "spk_1"
            },
            {
                "id": 106,
                "type": "pronunciation",
                "alternatives": [
                    {
                        "confidence": "0.996",
                        "content": "OK"
                    }
                ],
                "start_time": "44.47",
                "end_time": "44.759",
                "speaker_label": "spk_1"
            },
            {
                "id": 107,
                "type": "punctuation",
                "alternatives": [
                    {
                        "confidence": "0.0",
                        "content": ","
                    }
                ],
                "speaker_label": "spk_1"
            },
            {
                "id": 108,
                "type": "pronunciation",
                "alternatives": [
                    {
                        "confidence": "0.865",
                        "content": "no"
                    }
                ],
                "start_time": "44.909",
                "end_time": "44.95",
                "speaker_label": "spk_1"
            },
            {
                "id": 109,
                "type": "punctuation",
                "alternatives": [
                    {
                        "confidence": "0.0",
                        "content": ","
                    }
                ],
                "speaker_label": "spk_1"
            },
            {
                "id": 110,
                "type": "pronunciation",
                "alternatives": [
                    {
                        "confidence": "0.996",
                        "content": "I"
                    }
                ],
                "start_time": "45.15",
                "end_time": "45.31",
                "speaker_label": "spk_1"
            },
            {
                "id": 111,
                "type": "punctuation",
                "alternatives": [
                    {
                        "confidence": "0.0",
                        "content": ","
                    }
                ],
                "speaker_label": "spk_1"
            },
            {
                "id": 112,
                "type": "pronunciation",
                "alternatives": [
                    {
                        "confidence": "0.996",
                        "content": "I"
                    }
                ],
                "start_time": "45.349",
                "end_time": "45.63",
                "speaker_label": "spk_1"
            },
            {
                "id": 113,
                "type": "pronunciation",
                "alternatives": [
                    {
                        "confidence": "0.997",
                        "content": "on"
                    }
                ],
                "start_time": "45.63",
                "end_time": "45.84",
                "speaker_label": "spk_1"
            },
            {
                "id": 114,
                "type": "pronunciation",
                "alternatives": [
                    {
                        "confidence": "0.991",
                        "content": "Google"
                    }
                ],
                "start_time": "45.84",
                "end_time": "46.229",
                "speaker_label": "spk_1"
            },
            {
                "id": 115,
                "type": "pronunciation",
                "alternatives": [
                    {
                        "confidence": "0.338",
                        "content": "said"
                    }
                ],
                "start_time": "46.229",
                "end_time": "46.36",
                "speaker_label": "spk_1"
            },
            {
                "id": 116,
                "type": "pronunciation",
                "alternatives": [
                    {
                        "confidence": "0.996",
                        "content": "it"
                    }
                ],
                "start_time": "46.36",
                "end_time": "46.549",
                "speaker_label": "spk_1"
            },
            {
                "id": 117,
                "type": "pronunciation",
                "alternatives": [
                    {
                        "confidence": "0.997",
                        "content": "was"
                    }
                ],
                "start_time": "46.549",
                "end_time": "47.139",
                "speaker_label": "spk_1"
            },
            {
                "id": 118,
                "type": "pronunciation",
                "alternatives": [
                    {
                        "content": "[PII]",
                        "redactions": [
                            {
                                "confidence": "1.0",
                                "type": "ADDRESS",
                                "category": "PII"
                            }
                        ]
                    }
                ],
                "start_time": "47.139",
                "end_time": "47.549"
            },
            {
                "id": 119,
                "type": "punctuation",
                "alternatives": [
                    {
                        "confidence": "0.0",
                        "content": "."
                    }
                ]
            },
            {
                "id": 120,
                "type": "pronunciation",
                "alternatives": [
                    {
                        "confidence": "0.996",
                        "content": "OK"
                    }
                ],
                "start_time": "47.63",
                "end_time": "48.139",
                "speaker_label": "spk_1"
            },
            {
                "id": 121,
                "type": "punctuation",
                "alternatives": [
                    {
                        "confidence": "0.0",
                        "content": ","
                    }
                ],
                "speaker_label": "spk_1"
            },
            {
                "id": 122,
                "type": "pronunciation",
                "alternatives": [
                    {
                        "confidence": "0.996",
                        "content": "um"
                    }
                ],
                "start_time": "48.389",
                "end_time": "49.18",
                "speaker_label": "spk_1"
            },
            {
                "id": 123,
                "type": "punctuation",
                "alternatives": [
                    {
                        "confidence": "0.0",
                        "content": ","
                    }
                ],
                "speaker_label": "spk_1"
            },
            {
                "id": 124,
                "type": "pronunciation",
                "alternatives": [
                    {
                        "confidence": "0.997",
                        "content": "no"
                    }
                ],
                "start_time": "50.069",
                "end_time": "50.15",
                "speaker_label": "spk_1"
            },
            {
                "id": 125,
                "type": "pronunciation",
                "alternatives": [
                    {
                        "confidence": "0.987",
                        "content": "worries"
                    }
                ],
                "start_time": "50.15",
                "end_time": "50.5",
                "speaker_label": "spk_1"
            },
            {
                "id": 126,
                "type": "punctuation",
                "alternatives": [
                    {
                        "confidence": "0.0",
                        "content": ","
                    }
                ],
                "speaker_label": "spk_1"
            },
            {
                "id": 127,
                "type": "pronunciation",
                "alternatives": [
                    {
                        "confidence": "0.986",
                        "content": "bye"
                    }
                ],
                "start_time": "50.709",
                "end_time": "51.15",
                "speaker_label": "spk_1"
            },
            {
                "id": 128,
                "type": "punctuation",
                "alternatives": [
                    {
                        "confidence": "0.0",
                        "content": "."
                    }
                ],
                "speaker_label": "spk_1"
            },
            {
                "id": 129,
                "type": "pronunciation",
                "alternatives": [
                    {
                        "confidence": "0.798",
                        "content": "Thank"
                    }
                ],
                "start_time": "51.34",
                "end_time": "51.349",
                "speaker_label": "spk_1"
            },
            {
                "id": 130,
                "type": "pronunciation",
                "alternatives": [
                    {
                        "confidence": "0.981",
                        "content": "you"
                    }
                ],
                "start_time": "51.349",
                "end_time": "51.75",
                "speaker_label": "spk_1"
            },
            {
                "id": 131,
                "type": "punctuation",
                "alternatives": [
                    {
                        "confidence": "0.0",
                        "content": "."
                    }
                ],
                "speaker_label": "spk_1"
            }
        ],
        "audio_segments": [
            {
                "id": 0,
                "transcript": "Thank you for calling Wassler Diagnostics. Please listen to all of the prompts before making a selection. If you are calling about booking an appointment, press 1. For general inquiries like clinic locations, operating hours, and how to prepare for the appointment, press 2. If you are at the [PII] office but aren't sure where to go, press 3.",
                "start_time": "1.6",
                "end_time": "20.25",
                "speaker_label": "spk_0",
                "items": [
                    0,
                    1,
                    2,
                    3,
                    4,
                    5,
                    6,
                    7,
                    8,
                    9,
                    10,
                    11,
                    12,
                    13,
                    14,
                    15,
                    16,
                    17,
                    18,
                    19,
                    20,
                    21,
                    22,
                    23,
                    24,
                    25,
                    26,
                    27,
                    28,
                    29,
                    30,
                    31,
                    32,
                    33,
                    34,
                    35,
                    36,
                    37,
                    38,
                    39,
                    40,
                    41,
                    42,
                    43,
                    44,
                    45,
                    46,
                    47,
                    48,
                    49,
                    50,
                    51,
                    52,
                    53,
                    54,
                    55,
                    56,
                    57,
                    58,
                    59,
                    60,
                    61,
                    62,
                    63,
                    64,
                    65,
                    66,
                    67,
                    68
                ]
            },
            {
                "id": 1,
                "transcript": "right",
                "start_time": "28.629",
                "end_time": "29.479",
                "speaker_label": "spk_1",
                "items": [
                    69
                ]
            },
            {
                "id": 2,
                "transcript": "Go ahead if you want, yeah.",
                "start_time": "30.02",
                "end_time": "32.209",
                "speaker_label": "spk_1",
                "items": [
                    70,
                    71,
                    72,
                    73,
                    74,
                    75,
                    76,
                    77
                ]
            },
            {
                "id": 3,
                "transcript": "Well through Diagnostics, how may I help?",
                "start_time": "33.52",
                "end_time": "35.939",
                "speaker_label": "spk_1",
                "items": [
                    78,
                    79,
                    80,
                    81,
                    82,
                    83,
                    84,
                    85,
                    86
                ]
            },
            {
                "id": 4,
                "transcript": "Hi, this is the [PII] location. [PII]? No, we're located in [PII]. Oh, OK, no, I, I on Google said it was [PII]. OK, um, no worries, bye. Thank you.",
                "start_time": "36.95",
                "end_time": "51.889",
                "speaker_label": "spk_1",
                "items": [
                    87,
                    88,
                    89,
                    90,
                    91,
                    92,
                    93,
                    94,
                    95,
                    96,
                    97,
                    98,
                    99,
                    100,
                    101,
                    102,
                    103,
                    104,
                    105,
                    106,
                    107,
                    108,
                    109,
                    110,
                    111,
                    112,
                    113,
                    114,
                    115,
                    116,
                    117,
                    118,
                    119,
                    120,
                    121,
                    122,
                    123,
                    124,
                    125,
                    126,
                    127,
                    128,
                    129,
                    130,
                    131
                ]
            }
        ]
    }
}