{
    "jobName": "transcription-job-2024-03-21T21-45-59Z-call-7ea862a0-f45e-400a-919d-6f60177d8f1e-1734640323",
    "accountId": "199040315413",
    "isRedacted": true,
    "status": "COMPLETED",
    "results": {
        "transcripts": [
            {
                "transcript": "Thank you for calling Mosler Diagnostics. Please listen to all of the prompts before making a selection. If you are calling about booking an appointment, press [PII]. For general inquiries like clinic locations, operating hours, and how to. That cakes loaded with pecans and bugs, birds like employees to it on sale for just 249. Visit [PII] or at fairplaywildbirds.com. Hello and opinions that matter."
            }
        ],
        "speaker_labels": {
            "segments": [
                {
                    "start_time": "0.81",
                    "end_time": "18.37",
                    "speaker_label": "spk_0",
                    "items": [
                        {
                            "speaker_label": "spk_0",
                            "start_time": "1.73",
                            "end_time": "1.919"
                        },
                        {
                            "speaker_label": "spk_0",
                            "start_time": "1.919",
                            "end_time": "2.089"
                        },
                        {
                            "speaker_label": "spk_0",
                            "start_time": "2.089",
                            "end_time": "2.25"
                        },
                        {
                            "speaker_label": "spk_0",
                            "start_time": "2.25",
                            "end_time": "2.569"
                        },
                        {
                            "speaker_label": "spk_0",
                            "start_time": "2.569",
                            "end_time": "3.009"
                        },
                        {
                            "speaker_label": "spk_0",
                            "start_time": "3.009",
                            "end_time": "4.01"
                        },
                        {
                            "speaker_label": "spk_0",
                            "start_time": "4.17",
                            "end_time": "4.409"
                        },
                        {
                            "speaker_label": "spk_0",
                            "start_time": "4.409",
                            "end_time": "4.76"
                        },
                        {
                            "speaker_label": "spk_0",
                            "start_time": "4.76",
                            "end_time": "4.849"
                        },
                        {
                            "speaker_label": "spk_0",
                            "start_time": "4.849",
                            "end_time": "4.969"
                        },
                        {
                            "speaker_label": "spk_0",
                            "start_time": "4.969",
                            "end_time": "5.09"
                        },
                        {
                            "speaker_label": "spk_0",
                            "start_time": "5.09",
                            "end_time": "5.289"
                        },
                        {
                            "speaker_label": "spk_0",
                            "start_time": "5.289",
                            "end_time": "5.809"
                        },
                        {
                            "speaker_label": "spk_0",
                            "start_time": "5.809",
                            "end_time": "5.969"
                        },
                        {
                            "speaker_label": "spk_0",
                            "start_time": "5.969",
                            "end_time": "6.21"
                        },
                        {
                            "speaker_label": "spk_0",
                            "start_time": "6.21",
                            "end_time": "6.289"
                        },
                        {
                            "speaker_label": "spk_0",
                            "start_time": "6.289",
                            "end_time": "7.0"
                        },
                        {
                            "speaker_label": "spk_0",
                            "start_time": "7.25",
                            "end_time": "7.369"
                        },
                        {
                            "speaker_label": "spk_0",
                            "start_time": "7.369",
                            "end_time": "7.489"
                        },
                        {
                            "speaker_label": "spk_0",
                            "start_time": "7.489",
                            "end_time": "7.69"
                        },
                        {
                            "speaker_label": "spk_0",
                            "start_time": "7.69",
                            "end_time": "8.01"
                        },
                        {
                            "speaker_label": "spk_0",
                            "start_time": "8.01",
                            "end_time": "8.21"
                        },
                        {
                            "speaker_label": "spk_0",
                            "start_time": "8.21",
                            "end_time": "8.489"
                        },
                        {
                            "speaker_label": "spk_0",
                            "start_time": "8.489",
                            "end_time": "8.569"
                        },
                        {
                            "speaker_label": "spk_0",
                            "start_time": "8.569",
                            "end_time": "9.01"
                        },
                        {
                            "speaker_label": "spk_0",
                            "start_time": "9.09",
                            "end_time": "9.409"
                        },
                        {
                            "speaker_label": "spk_0",
                            "start_time": "9.409",
                            "end_time": "9.88"
                        },
                        {
                            "speaker_label": "spk_0",
                            "start_time": "10.09",
                            "end_time": "10.25"
                        },
                        {
                            "speaker_label": "spk_0",
                            "start_time": "10.25",
                            "end_time": "10.569"
                        },
                        {
                            "speaker_label": "spk_0",
                            "start_time": "10.569",
                            "end_time": "11.1"
                        },
                        {
                            "speaker_label": "spk_0",
                            "start_time": "11.1",
                            "end_time": "11.289"
                        },
                        {
                            "speaker_label": "spk_0",
                            "start_time": "11.289",
                            "end_time": "11.77"
                        },
                        {
                            "speaker_label": "spk_0",
                            "start_time": "11.77",
                            "end_time": "12.529"
                        },
                        {
                            "speaker_label": "spk_0",
                            "start_time": "12.539",
                            "end_time": "13.17"
                        },
                        {
                            "speaker_label": "spk_0",
                            "start_time": "13.17",
                            "end_time": "13.68"
                        },
                        {
                            "speaker_label": "spk_0",
                            "start_time": "13.85",
                            "end_time": "13.97"
                        },
                        {
                            "speaker_label": "spk_0",
                            "start_time": "13.97",
                            "end_time": "14.17"
                        },
                        {
                            "speaker_label": "spk_0",
                            "start_time": "14.17",
                            "end_time": "14.439"
                        }
                    ]
                },
                {
                    "start_time": "18.569",
                    "end_time": "35.069",
                    "speaker_label": "spk_1",
                    "items": [
                        {
                            "speaker_label": "spk_1",
                            "start_time": "18.67",
                            "end_time": "18.68"
                        },
                        {
                            "speaker_label": "spk_1",
                            "start_time": "18.68",
                            "end_time": "20.649"
                        },
                        {
                            "speaker_label": "spk_1",
                            "start_time": "20.649",
                            "end_time": "21.09"
                        },
                        {
                            "speaker_label": "spk_1",
                            "start_time": "21.09",
                            "end_time": "21.17"
                        },
                        {
                            "speaker_label": "spk_1",
                            "start_time": "21.17",
                            "end_time": "21.7"
                        },
                        {
                            "speaker_label": "spk_1",
                            "start_time": "21.7",
                            "end_time": "21.809"
                        },
                        {
                            "speaker_label": "spk_1",
                            "start_time": "21.809",
                            "end_time": "22.389"
                        },
                        {
                            "speaker_label": "spk_1",
                            "start_time": "22.399",
                            "end_time": "22.809"
                        },
                        {
                            "speaker_label": "spk_1",
                            "start_time": "22.809",
                            "end_time": "23.1"
                        },
                        {
                            "speaker_label": "spk_1",
                            "start_time": "23.1",
                            "end_time": "23.62"
                        },
                        {
                            "speaker_label": "spk_1",
                            "start_time": "23.62",
                            "end_time": "23.629"
                        },
                        {
                            "speaker_label": "spk_1",
                            "start_time": "23.629",
                            "end_time": "23.639"
                        },
                        {
                            "speaker_label": "spk_1",
                            "start_time": "23.639",
                            "end_time": "23.649"
                        },
                        {
                            "speaker_label": "spk_1",
                            "start_time": "23.649",
                            "end_time": "26.889"
                        },
                        {
                            "speaker_label": "spk_1",
                            "start_time": "26.889",
                            "end_time": "27.12"
                        },
                        {
                            "speaker_label": "spk_1",
                            "start_time": "27.12",
                            "end_time": "27.17"
                        },
                        {
                            "speaker_label": "spk_1",
                            "start_time": "27.17",
                            "end_time": "28.239"
                        },
                        {
                            "speaker_label": "spk_1",
                            "start_time": "28.37",
                            "end_time": "28.77"
                        },
                        {
                            "speaker_label": "spk_1",
                            "start_time": "28.77",
                            "end_time": "32.68"
                        },
                        {
                            "speaker_label": "spk_1",
                            "start_time": "32.68",
                            "end_time": "32.97"
                        },
                        {
                            "speaker_label": "spk_1",
                            "start_time": "32.97",
                            "end_time": "33.13"
                        },
                        {
                            "speaker_label": "spk_1",
                            "start_time": "33.13",
                            "end_time": "34.889"
                        }
                    ]
                },
                {
                    "start_time": "36.33",
                    "end_time": "40.139",
                    "speaker_label": "spk_1",
                    "items": [
                        {
                            "speaker_label": "spk_1",
                            "start_time": "37.479",
                            "end_time": "38.09"
                        },
                        {
                            "speaker_label": "spk_1",
                            "start_time": "38.09",
                            "end_time": "38.61"
                        },
                        {
                            "speaker_label": "spk_1",
                            "start_time": "38.61",
                            "end_time": "39.09"
                        },
                        {
                            "speaker_label": "spk_1",
                            "start_time": "39.09",
                            "end_time": "39.409"
                        },
                        {
                            "speaker_label": "spk_1",
                            "start_time": "39.409",
                            "end_time": "40.0"
                        }
                    ]
                }
            ],
            "channel_label": "ch_0",
            "speakers": 2
        },
        "items": [
            {
                "id": 0,
                "type": "pronunciation",
                "alternatives": [
                    {
                        "confidence": "0.997",
                        "content": "Thank"
                    }
                ],
                "start_time": "1.73",
                "end_time": "1.919",
                "speaker_label": "spk_0"
            },
            {
                "id": 1,
                "type": "pronunciation",
                "alternatives": [
                    {
                        "confidence": "0.997",
                        "content": "you"
                    }
                ],
                "start_time": "1.919",
                "end_time": "2.089",
                "speaker_label": "spk_0"
            },
            {
                "id": 2,
                "type": "pronunciation",
                "alternatives": [
                    {
                        "confidence": "0.997",
                        "content": "for"
                    }
                ],
                "start_time": "2.089",
                "end_time": "2.25",
                "speaker_label": "spk_0"
            },
            {
                "id": 3,
                "type": "pronunciation",
                "alternatives": [
                    {
                        "confidence": "0.998",
                        "content": "calling"
                    }
                ],
                "start_time": "2.25",
                "end_time": "2.569",
                "speaker_label": "spk_0"
            },
            {
                "id": 4,
                "type": "pronunciation",
                "alternatives": [
                    {
                        "confidence": "0.344",
                        "content": "Mosler"
                    }
                ],
                "start_time": "2.569",
                "end_time": "3.009",
                "speaker_label": "spk_0"
            },
            {
                "id": 5,
                "type": "pronunciation",
                "alternatives": [
                    {
                        "confidence": "0.983",
                        "content": "Diagnostics"
                    }
                ],
                "start_time": "3.009",
                "end_time": "4.01",
                "speaker_label": "spk_0"
            },
            {
                "id": 6,
                "type": "punctuation",
                "alternatives": [
                    {
                        "confidence": "0.0",
                        "content": "."
                    }
                ],
                "speaker_label": "spk_0"
            },
            {
                "id": 7,
                "type": "pronunciation",
                "alternatives": [
                    {
                        "confidence": "0.996",
                        "content": "Please"
                    }
                ],
                "start_time": "4.17",
                "end_time": "4.409",
                "speaker_label": "spk_0"
            },
            {
                "id": 8,
                "type": "pronunciation",
                "alternatives": [
                    {
                        "confidence": "0.999",
                        "content": "listen"
                    }
                ],
                "start_time": "4.409",
                "end_time": "4.76",
                "speaker_label": "spk_0"
            },
            {
                "id": 9,
                "type": "pronunciation",
                "alternatives": [
                    {
                        "confidence": "0.998",
                        "content": "to"
                    }
                ],
                "start_time": "4.76",
                "end_time": "4.849",
                "speaker_label": "spk_0"
            },
            {
                "id": 10,
                "type": "pronunciation",
                "alternatives": [
                    {
                        "confidence": "0.998",
                        "content": "all"
                    }
                ],
                "start_time": "4.849",
                "end_time": "4.969",
                "speaker_label": "spk_0"
            },
            {
                "id": 11,
                "type": "pronunciation",
                "alternatives": [
                    {
                        "confidence": "0.996",
                        "content": "of"
                    }
                ],
                "start_time": "4.969",
                "end_time": "5.09",
                "speaker_label": "spk_0"
            },
            {
                "id": 12,
                "type": "pronunciation",
                "alternatives": [
                    {
                        "confidence": "0.998",
                        "content": "the"
                    }
                ],
                "start_time": "5.09",
                "end_time": "5.289",
                "speaker_label": "spk_0"
            },
            {
                "id": 13,
                "type": "pronunciation",
                "alternatives": [
                    {
                        "confidence": "0.992",
                        "content": "prompts"
                    }
                ],
                "start_time": "5.289",
                "end_time": "5.809",
                "speaker_label": "spk_0"
            },
            {
                "id": 14,
                "type": "pronunciation",
                "alternatives": [
                    {
                        "confidence": "0.999",
                        "content": "before"
                    }
                ],
                "start_time": "5.809",
                "end_time": "5.969",
                "speaker_label": "spk_0"
            },
            {
                "id": 15,
                "type": "pronunciation",
                "alternatives": [
                    {
                        "confidence": "0.999",
                        "content": "making"
                    }
                ],
                "start_time": "5.969",
                "end_time": "6.21",
                "speaker_label": "spk_0"
            },
            {
                "id": 16,
                "type": "pronunciation",
                "alternatives": [
                    {
                        "confidence": "0.997",
                        "content": "a"
                    }
                ],
                "start_time": "6.21",
                "end_time": "6.289",
                "speaker_label": "spk_0"
            },
            {
                "id": 17,
                "type": "pronunciation",
                "alternatives": [
                    {
                        "confidence": "0.996",
                        "content": "selection"
                    }
                ],
                "start_time": "6.289",
                "end_time": "7.0",
                "speaker_label": "spk_0"
            },
            {
                "id": 18,
                "type": "punctuation",
                "alternatives": [
                    {
                        "confidence": "0.0",
                        "content": "."
                    }
                ],
                "speaker_label": "spk_0"
            },
            {
                "id": 19,
                "type": "pronunciation",
                "alternatives": [
                    {
                        "confidence": "0.996",
                        "content": "If"
                    }
                ],
                "start_time": "7.25",
                "end_time": "7.369",
                "speaker_label": "spk_0"
            },
            {
                "id": 20,
                "type": "pronunciation",
                "alternatives": [
                    {
                        "confidence": "0.999",
                        "content": "you"
                    }
                ],
                "start_time": "7.369",
                "end_time": "7.489",
                "speaker_label": "spk_0"
            },
            {
                "id": 21,
                "type": "pronunciation",
                "alternatives": [
                    {
                        "confidence": "0.997",
                        "content": "are"
                    }
                ],
                "start_time": "7.489",
                "end_time": "7.69",
                "speaker_label": "spk_0"
            },
            {
                "id": 22,
                "type": "pronunciation",
                "alternatives": [
                    {
                        "confidence": "0.999",
                        "content": "calling"
                    }
                ],
                "start_time": "7.69",
                "end_time": "8.01",
                "speaker_label": "spk_0"
            },
            {
                "id": 23,
                "type": "pronunciation",
                "alternatives": [
                    {
                        "confidence": "0.998",
                        "content": "about"
                    }
                ],
                "start_time": "8.01",
                "end_time": "8.21",
                "speaker_label": "spk_0"
            },
            {
                "id": 24,
                "type": "pronunciation",
                "alternatives": [
                    {
                        "confidence": "0.997",
                        "content": "booking"
                    }
                ],
                "start_time": "8.21",
                "end_time": "8.489",
                "speaker_label": "spk_0"
            },
            {
                "id": 25,
                "type": "pronunciation",
                "alternatives": [
                    {
                        "confidence": "0.997",
                        "content": "an"
                    }
                ],
                "start_time": "8.489",
                "end_time": "8.569",
                "speaker_label": "spk_0"
            },
            {
                "id": 26,
                "type": "pronunciation",
                "alternatives": [
                    {
                        "confidence": "0.996",
                        "content": "appointment"
                    }
                ],
                "start_time": "8.569",
                "end_time": "9.01",
                "speaker_label": "spk_0"
            },
            {
                "id": 27,
                "type": "punctuation",
                "alternatives": [
                    {
                        "confidence": "0.0",
                        "content": ","
                    }
                ],
                "speaker_label": "spk_0"
            },
            {
                "id": 28,
                "type": "pronunciation",
                "alternatives": [
                    {
                        "confidence": "0.995",
                        "content": "press"
                    }
                ],
                "start_time": "9.09",
                "end_time": "9.409",
                "speaker_label": "spk_0"
            },
            {
                "id": 29,
                "type": "pronunciation",
                "alternatives": [
                    {
                        "content": "[PII]",
                        "redactions": [
                            {
                                "confidence": "0.5599",
                                "type": "PHONE",
                                "category": "PII"
                            }
                        ]
                    }
                ],
                "start_time": "9.409",
                "end_time": "9.88"
            },
            {
                "id": 30,
                "type": "punctuation",
                "alternatives": [
                    {
                        "confidence": "0.0",
                        "content": "."
                    }
                ]
            },
            {
                "id": 31,
                "type": "pronunciation",
                "alternatives": [
                    {
                        "confidence": "0.993",
                        "content": "For"
                    }
                ],
                "start_time": "10.09",
                "end_time": "10.25",
                "speaker_label": "spk_0"
            },
            {
                "id": 32,
                "type": "pronunciation",
                "alternatives": [
                    {
                        "confidence": "0.998",
                        "content": "general"
                    }
                ],
                "start_time": "10.25",
                "end_time": "10.569",
                "speaker_label": "spk_0"
            },
            {
                "id": 33,
                "type": "pronunciation",
                "alternatives": [
                    {
                        "confidence": "0.993",
                        "content": "inquiries"
                    }
                ],
                "start_time": "10.569",
                "end_time": "11.1",
                "speaker_label": "spk_0"
            },
            {
                "id": 34,
                "type": "pronunciation",
                "alternatives": [
                    {
                        "confidence": "0.998",
                        "content": "like"
                    }
                ],
                "start_time": "11.1",
                "end_time": "11.289",
                "speaker_label": "spk_0"
            },
            {
                "id": 35,
                "type": "pronunciation",
                "alternatives": [
                    {
                        "confidence": "0.992",
                        "content": "clinic"
                    }
                ],
                "start_time": "11.289",
                "end_time": "11.77",
                "speaker_label": "spk_0"
            },
            {
                "id": 36,
                "type": "pronunciation",
                "alternatives": [
                    {
                        "confidence": "0.996",
                        "content": "locations"
                    }
                ],
                "start_time": "11.77",
                "end_time": "12.529",
                "speaker_label": "spk_0"
            },
            {
                "id": 37,
                "type": "punctuation",
                "alternatives": [
                    {
                        "confidence": "0.0",
                        "content": ","
                    }
                ],
                "speaker_label": "spk_0"
            },
            {
                "id": 38,
                "type": "pronunciation",
                "alternatives": [
                    {
                        "confidence": "0.991",
                        "content": "operating"
                    }
                ],
                "start_time": "12.539",
                "end_time": "13.17",
                "speaker_label": "spk_0"
            },
            {
                "id": 39,
                "type": "pronunciation",
                "alternatives": [
                    {
                        "confidence": "0.999",
                        "content": "hours"
                    }
                ],
                "start_time": "13.17",
                "end_time": "13.68",
                "speaker_label": "spk_0"
            },
            {
                "id": 40,
                "type": "punctuation",
                "alternatives": [
                    {
                        "confidence": "0.0",
                        "content": ","
                    }
                ],
                "speaker_label": "spk_0"
            },
            {
                "id": 41,
                "type": "pronunciation",
                "alternatives": [
                    {
                        "confidence": "0.997",
                        "content": "and"
                    }
                ],
                "start_time": "13.85",
                "end_time": "13.97",
                "speaker_label": "spk_0"
            },
            {
                "id": 42,
                "type": "pronunciation",
                "alternatives": [
                    {
                        "confidence": "0.996",
                        "content": "how"
                    }
                ],
                "start_time": "13.97",
                "end_time": "14.17",
                "speaker_label": "spk_0"
            },
            {
                "id": 43,
                "type": "pronunciation",
                "alternatives": [
                    {
                        "confidence": "0.994",
                        "content": "to"
                    }
                ],
                "start_time": "14.17",
                "end_time": "14.439",
                "speaker_label": "spk_0"
            },
            {
                "id": 44,
                "type": "punctuation",
                "alternatives": [
                    {
                        "confidence": "0.0",
                        "content": "."
                    }
                ],
                "speaker_label": "spk_0"
            },
            {
                "id": 45,
                "type": "pronunciation",
                "alternatives": [
                    {
                        "confidence": "0.676",
                        "content": "That"
                    }
                ],
                "start_time": "18.67",
                "end_time": "18.68",
                "speaker_label": "spk_1"
            },
            {
                "id": 46,
                "type": "pronunciation",
                "alternatives": [
                    {
                        "confidence": "0.426",
                        "content": "cakes"
                    }
                ],
                "start_time": "18.68",
                "end_time": "20.649",
                "speaker_label": "spk_1"
            },
            {
                "id": 47,
                "type": "pronunciation",
                "alternatives": [
                    {
                        "confidence": "0.99",
                        "content": "loaded"
                    }
                ],
                "start_time": "20.649",
                "end_time": "21.09",
                "speaker_label": "spk_1"
            },
            {
                "id": 48,
                "type": "pronunciation",
                "alternatives": [
                    {
                        "confidence": "0.997",
                        "content": "with"
                    }
                ],
                "start_time": "21.09",
                "end_time": "21.17",
                "speaker_label": "spk_1"
            },
            {
                "id": 49,
                "type": "pronunciation",
                "alternatives": [
                    {
                        "confidence": "0.303",
                        "content": "pecans"
                    }
                ],
                "start_time": "21.17",
                "end_time": "21.7",
                "speaker_label": "spk_1"
            },
            {
                "id": 50,
                "type": "pronunciation",
                "alternatives": [
                    {
                        "confidence": "0.997",
                        "content": "and"
                    }
                ],
                "start_time": "21.7",
                "end_time": "21.809",
                "speaker_label": "spk_1"
            },
            {
                "id": 51,
                "type": "pronunciation",
                "alternatives": [
                    {
                        "confidence": "0.987",
                        "content": "bugs"
                    }
                ],
                "start_time": "21.809",
                "end_time": "22.389",
                "speaker_label": "spk_1"
            },
            {
                "id": 52,
                "type": "punctuation",
                "alternatives": [
                    {
                        "confidence": "0.0",
                        "content": ","
                    }
                ],
                "speaker_label": "spk_1"
            },
            {
                "id": 53,
                "type": "pronunciation",
                "alternatives": [
                    {
                        "confidence": "0.303",
                        "content": "birds"
                    }
                ],
                "start_time": "22.399",
                "end_time": "22.809",
                "speaker_label": "spk_1"
            },
            {
                "id": 54,
                "type": "pronunciation",
                "alternatives": [
                    {
                        "confidence": "0.843",
                        "content": "like"
                    }
                ],
                "start_time": "22.809",
                "end_time": "23.1",
                "speaker_label": "spk_1"
            },
            {
                "id": 55,
                "type": "pronunciation",
                "alternatives": [
                    {
                        "confidence": "0.394",
                        "content": "employees"
                    }
                ],
                "start_time": "23.1",
                "end_time": "23.62",
                "speaker_label": "spk_1"
            },
            {
                "id": 56,
                "type": "pronunciation",
                "alternatives": [
                    {
                        "confidence": "0.747",
                        "content": "to"
                    }
                ],
                "start_time": "23.62",
                "end_time": "23.629",
                "speaker_label": "spk_1"
            },
            {
                "id": 57,
                "type": "pronunciation",
                "alternatives": [
                    {
                        "confidence": "0.932",
                        "content": "it"
                    }
                ],
                "start_time": "23.629",
                "end_time": "23.639",
                "speaker_label": "spk_1"
            },
            {
                "id": 58,
                "type": "pronunciation",
                "alternatives": [
                    {
                        "confidence": "0.996",
                        "content": "on"
                    }
                ],
                "start_time": "23.639",
                "end_time": "23.649",
                "speaker_label": "spk_1"
            },
            {
                "id": 59,
                "type": "pronunciation",
                "alternatives": [
                    {
                        "confidence": "0.871",
                        "content": "sale"
                    }
                ],
                "start_time": "23.649",
                "end_time": "26.889",
                "speaker_label": "spk_1"
            },
            {
                "id": 60,
                "type": "pronunciation",
                "alternatives": [
                    {
                        "confidence": "0.997",
                        "content": "for"
                    }
                ],
                "start_time": "26.889",
                "end_time": "27.12",
                "speaker_label": "spk_1"
            },
            {
                "id": 61,
                "type": "pronunciation",
                "alternatives": [
                    {
                        "confidence": "0.964",
                        "content": "just"
                    }
                ],
                "start_time": "27.12",
                "end_time": "27.17",
                "speaker_label": "spk_1"
            },
            {
                "id": 62,
                "type": "pronunciation",
                "alternatives": [
                    {
                        "confidence": "0.991",
                        "content": "249"
                    }
                ],
                "start_time": "27.17",
                "end_time": "28.239",
                "speaker_label": "spk_1"
            },
            {
                "id": 63,
                "type": "punctuation",
                "alternatives": [
                    {
                        "confidence": "0.0",
                        "content": "."
                    }
                ],
                "speaker_label": "spk_1"
            },
            {
                "id": 64,
                "type": "pronunciation",
                "alternatives": [
                    {
                        "confidence": "0.988",
                        "content": "Visit"
                    }
                ],
                "start_time": "28.37",
                "end_time": "28.77",
                "speaker_label": "spk_1"
            },
            {
                "id": 65,
                "type": "pronunciation",
                "alternatives": [
                    {
                        "content": "[PII]",
                        "redactions": [
                            {
                                "confidence": "0.9453",
                                "type": "ADDRESS",
                                "category": "PII"
                            }
                        ]
                    }
                ],
                "start_time": "28.77",
                "end_time": "32.68"
            },
            {
                "id": 66,
                "type": "pronunciation",
                "alternatives": [
                    {
                        "confidence": "0.997",
                        "content": "or"
                    }
                ],
                "start_time": "32.68",
                "end_time": "32.97",
                "speaker_label": "spk_1"
            },
            {
                "id": 67,
                "type": "pronunciation",
                "alternatives": [
                    {
                        "confidence": "0.996",
                        "content": "at"
                    }
                ],
                "start_time": "32.97",
                "end_time": "33.13",
                "speaker_label": "spk_1"
            },
            {
                "id": 68,
                "type": "pronunciation",
                "alternatives": [
                    {
                        "confidence": "0.913",
                        "content": "fairplaywildbirds.com"
                    }
                ],
                "start_time": "33.13",
                "end_time": "34.889",
                "speaker_label": "spk_1"
            },
            {
                "id": 69,
                "type": "punctuation",
                "alternatives": [
                    {
                        "confidence": "0.0",
                        "content": "."
                    }
                ],
                "speaker_label": "spk_1"
            },
            {
                "id": 70,
                "type": "pronunciation",
                "alternatives": [
                    {
                        "confidence": "0.996",
                        "content": "Hello"
                    }
                ],
                "start_time": "37.479",
                "end_time": "38.09",
                "speaker_label": "spk_1"
            },
            {
                "id": 71,
                "type": "pronunciation",
                "alternatives": [
                    {
                        "confidence": "0.994",
                        "content": "and"
                    }
                ],
                "start_time": "38.09",
                "end_time": "38.61",
                "speaker_label": "spk_1"
            },
            {
                "id": 72,
                "type": "pronunciation",
                "alternatives": [
                    {
                        "confidence": "0.993",
                        "content": "opinions"
                    }
                ],
                "start_time": "38.61",
                "end_time": "39.09",
                "speaker_label": "spk_1"
            },
            {
                "id": 73,
                "type": "pronunciation",
                "alternatives": [
                    {
                        "confidence": "0.997",
                        "content": "that"
                    }
                ],
                "start_time": "39.09",
                "end_time": "39.409",
                "speaker_label": "spk_1"
            },
            {
                "id": 74,
                "type": "pronunciation",
                "alternatives": [
                    {
                        "confidence": "0.997",
                        "content": "matter"
                    }
                ],
                "start_time": "39.409",
                "end_time": "40.0",
                "speaker_label": "spk_1"
            },
            {
                "id": 75,
                "type": "punctuation",
                "alternatives": [
                    {
                        "confidence": "0.0",
                        "content": "."
                    }
                ],
                "speaker_label": "spk_1"
            }
        ],
        "audio_segments": [
            {
                "id": 0,
                "transcript": "Thank you for calling Mosler Diagnostics. Please listen to all of the prompts before making a selection. If you are calling about booking an appointment, press [PII]. For general inquiries like clinic locations, operating hours, and how to.",
                "start_time": "0.81",
                "end_time": "18.37",
                "speaker_label": "spk_0",
                "items": [
                    0,
                    1,
                    2,
                    3,
                    4,
                    5,
                    6,
                    7,
                    8,
                    9,
                    10,
                    11,
                    12,
                    13,
                    14,
                    15,
                    16,
                    17,
                    18,
                    19,
                    20,
                    21,
                    22,
                    23,
                    24,
                    25,
                    26,
                    27,
                    28,
                    29,
                    30,
                    31,
                    32,
                    33,
                    34,
                    35,
                    36,
                    37,
                    38,
                    39,
                    40,
                    41,
                    42,
                    43,
                    44
                ]
            },
            {
                "id": 1,
                "transcript": "That cakes loaded with pecans and bugs, birds like employees to it on sale for just 249. Visit [PII] or at fairplaywildbirds.com.",
                "start_time": "18.569",
                "end_time": "35.069",
                "speaker_label": "spk_1",
                "items": [
                    45,
                    46,
                    47,
                    48,
                    49,
                    50,
                    51,
                    52,
                    53,
                    54,
                    55,
                    56,
                    57,
                    58,
                    59,
                    60,
                    61,
                    62,
                    63,
                    64,
                    65,
                    66,
                    67,
                    68,
                    69
                ]
            },
            {
                "id": 2,
                "transcript": "Hello and opinions that matter.",
                "start_time": "36.33",
                "end_time": "40.139",
                "speaker_label": "spk_1",
                "items": [
                    70,
                    71,
                    72,
                    73,
                    74,
                    75
                ]
            }
        ]
    }
}