{
    "jobName": "transcription-job-2024-03-21T16-01-37Z-call-4e890f79-ef37-4c13-9bd7-b227864702d3-1734637019",
    "accountId": "199040315413",
    "isRedacted": true,
    "status": "COMPLETED",
    "results": {
        "transcripts": [
            {
                "transcript": "Thank you for calling Wassler Diagnostics. Please listen to all of the prompts before making a."
            }
        ],
        "speaker_labels": {
            "segments": [
                {
                    "start_time": "1.539",
                    "end_time": "6.4",
                    "speaker_label": "spk_0",
                    "items": [
                        {
                            "speaker_label": "spk_0",
                            "start_time": "1.74",
                            "end_time": "1.94"
                        },
                        {
                            "speaker_label": "spk_0",
                            "start_time": "1.94",
                            "end_time": "2.099"
                        },
                        {
                            "speaker_label": "spk_0",
                            "start_time": "2.099",
                            "end_time": "2.259"
                        },
                        {
                            "speaker_label": "spk_0",
                            "start_time": "2.259",
                            "end_time": "2.559"
                        },
                        {
                            "speaker_label": "spk_0",
                            "start_time": "2.559",
                            "end_time": "3.019"
                        },
                        {
                            "speaker_label": "spk_0",
                            "start_time": "3.019",
                            "end_time": "3.98"
                        },
                        {
                            "speaker_label": "spk_0",
                            "start_time": "4.179",
                            "end_time": "4.42"
                        },
                        {
                            "speaker_label": "spk_0",
                            "start_time": "4.42",
                            "end_time": "4.699"
                        },
                        {
                            "speaker_label": "spk_0",
                            "start_time": "4.699",
                            "end_time": "4.829"
                        },
                        {
                            "speaker_label": "spk_0",
                            "start_time": "4.829",
                            "end_time": "4.98"
                        },
                        {
                            "speaker_label": "spk_0",
                            "start_time": "4.98",
                            "end_time": "5.099"
                        },
                        {
                            "speaker_label": "spk_0",
                            "start_time": "5.099",
                            "end_time": "5.3"
                        },
                        {
                            "speaker_label": "spk_0",
                            "start_time": "5.3",
                            "end_time": "5.739"
                        },
                        {
                            "speaker_label": "spk_0",
                            "start_time": "5.739",
                            "end_time": "5.86"
                        },
                        {
                            "speaker_label": "spk_0",
                            "start_time": "5.86",
                            "end_time": "6.099"
                        },
                        {
                            "speaker_label": "spk_0",
                            "start_time": "6.099",
                            "end_time": "6.3"
                        }
                    ]
                }
            ],
            "channel_label": "ch_0",
            "speakers": 1
        },
        "items": [
            {
                "id": 0,
                "type": "pronunciation",
                "alternatives": [
                    {
                        "confidence": "0.999",
                        "content": "Thank"
                    }
                ],
                "start_time": "1.74",
                "end_time": "1.94",
                "speaker_label": "spk_0"
            },
            {
                "id": 1,
                "type": "pronunciation",
                "alternatives": [
                    {
                        "confidence": "0.999",
                        "content": "you"
                    }
                ],
                "start_time": "1.94",
                "end_time": "2.099",
                "speaker_label": "spk_0"
            },
            {
                "id": 2,
                "type": "pronunciation",
                "alternatives": [
                    {
                        "confidence": "0.999",
                        "content": "for"
                    }
                ],
                "start_time": "2.099",
                "end_time": "2.259",
                "speaker_label": "spk_0"
            },
            {
                "id": 3,
                "type": "pronunciation",
                "alternatives": [
                    {
                        "confidence": "0.999",
                        "content": "calling"
                    }
                ],
                "start_time": "2.259",
                "end_time": "2.559",
                "speaker_label": "spk_0"
            },
            {
                "id": 4,
                "type": "pronunciation",
                "alternatives": [
                    {
                        "confidence": "0.891",
                        "content": "Wassler"
                    }
                ],
                "start_time": "2.559",
                "end_time": "3.019",
                "speaker_label": "spk_0"
            },
            {
                "id": 5,
                "type": "pronunciation",
                "alternatives": [
                    {
                        "confidence": "0.99",
                        "content": "Diagnostics"
                    }
                ],
                "start_time": "3.019",
                "end_time": "3.98",
                "speaker_label": "spk_0"
            },
            {
                "id": 6,
                "type": "punctuation",
                "alternatives": [
                    {
                        "confidence": "0.0",
                        "content": "."
                    }
                ],
                "speaker_label": "spk_0"
            },
            {
                "id": 7,
                "type": "pronunciation",
                "alternatives": [
                    {
                        "confidence": "0.997",
                        "content": "Please"
                    }
                ],
                "start_time": "4.179",
                "end_time": "4.42",
                "speaker_label": "spk_0"
            },
            {
                "id": 8,
                "type": "pronunciation",
                "alternatives": [
                    {
                        "confidence": "0.999",
                        "content": "listen"
                    }
                ],
                "start_time": "4.42",
                "end_time": "4.699",
                "speaker_label": "spk_0"
            },
            {
                "id": 9,
                "type": "pronunciation",
                "alternatives": [
                    {
                        "confidence": "0.998",
                        "content": "to"
                    }
                ],
                "start_time": "4.699",
                "end_time": "4.829",
                "speaker_label": "spk_0"
            },
            {
                "id": 10,
                "type": "pronunciation",
                "alternatives": [
                    {
                        "confidence": "0.998",
                        "content": "all"
                    }
                ],
                "start_time": "4.829",
                "end_time": "4.98",
                "speaker_label": "spk_0"
            },
            {
                "id": 11,
                "type": "pronunciation",
                "alternatives": [
                    {
                        "confidence": "0.996",
                        "content": "of"
                    }
                ],
                "start_time": "4.98",
                "end_time": "5.099",
                "speaker_label": "spk_0"
            },
            {
                "id": 12,
                "type": "pronunciation",
                "alternatives": [
                    {
                        "confidence": "0.998",
                        "content": "the"
                    }
                ],
                "start_time": "5.099",
                "end_time": "5.3",
                "speaker_label": "spk_0"
            },
            {
                "id": 13,
                "type": "pronunciation",
                "alternatives": [
                    {
                        "confidence": "0.992",
                        "content": "prompts"
                    }
                ],
                "start_time": "5.3",
                "end_time": "5.739",
                "speaker_label": "spk_0"
            },
            {
                "id": 14,
                "type": "pronunciation",
                "alternatives": [
                    {
                        "confidence": "0.998",
                        "content": "before"
                    }
                ],
                "start_time": "5.739",
                "end_time": "5.86",
                "speaker_label": "spk_0"
            },
            {
                "id": 15,
                "type": "pronunciation",
                "alternatives": [
                    {
                        "confidence": "0.998",
                        "content": "making"
                    }
                ],
                "start_time": "5.86",
                "end_time": "6.099",
                "speaker_label": "spk_0"
            },
            {
                "id": 16,
                "type": "pronunciation",
                "alternatives": [
                    {
                        "confidence": "0.996",
                        "content": "a"
                    }
                ],
                "start_time": "6.099",
                "end_time": "6.3",
                "speaker_label": "spk_0"
            },
            {
                "id": 17,
                "type": "punctuation",
                "alternatives": [
                    {
                        "confidence": "0.0",
                        "content": "."
                    }
                ],
                "speaker_label": "spk_0"
            }
        ],
        "audio_segments": [
            {
                "id": 0,
                "transcript": "Thank you for calling Wassler Diagnostics. Please listen to all of the prompts before making a.",
                "start_time": "1.539",
                "end_time": "6.4",
                "speaker_label": "spk_0",
                "items": [
                    0,
                    1,
                    2,
                    3,
                    4,
                    5,
                    6,
                    7,
                    8,
                    9,
                    10,
                    11,
                    12,
                    13,
                    14,
                    15,
                    16,
                    17
                ]
            }
        ]
    }
}