{
    "jobName": "transcription-job-2024-03-21T18-26-27Z-call-81bcc795-921b-4fd5-a59e-9d0a7ebb7d1c-1734638240",
    "accountId": "199040315413",
    "isRedacted": true,
    "status": "COMPLETED",
    "results": {
        "transcripts": [
            {
                "transcript": "Thank you for calling Wassler Diagnostics. Please listen to all of the prompts before making a selection. If you are calling about booking an appointment, press 1. For general inquiries like clinic locations, operating hours, and how to prepare for the appointment, press 2. If you are at the [PII] office but aren't sure where to go, press 3. We the agnostic [PII] speaking. How may I help you? Hi there, I was asked to call and confirm my appointment for tomorrow. And you have an appointment in [PII]? Yeah, at 10:30. Uh, OK, and when do you know? Tomorrow? Tomorrow, yeah. And what's your name? [PII]. Yeah. OK, OK, I will confirm your appointment. Thank you for letting us know and see you tomorrow. Thanks OK bye bye."
            }
        ],
        "speaker_labels": {
            "segments": [
                {
                    "start_time": "1.61",
                    "end_time": "20.25",
                    "speaker_label": "spk_0",
                    "items": [
                        {
                            "speaker_label": "spk_0",
                            "start_time": "1.62",
                            "end_time": "1.889"
                        },
                        {
                            "speaker_label": "spk_0",
                            "start_time": "1.889",
                            "end_time": "2.049"
                        },
                        {
                            "speaker_label": "spk_0",
                            "start_time": "2.049",
                            "end_time": "2.25"
                        },
                        {
                            "speaker_label": "spk_0",
                            "start_time": "2.25",
                            "end_time": "2.569"
                        },
                        {
                            "speaker_label": "spk_0",
                            "start_time": "2.569",
                            "end_time": "3.039"
                        },
                        {
                            "speaker_label": "spk_0",
                            "start_time": "3.039",
                            "end_time": "3.96"
                        },
                        {
                            "speaker_label": "spk_0",
                            "start_time": "4.17",
                            "end_time": "4.409"
                        },
                        {
                            "speaker_label": "spk_0",
                            "start_time": "4.409",
                            "end_time": "4.69"
                        },
                        {
                            "speaker_label": "spk_0",
                            "start_time": "4.69",
                            "end_time": "4.849"
                        },
                        {
                            "speaker_label": "spk_0",
                            "start_time": "4.849",
                            "end_time": "4.969"
                        },
                        {
                            "speaker_label": "spk_0",
                            "start_time": "4.969",
                            "end_time": "5.11"
                        },
                        {
                            "speaker_label": "spk_0",
                            "start_time": "5.11",
                            "end_time": "5.289"
                        },
                        {
                            "speaker_label": "spk_0",
                            "start_time": "5.289",
                            "end_time": "5.809"
                        },
                        {
                            "speaker_label": "spk_0",
                            "start_time": "5.809",
                            "end_time": "5.969"
                        },
                        {
                            "speaker_label": "spk_0",
                            "start_time": "5.969",
                            "end_time": "6.21"
                        },
                        {
                            "speaker_label": "spk_0",
                            "start_time": "6.21",
                            "end_time": "6.289"
                        },
                        {
                            "speaker_label": "spk_0",
                            "start_time": "6.289",
                            "end_time": "7.01"
                        },
                        {
                            "speaker_label": "spk_0",
                            "start_time": "7.289",
                            "end_time": "7.369"
                        },
                        {
                            "speaker_label": "spk_0",
                            "start_time": "7.369",
                            "end_time": "7.489"
                        },
                        {
                            "speaker_label": "spk_0",
                            "start_time": "7.489",
                            "end_time": "7.69"
                        },
                        {
                            "speaker_label": "spk_0",
                            "start_time": "7.69",
                            "end_time": "8.01"
                        },
                        {
                            "speaker_label": "spk_0",
                            "start_time": "8.01",
                            "end_time": "8.21"
                        },
                        {
                            "speaker_label": "spk_0",
                            "start_time": "8.21",
                            "end_time": "8.489"
                        },
                        {
                            "speaker_label": "spk_0",
                            "start_time": "8.489",
                            "end_time": "8.569"
                        },
                        {
                            "speaker_label": "spk_0",
                            "start_time": "8.569",
                            "end_time": "9.01"
                        },
                        {
                            "speaker_label": "spk_0",
                            "start_time": "9.09",
                            "end_time": "9.369"
                        },
                        {
                            "speaker_label": "spk_0",
                            "start_time": "9.369",
                            "end_time": "9.819"
                        },
                        {
                            "speaker_label": "spk_0",
                            "start_time": "10.09",
                            "end_time": "10.25"
                        },
                        {
                            "speaker_label": "spk_0",
                            "start_time": "10.25",
                            "end_time": "10.55"
                        },
                        {
                            "speaker_label": "spk_0",
                            "start_time": "10.55",
                            "end_time": "11.09"
                        },
                        {
                            "speaker_label": "spk_0",
                            "start_time": "11.09",
                            "end_time": "11.25"
                        },
                        {
                            "speaker_label": "spk_0",
                            "start_time": "11.25",
                            "end_time": "11.81"
                        },
                        {
                            "speaker_label": "spk_0",
                            "start_time": "11.81",
                            "end_time": "12.46"
                        },
                        {
                            "speaker_label": "spk_0",
                            "start_time": "12.569",
                            "end_time": "13.17"
                        },
                        {
                            "speaker_label": "spk_0",
                            "start_time": "13.17",
                            "end_time": "13.68"
                        },
                        {
                            "speaker_label": "spk_0",
                            "start_time": "13.84",
                            "end_time": "14.01"
                        },
                        {
                            "speaker_label": "spk_0",
                            "start_time": "14.01",
                            "end_time": "14.159"
                        },
                        {
                            "speaker_label": "spk_0",
                            "start_time": "14.159",
                            "end_time": "14.489"
                        },
                        {
                            "speaker_label": "spk_0",
                            "start_time": "14.489",
                            "end_time": "14.729"
                        },
                        {
                            "speaker_label": "spk_0",
                            "start_time": "14.729",
                            "end_time": "14.81"
                        },
                        {
                            "speaker_label": "spk_0",
                            "start_time": "14.81",
                            "end_time": "14.89"
                        },
                        {
                            "speaker_label": "spk_0",
                            "start_time": "14.89",
                            "end_time": "15.329"
                        },
                        {
                            "speaker_label": "spk_0",
                            "start_time": "15.409",
                            "end_time": "15.67"
                        },
                        {
                            "speaker_label": "spk_0",
                            "start_time": "15.67",
                            "end_time": "16.12"
                        },
                        {
                            "speaker_label": "spk_0",
                            "start_time": "16.329",
                            "end_time": "16.45"
                        },
                        {
                            "speaker_label": "spk_0",
                            "start_time": "16.45",
                            "end_time": "16.569"
                        },
                        {
                            "speaker_label": "spk_0",
                            "start_time": "16.569",
                            "end_time": "16.729"
                        },
                        {
                            "speaker_label": "spk_0",
                            "start_time": "16.729",
                            "end_time": "16.819"
                        },
                        {
                            "speaker_label": "spk_0",
                            "start_time": "16.819",
                            "end_time": "17.01"
                        },
                        {
                            "speaker_label": "spk_0",
                            "start_time": "17.01",
                            "end_time": "17.45"
                        },
                        {
                            "speaker_label": "spk_0",
                            "start_time": "17.45",
                            "end_time": "17.809"
                        },
                        {
                            "speaker_label": "spk_0",
                            "start_time": "17.809",
                            "end_time": "17.93"
                        },
                        {
                            "speaker_label": "spk_0",
                            "start_time": "17.93",
                            "end_time": "18.209"
                        },
                        {
                            "speaker_label": "spk_0",
                            "start_time": "18.209",
                            "end_time": "18.45"
                        },
                        {
                            "speaker_label": "spk_0",
                            "start_time": "18.45",
                            "end_time": "18.61"
                        },
                        {
                            "speaker_label": "spk_0",
                            "start_time": "18.61",
                            "end_time": "18.77"
                        },
                        {
                            "speaker_label": "spk_0",
                            "start_time": "18.77",
                            "end_time": "19.159"
                        },
                        {
                            "speaker_label": "spk_0",
                            "start_time": "19.29",
                            "end_time": "19.629"
                        },
                        {
                            "speaker_label": "spk_0",
                            "start_time": "19.629",
                            "end_time": "20.129"
                        }
                    ]
                },
                {
                    "start_time": "42.29",
                    "end_time": "45.299",
                    "speaker_label": "spk_1",
                    "items": [
                        {
                            "speaker_label": "spk_1",
                            "start_time": "42.889",
                            "end_time": "42.9"
                        },
                        {
                            "speaker_label": "spk_1",
                            "start_time": "42.9",
                            "end_time": "43.09"
                        },
                        {
                            "speaker_label": "spk_1",
                            "start_time": "43.09",
                            "end_time": "44.029"
                        },
                        {
                            "speaker_label": "spk_1",
                            "start_time": "44.029",
                            "end_time": "44.049"
                        },
                        {
                            "speaker_label": "spk_1",
                            "start_time": "44.049",
                            "end_time": "44.279"
                        },
                        {
                            "speaker_label": "spk_1",
                            "start_time": "44.369",
                            "end_time": "44.529"
                        },
                        {
                            "speaker_label": "spk_1",
                            "start_time": "44.529",
                            "end_time": "44.65"
                        },
                        {
                            "speaker_label": "spk_1",
                            "start_time": "44.65",
                            "end_time": "44.77"
                        },
                        {
                            "speaker_label": "spk_1",
                            "start_time": "44.77",
                            "end_time": "44.959"
                        },
                        {
                            "speaker_label": "spk_1",
                            "start_time": "44.959",
                            "end_time": "45.159"
                        }
                    ]
                },
                {
                    "start_time": "45.93",
                    "end_time": "49.06",
                    "speaker_label": "spk_1",
                    "items": [
                        {
                            "speaker_label": "spk_1",
                            "start_time": "46.13",
                            "end_time": "46.25"
                        },
                        {
                            "speaker_label": "spk_1",
                            "start_time": "46.25",
                            "end_time": "46.34"
                        },
                        {
                            "speaker_label": "spk_1",
                            "start_time": "46.349",
                            "end_time": "46.409"
                        },
                        {
                            "speaker_label": "spk_1",
                            "start_time": "46.409",
                            "end_time": "46.569"
                        },
                        {
                            "speaker_label": "spk_1",
                            "start_time": "46.569",
                            "end_time": "46.729"
                        },
                        {
                            "speaker_label": "spk_1",
                            "start_time": "46.729",
                            "end_time": "46.97"
                        },
                        {
                            "speaker_label": "spk_1",
                            "start_time": "46.97",
                            "end_time": "47.369"
                        },
                        {
                            "speaker_label": "spk_1",
                            "start_time": "47.369",
                            "end_time": "47.81"
                        },
                        {
                            "speaker_label": "spk_1",
                            "start_time": "47.81",
                            "end_time": "47.95"
                        },
                        {
                            "speaker_label": "spk_1",
                            "start_time": "47.95",
                            "end_time": "48.009"
                        },
                        {
                            "speaker_label": "spk_1",
                            "start_time": "48.009",
                            "end_time": "48.38"
                        },
                        {
                            "speaker_label": "spk_1",
                            "start_time": "48.38",
                            "end_time": "48.61"
                        },
                        {
                            "speaker_label": "spk_1",
                            "start_time": "48.61",
                            "end_time": "48.81"
                        }
                    ]
                },
                {
                    "start_time": "50.27",
                    "end_time": "52.74",
                    "speaker_label": "spk_1",
                    "items": [
                        {
                            "speaker_label": "spk_1",
                            "start_time": "50.29",
                            "end_time": "50.74"
                        },
                        {
                            "speaker_label": "spk_1",
                            "start_time": "50.75",
                            "end_time": "50.909"
                        },
                        {
                            "speaker_label": "spk_1",
                            "start_time": "50.909",
                            "end_time": "51.06"
                        },
                        {
                            "speaker_label": "spk_1",
                            "start_time": "51.06",
                            "end_time": "51.069"
                        },
                        {
                            "speaker_label": "spk_1",
                            "start_time": "51.069",
                            "end_time": "51.9"
                        },
                        {
                            "speaker_label": "spk_1",
                            "start_time": "51.9",
                            "end_time": "52.11"
                        },
                        {
                            "speaker_label": "spk_1",
                            "start_time": "52.11",
                            "end_time": "52.63"
                        }
                    ]
                },
                {
                    "start_time": "53.63",
                    "end_time": "54.869",
                    "speaker_label": "spk_1",
                    "items": [
                        {
                            "speaker_label": "spk_1",
                            "start_time": "53.65",
                            "end_time": "53.869"
                        },
                        {
                            "speaker_label": "spk_1",
                            "start_time": "54.0",
                            "end_time": "54.009"
                        },
                        {
                            "speaker_label": "spk_1",
                            "start_time": "54.009",
                            "end_time": "54.75"
                        }
                    ]
                },
                {
                    "start_time": "55.68",
                    "end_time": "65.879",
                    "speaker_label": "spk_1",
                    "items": [
                        {
                            "speaker_label": "spk_1",
                            "start_time": "55.7",
                            "end_time": "56.229"
                        },
                        {
                            "speaker_label": "spk_1",
                            "start_time": "56.479",
                            "end_time": "57.229"
                        },
                        {
                            "speaker_label": "spk_1",
                            "start_time": "57.319",
                            "end_time": "57.72"
                        },
                        {
                            "speaker_label": "spk_1",
                            "start_time": "57.72",
                            "end_time": "58.169"
                        },
                        {
                            "speaker_label": "spk_1",
                            "start_time": "58.169",
                            "end_time": "58.349"
                        },
                        {
                            "speaker_label": "spk_1",
                            "start_time": "58.349",
                            "end_time": "58.599"
                        },
                        {
                            "speaker_label": "spk_1",
                            "start_time": "58.599",
                            "end_time": "59.36"
                        },
                        {
                            "speaker_label": "spk_1",
                            "start_time": "59.59",
                            "end_time": "60.029"
                        },
                        {
                            "speaker_label": "spk_1",
                            "start_time": "60.83",
                            "end_time": "61.0"
                        },
                        {
                            "speaker_label": "spk_1",
                            "start_time": "61.119",
                            "end_time": "61.27"
                        },
                        {
                            "speaker_label": "spk_1",
                            "start_time": "61.479",
                            "end_time": "61.639"
                        },
                        {
                            "speaker_label": "spk_1",
                            "start_time": "61.639",
                            "end_time": "61.84"
                        },
                        {
                            "speaker_label": "spk_1",
                            "start_time": "61.84",
                            "end_time": "62.0"
                        },
                        {
                            "speaker_label": "spk_1",
                            "start_time": "62.0",
                            "end_time": "62.549"
                        },
                        {
                            "speaker_label": "spk_1",
                            "start_time": "64.199",
                            "end_time": "65.099"
                        },
                        {
                            "speaker_label": "spk_1",
                            "start_time": "65.599",
                            "end_time": "65.76"
                        }
                    ]
                },
                {
                    "start_time": "66.4",
                    "end_time": "74.209",
                    "speaker_label": "spk_1",
                    "items": [
                        {
                            "speaker_label": "spk_1",
                            "start_time": "66.41",
                            "end_time": "66.419"
                        },
                        {
                            "speaker_label": "spk_1",
                            "start_time": "66.65",
                            "end_time": "67.66"
                        },
                        {
                            "speaker_label": "spk_1",
                            "start_time": "67.8",
                            "end_time": "67.959"
                        },
                        {
                            "speaker_label": "spk_1",
                            "start_time": "67.959",
                            "end_time": "68.319"
                        },
                        {
                            "speaker_label": "spk_1",
                            "start_time": "68.319",
                            "end_time": "68.519"
                        },
                        {
                            "speaker_label": "spk_1",
                            "start_time": "68.519",
                            "end_time": "68.68"
                        },
                        {
                            "speaker_label": "spk_1",
                            "start_time": "68.68",
                            "end_time": "69.12"
                        },
                        {
                            "speaker_label": "spk_1",
                            "start_time": "69.239",
                            "end_time": "69.459"
                        },
                        {
                            "speaker_label": "spk_1",
                            "start_time": "69.459",
                            "end_time": "69.72"
                        },
                        {
                            "speaker_label": "spk_1",
                            "start_time": "69.72",
                            "end_time": "70.05"
                        },
                        {
                            "speaker_label": "spk_1",
                            "start_time": "70.05",
                            "end_time": "70.36"
                        },
                        {
                            "speaker_label": "spk_1",
                            "start_time": "70.36",
                            "end_time": "70.559"
                        },
                        {
                            "speaker_label": "spk_1",
                            "start_time": "70.559",
                            "end_time": "70.75"
                        },
                        {
                            "speaker_label": "spk_1",
                            "start_time": "70.75",
                            "end_time": "71.04"
                        },
                        {
                            "speaker_label": "spk_1",
                            "start_time": "71.04",
                            "end_time": "71.18"
                        },
                        {
                            "speaker_label": "spk_1",
                            "start_time": "71.18",
                            "end_time": "71.44"
                        },
                        {
                            "speaker_label": "spk_1",
                            "start_time": "71.44",
                            "end_time": "71.86"
                        },
                        {
                            "speaker_label": "spk_1",
                            "start_time": "72.639",
                            "end_time": "73.08"
                        },
                        {
                            "speaker_label": "spk_1",
                            "start_time": "73.08",
                            "end_time": "73.529"
                        },
                        {
                            "speaker_label": "spk_1",
                            "start_time": "73.529",
                            "end_time": "73.61"
                        },
                        {
                            "speaker_label": "spk_1",
                            "start_time": "73.61",
                            "end_time": "74.04"
                        }
                    ]
                }
            ],
            "channel_label": "ch_0",
            "speakers": 2
        },
        "items": [
            {
                "id": 0,
                "type": "pronunciation",
                "alternatives": [
                    {
                        "confidence": "0.999",
                        "content": "Thank"
                    }
                ],
                "start_time": "1.62",
                "end_time": "1.889",
                "speaker_label": "spk_0"
            },
            {
                "id": 1,
                "type": "pronunciation",
                "alternatives": [
                    {
                        "confidence": "0.999",
                        "content": "you"
                    }
                ],
                "start_time": "1.889",
                "end_time": "2.049",
                "speaker_label": "spk_0"
            },
            {
                "id": 2,
                "type": "pronunciation",
                "alternatives": [
                    {
                        "confidence": "0.999",
                        "content": "for"
                    }
                ],
                "start_time": "2.049",
                "end_time": "2.25",
                "speaker_label": "spk_0"
            },
            {
                "id": 3,
                "type": "pronunciation",
                "alternatives": [
                    {
                        "confidence": "0.999",
                        "content": "calling"
                    }
                ],
                "start_time": "2.25",
                "end_time": "2.569",
                "speaker_label": "spk_0"
            },
            {
                "id": 4,
                "type": "pronunciation",
                "alternatives": [
                    {
                        "confidence": "0.75",
                        "content": "Wassler"
                    }
                ],
                "start_time": "2.569",
                "end_time": "3.039",
                "speaker_label": "spk_0"
            },
            {
                "id": 5,
                "type": "pronunciation",
                "alternatives": [
                    {
                        "confidence": "0.993",
                        "content": "Diagnostics"
                    }
                ],
                "start_time": "3.039",
                "end_time": "3.96",
                "speaker_label": "spk_0"
            },
            {
                "id": 6,
                "type": "punctuation",
                "alternatives": [
                    {
                        "confidence": "0.0",
                        "content": "."
                    }
                ],
                "speaker_label": "spk_0"
            },
            {
                "id": 7,
                "type": "pronunciation",
                "alternatives": [
                    {
                        "confidence": "0.997",
                        "content": "Please"
                    }
                ],
                "start_time": "4.17",
                "end_time": "4.409",
                "speaker_label": "spk_0"
            },
            {
                "id": 8,
                "type": "pronunciation",
                "alternatives": [
                    {
                        "confidence": "0.999",
                        "content": "listen"
                    }
                ],
                "start_time": "4.409",
                "end_time": "4.69",
                "speaker_label": "spk_0"
            },
            {
                "id": 9,
                "type": "pronunciation",
                "alternatives": [
                    {
                        "confidence": "0.999",
                        "content": "to"
                    }
                ],
                "start_time": "4.69",
                "end_time": "4.849",
                "speaker_label": "spk_0"
            },
            {
                "id": 10,
                "type": "pronunciation",
                "alternatives": [
                    {
                        "confidence": "0.999",
                        "content": "all"
                    }
                ],
                "start_time": "4.849",
                "end_time": "4.969",
                "speaker_label": "spk_0"
            },
            {
                "id": 11,
                "type": "pronunciation",
                "alternatives": [
                    {
                        "confidence": "0.996",
                        "content": "of"
                    }
                ],
                "start_time": "4.969",
                "end_time": "5.11",
                "speaker_label": "spk_0"
            },
            {
                "id": 12,
                "type": "pronunciation",
                "alternatives": [
                    {
                        "confidence": "0.999",
                        "content": "the"
                    }
                ],
                "start_time": "5.11",
                "end_time": "5.289",
                "speaker_label": "spk_0"
            },
            {
                "id": 13,
                "type": "pronunciation",
                "alternatives": [
                    {
                        "confidence": "0.996",
                        "content": "prompts"
                    }
                ],
                "start_time": "5.289",
                "end_time": "5.809",
                "speaker_label": "spk_0"
            },
            {
                "id": 14,
                "type": "pronunciation",
                "alternatives": [
                    {
                        "confidence": "0.999",
                        "content": "before"
                    }
                ],
                "start_time": "5.809",
                "end_time": "5.969",
                "speaker_label": "spk_0"
            },
            {
                "id": 15,
                "type": "pronunciation",
                "alternatives": [
                    {
                        "confidence": "0.999",
                        "content": "making"
                    }
                ],
                "start_time": "5.969",
                "end_time": "6.21",
                "speaker_label": "spk_0"
            },
            {
                "id": 16,
                "type": "pronunciation",
                "alternatives": [
                    {
                        "confidence": "0.997",
                        "content": "a"
                    }
                ],
                "start_time": "6.21",
                "end_time": "6.289",
                "speaker_label": "spk_0"
            },
            {
                "id": 17,
                "type": "pronunciation",
                "alternatives": [
                    {
                        "confidence": "0.998",
                        "content": "selection"
                    }
                ],
                "start_time": "6.289",
                "end_time": "7.01",
                "speaker_label": "spk_0"
            },
            {
                "id": 18,
                "type": "punctuation",
                "alternatives": [
                    {
                        "confidence": "0.0",
                        "content": "."
                    }
                ],
                "speaker_label": "spk_0"
            },
            {
                "id": 19,
                "type": "pronunciation",
                "alternatives": [
                    {
                        "confidence": "0.997",
                        "content": "If"
                    }
                ],
                "start_time": "7.289",
                "end_time": "7.369",
                "speaker_label": "spk_0"
            },
            {
                "id": 20,
                "type": "pronunciation",
                "alternatives": [
                    {
                        "confidence": "0.999",
                        "content": "you"
                    }
                ],
                "start_time": "7.369",
                "end_time": "7.489",
                "speaker_label": "spk_0"
            },
            {
                "id": 21,
                "type": "pronunciation",
                "alternatives": [
                    {
                        "confidence": "0.997",
                        "content": "are"
                    }
                ],
                "start_time": "7.489",
                "end_time": "7.69",
                "speaker_label": "spk_0"
            },
            {
                "id": 22,
                "type": "pronunciation",
                "alternatives": [
                    {
                        "confidence": "0.999",
                        "content": "calling"
                    }
                ],
                "start_time": "7.69",
                "end_time": "8.01",
                "speaker_label": "spk_0"
            },
            {
                "id": 23,
                "type": "pronunciation",
                "alternatives": [
                    {
                        "confidence": "0.999",
                        "content": "about"
                    }
                ],
                "start_time": "8.01",
                "end_time": "8.21",
                "speaker_label": "spk_0"
            },
            {
                "id": 24,
                "type": "pronunciation",
                "alternatives": [
                    {
                        "confidence": "0.999",
                        "content": "booking"
                    }
                ],
                "start_time": "8.21",
                "end_time": "8.489",
                "speaker_label": "spk_0"
            },
            {
                "id": 25,
                "type": "pronunciation",
                "alternatives": [
                    {
                        "confidence": "0.998",
                        "content": "an"
                    }
                ],
                "start_time": "8.489",
                "end_time": "8.569",
                "speaker_label": "spk_0"
            },
            {
                "id": 26,
                "type": "pronunciation",
                "alternatives": [
                    {
                        "confidence": "0.998",
                        "content": "appointment"
                    }
                ],
                "start_time": "8.569",
                "end_time": "9.01",
                "speaker_label": "spk_0"
            },
            {
                "id": 27,
                "type": "punctuation",
                "alternatives": [
                    {
                        "confidence": "0.0",
                        "content": ","
                    }
                ],
                "speaker_label": "spk_0"
            },
            {
                "id": 28,
                "type": "pronunciation",
                "alternatives": [
                    {
                        "confidence": "0.996",
                        "content": "press"
                    }
                ],
                "start_time": "9.09",
                "end_time": "9.369",
                "speaker_label": "spk_0"
            },
            {
                "id": 29,
                "type": "pronunciation",
                "alternatives": [
                    {
                        "confidence": "0.993",
                        "content": "1"
                    }
                ],
                "start_time": "9.369",
                "end_time": "9.819",
                "speaker_label": "spk_0"
            },
            {
                "id": 30,
                "type": "punctuation",
                "alternatives": [
                    {
                        "confidence": "0.0",
                        "content": "."
                    }
                ],
                "speaker_label": "spk_0"
            },
            {
                "id": 31,
                "type": "pronunciation",
                "alternatives": [
                    {
                        "confidence": "0.996",
                        "content": "For"
                    }
                ],
                "start_time": "10.09",
                "end_time": "10.25",
                "speaker_label": "spk_0"
            },
            {
                "id": 32,
                "type": "pronunciation",
                "alternatives": [
                    {
                        "confidence": "0.999",
                        "content": "general"
                    }
                ],
                "start_time": "10.25",
                "end_time": "10.55",
                "speaker_label": "spk_0"
            },
            {
                "id": 33,
                "type": "pronunciation",
                "alternatives": [
                    {
                        "confidence": "0.995",
                        "content": "inquiries"
                    }
                ],
                "start_time": "10.55",
                "end_time": "11.09",
                "speaker_label": "spk_0"
            },
            {
                "id": 34,
                "type": "pronunciation",
                "alternatives": [
                    {
                        "confidence": "0.998",
                        "content": "like"
                    }
                ],
                "start_time": "11.09",
                "end_time": "11.25",
                "speaker_label": "spk_0"
            },
            {
                "id": 35,
                "type": "pronunciation",
                "alternatives": [
                    {
                        "confidence": "0.995",
                        "content": "clinic"
                    }
                ],
                "start_time": "11.25",
                "end_time": "11.81",
                "speaker_label": "spk_0"
            },
            {
                "id": 36,
                "type": "pronunciation",
                "alternatives": [
                    {
                        "confidence": "0.997",
                        "content": "locations"
                    }
                ],
                "start_time": "11.81",
                "end_time": "12.46",
                "speaker_label": "spk_0"
            },
            {
                "id": 37,
                "type": "punctuation",
                "alternatives": [
                    {
                        "confidence": "0.0",
                        "content": ","
                    }
                ],
                "speaker_label": "spk_0"
            },
            {
                "id": 38,
                "type": "pronunciation",
                "alternatives": [
                    {
                        "confidence": "0.995",
                        "content": "operating"
                    }
                ],
                "start_time": "12.569",
                "end_time": "13.17",
                "speaker_label": "spk_0"
            },
            {
                "id": 39,
                "type": "pronunciation",
                "alternatives": [
                    {
                        "confidence": "0.999",
                        "content": "hours"
                    }
                ],
                "start_time": "13.17",
                "end_time": "13.68",
                "speaker_label": "spk_0"
            },
            {
                "id": 40,
                "type": "punctuation",
                "alternatives": [
                    {
                        "confidence": "0.0",
                        "content": ","
                    }
                ],
                "speaker_label": "spk_0"
            },
            {
                "id": 41,
                "type": "pronunciation",
                "alternatives": [
                    {
                        "confidence": "0.999",
                        "content": "and"
                    }
                ],
                "start_time": "13.84",
                "end_time": "14.01",
                "speaker_label": "spk_0"
            },
            {
                "id": 42,
                "type": "pronunciation",
                "alternatives": [
                    {
                        "confidence": "0.997",
                        "content": "how"
                    }
                ],
                "start_time": "14.01",
                "end_time": "14.159",
                "speaker_label": "spk_0"
            },
            {
                "id": 43,
                "type": "pronunciation",
                "alternatives": [
                    {
                        "confidence": "0.999",
                        "content": "to"
                    }
                ],
                "start_time": "14.159",
                "end_time": "14.489",
                "speaker_label": "spk_0"
            },
            {
                "id": 44,
                "type": "pronunciation",
                "alternatives": [
                    {
                        "confidence": "0.999",
                        "content": "prepare"
                    }
                ],
                "start_time": "14.489",
                "end_time": "14.729",
                "speaker_label": "spk_0"
            },
            {
                "id": 45,
                "type": "pronunciation",
                "alternatives": [
                    {
                        "confidence": "0.999",
                        "content": "for"
                    }
                ],
                "start_time": "14.729",
                "end_time": "14.81",
                "speaker_label": "spk_0"
            },
            {
                "id": 46,
                "type": "pronunciation",
                "alternatives": [
                    {
                        "confidence": "0.998",
                        "content": "the"
                    }
                ],
                "start_time": "14.81",
                "end_time": "14.89",
                "speaker_label": "spk_0"
            },
            {
                "id": 47,
                "type": "pronunciation",
                "alternatives": [
                    {
                        "confidence": "0.998",
                        "content": "appointment"
                    }
                ],
                "start_time": "14.89",
                "end_time": "15.329",
                "speaker_label": "spk_0"
            },
            {
                "id": 48,
                "type": "punctuation",
                "alternatives": [
                    {
                        "confidence": "0.0",
                        "content": ","
                    }
                ],
                "speaker_label": "spk_0"
            },
            {
                "id": 49,
                "type": "pronunciation",
                "alternatives": [
                    {
                        "confidence": "0.995",
                        "content": "press"
                    }
                ],
                "start_time": "15.409",
                "end_time": "15.67",
                "speaker_label": "spk_0"
            },
            {
                "id": 50,
                "type": "pronunciation",
                "alternatives": [
                    {
                        "confidence": "0.995",
                        "content": "2"
                    }
                ],
                "start_time": "15.67",
                "end_time": "16.12",
                "speaker_label": "spk_0"
            },
            {
                "id": 51,
                "type": "punctuation",
                "alternatives": [
                    {
                        "confidence": "0.0",
                        "content": "."
                    }
                ],
                "speaker_label": "spk_0"
            },
            {
                "id": 52,
                "type": "pronunciation",
                "alternatives": [
                    {
                        "confidence": "0.997",
                        "content": "If"
                    }
                ],
                "start_time": "16.329",
                "end_time": "16.45",
                "speaker_label": "spk_0"
            },
            {
                "id": 53,
                "type": "pronunciation",
                "alternatives": [
                    {
                        "confidence": "0.999",
                        "content": "you"
                    }
                ],
                "start_time": "16.45",
                "end_time": "16.569",
                "speaker_label": "spk_0"
            },
            {
                "id": 54,
                "type": "pronunciation",
                "alternatives": [
                    {
                        "confidence": "0.997",
                        "content": "are"
                    }
                ],
                "start_time": "16.569",
                "end_time": "16.729",
                "speaker_label": "spk_0"
            },
            {
                "id": 55,
                "type": "pronunciation",
                "alternatives": [
                    {
                        "confidence": "0.998",
                        "content": "at"
                    }
                ],
                "start_time": "16.729",
                "end_time": "16.819",
                "speaker_label": "spk_0"
            },
            {
                "id": 56,
                "type": "pronunciation",
                "alternatives": [
                    {
                        "confidence": "0.999",
                        "content": "the"
                    }
                ],
                "start_time": "16.819",
                "end_time": "17.01",
                "speaker_label": "spk_0"
            },
            {
                "id": 57,
                "type": "pronunciation",
                "alternatives": [
                    {
                        "content": "[PII]",
                        "redactions": [
                            {
                                "confidence": "1.0",
                                "type": "ADDRESS",
                                "category": "PII"
                            }
                        ]
                    }
                ],
                "start_time": "17.01",
                "end_time": "17.45"
            },
            {
                "id": 58,
                "type": "pronunciation",
                "alternatives": [
                    {
                        "confidence": "0.999",
                        "content": "office"
                    }
                ],
                "start_time": "17.45",
                "end_time": "17.809",
                "speaker_label": "spk_0"
            },
            {
                "id": 59,
                "type": "pronunciation",
                "alternatives": [
                    {
                        "confidence": "0.998",
                        "content": "but"
                    }
                ],
                "start_time": "17.809",
                "end_time": "17.93",
                "speaker_label": "spk_0"
            },
            {
                "id": 60,
                "type": "pronunciation",
                "alternatives": [
                    {
                        "confidence": "0.99",
                        "content": "aren't"
                    }
                ],
                "start_time": "17.93",
                "end_time": "18.209",
                "speaker_label": "spk_0"
            },
            {
                "id": 61,
                "type": "pronunciation",
                "alternatives": [
                    {
                        "confidence": "0.998",
                        "content": "sure"
                    }
                ],
                "start_time": "18.209",
                "end_time": "18.45",
                "speaker_label": "spk_0"
            },
            {
                "id": 62,
                "type": "pronunciation",
                "alternatives": [
                    {
                        "confidence": "0.999",
                        "content": "where"
                    }
                ],
                "start_time": "18.45",
                "end_time": "18.61",
                "speaker_label": "spk_0"
            },
            {
                "id": 63,
                "type": "pronunciation",
                "alternatives": [
                    {
                        "confidence": "0.999",
                        "content": "to"
                    }
                ],
                "start_time": "18.61",
                "end_time": "18.77",
                "speaker_label": "spk_0"
            },
            {
                "id": 64,
                "type": "pronunciation",
                "alternatives": [
                    {
                        "confidence": "0.999",
                        "content": "go"
                    }
                ],
                "start_time": "18.77",
                "end_time": "19.159",
                "speaker_label": "spk_0"
            },
            {
                "id": 65,
                "type": "punctuation",
                "alternatives": [
                    {
                        "confidence": "0.0",
                        "content": ","
                    }
                ],
                "speaker_label": "spk_0"
            },
            {
                "id": 66,
                "type": "pronunciation",
                "alternatives": [
                    {
                        "confidence": "0.996",
                        "content": "press"
                    }
                ],
                "start_time": "19.29",
                "end_time": "19.629",
                "speaker_label": "spk_0"
            },
            {
                "id": 67,
                "type": "pronunciation",
                "alternatives": [
                    {
                        "confidence": "0.998",
                        "content": "3"
                    }
                ],
                "start_time": "19.629",
                "end_time": "20.129",
                "speaker_label": "spk_0"
            },
            {
                "id": 68,
                "type": "punctuation",
                "alternatives": [
                    {
                        "confidence": "0.0",
                        "content": "."
                    }
                ],
                "speaker_label": "spk_0"
            },
            {
                "id": 69,
                "type": "pronunciation",
                "alternatives": [
                    {
                        "confidence": "0.995",
                        "content": "We"
                    }
                ],
                "start_time": "42.889",
                "end_time": "42.9",
                "speaker_label": "spk_1"
            },
            {
                "id": 70,
                "type": "pronunciation",
                "alternatives": [
                    {
                        "confidence": "0.801",
                        "content": "the"
                    }
                ],
                "start_time": "42.9",
                "end_time": "43.09",
                "speaker_label": "spk_1"
            },
            {
                "id": 71,
                "type": "pronunciation",
                "alternatives": [
                    {
                        "confidence": "0.935",
                        "content": "agnostic"
                    }
                ],
                "start_time": "43.09",
                "end_time": "44.029",
                "speaker_label": "spk_1"
            },
            {
                "id": 72,
                "type": "pronunciation",
                "alternatives": [
                    {
                        "content": "[PII]",
                        "redactions": [
                            {
                                "confidence": "1.0",
                                "type": "NAME",
                                "category": "PII"
                            }
                        ]
                    }
                ],
                "start_time": "44.029",
                "end_time": "44.049"
            },
            {
                "id": 73,
                "type": "pronunciation",
                "alternatives": [
                    {
                        "confidence": "0.998",
                        "content": "speaking"
                    }
                ],
                "start_time": "44.049",
                "end_time": "44.279",
                "speaker_label": "spk_1"
            },
            {
                "id": 74,
                "type": "punctuation",
                "alternatives": [
                    {
                        "confidence": "0.0",
                        "content": "."
                    }
                ],
                "speaker_label": "spk_1"
            },
            {
                "id": 75,
                "type": "pronunciation",
                "alternatives": [
                    {
                        "confidence": "0.994",
                        "content": "How"
                    }
                ],
                "start_time": "44.369",
                "end_time": "44.529",
                "speaker_label": "spk_1"
            },
            {
                "id": 76,
                "type": "pronunciation",
                "alternatives": [
                    {
                        "confidence": "0.999",
                        "content": "may"
                    }
                ],
                "start_time": "44.529",
                "end_time": "44.65",
                "speaker_label": "spk_1"
            },
            {
                "id": 77,
                "type": "pronunciation",
                "alternatives": [
                    {
                        "confidence": "0.999",
                        "content": "I"
                    }
                ],
                "start_time": "44.65",
                "end_time": "44.77",
                "speaker_label": "spk_1"
            },
            {
                "id": 78,
                "type": "pronunciation",
                "alternatives": [
                    {
                        "confidence": "0.999",
                        "content": "help"
                    }
                ],
                "start_time": "44.77",
                "end_time": "44.959",
                "speaker_label": "spk_1"
            },
            {
                "id": 79,
                "type": "pronunciation",
                "alternatives": [
                    {
                        "confidence": "0.999",
                        "content": "you"
                    }
                ],
                "start_time": "44.959",
                "end_time": "45.159",
                "speaker_label": "spk_1"
            },
            {
                "id": 80,
                "type": "punctuation",
                "alternatives": [
                    {
                        "confidence": "0.0",
                        "content": "?"
                    }
                ],
                "speaker_label": "spk_1"
            },
            {
                "id": 81,
                "type": "pronunciation",
                "alternatives": [
                    {
                        "confidence": "0.996",
                        "content": "Hi"
                    }
                ],
                "start_time": "46.13",
                "end_time": "46.25",
                "speaker_label": "spk_1"
            },
            {
                "id": 82,
                "type": "pronunciation",
                "alternatives": [
                    {
                        "confidence": "0.996",
                        "content": "there"
                    }
                ],
                "start_time": "46.25",
                "end_time": "46.34",
                "speaker_label": "spk_1"
            },
            {
                "id": 83,
                "type": "punctuation",
                "alternatives": [
                    {
                        "confidence": "0.0",
                        "content": ","
                    }
                ],
                "speaker_label": "spk_1"
            },
            {
                "id": 84,
                "type": "pronunciation",
                "alternatives": [
                    {
                        "confidence": "0.997",
                        "content": "I"
                    }
                ],
                "start_time": "46.349",
                "end_time": "46.409",
                "speaker_label": "spk_1"
            },
            {
                "id": 85,
                "type": "pronunciation",
                "alternatives": [
                    {
                        "confidence": "0.998",
                        "content": "was"
                    }
                ],
                "start_time": "46.409",
                "end_time": "46.569",
                "speaker_label": "spk_1"
            },
            {
                "id": 86,
                "type": "pronunciation",
                "alternatives": [
                    {
                        "confidence": "0.997",
                        "content": "asked"
                    }
                ],
                "start_time": "46.569",
                "end_time": "46.729",
                "speaker_label": "spk_1"
            },
            {
                "id": 87,
                "type": "pronunciation",
                "alternatives": [
                    {
                        "confidence": "0.999",
                        "content": "to"
                    }
                ],
                "start_time": "46.729",
                "end_time": "46.97",
                "speaker_label": "spk_1"
            },
            {
                "id": 88,
                "type": "pronunciation",
                "alternatives": [
                    {
                        "confidence": "0.999",
                        "content": "call"
                    }
                ],
                "start_time": "46.97",
                "end_time": "47.369",
                "speaker_label": "spk_1"
            },
            {
                "id": 89,
                "type": "pronunciation",
                "alternatives": [
                    {
                        "confidence": "0.999",
                        "content": "and"
                    }
                ],
                "start_time": "47.369",
                "end_time": "47.81",
                "speaker_label": "spk_1"
            },
            {
                "id": 90,
                "type": "pronunciation",
                "alternatives": [
                    {
                        "confidence": "0.996",
                        "content": "confirm"
                    }
                ],
                "start_time": "47.81",
                "end_time": "47.95",
                "speaker_label": "spk_1"
            },
            {
                "id": 91,
                "type": "pronunciation",
                "alternatives": [
                    {
                        "confidence": "0.999",
                        "content": "my"
                    }
                ],
                "start_time": "47.95",
                "end_time": "48.009",
                "speaker_label": "spk_1"
            },
            {
                "id": 92,
                "type": "pronunciation",
                "alternatives": [
                    {
                        "confidence": "0.988",
                        "content": "appointment"
                    }
                ],
                "start_time": "48.009",
                "end_time": "48.38",
                "speaker_label": "spk_1"
            },
            {
                "id": 93,
                "type": "pronunciation",
                "alternatives": [
                    {
                        "confidence": "0.996",
                        "content": "for"
                    }
                ],
                "start_time": "48.38",
                "end_time": "48.61",
                "speaker_label": "spk_1"
            },
            {
                "id": 94,
                "type": "pronunciation",
                "alternatives": [
                    {
                        "confidence": "0.996",
                        "content": "tomorrow"
                    }
                ],
                "start_time": "48.61",
                "end_time": "48.81",
                "speaker_label": "spk_1"
            },
            {
                "id": 95,
                "type": "punctuation",
                "alternatives": [
                    {
                        "confidence": "0.0",
                        "content": "."
                    }
                ],
                "speaker_label": "spk_1"
            },
            {
                "id": 96,
                "type": "pronunciation",
                "alternatives": [
                    {
                        "confidence": "0.998",
                        "content": "And"
                    }
                ],
                "start_time": "50.29",
                "end_time": "50.74",
                "speaker_label": "spk_1"
            },
            {
                "id": 97,
                "type": "pronunciation",
                "alternatives": [
                    {
                        "confidence": "0.998",
                        "content": "you"
                    }
                ],
                "start_time": "50.75",
                "end_time": "50.909",
                "speaker_label": "spk_1"
            },
            {
                "id": 98,
                "type": "pronunciation",
                "alternatives": [
                    {
                        "confidence": "0.999",
                        "content": "have"
                    }
                ],
                "start_time": "50.909",
                "end_time": "51.06",
                "speaker_label": "spk_1"
            },
            {
                "id": 99,
                "type": "pronunciation",
                "alternatives": [
                    {
                        "confidence": "0.6",
                        "content": "an"
                    }
                ],
                "start_time": "51.06",
                "end_time": "51.069",
                "speaker_label": "spk_1"
            },
            {
                "id": 100,
                "type": "pronunciation",
                "alternatives": [
                    {
                        "confidence": "0.993",
                        "content": "appointment"
                    }
                ],
                "start_time": "51.069",
                "end_time": "51.9",
                "speaker_label": "spk_1"
            },
            {
                "id": 101,
                "type": "pronunciation",
                "alternatives": [
                    {
                        "confidence": "0.999",
                        "content": "in"
                    }
                ],
                "start_time": "51.9",
                "end_time": "52.11",
                "speaker_label": "spk_1"
            },
            {
                "id": 102,
                "type": "pronunciation",
                "alternatives": [
                    {
                        "content": "[PII]",
                        "redactions": [
                            {
                                "confidence": "1.0",
                                "type": "ADDRESS",
                                "category": "PII"
                            }
                        ]
                    }
                ],
                "start_time": "52.11",
                "end_time": "52.63"
            },
            {
                "id": 103,
                "type": "punctuation",
                "alternatives": [
                    {
                        "confidence": "0.0",
                        "content": "?"
                    }
                ]
            },
            {
                "id": 104,
                "type": "pronunciation",
                "alternatives": [
                    {
                        "confidence": "0.996",
                        "content": "Yeah"
                    }
                ],
                "start_time": "53.65",
                "end_time": "53.869",
                "speaker_label": "spk_1"
            },
            {
                "id": 105,
                "type": "punctuation",
                "alternatives": [
                    {
                        "confidence": "0.0",
                        "content": ","
                    }
                ],
                "speaker_label": "spk_1"
            },
            {
                "id": 106,
                "type": "pronunciation",
                "alternatives": [
                    {
                        "confidence": "0.987",
                        "content": "at"
                    }
                ],
                "start_time": "54.0",
                "end_time": "54.009",
                "speaker_label": "spk_1"
            },
            {
                "id": 107,
                "type": "pronunciation",
                "alternatives": [
                    {
                        "confidence": "0.721",
                        "content": "10:30"
                    }
                ],
                "start_time": "54.009",
                "end_time": "54.75",
                "speaker_label": "spk_1"
            },
            {
                "id": 108,
                "type": "punctuation",
                "alternatives": [
                    {
                        "confidence": "0.0",
                        "content": "."
                    }
                ],
                "speaker_label": "spk_1"
            },
            {
                "id": 109,
                "type": "pronunciation",
                "alternatives": [
                    {
                        "confidence": "0.996",
                        "content": "Uh"
                    }
                ],
                "start_time": "55.7",
                "end_time": "56.229",
                "speaker_label": "spk_1"
            },
            {
                "id": 110,
                "type": "punctuation",
                "alternatives": [
                    {
                        "confidence": "0.0",
                        "content": ","
                    }
                ],
                "speaker_label": "spk_1"
            },
            {
                "id": 111,
                "type": "pronunciation",
                "alternatives": [
                    {
                        "confidence": "0.999",
                        "content": "OK"
                    }
                ],
                "start_time": "56.479",
                "end_time": "57.229",
                "speaker_label": "spk_1"
            },
            {
                "id": 112,
                "type": "punctuation",
                "alternatives": [
                    {
                        "confidence": "0.0",
                        "content": ","
                    }
                ],
                "speaker_label": "spk_1"
            },
            {
                "id": 113,
                "type": "pronunciation",
                "alternatives": [
                    {
                        "confidence": "0.996",
                        "content": "and"
                    }
                ],
                "start_time": "57.319",
                "end_time": "57.72",
                "speaker_label": "spk_1"
            },
            {
                "id": 114,
                "type": "pronunciation",
                "alternatives": [
                    {
                        "confidence": "0.997",
                        "content": "when"
                    }
                ],
                "start_time": "57.72",
                "end_time": "58.169",
                "speaker_label": "spk_1"
            },
            {
                "id": 115,
                "type": "pronunciation",
                "alternatives": [
                    {
                        "confidence": "0.996",
                        "content": "do"
                    }
                ],
                "start_time": "58.169",
                "end_time": "58.349",
                "speaker_label": "spk_1"
            },
            {
                "id": 116,
                "type": "pronunciation",
                "alternatives": [
                    {
                        "confidence": "0.997",
                        "content": "you"
                    }
                ],
                "start_time": "58.349",
                "end_time": "58.599",
                "speaker_label": "spk_1"
            },
            {
                "id": 117,
                "type": "pronunciation",
                "alternatives": [
                    {
                        "confidence": "0.998",
                        "content": "know"
                    }
                ],
                "start_time": "58.599",
                "end_time": "59.36",
                "speaker_label": "spk_1"
            },
            {
                "id": 118,
                "type": "punctuation",
                "alternatives": [
                    {
                        "confidence": "0.0",
                        "content": "?"
                    }
                ],
                "speaker_label": "spk_1"
            },
            {
                "id": 119,
                "type": "pronunciation",
                "alternatives": [
                    {
                        "confidence": "0.399",
                        "content": "Tomorrow"
                    }
                ],
                "start_time": "59.59",
                "end_time": "60.029",
                "speaker_label": "spk_1"
            },
            {
                "id": 120,
                "type": "punctuation",
                "alternatives": [
                    {
                        "confidence": "0.0",
                        "content": "?"
                    }
                ],
                "speaker_label": "spk_1"
            },
            {
                "id": 121,
                "type": "pronunciation",
                "alternatives": [
                    {
                        "confidence": "0.72",
                        "content": "Tomorrow"
                    }
                ],
                "start_time": "60.83",
                "end_time": "61.0",
                "speaker_label": "spk_1"
            },
            {
                "id": 122,
                "type": "punctuation",
                "alternatives": [
                    {
                        "confidence": "0.0",
                        "content": ","
                    }
                ],
                "speaker_label": "spk_1"
            },
            {
                "id": 123,
                "type": "pronunciation",
                "alternatives": [
                    {
                        "confidence": "0.992",
                        "content": "yeah"
                    }
                ],
                "start_time": "61.119",
                "end_time": "61.27",
                "speaker_label": "spk_1"
            },
            {
                "id": 124,
                "type": "punctuation",
                "alternatives": [
                    {
                        "confidence": "0.0",
                        "content": "."
                    }
                ],
                "speaker_label": "spk_1"
            },
            {
                "id": 125,
                "type": "pronunciation",
                "alternatives": [
                    {
                        "confidence": "0.988",
                        "content": "And"
                    }
                ],
                "start_time": "61.479",
                "end_time": "61.639",
                "speaker_label": "spk_1"
            },
            {
                "id": 126,
                "type": "pronunciation",
                "alternatives": [
                    {
                        "confidence": "0.992",
                        "content": "what's"
                    }
                ],
                "start_time": "61.639",
                "end_time": "61.84",
                "speaker_label": "spk_1"
            },
            {
                "id": 127,
                "type": "pronunciation",
                "alternatives": [
                    {
                        "confidence": "0.997",
                        "content": "your"
                    }
                ],
                "start_time": "61.84",
                "end_time": "62.0",
                "speaker_label": "spk_1"
            },
            {
                "id": 128,
                "type": "pronunciation",
                "alternatives": [
                    {
                        "confidence": "0.997",
                        "content": "name"
                    }
                ],
                "start_time": "62.0",
                "end_time": "62.549",
                "speaker_label": "spk_1"
            },
            {
                "id": 129,
                "type": "punctuation",
                "alternatives": [
                    {
                        "confidence": "0.0",
                        "content": "?"
                    }
                ],
                "speaker_label": "spk_1"
            },
            {
                "id": 130,
                "type": "pronunciation",
                "alternatives": [
                    {
                        "content": "[PII]",
                        "redactions": [
                            {
                                "confidence": "1.0",
                                "type": "NAME",
                                "category": "PII"
                            }
                        ]
                    }
                ],
                "start_time": "64.199",
                "end_time": "65.099"
            },
            {
                "id": 131,
                "type": "punctuation",
                "alternatives": [
                    {
                        "confidence": "0.0",
                        "content": "."
                    }
                ]
            },
            {
                "id": 132,
                "type": "pronunciation",
                "alternatives": [
                    {
                        "confidence": "0.906",
                        "content": "Yeah"
                    }
                ],
                "start_time": "65.599",
                "end_time": "65.76",
                "speaker_label": "spk_1"
            },
            {
                "id": 133,
                "type": "punctuation",
                "alternatives": [
                    {
                        "confidence": "0.0",
                        "content": "."
                    }
                ],
                "speaker_label": "spk_1"
            },
            {
                "id": 134,
                "type": "pronunciation",
                "alternatives": [
                    {
                        "confidence": "0.999",
                        "content": "OK"
                    }
                ],
                "start_time": "66.41",
                "end_time": "66.419",
                "speaker_label": "spk_1"
            },
            {
                "id": 135,
                "type": "punctuation",
                "alternatives": [
                    {
                        "confidence": "0.0",
                        "content": ","
                    }
                ],
                "speaker_label": "spk_1"
            },
            {
                "id": 136,
                "type": "pronunciation",
                "alternatives": [
                    {
                        "confidence": "0.998",
                        "content": "OK"
                    }
                ],
                "start_time": "66.65",
                "end_time": "67.66",
                "speaker_label": "spk_1"
            },
            {
                "id": 137,
                "type": "punctuation",
                "alternatives": [
                    {
                        "confidence": "0.0",
                        "content": ","
                    }
                ],
                "speaker_label": "spk_1"
            },
            {
                "id": 138,
                "type": "pronunciation",
                "alternatives": [
                    {
                        "confidence": "0.999",
                        "content": "I"
                    }
                ],
                "start_time": "67.8",
                "end_time": "67.959",
                "speaker_label": "spk_1"
            },
            {
                "id": 139,
                "type": "pronunciation",
                "alternatives": [
                    {
                        "confidence": "0.998",
                        "content": "will"
                    }
                ],
                "start_time": "67.959",
                "end_time": "68.319",
                "speaker_label": "spk_1"
            },
            {
                "id": 140,
                "type": "pronunciation",
                "alternatives": [
                    {
                        "confidence": "0.998",
                        "content": "confirm"
                    }
                ],
                "start_time": "68.319",
                "end_time": "68.519",
                "speaker_label": "spk_1"
            },
            {
                "id": 141,
                "type": "pronunciation",
                "alternatives": [
                    {
                        "confidence": "0.998",
                        "content": "your"
                    }
                ],
                "start_time": "68.519",
                "end_time": "68.68",
                "speaker_label": "spk_1"
            },
            {
                "id": 142,
                "type": "pronunciation",
                "alternatives": [
                    {
                        "confidence": "0.994",
                        "content": "appointment"
                    }
                ],
                "start_time": "68.68",
                "end_time": "69.12",
                "speaker_label": "spk_1"
            },
            {
                "id": 143,
                "type": "punctuation",
                "alternatives": [
                    {
                        "confidence": "0.0",
                        "content": "."
                    }
                ],
                "speaker_label": "spk_1"
            },
            {
                "id": 144,
                "type": "pronunciation",
                "alternatives": [
                    {
                        "confidence": "0.685",
                        "content": "Thank"
                    }
                ],
                "start_time": "69.239",
                "end_time": "69.459",
                "speaker_label": "spk_1"
            },
            {
                "id": 145,
                "type": "pronunciation",
                "alternatives": [
                    {
                        "confidence": "0.999",
                        "content": "you"
                    }
                ],
                "start_time": "69.459",
                "end_time": "69.72",
                "speaker_label": "spk_1"
            },
            {
                "id": 146,
                "type": "pronunciation",
                "alternatives": [
                    {
                        "confidence": "0.999",
                        "content": "for"
                    }
                ],
                "start_time": "69.72",
                "end_time": "70.05",
                "speaker_label": "spk_1"
            },
            {
                "id": 147,
                "type": "pronunciation",
                "alternatives": [
                    {
                        "confidence": "0.997",
                        "content": "letting"
                    }
                ],
                "start_time": "70.05",
                "end_time": "70.36",
                "speaker_label": "spk_1"
            },
            {
                "id": 148,
                "type": "pronunciation",
                "alternatives": [
                    {
                        "confidence": "0.998",
                        "content": "us"
                    }
                ],
                "start_time": "70.36",
                "end_time": "70.559",
                "speaker_label": "spk_1"
            },
            {
                "id": 149,
                "type": "pronunciation",
                "alternatives": [
                    {
                        "confidence": "0.998",
                        "content": "know"
                    }
                ],
                "start_time": "70.559",
                "end_time": "70.75",
                "speaker_label": "spk_1"
            },
            {
                "id": 150,
                "type": "pronunciation",
                "alternatives": [
                    {
                        "confidence": "0.998",
                        "content": "and"
                    }
                ],
                "start_time": "70.75",
                "end_time": "71.04",
                "speaker_label": "spk_1"
            },
            {
                "id": 151,
                "type": "pronunciation",
                "alternatives": [
                    {
                        "confidence": "0.999",
                        "content": "see"
                    }
                ],
                "start_time": "71.04",
                "end_time": "71.18",
                "speaker_label": "spk_1"
            },
            {
                "id": 152,
                "type": "pronunciation",
                "alternatives": [
                    {
                        "confidence": "0.996",
                        "content": "you"
                    }
                ],
                "start_time": "71.18",
                "end_time": "71.44",
                "speaker_label": "spk_1"
            },
            {
                "id": 153,
                "type": "pronunciation",
                "alternatives": [
                    {
                        "confidence": "0.999",
                        "content": "tomorrow"
                    }
                ],
                "start_time": "71.44",
                "end_time": "71.86",
                "speaker_label": "spk_1"
            },
            {
                "id": 154,
                "type": "punctuation",
                "alternatives": [
                    {
                        "confidence": "0.0",
                        "content": "."
                    }
                ],
                "speaker_label": "spk_1"
            },
            {
                "id": 155,
                "type": "pronunciation",
                "alternatives": [
                    {
                        "confidence": "0.997",
                        "content": "Thanks"
                    }
                ],
                "start_time": "72.639",
                "end_time": "73.08",
                "speaker_label": "spk_1"
            },
            {
                "id": 156,
                "type": "pronunciation",
                "alternatives": [
                    {
                        "confidence": "0.997",
                        "content": "OK"
                    }
                ],
                "start_time": "73.08",
                "end_time": "73.529",
                "speaker_label": "spk_1"
            },
            {
                "id": 157,
                "type": "pronunciation",
                "alternatives": [
                    {
                        "confidence": "0.994",
                        "content": "bye"
                    }
                ],
                "start_time": "73.529",
                "end_time": "73.61",
                "speaker_label": "spk_1"
            },
            {
                "id": 158,
                "type": "pronunciation",
                "alternatives": [
                    {
                        "confidence": "0.993",
                        "content": "bye"
                    }
                ],
                "start_time": "73.61",
                "end_time": "74.04",
                "speaker_label": "spk_1"
            },
            {
                "id": 159,
                "type": "punctuation",
                "alternatives": [
                    {
                        "confidence": "0.0",
                        "content": "."
                    }
                ],
                "speaker_label": "spk_1"
            }
        ],
        "audio_segments": [
            {
                "id": 0,
                "transcript": "Thank you for calling Wassler Diagnostics. Please listen to all of the prompts before making a selection. If you are calling about booking an appointment, press 1. For general inquiries like clinic locations, operating hours, and how to prepare for the appointment, press 2. If you are at the [PII] office but aren't sure where to go, press 3.",
                "start_time": "1.61",
                "end_time": "20.25",
                "speaker_label": "spk_0",
                "items": [
                    0,
                    1,
                    2,
                    3,
                    4,
                    5,
                    6,
                    7,
                    8,
                    9,
                    10,
                    11,
                    12,
                    13,
                    14,
                    15,
                    16,
                    17,
                    18,
                    19,
                    20,
                    21,
                    22,
                    23,
                    24,
                    25,
                    26,
                    27,
                    28,
                    29,
                    30,
                    31,
                    32,
                    33,
                    34,
                    35,
                    36,
                    37,
                    38,
                    39,
                    40,
                    41,
                    42,
                    43,
                    44,
                    45,
                    46,
                    47,
                    48,
                    49,
                    50,
                    51,
                    52,
                    53,
                    54,
                    55,
                    56,
                    57,
                    58,
                    59,
                    60,
                    61,
                    62,
                    63,
                    64,
                    65,
                    66,
                    67,
                    68
                ]
            },
            {
                "id": 1,
                "transcript": "We the agnostic [PII] speaking. How may I help you?",
                "start_time": "42.29",
                "end_time": "45.299",
                "speaker_label": "spk_1",
                "items": [
                    69,
                    70,
                    71,
                    72,
                    73,
                    74,
                    75,
                    76,
                    77,
                    78,
                    79,
                    80
                ]
            },
            {
                "id": 2,
                "transcript": "Hi there, I was asked to call and confirm my appointment for tomorrow.",
                "start_time": "45.93",
                "end_time": "49.06",
                "speaker_label": "spk_1",
                "items": [
                    81,
                    82,
                    83,
                    84,
                    85,
                    86,
                    87,
                    88,
                    89,
                    90,
                    91,
                    92,
                    93,
                    94,
                    95
                ]
            },
            {
                "id": 3,
                "transcript": "And you have an appointment in [PII]?",
                "start_time": "50.27",
                "end_time": "52.74",
                "speaker_label": "spk_1",
                "items": [
                    96,
                    97,
                    98,
                    99,
                    100,
                    101,
                    102,
                    103
                ]
            },
            {
                "id": 4,
                "transcript": "Yeah, at 10:30.",
                "start_time": "53.63",
                "end_time": "54.869",
                "speaker_label": "spk_1",
                "items": [
                    104,
                    105,
                    106,
                    107,
                    108
                ]
            },
            {
                "id": 5,
                "transcript": "Uh, OK, and when do you know? Tomorrow? Tomorrow, yeah. And what's your name? [PII]. Yeah.",
                "start_time": "55.68",
                "end_time": "65.879",
                "speaker_label": "spk_1",
                "items": [
                    109,
                    110,
                    111,
                    112,
                    113,
                    114,
                    115,
                    116,
                    117,
                    118,
                    119,
                    120,
                    121,
                    122,
                    123,
                    124,
                    125,
                    126,
                    127,
                    128,
                    129,
                    130,
                    131,
                    132,
                    133
                ]
            },
            {
                "id": 6,
                "transcript": "OK, OK, I will confirm your appointment. Thank you for letting us know and see you tomorrow. Thanks OK bye bye.",
                "start_time": "66.4",
                "end_time": "74.209",
                "speaker_label": "spk_1",
                "items": [
                    134,
                    135,
                    136,
                    137,
                    138,
                    139,
                    140,
                    141,
                    142,
                    143,
                    144,
                    145,
                    146,
                    147,
                    148,
                    149,
                    150,
                    151,
                    152,
                    153,
                    154,
                    155,
                    156,
                    157,
                    158,
                    159
                ]
            }
        ]
    }
}