{
    "jobName": "transcription-job-2024-03-21T16-22-52Z-call-36c5b470-3c4a-4d3e-b2f2-7952a38c4b56-1734637354",
    "accountId": "199040315413",
    "isRedacted": true,
    "status": "COMPLETED",
    "results": {
        "transcripts": [
            {
                "transcript": "Thank you for calling Wassler Diagnostics. Please listen to all of the prompts before making a selection. If you are calling about booking an appointment, press 1. For general inquiries like clinic locations, operating hours, and how to prepare for the appointment, press 2. If you are at the [PII] office but aren't sure where to go, press 3. Are you still there? Thank you for calling Lossler Diagnostics. Please listen to all of the prompts before making a selection."
            }
        ],
        "speaker_labels": {
            "segments": [
                {
                    "start_time": "1.62",
                    "end_time": "3.019",
                    "speaker_label": "spk_0",
                    "items": [
                        {
                            "speaker_label": "spk_0",
                            "start_time": "1.629",
                            "end_time": "1.86"
                        },
                        {
                            "speaker_label": "spk_0",
                            "start_time": "1.86",
                            "end_time": "2.059"
                        },
                        {
                            "speaker_label": "spk_0",
                            "start_time": "2.059",
                            "end_time": "2.259"
                        },
                        {
                            "speaker_label": "spk_0",
                            "start_time": "2.259",
                            "end_time": "2.559"
                        },
                        {
                            "speaker_label": "spk_0",
                            "start_time": "2.559",
                            "end_time": "3.019"
                        }
                    ]
                },
                {
                    "start_time": "3.019",
                    "end_time": "4.019",
                    "speaker_label": "spk_1",
                    "items": [
                        {
                            "speaker_label": "spk_1",
                            "start_time": "3.019",
                            "end_time": "4.019"
                        }
                    ]
                },
                {
                    "start_time": "4.179",
                    "end_time": "6.3",
                    "speaker_label": "spk_0",
                    "items": [
                        {
                            "speaker_label": "spk_0",
                            "start_time": "4.179",
                            "end_time": "4.42"
                        },
                        {
                            "speaker_label": "spk_0",
                            "start_time": "4.42",
                            "end_time": "4.699"
                        },
                        {
                            "speaker_label": "spk_0",
                            "start_time": "4.699",
                            "end_time": "4.829"
                        },
                        {
                            "speaker_label": "spk_0",
                            "start_time": "4.829",
                            "end_time": "4.98"
                        },
                        {
                            "speaker_label": "spk_0",
                            "start_time": "4.98",
                            "end_time": "5.119"
                        },
                        {
                            "speaker_label": "spk_0",
                            "start_time": "5.119",
                            "end_time": "5.3"
                        },
                        {
                            "speaker_label": "spk_0",
                            "start_time": "5.3",
                            "end_time": "5.82"
                        },
                        {
                            "speaker_label": "spk_0",
                            "start_time": "5.82",
                            "end_time": "5.98"
                        },
                        {
                            "speaker_label": "spk_0",
                            "start_time": "5.98",
                            "end_time": "6.19"
                        },
                        {
                            "speaker_label": "spk_0",
                            "start_time": "6.19",
                            "end_time": "6.3"
                        }
                    ]
                },
                {
                    "start_time": "6.3",
                    "end_time": "7.05",
                    "speaker_label": "spk_0",
                    "items": [
                        {
                            "speaker_label": "spk_0",
                            "start_time": "6.3",
                            "end_time": "7.05"
                        }
                    ]
                },
                {
                    "start_time": "7.26",
                    "end_time": "8.539",
                    "speaker_label": "spk_0",
                    "items": [
                        {
                            "speaker_label": "spk_0",
                            "start_time": "7.26",
                            "end_time": "7.38"
                        },
                        {
                            "speaker_label": "spk_0",
                            "start_time": "7.38",
                            "end_time": "7.5"
                        },
                        {
                            "speaker_label": "spk_0",
                            "start_time": "7.5",
                            "end_time": "7.699"
                        },
                        {
                            "speaker_label": "spk_0",
                            "start_time": "7.699",
                            "end_time": "8.02"
                        },
                        {
                            "speaker_label": "spk_0",
                            "start_time": "8.02",
                            "end_time": "8.18"
                        },
                        {
                            "speaker_label": "spk_0",
                            "start_time": "8.18",
                            "end_time": "8.46"
                        },
                        {
                            "speaker_label": "spk_0",
                            "start_time": "8.46",
                            "end_time": "8.539"
                        }
                    ]
                },
                {
                    "start_time": "8.539",
                    "end_time": "9.02",
                    "speaker_label": "spk_0",
                    "items": [
                        {
                            "speaker_label": "spk_0",
                            "start_time": "8.539",
                            "end_time": "9.02"
                        }
                    ]
                },
                {
                    "start_time": "9.1",
                    "end_time": "10.26",
                    "speaker_label": "spk_1",
                    "items": [
                        {
                            "speaker_label": "spk_1",
                            "start_time": "9.1",
                            "end_time": "9.359"
                        },
                        {
                            "speaker_label": "spk_1",
                            "start_time": "9.359",
                            "end_time": "9.85"
                        },
                        {
                            "speaker_label": "spk_1",
                            "start_time": "10.06",
                            "end_time": "10.26"
                        }
                    ]
                },
                {
                    "start_time": "10.26",
                    "end_time": "10.539",
                    "speaker_label": "spk_1",
                    "items": [
                        {
                            "speaker_label": "spk_1",
                            "start_time": "10.26",
                            "end_time": "10.539"
                        }
                    ]
                },
                {
                    "start_time": "10.539",
                    "end_time": "11.26",
                    "speaker_label": "spk_1",
                    "items": [
                        {
                            "speaker_label": "spk_1",
                            "start_time": "10.539",
                            "end_time": "11.1"
                        },
                        {
                            "speaker_label": "spk_1",
                            "start_time": "11.1",
                            "end_time": "11.26"
                        }
                    ]
                },
                {
                    "start_time": "11.26",
                    "end_time": "11.779",
                    "speaker_label": "spk_0",
                    "items": [
                        {
                            "speaker_label": "spk_0",
                            "start_time": "11.26",
                            "end_time": "11.779"
                        }
                    ]
                },
                {
                    "start_time": "11.779",
                    "end_time": "16.129",
                    "speaker_label": "spk_1",
                    "items": [
                        {
                            "speaker_label": "spk_1",
                            "start_time": "11.779",
                            "end_time": "12.46"
                        },
                        {
                            "speaker_label": "spk_1",
                            "start_time": "12.579",
                            "end_time": "13.149"
                        },
                        {
                            "speaker_label": "spk_1",
                            "start_time": "13.149",
                            "end_time": "13.689"
                        },
                        {
                            "speaker_label": "spk_1",
                            "start_time": "13.859",
                            "end_time": "13.979"
                        },
                        {
                            "speaker_label": "spk_1",
                            "start_time": "13.979",
                            "end_time": "14.14"
                        },
                        {
                            "speaker_label": "spk_1",
                            "start_time": "14.14",
                            "end_time": "14.46"
                        },
                        {
                            "speaker_label": "spk_1",
                            "start_time": "14.46",
                            "end_time": "14.729"
                        },
                        {
                            "speaker_label": "spk_1",
                            "start_time": "14.729",
                            "end_time": "14.8"
                        },
                        {
                            "speaker_label": "spk_1",
                            "start_time": "14.8",
                            "end_time": "14.899"
                        },
                        {
                            "speaker_label": "spk_1",
                            "start_time": "14.899",
                            "end_time": "15.34"
                        },
                        {
                            "speaker_label": "spk_1",
                            "start_time": "15.42",
                            "end_time": "15.659"
                        },
                        {
                            "speaker_label": "spk_1",
                            "start_time": "15.659",
                            "end_time": "16.129"
                        }
                    ]
                },
                {
                    "start_time": "16.299",
                    "end_time": "16.459",
                    "speaker_label": "spk_0",
                    "items": [
                        {
                            "speaker_label": "spk_0",
                            "start_time": "16.299",
                            "end_time": "16.459"
                        }
                    ]
                },
                {
                    "start_time": "16.459",
                    "end_time": "17.459",
                    "speaker_label": "spk_0",
                    "items": [
                        {
                            "speaker_label": "spk_0",
                            "start_time": "16.459",
                            "end_time": "16.579"
                        },
                        {
                            "speaker_label": "spk_0",
                            "start_time": "16.579",
                            "end_time": "16.739"
                        },
                        {
                            "speaker_label": "spk_0",
                            "start_time": "16.739",
                            "end_time": "16.829"
                        },
                        {
                            "speaker_label": "spk_0",
                            "start_time": "16.829",
                            "end_time": "17.02"
                        },
                        {
                            "speaker_label": "spk_0",
                            "start_time": "17.02",
                            "end_time": "17.459"
                        }
                    ]
                },
                {
                    "start_time": "17.459",
                    "end_time": "17.819",
                    "speaker_label": "spk_1",
                    "items": [
                        {
                            "speaker_label": "spk_1",
                            "start_time": "17.459",
                            "end_time": "17.819"
                        }
                    ]
                },
                {
                    "start_time": "17.819",
                    "end_time": "17.94",
                    "speaker_label": "spk_0",
                    "items": [
                        {
                            "speaker_label": "spk_0",
                            "start_time": "17.819",
                            "end_time": "17.94"
                        }
                    ]
                },
                {
                    "start_time": "17.94",
                    "end_time": "18.459",
                    "speaker_label": "spk_0",
                    "items": [
                        {
                            "speaker_label": "spk_0",
                            "start_time": "17.94",
                            "end_time": "18.18"
                        },
                        {
                            "speaker_label": "spk_0",
                            "start_time": "18.18",
                            "end_time": "18.459"
                        }
                    ]
                },
                {
                    "start_time": "18.459",
                    "end_time": "19.17",
                    "speaker_label": "spk_0",
                    "items": [
                        {
                            "speaker_label": "spk_0",
                            "start_time": "18.459",
                            "end_time": "18.62"
                        },
                        {
                            "speaker_label": "spk_0",
                            "start_time": "18.62",
                            "end_time": "18.78"
                        },
                        {
                            "speaker_label": "spk_0",
                            "start_time": "18.78",
                            "end_time": "19.17"
                        }
                    ]
                },
                {
                    "start_time": "19.299",
                    "end_time": "20.239",
                    "speaker_label": "spk_1",
                    "items": [
                        {
                            "speaker_label": "spk_1",
                            "start_time": "19.299",
                            "end_time": "19.62"
                        },
                        {
                            "speaker_label": "spk_1",
                            "start_time": "19.62",
                            "end_time": "20.139"
                        }
                    ]
                },
                {
                    "start_time": "25.03",
                    "end_time": "25.469",
                    "speaker_label": "spk_1",
                    "items": [
                        {
                            "speaker_label": "spk_1",
                            "start_time": "25.069",
                            "end_time": "25.229"
                        },
                        {
                            "speaker_label": "spk_1",
                            "start_time": "25.229",
                            "end_time": "25.469"
                        }
                    ]
                },
                {
                    "start_time": "25.469",
                    "end_time": "25.979",
                    "speaker_label": "spk_0",
                    "items": [
                        {
                            "speaker_label": "spk_0",
                            "start_time": "25.469",
                            "end_time": "25.629"
                        },
                        {
                            "speaker_label": "spk_0",
                            "start_time": "25.629",
                            "end_time": "25.899"
                        }
                    ]
                },
                {
                    "start_time": "27.799",
                    "end_time": "29.28",
                    "speaker_label": "spk_0",
                    "items": [
                        {
                            "speaker_label": "spk_0",
                            "start_time": "28.0",
                            "end_time": "28.12"
                        },
                        {
                            "speaker_label": "spk_0",
                            "start_time": "28.12",
                            "end_time": "28.36"
                        },
                        {
                            "speaker_label": "spk_0",
                            "start_time": "28.36",
                            "end_time": "28.52"
                        },
                        {
                            "speaker_label": "spk_0",
                            "start_time": "28.52",
                            "end_time": "28.809"
                        },
                        {
                            "speaker_label": "spk_0",
                            "start_time": "28.809",
                            "end_time": "29.28"
                        }
                    ]
                },
                {
                    "start_time": "29.28",
                    "end_time": "30.239",
                    "speaker_label": "spk_1",
                    "items": [
                        {
                            "speaker_label": "spk_1",
                            "start_time": "29.28",
                            "end_time": "30.239"
                        }
                    ]
                },
                {
                    "start_time": "30.44",
                    "end_time": "33.319",
                    "speaker_label": "spk_0",
                    "items": [
                        {
                            "speaker_label": "spk_0",
                            "start_time": "30.44",
                            "end_time": "30.68"
                        },
                        {
                            "speaker_label": "spk_0",
                            "start_time": "30.68",
                            "end_time": "30.959"
                        },
                        {
                            "speaker_label": "spk_0",
                            "start_time": "30.959",
                            "end_time": "31.079"
                        },
                        {
                            "speaker_label": "spk_0",
                            "start_time": "31.079",
                            "end_time": "31.239"
                        },
                        {
                            "speaker_label": "spk_0",
                            "start_time": "31.239",
                            "end_time": "31.37"
                        },
                        {
                            "speaker_label": "spk_0",
                            "start_time": "31.37",
                            "end_time": "31.559"
                        },
                        {
                            "speaker_label": "spk_0",
                            "start_time": "31.559",
                            "end_time": "32.04"
                        },
                        {
                            "speaker_label": "spk_0",
                            "start_time": "32.04",
                            "end_time": "32.229"
                        },
                        {
                            "speaker_label": "spk_0",
                            "start_time": "32.229",
                            "end_time": "32.43"
                        },
                        {
                            "speaker_label": "spk_0",
                            "start_time": "32.43",
                            "end_time": "32.56"
                        },
                        {
                            "speaker_label": "spk_0",
                            "start_time": "32.56",
                            "end_time": "33.159"
                        }
                    ]
                }
            ],
            "channel_label": "ch_0",
            "speakers": 2
        },
        "items": [
            {
                "id": 0,
                "type": "pronunciation",
                "alternatives": [
                    {
                        "confidence": "0.999",
                        "content": "Thank"
                    }
                ],
                "start_time": "1.629",
                "end_time": "1.86",
                "speaker_label": "spk_0"
            },
            {
                "id": 1,
                "type": "pronunciation",
                "alternatives": [
                    {
                        "confidence": "0.999",
                        "content": "you"
                    }
                ],
                "start_time": "1.86",
                "end_time": "2.059",
                "speaker_label": "spk_0"
            },
            {
                "id": 2,
                "type": "pronunciation",
                "alternatives": [
                    {
                        "confidence": "0.999",
                        "content": "for"
                    }
                ],
                "start_time": "2.059",
                "end_time": "2.259",
                "speaker_label": "spk_0"
            },
            {
                "id": 3,
                "type": "pronunciation",
                "alternatives": [
                    {
                        "confidence": "0.999",
                        "content": "calling"
                    }
                ],
                "start_time": "2.259",
                "end_time": "2.559",
                "speaker_label": "spk_0"
            },
            {
                "id": 4,
                "type": "pronunciation",
                "alternatives": [
                    {
                        "confidence": "0.861",
                        "content": "Wassler"
                    }
                ],
                "start_time": "2.559",
                "end_time": "3.019",
                "speaker_label": "spk_0"
            },
            {
                "id": 5,
                "type": "pronunciation",
                "alternatives": [
                    {
                        "confidence": "0.993",
                        "content": "Diagnostics"
                    }
                ],
                "start_time": "3.019",
                "end_time": "4.019",
                "speaker_label": "spk_1"
            },
            {
                "id": 6,
                "type": "punctuation",
                "alternatives": [
                    {
                        "confidence": "0.0",
                        "content": "."
                    }
                ],
                "speaker_label": "spk_1"
            },
            {
                "id": 7,
                "type": "pronunciation",
                "alternatives": [
                    {
                        "confidence": "0.997",
                        "content": "Please"
                    }
                ],
                "start_time": "4.179",
                "end_time": "4.42",
                "speaker_label": "spk_0"
            },
            {
                "id": 8,
                "type": "pronunciation",
                "alternatives": [
                    {
                        "confidence": "0.999",
                        "content": "listen"
                    }
                ],
                "start_time": "4.42",
                "end_time": "4.699",
                "speaker_label": "spk_0"
            },
            {
                "id": 9,
                "type": "pronunciation",
                "alternatives": [
                    {
                        "confidence": "0.999",
                        "content": "to"
                    }
                ],
                "start_time": "4.699",
                "end_time": "4.829",
                "speaker_label": "spk_0"
            },
            {
                "id": 10,
                "type": "pronunciation",
                "alternatives": [
                    {
                        "confidence": "0.999",
                        "content": "all"
                    }
                ],
                "start_time": "4.829",
                "end_time": "4.98",
                "speaker_label": "spk_0"
            },
            {
                "id": 11,
                "type": "pronunciation",
                "alternatives": [
                    {
                        "confidence": "0.996",
                        "content": "of"
                    }
                ],
                "start_time": "4.98",
                "end_time": "5.119",
                "speaker_label": "spk_0"
            },
            {
                "id": 12,
                "type": "pronunciation",
                "alternatives": [
                    {
                        "confidence": "0.999",
                        "content": "the"
                    }
                ],
                "start_time": "5.119",
                "end_time": "5.3",
                "speaker_label": "spk_0"
            },
            {
                "id": 13,
                "type": "pronunciation",
                "alternatives": [
                    {
                        "confidence": "0.995",
                        "content": "prompts"
                    }
                ],
                "start_time": "5.3",
                "end_time": "5.82",
                "speaker_label": "spk_0"
            },
            {
                "id": 14,
                "type": "pronunciation",
                "alternatives": [
                    {
                        "confidence": "0.999",
                        "content": "before"
                    }
                ],
                "start_time": "5.82",
                "end_time": "5.98",
                "speaker_label": "spk_0"
            },
            {
                "id": 15,
                "type": "pronunciation",
                "alternatives": [
                    {
                        "confidence": "0.999",
                        "content": "making"
                    }
                ],
                "start_time": "5.98",
                "end_time": "6.19",
                "speaker_label": "spk_0"
            },
            {
                "id": 16,
                "type": "pronunciation",
                "alternatives": [
                    {
                        "confidence": "0.998",
                        "content": "a"
                    }
                ],
                "start_time": "6.19",
                "end_time": "6.3",
                "speaker_label": "spk_0"
            },
            {
                "id": 17,
                "type": "pronunciation",
                "alternatives": [
                    {
                        "confidence": "0.998",
                        "content": "selection"
                    }
                ],
                "start_time": "6.3",
                "end_time": "7.05",
                "speaker_label": "spk_0"
            },
            {
                "id": 18,
                "type": "punctuation",
                "alternatives": [
                    {
                        "confidence": "0.0",
                        "content": "."
                    }
                ],
                "speaker_label": "spk_0"
            },
            {
                "id": 19,
                "type": "pronunciation",
                "alternatives": [
                    {
                        "confidence": "0.997",
                        "content": "If"
                    }
                ],
                "start_time": "7.26",
                "end_time": "7.38",
                "speaker_label": "spk_0"
            },
            {
                "id": 20,
                "type": "pronunciation",
                "alternatives": [
                    {
                        "confidence": "0.999",
                        "content": "you"
                    }
                ],
                "start_time": "7.38",
                "end_time": "7.5",
                "speaker_label": "spk_0"
            },
            {
                "id": 21,
                "type": "pronunciation",
                "alternatives": [
                    {
                        "confidence": "0.997",
                        "content": "are"
                    }
                ],
                "start_time": "7.5",
                "end_time": "7.699",
                "speaker_label": "spk_0"
            },
            {
                "id": 22,
                "type": "pronunciation",
                "alternatives": [
                    {
                        "confidence": "0.999",
                        "content": "calling"
                    }
                ],
                "start_time": "7.699",
                "end_time": "8.02",
                "speaker_label": "spk_0"
            },
            {
                "id": 23,
                "type": "pronunciation",
                "alternatives": [
                    {
                        "confidence": "0.999",
                        "content": "about"
                    }
                ],
                "start_time": "8.02",
                "end_time": "8.18",
                "speaker_label": "spk_0"
            },
            {
                "id": 24,
                "type": "pronunciation",
                "alternatives": [
                    {
                        "confidence": "0.999",
                        "content": "booking"
                    }
                ],
                "start_time": "8.18",
                "end_time": "8.46",
                "speaker_label": "spk_0"
            },
            {
                "id": 25,
                "type": "pronunciation",
                "alternatives": [
                    {
                        "confidence": "0.997",
                        "content": "an"
                    }
                ],
                "start_time": "8.46",
                "end_time": "8.539",
                "speaker_label": "spk_0"
            },
            {
                "id": 26,
                "type": "pronunciation",
                "alternatives": [
                    {
                        "confidence": "0.998",
                        "content": "appointment"
                    }
                ],
                "start_time": "8.539",
                "end_time": "9.02",
                "speaker_label": "spk_0"
            },
            {
                "id": 27,
                "type": "punctuation",
                "alternatives": [
                    {
                        "confidence": "0.0",
                        "content": ","
                    }
                ],
                "speaker_label": "spk_0"
            },
            {
                "id": 28,
                "type": "pronunciation",
                "alternatives": [
                    {
                        "confidence": "0.996",
                        "content": "press"
                    }
                ],
                "start_time": "9.1",
                "end_time": "9.359",
                "speaker_label": "spk_1"
            },
            {
                "id": 29,
                "type": "pronunciation",
                "alternatives": [
                    {
                        "confidence": "0.994",
                        "content": "1"
                    }
                ],
                "start_time": "9.359",
                "end_time": "9.85",
                "speaker_label": "spk_1"
            },
            {
                "id": 30,
                "type": "punctuation",
                "alternatives": [
                    {
                        "confidence": "0.0",
                        "content": "."
                    }
                ],
                "speaker_label": "spk_1"
            },
            {
                "id": 31,
                "type": "pronunciation",
                "alternatives": [
                    {
                        "confidence": "0.996",
                        "content": "For"
                    }
                ],
                "start_time": "10.06",
                "end_time": "10.26",
                "speaker_label": "spk_1"
            },
            {
                "id": 32,
                "type": "pronunciation",
                "alternatives": [
                    {
                        "confidence": "0.999",
                        "content": "general"
                    }
                ],
                "start_time": "10.26",
                "end_time": "10.539",
                "speaker_label": "spk_1"
            },
            {
                "id": 33,
                "type": "pronunciation",
                "alternatives": [
                    {
                        "confidence": "0.995",
                        "content": "inquiries"
                    }
                ],
                "start_time": "10.539",
                "end_time": "11.1",
                "speaker_label": "spk_1"
            },
            {
                "id": 34,
                "type": "pronunciation",
                "alternatives": [
                    {
                        "confidence": "0.998",
                        "content": "like"
                    }
                ],
                "start_time": "11.1",
                "end_time": "11.26",
                "speaker_label": "spk_1"
            },
            {
                "id": 35,
                "type": "pronunciation",
                "alternatives": [
                    {
                        "confidence": "0.994",
                        "content": "clinic"
                    }
                ],
                "start_time": "11.26",
                "end_time": "11.779",
                "speaker_label": "spk_0"
            },
            {
                "id": 36,
                "type": "pronunciation",
                "alternatives": [
                    {
                        "confidence": "0.997",
                        "content": "locations"
                    }
                ],
                "start_time": "11.779",
                "end_time": "12.46",
                "speaker_label": "spk_1"
            },
            {
                "id": 37,
                "type": "punctuation",
                "alternatives": [
                    {
                        "confidence": "0.0",
                        "content": ","
                    }
                ],
                "speaker_label": "spk_1"
            },
            {
                "id": 38,
                "type": "pronunciation",
                "alternatives": [
                    {
                        "confidence": "0.995",
                        "content": "operating"
                    }
                ],
                "start_time": "12.579",
                "end_time": "13.149",
                "speaker_label": "spk_1"
            },
            {
                "id": 39,
                "type": "pronunciation",
                "alternatives": [
                    {
                        "confidence": "0.999",
                        "content": "hours"
                    }
                ],
                "start_time": "13.149",
                "end_time": "13.689",
                "speaker_label": "spk_1"
            },
            {
                "id": 40,
                "type": "punctuation",
                "alternatives": [
                    {
                        "confidence": "0.0",
                        "content": ","
                    }
                ],
                "speaker_label": "spk_1"
            },
            {
                "id": 41,
                "type": "pronunciation",
                "alternatives": [
                    {
                        "confidence": "0.999",
                        "content": "and"
                    }
                ],
                "start_time": "13.859",
                "end_time": "13.979",
                "speaker_label": "spk_1"
            },
            {
                "id": 42,
                "type": "pronunciation",
                "alternatives": [
                    {
                        "confidence": "0.997",
                        "content": "how"
                    }
                ],
                "start_time": "13.979",
                "end_time": "14.14",
                "speaker_label": "spk_1"
            },
            {
                "id": 43,
                "type": "pronunciation",
                "alternatives": [
                    {
                        "confidence": "0.999",
                        "content": "to"
                    }
                ],
                "start_time": "14.14",
                "end_time": "14.46",
                "speaker_label": "spk_1"
            },
            {
                "id": 44,
                "type": "pronunciation",
                "alternatives": [
                    {
                        "confidence": "0.999",
                        "content": "prepare"
                    }
                ],
                "start_time": "14.46",
                "end_time": "14.729",
                "speaker_label": "spk_1"
            },
            {
                "id": 45,
                "type": "pronunciation",
                "alternatives": [
                    {
                        "confidence": "0.999",
                        "content": "for"
                    }
                ],
                "start_time": "14.729",
                "end_time": "14.8",
                "speaker_label": "spk_1"
            },
            {
                "id": 46,
                "type": "pronunciation",
                "alternatives": [
                    {
                        "confidence": "0.998",
                        "content": "the"
                    }
                ],
                "start_time": "14.8",
                "end_time": "14.899",
                "speaker_label": "spk_1"
            },
            {
                "id": 47,
                "type": "pronunciation",
                "alternatives": [
                    {
                        "confidence": "0.998",
                        "content": "appointment"
                    }
                ],
                "start_time": "14.899",
                "end_time": "15.34",
                "speaker_label": "spk_1"
            },
            {
                "id": 48,
                "type": "punctuation",
                "alternatives": [
                    {
                        "confidence": "0.0",
                        "content": ","
                    }
                ],
                "speaker_label": "spk_1"
            },
            {
                "id": 49,
                "type": "pronunciation",
                "alternatives": [
                    {
                        "confidence": "0.996",
                        "content": "press"
                    }
                ],
                "start_time": "15.42",
                "end_time": "15.659",
                "speaker_label": "spk_1"
            },
            {
                "id": 50,
                "type": "pronunciation",
                "alternatives": [
                    {
                        "confidence": "0.996",
                        "content": "2"
                    }
                ],
                "start_time": "15.659",
                "end_time": "16.129",
                "speaker_label": "spk_1"
            },
            {
                "id": 51,
                "type": "punctuation",
                "alternatives": [
                    {
                        "confidence": "0.0",
                        "content": "."
                    }
                ],
                "speaker_label": "spk_1"
            },
            {
                "id": 52,
                "type": "pronunciation",
                "alternatives": [
                    {
                        "confidence": "0.997",
                        "content": "If"
                    }
                ],
                "start_time": "16.299",
                "end_time": "16.459",
                "speaker_label": "spk_0"
            },
            {
                "id": 53,
                "type": "pronunciation",
                "alternatives": [
                    {
                        "confidence": "0.999",
                        "content": "you"
                    }
                ],
                "start_time": "16.459",
                "end_time": "16.579",
                "speaker_label": "spk_0"
            },
            {
                "id": 54,
                "type": "pronunciation",
                "alternatives": [
                    {
                        "confidence": "0.998",
                        "content": "are"
                    }
                ],
                "start_time": "16.579",
                "end_time": "16.739",
                "speaker_label": "spk_0"
            },
            {
                "id": 55,
                "type": "pronunciation",
                "alternatives": [
                    {
                        "confidence": "0.998",
                        "content": "at"
                    }
                ],
                "start_time": "16.739",
                "end_time": "16.829",
                "speaker_label": "spk_0"
            },
            {
                "id": 56,
                "type": "pronunciation",
                "alternatives": [
                    {
                        "confidence": "0.998",
                        "content": "the"
                    }
                ],
                "start_time": "16.829",
                "end_time": "17.02",
                "speaker_label": "spk_0"
            },
            {
                "id": 57,
                "type": "pronunciation",
                "alternatives": [
                    {
                        "content": "[PII]",
                        "redactions": [
                            {
                                "confidence": "1.0",
                                "type": "ADDRESS",
                                "category": "PII"
                            }
                        ]
                    }
                ],
                "start_time": "17.02",
                "end_time": "17.459"
            },
            {
                "id": 58,
                "type": "pronunciation",
                "alternatives": [
                    {
                        "confidence": "0.999",
                        "content": "office"
                    }
                ],
                "start_time": "17.459",
                "end_time": "17.819",
                "speaker_label": "spk_1"
            },
            {
                "id": 59,
                "type": "pronunciation",
                "alternatives": [
                    {
                        "confidence": "0.998",
                        "content": "but"
                    }
                ],
                "start_time": "17.819",
                "end_time": "17.94",
                "speaker_label": "spk_0"
            },
            {
                "id": 60,
                "type": "pronunciation",
                "alternatives": [
                    {
                        "confidence": "0.989",
                        "content": "aren't"
                    }
                ],
                "start_time": "17.94",
                "end_time": "18.18",
                "speaker_label": "spk_0"
            },
            {
                "id": 61,
                "type": "pronunciation",
                "alternatives": [
                    {
                        "confidence": "0.998",
                        "content": "sure"
                    }
                ],
                "start_time": "18.18",
                "end_time": "18.459",
                "speaker_label": "spk_0"
            },
            {
                "id": 62,
                "type": "pronunciation",
                "alternatives": [
                    {
                        "confidence": "0.999",
                        "content": "where"
                    }
                ],
                "start_time": "18.459",
                "end_time": "18.62",
                "speaker_label": "spk_0"
            },
            {
                "id": 63,
                "type": "pronunciation",
                "alternatives": [
                    {
                        "confidence": "0.999",
                        "content": "to"
                    }
                ],
                "start_time": "18.62",
                "end_time": "18.78",
                "speaker_label": "spk_0"
            },
            {
                "id": 64,
                "type": "pronunciation",
                "alternatives": [
                    {
                        "confidence": "0.999",
                        "content": "go"
                    }
                ],
                "start_time": "18.78",
                "end_time": "19.17",
                "speaker_label": "spk_0"
            },
            {
                "id": 65,
                "type": "punctuation",
                "alternatives": [
                    {
                        "confidence": "0.0",
                        "content": ","
                    }
                ],
                "speaker_label": "spk_0"
            },
            {
                "id": 66,
                "type": "pronunciation",
                "alternatives": [
                    {
                        "confidence": "0.996",
                        "content": "press"
                    }
                ],
                "start_time": "19.299",
                "end_time": "19.62",
                "speaker_label": "spk_1"
            },
            {
                "id": 67,
                "type": "pronunciation",
                "alternatives": [
                    {
                        "confidence": "0.997",
                        "content": "3"
                    }
                ],
                "start_time": "19.62",
                "end_time": "20.139",
                "speaker_label": "spk_1"
            },
            {
                "id": 68,
                "type": "punctuation",
                "alternatives": [
                    {
                        "confidence": "0.0",
                        "content": "."
                    }
                ],
                "speaker_label": "spk_1"
            },
            {
                "id": 69,
                "type": "pronunciation",
                "alternatives": [
                    {
                        "confidence": "0.998",
                        "content": "Are"
                    }
                ],
                "start_time": "25.069",
                "end_time": "25.229",
                "speaker_label": "spk_1"
            },
            {
                "id": 70,
                "type": "pronunciation",
                "alternatives": [
                    {
                        "confidence": "0.999",
                        "content": "you"
                    }
                ],
                "start_time": "25.229",
                "end_time": "25.469",
                "speaker_label": "spk_1"
            },
            {
                "id": 71,
                "type": "pronunciation",
                "alternatives": [
                    {
                        "confidence": "0.999",
                        "content": "still"
                    }
                ],
                "start_time": "25.469",
                "end_time": "25.629",
                "speaker_label": "spk_0"
            },
            {
                "id": 72,
                "type": "pronunciation",
                "alternatives": [
                    {
                        "confidence": "0.999",
                        "content": "there"
                    }
                ],
                "start_time": "25.629",
                "end_time": "25.899",
                "speaker_label": "spk_0"
            },
            {
                "id": 73,
                "type": "punctuation",
                "alternatives": [
                    {
                        "confidence": "0.0",
                        "content": "?"
                    }
                ],
                "speaker_label": "spk_0"
            },
            {
                "id": 74,
                "type": "pronunciation",
                "alternatives": [
                    {
                        "confidence": "0.999",
                        "content": "Thank"
                    }
                ],
                "start_time": "28.0",
                "end_time": "28.12",
                "speaker_label": "spk_0"
            },
            {
                "id": 75,
                "type": "pronunciation",
                "alternatives": [
                    {
                        "confidence": "0.999",
                        "content": "you"
                    }
                ],
                "start_time": "28.12",
                "end_time": "28.36",
                "speaker_label": "spk_0"
            },
            {
                "id": 76,
                "type": "pronunciation",
                "alternatives": [
                    {
                        "confidence": "0.999",
                        "content": "for"
                    }
                ],
                "start_time": "28.36",
                "end_time": "28.52",
                "speaker_label": "spk_0"
            },
            {
                "id": 77,
                "type": "pronunciation",
                "alternatives": [
                    {
                        "confidence": "0.999",
                        "content": "calling"
                    }
                ],
                "start_time": "28.52",
                "end_time": "28.809",
                "speaker_label": "spk_0"
            },
            {
                "id": 78,
                "type": "pronunciation",
                "alternatives": [
                    {
                        "confidence": "0.5",
                        "content": "Lossler"
                    }
                ],
                "start_time": "28.809",
                "end_time": "29.28",
                "speaker_label": "spk_0"
            },
            {
                "id": 79,
                "type": "pronunciation",
                "alternatives": [
                    {
                        "confidence": "0.991",
                        "content": "Diagnostics"
                    }
                ],
                "start_time": "29.28",
                "end_time": "30.239",
                "speaker_label": "spk_1"
            },
            {
                "id": 80,
                "type": "punctuation",
                "alternatives": [
                    {
                        "confidence": "0.0",
                        "content": "."
                    }
                ],
                "speaker_label": "spk_1"
            },
            {
                "id": 81,
                "type": "pronunciation",
                "alternatives": [
                    {
                        "confidence": "0.997",
                        "content": "Please"
                    }
                ],
                "start_time": "30.44",
                "end_time": "30.68",
                "speaker_label": "spk_0"
            },
            {
                "id": 82,
                "type": "pronunciation",
                "alternatives": [
                    {
                        "confidence": "0.999",
                        "content": "listen"
                    }
                ],
                "start_time": "30.68",
                "end_time": "30.959",
                "speaker_label": "spk_0"
            },
            {
                "id": 83,
                "type": "pronunciation",
                "alternatives": [
                    {
                        "confidence": "0.998",
                        "content": "to"
                    }
                ],
                "start_time": "30.959",
                "end_time": "31.079",
                "speaker_label": "spk_0"
            },
            {
                "id": 84,
                "type": "pronunciation",
                "alternatives": [
                    {
                        "confidence": "0.998",
                        "content": "all"
                    }
                ],
                "start_time": "31.079",
                "end_time": "31.239",
                "speaker_label": "spk_0"
            },
            {
                "id": 85,
                "type": "pronunciation",
                "alternatives": [
                    {
                        "confidence": "0.996",
                        "content": "of"
                    }
                ],
                "start_time": "31.239",
                "end_time": "31.37",
                "speaker_label": "spk_0"
            },
            {
                "id": 86,
                "type": "pronunciation",
                "alternatives": [
                    {
                        "confidence": "0.998",
                        "content": "the"
                    }
                ],
                "start_time": "31.37",
                "end_time": "31.559",
                "speaker_label": "spk_0"
            },
            {
                "id": 87,
                "type": "pronunciation",
                "alternatives": [
                    {
                        "confidence": "0.992",
                        "content": "prompts"
                    }
                ],
                "start_time": "31.559",
                "end_time": "32.04",
                "speaker_label": "spk_0"
            },
            {
                "id": 88,
                "type": "pronunciation",
                "alternatives": [
                    {
                        "confidence": "0.999",
                        "content": "before"
                    }
                ],
                "start_time": "32.04",
                "end_time": "32.229",
                "speaker_label": "spk_0"
            },
            {
                "id": 89,
                "type": "pronunciation",
                "alternatives": [
                    {
                        "confidence": "0.999",
                        "content": "making"
                    }
                ],
                "start_time": "32.229",
                "end_time": "32.43",
                "speaker_label": "spk_0"
            },
            {
                "id": 90,
                "type": "pronunciation",
                "alternatives": [
                    {
                        "confidence": "0.997",
                        "content": "a"
                    }
                ],
                "start_time": "32.43",
                "end_time": "32.56",
                "speaker_label": "spk_0"
            },
            {
                "id": 91,
                "type": "pronunciation",
                "alternatives": [
                    {
                        "confidence": "0.993",
                        "content": "selection"
                    }
                ],
                "start_time": "32.56",
                "end_time": "33.159",
                "speaker_label": "spk_0"
            },
            {
                "id": 92,
                "type": "punctuation",
                "alternatives": [
                    {
                        "confidence": "0.0",
                        "content": "."
                    }
                ],
                "speaker_label": "spk_0"
            }
        ],
        "audio_segments": [
            {
                "id": 0,
                "transcript": "Thank you for calling Wassler",
                "start_time": "1.62",
                "end_time": "3.019",
                "speaker_label": "spk_0",
                "items": [
                    0,
                    1,
                    2,
                    3,
                    4
                ]
            },
            {
                "id": 1,
                "transcript": "Diagnostics.",
                "start_time": "3.019",
                "end_time": "4.019",
                "speaker_label": "spk_1",
                "items": [
                    5,
                    6
                ]
            },
            {
                "id": 2,
                "transcript": "Please listen to all of the prompts before making a",
                "start_time": "4.179",
                "end_time": "6.3",
                "speaker_label": "spk_0",
                "items": [
                    7,
                    8,
                    9,
                    10,
                    11,
                    12,
                    13,
                    14,
                    15,
                    16
                ]
            },
            {
                "id": 3,
                "transcript": "selection.",
                "start_time": "6.3",
                "end_time": "7.05",
                "speaker_label": "spk_0",
                "items": [
                    17,
                    18
                ]
            },
            {
                "id": 4,
                "transcript": "If you are calling about booking an",
                "start_time": "7.26",
                "end_time": "8.539",
                "speaker_label": "spk_0",
                "items": [
                    19,
                    20,
                    21,
                    22,
                    23,
                    24,
                    25
                ]
            },
            {
                "id": 5,
                "transcript": "appointment,",
                "start_time": "8.539",
                "end_time": "9.02",
                "speaker_label": "spk_0",
                "items": [
                    26,
                    27
                ]
            },
            {
                "id": 6,
                "transcript": "press 1. For",
                "start_time": "9.1",
                "end_time": "10.26",
                "speaker_label": "spk_1",
                "items": [
                    28,
                    29,
                    30,
                    31
                ]
            },
            {
                "id": 7,
                "transcript": "general",
                "start_time": "10.26",
                "end_time": "10.539",
                "speaker_label": "spk_1",
                "items": [
                    32
                ]
            },
            {
                "id": 8,
                "transcript": "inquiries like",
                "start_time": "10.539",
                "end_time": "11.26",
                "speaker_label": "spk_1",
                "items": [
                    33,
                    34
                ]
            },
            {
                "id": 9,
                "transcript": "clinic",
                "start_time": "11.26",
                "end_time": "11.779",
                "speaker_label": "spk_0",
                "items": [
                    35
                ]
            },
            {
                "id": 10,
                "transcript": "locations, operating hours, and how to prepare for the appointment, press 2.",
                "start_time": "11.779",
                "end_time": "16.129",
                "speaker_label": "spk_1",
                "items": [
                    36,
                    37,
                    38,
                    39,
                    40,
                    41,
                    42,
                    43,
                    44,
                    45,
                    46,
                    47,
                    48,
                    49,
                    50,
                    51
                ]
            },
            {
                "id": 11,
                "transcript": "If",
                "start_time": "16.299",
                "end_time": "16.459",
                "speaker_label": "spk_0",
                "items": [
                    52
                ]
            },
            {
                "id": 12,
                "transcript": "you are at the [PII]",
                "start_time": "16.459",
                "end_time": "17.459",
                "speaker_label": "spk_0",
                "items": [
                    53,
                    54,
                    55,
                    56,
                    57
                ]
            },
            {
                "id": 13,
                "transcript": "office",
                "start_time": "17.459",
                "end_time": "17.819",
                "speaker_label": "spk_1",
                "items": [
                    58
                ]
            },
            {
                "id": 14,
                "transcript": "but",
                "start_time": "17.819",
                "end_time": "17.94",
                "speaker_label": "spk_0",
                "items": [
                    59
                ]
            },
            {
                "id": 15,
                "transcript": "aren't sure",
                "start_time": "17.94",
                "end_time": "18.459",
                "speaker_label": "spk_0",
                "items": [
                    60,
                    61
                ]
            },
            {
                "id": 16,
                "transcript": "where to go,",
                "start_time": "18.459",
                "end_time": "19.17",
                "speaker_label": "spk_0",
                "items": [
                    62,
                    63,
                    64,
                    65
                ]
            },
            {
                "id": 17,
                "transcript": "press 3.",
                "start_time": "19.299",
                "end_time": "20.239",
                "speaker_label": "spk_1",
                "items": [
                    66,
                    67,
                    68
                ]
            },
            {
                "id": 18,
                "transcript": "Are you",
                "start_time": "25.03",
                "end_time": "25.469",
                "speaker_label": "spk_1",
                "items": [
                    69,
                    70
                ]
            },
            {
                "id": 19,
                "transcript": "still there?",
                "start_time": "25.469",
                "end_time": "25.979",
                "speaker_label": "spk_0",
                "items": [
                    71,
                    72,
                    73
                ]
            },
            {
                "id": 20,
                "transcript": "Thank you for calling Lossler",
                "start_time": "27.799",
                "end_time": "29.28",
                "speaker_label": "spk_0",
                "items": [
                    74,
                    75,
                    76,
                    77,
                    78
                ]
            },
            {
                "id": 21,
                "transcript": "Diagnostics.",
                "start_time": "29.28",
                "end_time": "30.239",
                "speaker_label": "spk_1",
                "items": [
                    79,
                    80
                ]
            },
            {
                "id": 22,
                "transcript": "Please listen to all of the prompts before making a selection.",
                "start_time": "30.44",
                "end_time": "33.319",
                "speaker_label": "spk_0",
                "items": [
                    81,
                    82,
                    83,
                    84,
                    85,
                    86,
                    87,
                    88,
                    89,
                    90,
                    91,
                    92
                ]
            }
        ]
    }
}