{
    "jobName": "transcription-job-2024-03-21T14-38-01Z-call-9e5850f1-26f1-459f-9c00-52e769f3126a-1734636104",
    "accountId": "199040315413",
    "isRedacted": true,
    "status": "COMPLETED",
    "results": {
        "transcripts": [
            {
                "transcript": "Thank you for calling Waffler Diagnostics. Please listen to all of the prompts before making a selection. If you are calling about booking an appointment, press [PII]. For general inquiries like clinic locations. But we'll do your ultrasound or your blood work in the meantime. And then I'll call again at 9, so we actually have an ultrasound site that's kind of. think it's the old pinnacle building. Kind of by the candy shop. Uh, so if we can squeeze you in today and then we know it's like that way."
            }
        ],
        "speaker_labels": {
            "segments": [
                {
                    "start_time": "1.61",
                    "end_time": "12.38",
                    "speaker_label": "spk_0",
                    "items": [
                        {
                            "speaker_label": "spk_0",
                            "start_time": "1.62",
                            "end_time": "1.889"
                        },
                        {
                            "speaker_label": "spk_0",
                            "start_time": "1.889",
                            "end_time": "2.049"
                        },
                        {
                            "speaker_label": "spk_0",
                            "start_time": "2.049",
                            "end_time": "2.25"
                        },
                        {
                            "speaker_label": "spk_0",
                            "start_time": "2.25",
                            "end_time": "2.569"
                        },
                        {
                            "speaker_label": "spk_0",
                            "start_time": "2.569",
                            "end_time": "3.049"
                        },
                        {
                            "speaker_label": "spk_0",
                            "start_time": "3.049",
                            "end_time": "4.01"
                        },
                        {
                            "speaker_label": "spk_0",
                            "start_time": "4.17",
                            "end_time": "4.449"
                        },
                        {
                            "speaker_label": "spk_0",
                            "start_time": "4.449",
                            "end_time": "4.69"
                        },
                        {
                            "speaker_label": "spk_0",
                            "start_time": "4.69",
                            "end_time": "4.849"
                        },
                        {
                            "speaker_label": "spk_0",
                            "start_time": "4.849",
                            "end_time": "4.969"
                        },
                        {
                            "speaker_label": "spk_0",
                            "start_time": "4.969",
                            "end_time": "5.119"
                        },
                        {
                            "speaker_label": "spk_0",
                            "start_time": "5.119",
                            "end_time": "5.289"
                        },
                        {
                            "speaker_label": "spk_0",
                            "start_time": "5.289",
                            "end_time": "5.8"
                        },
                        {
                            "speaker_label": "spk_0",
                            "start_time": "5.8",
                            "end_time": "6.01"
                        },
                        {
                            "speaker_label": "spk_0",
                            "start_time": "6.01",
                            "end_time": "6.199"
                        },
                        {
                            "speaker_label": "spk_0",
                            "start_time": "6.199",
                            "end_time": "6.32"
                        },
                        {
                            "speaker_label": "spk_0",
                            "start_time": "6.32",
                            "end_time": "7.079"
                        },
                        {
                            "speaker_label": "spk_0",
                            "start_time": "7.289",
                            "end_time": "7.409"
                        },
                        {
                            "speaker_label": "spk_0",
                            "start_time": "7.409",
                            "end_time": "7.53"
                        },
                        {
                            "speaker_label": "spk_0",
                            "start_time": "7.53",
                            "end_time": "7.69"
                        },
                        {
                            "speaker_label": "spk_0",
                            "start_time": "7.69",
                            "end_time": "8.01"
                        },
                        {
                            "speaker_label": "spk_0",
                            "start_time": "8.01",
                            "end_time": "8.21"
                        },
                        {
                            "speaker_label": "spk_0",
                            "start_time": "8.21",
                            "end_time": "8.489"
                        },
                        {
                            "speaker_label": "spk_0",
                            "start_time": "8.489",
                            "end_time": "8.569"
                        },
                        {
                            "speaker_label": "spk_0",
                            "start_time": "8.569",
                            "end_time": "9.01"
                        },
                        {
                            "speaker_label": "spk_0",
                            "start_time": "9.1",
                            "end_time": "9.39"
                        },
                        {
                            "speaker_label": "spk_0",
                            "start_time": "9.39",
                            "end_time": "9.819"
                        },
                        {
                            "speaker_label": "spk_0",
                            "start_time": "10.09",
                            "end_time": "10.289"
                        },
                        {
                            "speaker_label": "spk_0",
                            "start_time": "10.289",
                            "end_time": "10.569"
                        },
                        {
                            "speaker_label": "spk_0",
                            "start_time": "10.569",
                            "end_time": "11.13"
                        },
                        {
                            "speaker_label": "spk_0",
                            "start_time": "11.13",
                            "end_time": "11.289"
                        },
                        {
                            "speaker_label": "spk_0",
                            "start_time": "11.289",
                            "end_time": "11.81"
                        },
                        {
                            "speaker_label": "spk_0",
                            "start_time": "11.81",
                            "end_time": "12.289"
                        }
                    ]
                },
                {
                    "start_time": "29.409",
                    "end_time": "33.069",
                    "speaker_label": "spk_1",
                    "items": [
                        {
                            "speaker_label": "spk_1",
                            "start_time": "29.43",
                            "end_time": "29.69"
                        },
                        {
                            "speaker_label": "spk_1",
                            "start_time": "29.69",
                            "end_time": "29.879"
                        },
                        {
                            "speaker_label": "spk_1",
                            "start_time": "29.879",
                            "end_time": "30.01"
                        },
                        {
                            "speaker_label": "spk_1",
                            "start_time": "30.01",
                            "end_time": "30.17"
                        },
                        {
                            "speaker_label": "spk_1",
                            "start_time": "30.17",
                            "end_time": "31.159"
                        },
                        {
                            "speaker_label": "spk_1",
                            "start_time": "31.159",
                            "end_time": "31.45"
                        },
                        {
                            "speaker_label": "spk_1",
                            "start_time": "31.45",
                            "end_time": "31.809"
                        },
                        {
                            "speaker_label": "spk_1",
                            "start_time": "31.809",
                            "end_time": "31.969"
                        },
                        {
                            "speaker_label": "spk_1",
                            "start_time": "31.969",
                            "end_time": "32.13"
                        },
                        {
                            "speaker_label": "spk_1",
                            "start_time": "32.13",
                            "end_time": "32.25"
                        },
                        {
                            "speaker_label": "spk_1",
                            "start_time": "32.25",
                            "end_time": "32.369"
                        },
                        {
                            "speaker_label": "spk_1",
                            "start_time": "32.369",
                            "end_time": "32.9"
                        }
                    ]
                },
                {
                    "start_time": "33.939",
                    "end_time": "38.659",
                    "speaker_label": "spk_1",
                    "items": [
                        {
                            "speaker_label": "spk_1",
                            "start_time": "33.97",
                            "end_time": "34.22"
                        },
                        {
                            "speaker_label": "spk_1",
                            "start_time": "34.22",
                            "end_time": "34.38"
                        },
                        {
                            "speaker_label": "spk_1",
                            "start_time": "34.38",
                            "end_time": "34.619"
                        },
                        {
                            "speaker_label": "spk_1",
                            "start_time": "34.619",
                            "end_time": "34.939"
                        },
                        {
                            "speaker_label": "spk_1",
                            "start_time": "34.939",
                            "end_time": "35.169"
                        },
                        {
                            "speaker_label": "spk_1",
                            "start_time": "35.169",
                            "end_time": "35.34"
                        },
                        {
                            "speaker_label": "spk_1",
                            "start_time": "35.34",
                            "end_time": "35.909"
                        },
                        {
                            "speaker_label": "spk_1",
                            "start_time": "36.06",
                            "end_time": "36.18"
                        },
                        {
                            "speaker_label": "spk_1",
                            "start_time": "36.18",
                            "end_time": "36.38"
                        },
                        {
                            "speaker_label": "spk_1",
                            "start_time": "36.38",
                            "end_time": "36.689"
                        },
                        {
                            "speaker_label": "spk_1",
                            "start_time": "36.689",
                            "end_time": "36.819"
                        },
                        {
                            "speaker_label": "spk_1",
                            "start_time": "36.819",
                            "end_time": "36.939"
                        },
                        {
                            "speaker_label": "spk_1",
                            "start_time": "36.939",
                            "end_time": "37.5"
                        },
                        {
                            "speaker_label": "spk_1",
                            "start_time": "37.5",
                            "end_time": "37.88"
                        },
                        {
                            "speaker_label": "spk_1",
                            "start_time": "37.88",
                            "end_time": "38.229"
                        },
                        {
                            "speaker_label": "spk_1",
                            "start_time": "38.229",
                            "end_time": "38.38"
                        },
                        {
                            "speaker_label": "spk_1",
                            "start_time": "38.38",
                            "end_time": "38.58"
                        }
                    ]
                },
                {
                    "start_time": "40.759",
                    "end_time": "42.45",
                    "speaker_label": "spk_1",
                    "items": [
                        {
                            "speaker_label": "spk_1",
                            "start_time": "41.029",
                            "end_time": "41.04"
                        },
                        {
                            "speaker_label": "spk_1",
                            "start_time": "41.04",
                            "end_time": "41.159"
                        },
                        {
                            "speaker_label": "spk_1",
                            "start_time": "41.159",
                            "end_time": "41.279"
                        },
                        {
                            "speaker_label": "spk_1",
                            "start_time": "41.279",
                            "end_time": "41.4"
                        },
                        {
                            "speaker_label": "spk_1",
                            "start_time": "41.4",
                            "end_time": "41.84"
                        },
                        {
                            "speaker_label": "spk_1",
                            "start_time": "41.84",
                            "end_time": "42.29"
                        }
                    ]
                },
                {
                    "start_time": "43.119",
                    "end_time": "44.74",
                    "speaker_label": "spk_1",
                    "items": [
                        {
                            "speaker_label": "spk_1",
                            "start_time": "43.29",
                            "end_time": "43.4"
                        },
                        {
                            "speaker_label": "spk_1",
                            "start_time": "43.4",
                            "end_time": "43.479"
                        },
                        {
                            "speaker_label": "spk_1",
                            "start_time": "43.479",
                            "end_time": "43.56"
                        },
                        {
                            "speaker_label": "spk_1",
                            "start_time": "43.56",
                            "end_time": "43.759"
                        },
                        {
                            "speaker_label": "spk_1",
                            "start_time": "43.759",
                            "end_time": "44.119"
                        },
                        {
                            "speaker_label": "spk_1",
                            "start_time": "44.119",
                            "end_time": "44.599"
                        }
                    ]
                },
                {
                    "start_time": "45.759",
                    "end_time": "51.02",
                    "speaker_label": "spk_1",
                    "items": [
                        {
                            "speaker_label": "spk_1",
                            "start_time": "45.77",
                            "end_time": "46.31"
                        },
                        {
                            "speaker_label": "spk_1",
                            "start_time": "46.439",
                            "end_time": "46.889"
                        },
                        {
                            "speaker_label": "spk_1",
                            "start_time": "47.0",
                            "end_time": "47.159"
                        },
                        {
                            "speaker_label": "spk_1",
                            "start_time": "47.159",
                            "end_time": "47.279"
                        },
                        {
                            "speaker_label": "spk_1",
                            "start_time": "47.279",
                            "end_time": "47.4"
                        },
                        {
                            "speaker_label": "spk_1",
                            "start_time": "47.4",
                            "end_time": "47.84"
                        },
                        {
                            "speaker_label": "spk_1",
                            "start_time": "47.84",
                            "end_time": "47.919"
                        },
                        {
                            "speaker_label": "spk_1",
                            "start_time": "47.919",
                            "end_time": "48.279"
                        },
                        {
                            "speaker_label": "spk_1",
                            "start_time": "48.279",
                            "end_time": "48.479"
                        },
                        {
                            "speaker_label": "spk_1",
                            "start_time": "48.479",
                            "end_time": "48.639"
                        },
                        {
                            "speaker_label": "spk_1",
                            "start_time": "48.639",
                            "end_time": "48.759"
                        },
                        {
                            "speaker_label": "spk_1",
                            "start_time": "48.759",
                            "end_time": "48.959"
                        },
                        {
                            "speaker_label": "spk_1",
                            "start_time": "48.959",
                            "end_time": "49.479"
                        },
                        {
                            "speaker_label": "spk_1",
                            "start_time": "50.2",
                            "end_time": "50.279"
                        },
                        {
                            "speaker_label": "spk_1",
                            "start_time": "50.279",
                            "end_time": "50.439"
                        },
                        {
                            "speaker_label": "spk_1",
                            "start_time": "50.439",
                            "end_time": "50.65"
                        },
                        {
                            "speaker_label": "spk_1",
                            "start_time": "50.65",
                            "end_time": "50.919"
                        }
                    ]
                }
            ],
            "channel_label": "ch_0",
            "speakers": 2
        },
        "items": [
            {
                "id": 0,
                "type": "pronunciation",
                "alternatives": [
                    {
                        "confidence": "0.999",
                        "content": "Thank"
                    }
                ],
                "start_time": "1.62",
                "end_time": "1.889",
                "speaker_label": "spk_0"
            },
            {
                "id": 1,
                "type": "pronunciation",
                "alternatives": [
                    {
                        "confidence": "0.999",
                        "content": "you"
                    }
                ],
                "start_time": "1.889",
                "end_time": "2.049",
                "speaker_label": "spk_0"
            },
            {
                "id": 2,
                "type": "pronunciation",
                "alternatives": [
                    {
                        "confidence": "0.999",
                        "content": "for"
                    }
                ],
                "start_time": "2.049",
                "end_time": "2.25",
                "speaker_label": "spk_0"
            },
            {
                "id": 3,
                "type": "pronunciation",
                "alternatives": [
                    {
                        "confidence": "0.999",
                        "content": "calling"
                    }
                ],
                "start_time": "2.25",
                "end_time": "2.569",
                "speaker_label": "spk_0"
            },
            {
                "id": 4,
                "type": "pronunciation",
                "alternatives": [
                    {
                        "confidence": "0.988",
                        "content": "Waffler"
                    }
                ],
                "start_time": "2.569",
                "end_time": "3.049",
                "speaker_label": "spk_0"
            },
            {
                "id": 5,
                "type": "pronunciation",
                "alternatives": [
                    {
                        "confidence": "0.993",
                        "content": "Diagnostics"
                    }
                ],
                "start_time": "3.049",
                "end_time": "4.01",
                "speaker_label": "spk_0"
            },
            {
                "id": 6,
                "type": "punctuation",
                "alternatives": [
                    {
                        "confidence": "0.0",
                        "content": "."
                    }
                ],
                "speaker_label": "spk_0"
            },
            {
                "id": 7,
                "type": "pronunciation",
                "alternatives": [
                    {
                        "confidence": "0.997",
                        "content": "Please"
                    }
                ],
                "start_time": "4.17",
                "end_time": "4.449",
                "speaker_label": "spk_0"
            },
            {
                "id": 8,
                "type": "pronunciation",
                "alternatives": [
                    {
                        "confidence": "0.999",
                        "content": "listen"
                    }
                ],
                "start_time": "4.449",
                "end_time": "4.69",
                "speaker_label": "spk_0"
            },
            {
                "id": 9,
                "type": "pronunciation",
                "alternatives": [
                    {
                        "confidence": "0.999",
                        "content": "to"
                    }
                ],
                "start_time": "4.69",
                "end_time": "4.849",
                "speaker_label": "spk_0"
            },
            {
                "id": 10,
                "type": "pronunciation",
                "alternatives": [
                    {
                        "confidence": "0.999",
                        "content": "all"
                    }
                ],
                "start_time": "4.849",
                "end_time": "4.969",
                "speaker_label": "spk_0"
            },
            {
                "id": 11,
                "type": "pronunciation",
                "alternatives": [
                    {
                        "confidence": "0.996",
                        "content": "of"
                    }
                ],
                "start_time": "4.969",
                "end_time": "5.119",
                "speaker_label": "spk_0"
            },
            {
                "id": 12,
                "type": "pronunciation",
                "alternatives": [
                    {
                        "confidence": "0.999",
                        "content": "the"
                    }
                ],
                "start_time": "5.119",
                "end_time": "5.289",
                "speaker_label": "spk_0"
            },
            {
                "id": 13,
                "type": "pronunciation",
                "alternatives": [
                    {
                        "confidence": "0.994",
                        "content": "prompts"
                    }
                ],
                "start_time": "5.289",
                "end_time": "5.8",
                "speaker_label": "spk_0"
            },
            {
                "id": 14,
                "type": "pronunciation",
                "alternatives": [
                    {
                        "confidence": "0.999",
                        "content": "before"
                    }
                ],
                "start_time": "5.8",
                "end_time": "6.01",
                "speaker_label": "spk_0"
            },
            {
                "id": 15,
                "type": "pronunciation",
                "alternatives": [
                    {
                        "confidence": "0.999",
                        "content": "making"
                    }
                ],
                "start_time": "6.01",
                "end_time": "6.199",
                "speaker_label": "spk_0"
            },
            {
                "id": 16,
                "type": "pronunciation",
                "alternatives": [
                    {
                        "confidence": "0.998",
                        "content": "a"
                    }
                ],
                "start_time": "6.199",
                "end_time": "6.32",
                "speaker_label": "spk_0"
            },
            {
                "id": 17,
                "type": "pronunciation",
                "alternatives": [
                    {
                        "confidence": "0.998",
                        "content": "selection"
                    }
                ],
                "start_time": "6.32",
                "end_time": "7.079",
                "speaker_label": "spk_0"
            },
            {
                "id": 18,
                "type": "punctuation",
                "alternatives": [
                    {
                        "confidence": "0.0",
                        "content": "."
                    }
                ],
                "speaker_label": "spk_0"
            },
            {
                "id": 19,
                "type": "pronunciation",
                "alternatives": [
                    {
                        "confidence": "0.997",
                        "content": "If"
                    }
                ],
                "start_time": "7.289",
                "end_time": "7.409",
                "speaker_label": "spk_0"
            },
            {
                "id": 20,
                "type": "pronunciation",
                "alternatives": [
                    {
                        "confidence": "0.999",
                        "content": "you"
                    }
                ],
                "start_time": "7.409",
                "end_time": "7.53",
                "speaker_label": "spk_0"
            },
            {
                "id": 21,
                "type": "pronunciation",
                "alternatives": [
                    {
                        "confidence": "0.997",
                        "content": "are"
                    }
                ],
                "start_time": "7.53",
                "end_time": "7.69",
                "speaker_label": "spk_0"
            },
            {
                "id": 22,
                "type": "pronunciation",
                "alternatives": [
                    {
                        "confidence": "0.999",
                        "content": "calling"
                    }
                ],
                "start_time": "7.69",
                "end_time": "8.01",
                "speaker_label": "spk_0"
            },
            {
                "id": 23,
                "type": "pronunciation",
                "alternatives": [
                    {
                        "confidence": "0.999",
                        "content": "about"
                    }
                ],
                "start_time": "8.01",
                "end_time": "8.21",
                "speaker_label": "spk_0"
            },
            {
                "id": 24,
                "type": "pronunciation",
                "alternatives": [
                    {
                        "confidence": "0.999",
                        "content": "booking"
                    }
                ],
                "start_time": "8.21",
                "end_time": "8.489",
                "speaker_label": "spk_0"
            },
            {
                "id": 25,
                "type": "pronunciation",
                "alternatives": [
                    {
                        "confidence": "0.998",
                        "content": "an"
                    }
                ],
                "start_time": "8.489",
                "end_time": "8.569",
                "speaker_label": "spk_0"
            },
            {
                "id": 26,
                "type": "pronunciation",
                "alternatives": [
                    {
                        "confidence": "0.999",
                        "content": "appointment"
                    }
                ],
                "start_time": "8.569",
                "end_time": "9.01",
                "speaker_label": "spk_0"
            },
            {
                "id": 27,
                "type": "punctuation",
                "alternatives": [
                    {
                        "confidence": "0.0",
                        "content": ","
                    }
                ],
                "speaker_label": "spk_0"
            },
            {
                "id": 28,
                "type": "pronunciation",
                "alternatives": [
                    {
                        "confidence": "0.996",
                        "content": "press"
                    }
                ],
                "start_time": "9.1",
                "end_time": "9.39",
                "speaker_label": "spk_0"
            },
            {
                "id": 29,
                "type": "pronunciation",
                "alternatives": [
                    {
                        "content": "[PII]",
                        "redactions": [
                            {
                                "confidence": "0.2074",
                                "type": "PHONE",
                                "category": "PII"
                            }
                        ]
                    }
                ],
                "start_time": "9.39",
                "end_time": "9.819"
            },
            {
                "id": 30,
                "type": "punctuation",
                "alternatives": [
                    {
                        "confidence": "0.0",
                        "content": "."
                    }
                ]
            },
            {
                "id": 31,
                "type": "pronunciation",
                "alternatives": [
                    {
                        "confidence": "0.996",
                        "content": "For"
                    }
                ],
                "start_time": "10.09",
                "end_time": "10.289",
                "speaker_label": "spk_0"
            },
            {
                "id": 32,
                "type": "pronunciation",
                "alternatives": [
                    {
                        "confidence": "0.999",
                        "content": "general"
                    }
                ],
                "start_time": "10.289",
                "end_time": "10.569",
                "speaker_label": "spk_0"
            },
            {
                "id": 33,
                "type": "pronunciation",
                "alternatives": [
                    {
                        "confidence": "0.993",
                        "content": "inquiries"
                    }
                ],
                "start_time": "10.569",
                "end_time": "11.13",
                "speaker_label": "spk_0"
            },
            {
                "id": 34,
                "type": "pronunciation",
                "alternatives": [
                    {
                        "confidence": "0.997",
                        "content": "like"
                    }
                ],
                "start_time": "11.13",
                "end_time": "11.289",
                "speaker_label": "spk_0"
            },
            {
                "id": 35,
                "type": "pronunciation",
                "alternatives": [
                    {
                        "confidence": "0.993",
                        "content": "clinic"
                    }
                ],
                "start_time": "11.289",
                "end_time": "11.81",
                "speaker_label": "spk_0"
            },
            {
                "id": 36,
                "type": "pronunciation",
                "alternatives": [
                    {
                        "confidence": "0.995",
                        "content": "locations"
                    }
                ],
                "start_time": "11.81",
                "end_time": "12.289",
                "speaker_label": "spk_0"
            },
            {
                "id": 37,
                "type": "punctuation",
                "alternatives": [
                    {
                        "confidence": "0.0",
                        "content": "."
                    }
                ],
                "speaker_label": "spk_0"
            },
            {
                "id": 38,
                "type": "pronunciation",
                "alternatives": [
                    {
                        "confidence": "0.996",
                        "content": "But"
                    }
                ],
                "start_time": "29.43",
                "end_time": "29.69",
                "speaker_label": "spk_1"
            },
            {
                "id": 39,
                "type": "pronunciation",
                "alternatives": [
                    {
                        "confidence": "0.992",
                        "content": "we'll"
                    }
                ],
                "start_time": "29.69",
                "end_time": "29.879",
                "speaker_label": "spk_1"
            },
            {
                "id": 40,
                "type": "pronunciation",
                "alternatives": [
                    {
                        "confidence": "0.998",
                        "content": "do"
                    }
                ],
                "start_time": "29.879",
                "end_time": "30.01",
                "speaker_label": "spk_1"
            },
            {
                "id": 41,
                "type": "pronunciation",
                "alternatives": [
                    {
                        "confidence": "0.998",
                        "content": "your"
                    }
                ],
                "start_time": "30.01",
                "end_time": "30.17",
                "speaker_label": "spk_1"
            },
            {
                "id": 42,
                "type": "pronunciation",
                "alternatives": [
                    {
                        "confidence": "0.987",
                        "content": "ultrasound"
                    }
                ],
                "start_time": "30.17",
                "end_time": "31.159",
                "speaker_label": "spk_1"
            },
            {
                "id": 43,
                "type": "pronunciation",
                "alternatives": [
                    {
                        "confidence": "0.996",
                        "content": "or"
                    }
                ],
                "start_time": "31.159",
                "end_time": "31.45",
                "speaker_label": "spk_1"
            },
            {
                "id": 44,
                "type": "pronunciation",
                "alternatives": [
                    {
                        "confidence": "0.998",
                        "content": "your"
                    }
                ],
                "start_time": "31.45",
                "end_time": "31.809",
                "speaker_label": "spk_1"
            },
            {
                "id": 45,
                "type": "pronunciation",
                "alternatives": [
                    {
                        "confidence": "0.999",
                        "content": "blood"
                    }
                ],
                "start_time": "31.809",
                "end_time": "31.969",
                "speaker_label": "spk_1"
            },
            {
                "id": 46,
                "type": "pronunciation",
                "alternatives": [
                    {
                        "confidence": "0.997",
                        "content": "work"
                    }
                ],
                "start_time": "31.969",
                "end_time": "32.13",
                "speaker_label": "spk_1"
            },
            {
                "id": 47,
                "type": "pronunciation",
                "alternatives": [
                    {
                        "confidence": "0.998",
                        "content": "in"
                    }
                ],
                "start_time": "32.13",
                "end_time": "32.25",
                "speaker_label": "spk_1"
            },
            {
                "id": 48,
                "type": "pronunciation",
                "alternatives": [
                    {
                        "confidence": "0.999",
                        "content": "the"
                    }
                ],
                "start_time": "32.25",
                "end_time": "32.369",
                "speaker_label": "spk_1"
            },
            {
                "id": 49,
                "type": "pronunciation",
                "alternatives": [
                    {
                        "confidence": "0.995",
                        "content": "meantime"
                    }
                ],
                "start_time": "32.369",
                "end_time": "32.9",
                "speaker_label": "spk_1"
            },
            {
                "id": 50,
                "type": "punctuation",
                "alternatives": [
                    {
                        "confidence": "0.0",
                        "content": "."
                    }
                ],
                "speaker_label": "spk_1"
            },
            {
                "id": 51,
                "type": "pronunciation",
                "alternatives": [
                    {
                        "confidence": "0.997",
                        "content": "And"
                    }
                ],
                "start_time": "33.97",
                "end_time": "34.22",
                "speaker_label": "spk_1"
            },
            {
                "id": 52,
                "type": "pronunciation",
                "alternatives": [
                    {
                        "confidence": "0.996",
                        "content": "then"
                    }
                ],
                "start_time": "34.22",
                "end_time": "34.38",
                "speaker_label": "spk_1"
            },
            {
                "id": 53,
                "type": "pronunciation",
                "alternatives": [
                    {
                        "confidence": "0.989",
                        "content": "I'll"
                    }
                ],
                "start_time": "34.38",
                "end_time": "34.619",
                "speaker_label": "spk_1"
            },
            {
                "id": 54,
                "type": "pronunciation",
                "alternatives": [
                    {
                        "confidence": "0.673",
                        "content": "call"
                    }
                ],
                "start_time": "34.619",
                "end_time": "34.939",
                "speaker_label": "spk_1"
            },
            {
                "id": 55,
                "type": "pronunciation",
                "alternatives": [
                    {
                        "confidence": "0.996",
                        "content": "again"
                    }
                ],
                "start_time": "34.939",
                "end_time": "35.169",
                "speaker_label": "spk_1"
            },
            {
                "id": 56,
                "type": "pronunciation",
                "alternatives": [
                    {
                        "confidence": "0.998",
                        "content": "at"
                    }
                ],
                "start_time": "35.169",
                "end_time": "35.34",
                "speaker_label": "spk_1"
            },
            {
                "id": 57,
                "type": "pronunciation",
                "alternatives": [
                    {
                        "confidence": "0.998",
                        "content": "9"
                    }
                ],
                "start_time": "35.34",
                "end_time": "35.909",
                "speaker_label": "spk_1"
            },
            {
                "id": 58,
                "type": "punctuation",
                "alternatives": [
                    {
                        "confidence": "0.0",
                        "content": ","
                    }
                ],
                "speaker_label": "spk_1"
            },
            {
                "id": 59,
                "type": "pronunciation",
                "alternatives": [
                    {
                        "confidence": "0.996",
                        "content": "so"
                    }
                ],
                "start_time": "36.06",
                "end_time": "36.18",
                "speaker_label": "spk_1"
            },
            {
                "id": 60,
                "type": "pronunciation",
                "alternatives": [
                    {
                        "confidence": "0.999",
                        "content": "we"
                    }
                ],
                "start_time": "36.18",
                "end_time": "36.38",
                "speaker_label": "spk_1"
            },
            {
                "id": 61,
                "type": "pronunciation",
                "alternatives": [
                    {
                        "confidence": "0.999",
                        "content": "actually"
                    }
                ],
                "start_time": "36.38",
                "end_time": "36.689",
                "speaker_label": "spk_1"
            },
            {
                "id": 62,
                "type": "pronunciation",
                "alternatives": [
                    {
                        "confidence": "0.999",
                        "content": "have"
                    }
                ],
                "start_time": "36.689",
                "end_time": "36.819",
                "speaker_label": "spk_1"
            },
            {
                "id": 63,
                "type": "pronunciation",
                "alternatives": [
                    {
                        "confidence": "0.999",
                        "content": "an"
                    }
                ],
                "start_time": "36.819",
                "end_time": "36.939",
                "speaker_label": "spk_1"
            },
            {
                "id": 64,
                "type": "pronunciation",
                "alternatives": [
                    {
                        "confidence": "0.99",
                        "content": "ultrasound"
                    }
                ],
                "start_time": "36.939",
                "end_time": "37.5",
                "speaker_label": "spk_1"
            },
            {
                "id": 65,
                "type": "pronunciation",
                "alternatives": [
                    {
                        "confidence": "0.192",
                        "content": "site"
                    }
                ],
                "start_time": "37.5",
                "end_time": "37.88",
                "speaker_label": "spk_1"
            },
            {
                "id": 66,
                "type": "pronunciation",
                "alternatives": [
                    {
                        "confidence": "0.509",
                        "content": "that's"
                    }
                ],
                "start_time": "37.88",
                "end_time": "38.229",
                "speaker_label": "spk_1"
            },
            {
                "id": 67,
                "type": "pronunciation",
                "alternatives": [
                    {
                        "confidence": "0.957",
                        "content": "kind"
                    }
                ],
                "start_time": "38.229",
                "end_time": "38.38",
                "speaker_label": "spk_1"
            },
            {
                "id": 68,
                "type": "pronunciation",
                "alternatives": [
                    {
                        "confidence": "0.964",
                        "content": "of"
                    }
                ],
                "start_time": "38.38",
                "end_time": "38.58",
                "speaker_label": "spk_1"
            },
            {
                "id": 69,
                "type": "punctuation",
                "alternatives": [
                    {
                        "confidence": "0.0",
                        "content": "."
                    }
                ],
                "speaker_label": "spk_1"
            },
            {
                "id": 70,
                "type": "pronunciation",
                "alternatives": [
                    {
                        "confidence": "0.529",
                        "content": "think"
                    }
                ],
                "start_time": "41.029",
                "end_time": "41.04",
                "speaker_label": "spk_1"
            },
            {
                "id": 71,
                "type": "pronunciation",
                "alternatives": [
                    {
                        "confidence": "0.354",
                        "content": "it's"
                    }
                ],
                "start_time": "41.04",
                "end_time": "41.159",
                "speaker_label": "spk_1"
            },
            {
                "id": 72,
                "type": "pronunciation",
                "alternatives": [
                    {
                        "confidence": "0.935",
                        "content": "the"
                    }
                ],
                "start_time": "41.159",
                "end_time": "41.279",
                "speaker_label": "spk_1"
            },
            {
                "id": 73,
                "type": "pronunciation",
                "alternatives": [
                    {
                        "confidence": "0.997",
                        "content": "old"
                    }
                ],
                "start_time": "41.279",
                "end_time": "41.4",
                "speaker_label": "spk_1"
            },
            {
                "id": 74,
                "type": "pronunciation",
                "alternatives": [
                    {
                        "confidence": "0.985",
                        "content": "pinnacle"
                    }
                ],
                "start_time": "41.4",
                "end_time": "41.84",
                "speaker_label": "spk_1"
            },
            {
                "id": 75,
                "type": "pronunciation",
                "alternatives": [
                    {
                        "confidence": "0.998",
                        "content": "building"
                    }
                ],
                "start_time": "41.84",
                "end_time": "42.29",
                "speaker_label": "spk_1"
            },
            {
                "id": 76,
                "type": "punctuation",
                "alternatives": [
                    {
                        "confidence": "0.0",
                        "content": "."
                    }
                ],
                "speaker_label": "spk_1"
            },
            {
                "id": 77,
                "type": "pronunciation",
                "alternatives": [
                    {
                        "confidence": "0.884",
                        "content": "Kind"
                    }
                ],
                "start_time": "43.29",
                "end_time": "43.4",
                "speaker_label": "spk_1"
            },
            {
                "id": 78,
                "type": "pronunciation",
                "alternatives": [
                    {
                        "confidence": "0.953",
                        "content": "of"
                    }
                ],
                "start_time": "43.4",
                "end_time": "43.479",
                "speaker_label": "spk_1"
            },
            {
                "id": 79,
                "type": "pronunciation",
                "alternatives": [
                    {
                        "confidence": "0.996",
                        "content": "by"
                    }
                ],
                "start_time": "43.479",
                "end_time": "43.56",
                "speaker_label": "spk_1"
            },
            {
                "id": 80,
                "type": "pronunciation",
                "alternatives": [
                    {
                        "confidence": "0.998",
                        "content": "the"
                    }
                ],
                "start_time": "43.56",
                "end_time": "43.759",
                "speaker_label": "spk_1"
            },
            {
                "id": 81,
                "type": "pronunciation",
                "alternatives": [
                    {
                        "confidence": "0.995",
                        "content": "candy"
                    }
                ],
                "start_time": "43.759",
                "end_time": "44.119",
                "speaker_label": "spk_1"
            },
            {
                "id": 82,
                "type": "pronunciation",
                "alternatives": [
                    {
                        "confidence": "0.997",
                        "content": "shop"
                    }
                ],
                "start_time": "44.119",
                "end_time": "44.599",
                "speaker_label": "spk_1"
            },
            {
                "id": 83,
                "type": "punctuation",
                "alternatives": [
                    {
                        "confidence": "0.0",
                        "content": "."
                    }
                ],
                "speaker_label": "spk_1"
            },
            {
                "id": 84,
                "type": "pronunciation",
                "alternatives": [
                    {
                        "confidence": "0.996",
                        "content": "Uh"
                    }
                ],
                "start_time": "45.77",
                "end_time": "46.31",
                "speaker_label": "spk_1"
            },
            {
                "id": 85,
                "type": "punctuation",
                "alternatives": [
                    {
                        "confidence": "0.0",
                        "content": ","
                    }
                ],
                "speaker_label": "spk_1"
            },
            {
                "id": 86,
                "type": "pronunciation",
                "alternatives": [
                    {
                        "confidence": "0.997",
                        "content": "so"
                    }
                ],
                "start_time": "46.439",
                "end_time": "46.889",
                "speaker_label": "spk_1"
            },
            {
                "id": 87,
                "type": "pronunciation",
                "alternatives": [
                    {
                        "confidence": "0.999",
                        "content": "if"
                    }
                ],
                "start_time": "47.0",
                "end_time": "47.159",
                "speaker_label": "spk_1"
            },
            {
                "id": 88,
                "type": "pronunciation",
                "alternatives": [
                    {
                        "confidence": "0.999",
                        "content": "we"
                    }
                ],
                "start_time": "47.159",
                "end_time": "47.279",
                "speaker_label": "spk_1"
            },
            {
                "id": 89,
                "type": "pronunciation",
                "alternatives": [
                    {
                        "confidence": "0.997",
                        "content": "can"
                    }
                ],
                "start_time": "47.279",
                "end_time": "47.4",
                "speaker_label": "spk_1"
            },
            {
                "id": 90,
                "type": "pronunciation",
                "alternatives": [
                    {
                        "confidence": "0.987",
                        "content": "squeeze"
                    }
                ],
                "start_time": "47.4",
                "end_time": "47.84",
                "speaker_label": "spk_1"
            },
            {
                "id": 91,
                "type": "pronunciation",
                "alternatives": [
                    {
                        "confidence": "0.999",
                        "content": "you"
                    }
                ],
                "start_time": "47.84",
                "end_time": "47.919",
                "speaker_label": "spk_1"
            },
            {
                "id": 92,
                "type": "pronunciation",
                "alternatives": [
                    {
                        "confidence": "0.998",
                        "content": "in"
                    }
                ],
                "start_time": "47.919",
                "end_time": "48.279",
                "speaker_label": "spk_1"
            },
            {
                "id": 93,
                "type": "pronunciation",
                "alternatives": [
                    {
                        "confidence": "0.999",
                        "content": "today"
                    }
                ],
                "start_time": "48.279",
                "end_time": "48.479",
                "speaker_label": "spk_1"
            },
            {
                "id": 94,
                "type": "pronunciation",
                "alternatives": [
                    {
                        "confidence": "0.999",
                        "content": "and"
                    }
                ],
                "start_time": "48.479",
                "end_time": "48.639",
                "speaker_label": "spk_1"
            },
            {
                "id": 95,
                "type": "pronunciation",
                "alternatives": [
                    {
                        "confidence": "0.999",
                        "content": "then"
                    }
                ],
                "start_time": "48.639",
                "end_time": "48.759",
                "speaker_label": "spk_1"
            },
            {
                "id": 96,
                "type": "pronunciation",
                "alternatives": [
                    {
                        "confidence": "0.999",
                        "content": "we"
                    }
                ],
                "start_time": "48.759",
                "end_time": "48.959",
                "speaker_label": "spk_1"
            },
            {
                "id": 97,
                "type": "pronunciation",
                "alternatives": [
                    {
                        "confidence": "0.999",
                        "content": "know"
                    }
                ],
                "start_time": "48.959",
                "end_time": "49.479",
                "speaker_label": "spk_1"
            },
            {
                "id": 98,
                "type": "pronunciation",
                "alternatives": [
                    {
                        "confidence": "0.666",
                        "content": "it's"
                    }
                ],
                "start_time": "50.2",
                "end_time": "50.279",
                "speaker_label": "spk_1"
            },
            {
                "id": 99,
                "type": "pronunciation",
                "alternatives": [
                    {
                        "confidence": "0.996",
                        "content": "like"
                    }
                ],
                "start_time": "50.279",
                "end_time": "50.439",
                "speaker_label": "spk_1"
            },
            {
                "id": 100,
                "type": "pronunciation",
                "alternatives": [
                    {
                        "confidence": "0.996",
                        "content": "that"
                    }
                ],
                "start_time": "50.439",
                "end_time": "50.65",
                "speaker_label": "spk_1"
            },
            {
                "id": 101,
                "type": "pronunciation",
                "alternatives": [
                    {
                        "confidence": "0.647",
                        "content": "way"
                    }
                ],
                "start_time": "50.65",
                "end_time": "50.919",
                "speaker_label": "spk_1"
            },
            {
                "id": 102,
                "type": "punctuation",
                "alternatives": [
                    {
                        "confidence": "0.0",
                        "content": "."
                    }
                ],
                "speaker_label": "spk_1"
            }
        ],
        "audio_segments": [
            {
                "id": 0,
                "transcript": "Thank you for calling Waffler Diagnostics. Please listen to all of the prompts before making a selection. If you are calling about booking an appointment, press [PII]. For general inquiries like clinic locations.",
                "start_time": "1.61",
                "end_time": "12.38",
                "speaker_label": "spk_0",
                "items": [
                    0,
                    1,
                    2,
                    3,
                    4,
                    5,
                    6,
                    7,
                    8,
                    9,
                    10,
                    11,
                    12,
                    13,
                    14,
                    15,
                    16,
                    17,
                    18,
                    19,
                    20,
                    21,
                    22,
                    23,
                    24,
                    25,
                    26,
                    27,
                    28,
                    29,
                    30,
                    31,
                    32,
                    33,
                    34,
                    35,
                    36,
                    37
                ]
            },
            {
                "id": 1,
                "transcript": "But we'll do your ultrasound or your blood work in the meantime.",
                "start_time": "29.409",
                "end_time": "33.069",
                "speaker_label": "spk_1",
                "items": [
                    38,
                    39,
                    40,
                    41,
                    42,
                    43,
                    44,
                    45,
                    46,
                    47,
                    48,
                    49,
                    50
                ]
            },
            {
                "id": 2,
                "transcript": "And then I'll call again at 9, so we actually have an ultrasound site that's kind of.",
                "start_time": "33.939",
                "end_time": "38.659",
                "speaker_label": "spk_1",
                "items": [
                    51,
                    52,
                    53,
                    54,
                    55,
                    56,
                    57,
                    58,
                    59,
                    60,
                    61,
                    62,
                    63,
                    64,
                    65,
                    66,
                    67,
                    68,
                    69
                ]
            },
            {
                "id": 3,
                "transcript": "think it's the old pinnacle building.",
                "start_time": "40.759",
                "end_time": "42.45",
                "speaker_label": "spk_1",
                "items": [
                    70,
                    71,
                    72,
                    73,
                    74,
                    75,
                    76
                ]
            },
            {
                "id": 4,
                "transcript": "Kind of by the candy shop.",
                "start_time": "43.119",
                "end_time": "44.74",
                "speaker_label": "spk_1",
                "items": [
                    77,
                    78,
                    79,
                    80,
                    81,
                    82,
                    83
                ]
            },
            {
                "id": 5,
                "transcript": "Uh, so if we can squeeze you in today and then we know it's like that way.",
                "start_time": "45.759",
                "end_time": "51.02",
                "speaker_label": "spk_1",
                "items": [
                    84,
                    85,
                    86,
                    87,
                    88,
                    89,
                    90,
                    91,
                    92,
                    93,
                    94,
                    95,
                    96,
                    97,
                    98,
                    99,
                    100,
                    101,
                    102
                ]
            }
        ]
    }
}