{
    "jobName": "transcription-job-2024-03-21T18-02-34Z-call-a8e1a138-0106-499c-a5cd-1596b18c8659-1734637986",
    "accountId": "199040315413",
    "isRedacted": true,
    "status": "COMPLETED",
    "results": {
        "transcripts": [
            {
                "transcript": "Wesberry Diagnostics, this is [PII]. How may I help? Hello, is that Pacific Plu? Pacific Plus? No, we are actually Wassler Diagnostic. OK, so don't know. Um, no worries about that. She."
            }
        ],
        "speaker_labels": {
            "segments": [
                {
                    "start_time": "0.28",
                    "end_time": "1.12",
                    "speaker_label": "spk_0",
                    "items": [
                        {
                            "speaker_label": "spk_0",
                            "start_time": "0.689",
                            "end_time": "1.12"
                        }
                    ]
                },
                {
                    "start_time": "1.12",
                    "end_time": "1.84",
                    "speaker_label": "spk_1",
                    "items": [
                        {
                            "speaker_label": "spk_1",
                            "start_time": "1.12",
                            "end_time": "1.84"
                        }
                    ]
                },
                {
                    "start_time": "1.879",
                    "end_time": "2.24",
                    "speaker_label": "spk_0",
                    "items": [
                        {
                            "speaker_label": "spk_0",
                            "start_time": "1.879",
                            "end_time": "2.0"
                        },
                        {
                            "speaker_label": "spk_0",
                            "start_time": "2.0",
                            "end_time": "2.24"
                        }
                    ]
                },
                {
                    "start_time": "2.24",
                    "end_time": "3.38",
                    "speaker_label": "spk_0",
                    "items": [
                        {
                            "speaker_label": "spk_0",
                            "start_time": "2.24",
                            "end_time": "2.519"
                        },
                        {
                            "speaker_label": "spk_0",
                            "start_time": "2.599",
                            "end_time": "2.72"
                        },
                        {
                            "speaker_label": "spk_0",
                            "start_time": "2.72",
                            "end_time": "2.809"
                        },
                        {
                            "speaker_label": "spk_0",
                            "start_time": "2.809",
                            "end_time": "2.849"
                        },
                        {
                            "speaker_label": "spk_0",
                            "start_time": "2.849",
                            "end_time": "3.23"
                        }
                    ]
                },
                {
                    "start_time": "3.98",
                    "end_time": "5.26",
                    "speaker_label": "spk_1",
                    "items": [
                        {
                            "speaker_label": "spk_1",
                            "start_time": "3.99",
                            "end_time": "4.34"
                        },
                        {
                            "speaker_label": "spk_1",
                            "start_time": "4.42",
                            "end_time": "4.5"
                        },
                        {
                            "speaker_label": "spk_1",
                            "start_time": "4.5",
                            "end_time": "4.739"
                        },
                        {
                            "speaker_label": "spk_1",
                            "start_time": "4.739",
                            "end_time": "5.26"
                        }
                    ]
                },
                {
                    "start_time": "5.26",
                    "end_time": "5.619",
                    "speaker_label": "spk_0",
                    "items": [
                        {
                            "speaker_label": "spk_0",
                            "start_time": "5.26",
                            "end_time": "5.619"
                        }
                    ]
                },
                {
                    "start_time": "6.3",
                    "end_time": "6.9",
                    "speaker_label": "spk_1",
                    "items": [
                        {
                            "speaker_label": "spk_1",
                            "start_time": "6.3",
                            "end_time": "6.9"
                        }
                    ]
                },
                {
                    "start_time": "6.9",
                    "end_time": "10.27",
                    "speaker_label": "spk_0",
                    "items": [
                        {
                            "speaker_label": "spk_0",
                            "start_time": "6.9",
                            "end_time": "7.38"
                        },
                        {
                            "speaker_label": "spk_0",
                            "start_time": "7.46",
                            "end_time": "7.619"
                        },
                        {
                            "speaker_label": "spk_0",
                            "start_time": "7.739",
                            "end_time": "7.9"
                        },
                        {
                            "speaker_label": "spk_0",
                            "start_time": "7.9",
                            "end_time": "8.02"
                        },
                        {
                            "speaker_label": "spk_0",
                            "start_time": "8.02",
                            "end_time": "8.46"
                        },
                        {
                            "speaker_label": "spk_0",
                            "start_time": "8.46",
                            "end_time": "8.979"
                        },
                        {
                            "speaker_label": "spk_0",
                            "start_time": "8.979",
                            "end_time": "10.09"
                        }
                    ]
                },
                {
                    "start_time": "11.319",
                    "end_time": "12.96",
                    "speaker_label": "spk_1",
                    "items": [
                        {
                            "speaker_label": "spk_1",
                            "start_time": "11.42",
                            "end_time": "11.92"
                        },
                        {
                            "speaker_label": "spk_1",
                            "start_time": "12.039",
                            "end_time": "12.359"
                        },
                        {
                            "speaker_label": "spk_1",
                            "start_time": "12.359",
                            "end_time": "12.68"
                        },
                        {
                            "speaker_label": "spk_1",
                            "start_time": "12.68",
                            "end_time": "12.96"
                        }
                    ]
                },
                {
                    "start_time": "13.159",
                    "end_time": "15.71",
                    "speaker_label": "spk_0",
                    "items": [
                        {
                            "speaker_label": "spk_0",
                            "start_time": "13.159",
                            "end_time": "13.39"
                        },
                        {
                            "speaker_label": "spk_0",
                            "start_time": "13.399",
                            "end_time": "13.52"
                        },
                        {
                            "speaker_label": "spk_0",
                            "start_time": "13.52",
                            "end_time": "13.939"
                        },
                        {
                            "speaker_label": "spk_0",
                            "start_time": "13.939",
                            "end_time": "14.199"
                        },
                        {
                            "speaker_label": "spk_0",
                            "start_time": "14.199",
                            "end_time": "14.689"
                        },
                        {
                            "speaker_label": "spk_0",
                            "start_time": "15.659",
                            "end_time": "15.67"
                        }
                    ]
                }
            ],
            "channel_label": "ch_0",
            "speakers": 2
        },
        "items": [
            {
                "id": 0,
                "type": "pronunciation",
                "alternatives": [
                    {
                        "confidence": "0.293",
                        "content": "Wesberry"
                    }
                ],
                "start_time": "0.689",
                "end_time": "1.12",
                "speaker_label": "spk_0"
            },
            {
                "id": 1,
                "type": "pronunciation",
                "alternatives": [
                    {
                        "confidence": "0.975",
                        "content": "Diagnostics"
                    }
                ],
                "start_time": "1.12",
                "end_time": "1.84",
                "speaker_label": "spk_1"
            },
            {
                "id": 2,
                "type": "punctuation",
                "alternatives": [
                    {
                        "confidence": "0.0",
                        "content": ","
                    }
                ],
                "speaker_label": "spk_1"
            },
            {
                "id": 3,
                "type": "pronunciation",
                "alternatives": [
                    {
                        "confidence": "0.996",
                        "content": "this"
                    }
                ],
                "start_time": "1.879",
                "end_time": "2.0",
                "speaker_label": "spk_0"
            },
            {
                "id": 4,
                "type": "pronunciation",
                "alternatives": [
                    {
                        "confidence": "0.999",
                        "content": "is"
                    }
                ],
                "start_time": "2.0",
                "end_time": "2.24",
                "speaker_label": "spk_0"
            },
            {
                "id": 5,
                "type": "pronunciation",
                "alternatives": [
                    {
                        "content": "[PII]",
                        "redactions": [
                            {
                                "confidence": "1.0",
                                "type": "NAME",
                                "category": "PII"
                            }
                        ]
                    }
                ],
                "start_time": "2.24",
                "end_time": "2.519"
            },
            {
                "id": 6,
                "type": "punctuation",
                "alternatives": [
                    {
                        "confidence": "0.0",
                        "content": "."
                    }
                ]
            },
            {
                "id": 7,
                "type": "pronunciation",
                "alternatives": [
                    {
                        "confidence": "0.97",
                        "content": "How"
                    }
                ],
                "start_time": "2.599",
                "end_time": "2.72",
                "speaker_label": "spk_0"
            },
            {
                "id": 8,
                "type": "pronunciation",
                "alternatives": [
                    {
                        "confidence": "0.998",
                        "content": "may"
                    }
                ],
                "start_time": "2.72",
                "end_time": "2.809",
                "speaker_label": "spk_0"
            },
            {
                "id": 9,
                "type": "pronunciation",
                "alternatives": [
                    {
                        "confidence": "0.997",
                        "content": "I"
                    }
                ],
                "start_time": "2.809",
                "end_time": "2.849",
                "speaker_label": "spk_0"
            },
            {
                "id": 10,
                "type": "pronunciation",
                "alternatives": [
                    {
                        "confidence": "0.999",
                        "content": "help"
                    }
                ],
                "start_time": "2.849",
                "end_time": "3.23",
                "speaker_label": "spk_0"
            },
            {
                "id": 11,
                "type": "punctuation",
                "alternatives": [
                    {
                        "confidence": "0.0",
                        "content": "?"
                    }
                ],
                "speaker_label": "spk_0"
            },
            {
                "id": 12,
                "type": "pronunciation",
                "alternatives": [
                    {
                        "confidence": "0.998",
                        "content": "Hello"
                    }
                ],
                "start_time": "3.99",
                "end_time": "4.34",
                "speaker_label": "spk_1"
            },
            {
                "id": 13,
                "type": "punctuation",
                "alternatives": [
                    {
                        "confidence": "0.0",
                        "content": ","
                    }
                ],
                "speaker_label": "spk_1"
            },
            {
                "id": 14,
                "type": "pronunciation",
                "alternatives": [
                    {
                        "confidence": "0.996",
                        "content": "is"
                    }
                ],
                "start_time": "4.42",
                "end_time": "4.5",
                "speaker_label": "spk_1"
            },
            {
                "id": 15,
                "type": "pronunciation",
                "alternatives": [
                    {
                        "confidence": "0.997",
                        "content": "that"
                    }
                ],
                "start_time": "4.5",
                "end_time": "4.739",
                "speaker_label": "spk_1"
            },
            {
                "id": 16,
                "type": "pronunciation",
                "alternatives": [
                    {
                        "confidence": "0.992",
                        "content": "Pacific"
                    }
                ],
                "start_time": "4.739",
                "end_time": "5.26",
                "speaker_label": "spk_1"
            },
            {
                "id": 17,
                "type": "pronunciation",
                "alternatives": [
                    {
                        "confidence": "0.977",
                        "content": "Plu"
                    }
                ],
                "start_time": "5.26",
                "end_time": "5.619",
                "speaker_label": "spk_0"
            },
            {
                "id": 18,
                "type": "punctuation",
                "alternatives": [
                    {
                        "confidence": "0.0",
                        "content": "?"
                    }
                ],
                "speaker_label": "spk_0"
            },
            {
                "id": 19,
                "type": "pronunciation",
                "alternatives": [
                    {
                        "confidence": "0.99",
                        "content": "Pacific"
                    }
                ],
                "start_time": "6.3",
                "end_time": "6.9",
                "speaker_label": "spk_1"
            },
            {
                "id": 20,
                "type": "pronunciation",
                "alternatives": [
                    {
                        "confidence": "0.981",
                        "content": "Plus"
                    }
                ],
                "start_time": "6.9",
                "end_time": "7.38",
                "speaker_label": "spk_0"
            },
            {
                "id": 21,
                "type": "punctuation",
                "alternatives": [
                    {
                        "confidence": "0.0",
                        "content": "?"
                    }
                ],
                "speaker_label": "spk_0"
            },
            {
                "id": 22,
                "type": "pronunciation",
                "alternatives": [
                    {
                        "confidence": "0.961",
                        "content": "No"
                    }
                ],
                "start_time": "7.46",
                "end_time": "7.619",
                "speaker_label": "spk_0"
            },
            {
                "id": 23,
                "type": "punctuation",
                "alternatives": [
                    {
                        "confidence": "0.0",
                        "content": ","
                    }
                ],
                "speaker_label": "spk_0"
            },
            {
                "id": 24,
                "type": "pronunciation",
                "alternatives": [
                    {
                        "confidence": "0.997",
                        "content": "we"
                    }
                ],
                "start_time": "7.739",
                "end_time": "7.9",
                "speaker_label": "spk_0"
            },
            {
                "id": 25,
                "type": "pronunciation",
                "alternatives": [
                    {
                        "confidence": "0.997",
                        "content": "are"
                    }
                ],
                "start_time": "7.9",
                "end_time": "8.02",
                "speaker_label": "spk_0"
            },
            {
                "id": 26,
                "type": "pronunciation",
                "alternatives": [
                    {
                        "confidence": "0.998",
                        "content": "actually"
                    }
                ],
                "start_time": "8.02",
                "end_time": "8.46",
                "speaker_label": "spk_0"
            },
            {
                "id": 27,
                "type": "pronunciation",
                "alternatives": [
                    {
                        "confidence": "0.736",
                        "content": "Wassler"
                    }
                ],
                "start_time": "8.46",
                "end_time": "8.979",
                "speaker_label": "spk_0"
            },
            {
                "id": 28,
                "type": "pronunciation",
                "alternatives": [
                    {
                        "confidence": "0.986",
                        "content": "Diagnostic"
                    }
                ],
                "start_time": "8.979",
                "end_time": "10.09",
                "speaker_label": "spk_0"
            },
            {
                "id": 29,
                "type": "punctuation",
                "alternatives": [
                    {
                        "confidence": "0.0",
                        "content": "."
                    }
                ],
                "speaker_label": "spk_0"
            },
            {
                "id": 30,
                "type": "pronunciation",
                "alternatives": [
                    {
                        "confidence": "0.998",
                        "content": "OK"
                    }
                ],
                "start_time": "11.42",
                "end_time": "11.92",
                "speaker_label": "spk_1"
            },
            {
                "id": 31,
                "type": "punctuation",
                "alternatives": [
                    {
                        "confidence": "0.0",
                        "content": ","
                    }
                ],
                "speaker_label": "spk_1"
            },
            {
                "id": 32,
                "type": "pronunciation",
                "alternatives": [
                    {
                        "confidence": "0.569",
                        "content": "so"
                    }
                ],
                "start_time": "12.039",
                "end_time": "12.359",
                "speaker_label": "spk_1"
            },
            {
                "id": 33,
                "type": "pronunciation",
                "alternatives": [
                    {
                        "confidence": "0.987",
                        "content": "don't"
                    }
                ],
                "start_time": "12.359",
                "end_time": "12.68",
                "speaker_label": "spk_1"
            },
            {
                "id": 34,
                "type": "pronunciation",
                "alternatives": [
                    {
                        "confidence": "0.996",
                        "content": "know"
                    }
                ],
                "start_time": "12.68",
                "end_time": "12.96",
                "speaker_label": "spk_1"
            },
            {
                "id": 35,
                "type": "punctuation",
                "alternatives": [
                    {
                        "confidence": "0.0",
                        "content": "."
                    }
                ],
                "speaker_label": "spk_1"
            },
            {
                "id": 36,
                "type": "pronunciation",
                "alternatives": [
                    {
                        "confidence": "0.996",
                        "content": "Um"
                    }
                ],
                "start_time": "13.159",
                "end_time": "13.39",
                "speaker_label": "spk_0"
            },
            {
                "id": 37,
                "type": "punctuation",
                "alternatives": [
                    {
                        "confidence": "0.0",
                        "content": ","
                    }
                ],
                "speaker_label": "spk_0"
            },
            {
                "id": 38,
                "type": "pronunciation",
                "alternatives": [
                    {
                        "confidence": "0.997",
                        "content": "no"
                    }
                ],
                "start_time": "13.399",
                "end_time": "13.52",
                "speaker_label": "spk_0"
            },
            {
                "id": 39,
                "type": "pronunciation",
                "alternatives": [
                    {
                        "confidence": "0.988",
                        "content": "worries"
                    }
                ],
                "start_time": "13.52",
                "end_time": "13.939",
                "speaker_label": "spk_0"
            },
            {
                "id": 40,
                "type": "pronunciation",
                "alternatives": [
                    {
                        "confidence": "0.997",
                        "content": "about"
                    }
                ],
                "start_time": "13.939",
                "end_time": "14.199",
                "speaker_label": "spk_0"
            },
            {
                "id": 41,
                "type": "pronunciation",
                "alternatives": [
                    {
                        "confidence": "0.996",
                        "content": "that"
                    }
                ],
                "start_time": "14.199",
                "end_time": "14.689",
                "speaker_label": "spk_0"
            },
            {
                "id": 42,
                "type": "punctuation",
                "alternatives": [
                    {
                        "confidence": "0.0",
                        "content": "."
                    }
                ],
                "speaker_label": "spk_0"
            },
            {
                "id": 43,
                "type": "pronunciation",
                "alternatives": [
                    {
                        "confidence": "0.782",
                        "content": "She"
                    }
                ],
                "start_time": "15.659",
                "end_time": "15.67",
                "speaker_label": "spk_0"
            },
            {
                "id": 44,
                "type": "punctuation",
                "alternatives": [
                    {
                        "confidence": "0.0",
                        "content": "."
                    }
                ],
                "speaker_label": "spk_0"
            }
        ],
        "audio_segments": [
            {
                "id": 0,
                "transcript": "Wesberry",
                "start_time": "0.28",
                "end_time": "1.12",
                "speaker_label": "spk_0",
                "items": [
                    0
                ]
            },
            {
                "id": 1,
                "transcript": "Diagnostics,",
                "start_time": "1.12",
                "end_time": "1.84",
                "speaker_label": "spk_1",
                "items": [
                    1,
                    2
                ]
            },
            {
                "id": 2,
                "transcript": "this is",
                "start_time": "1.879",
                "end_time": "2.24",
                "speaker_label": "spk_0",
                "items": [
                    3,
                    4
                ]
            },
            {
                "id": 3,
                "transcript": "[PII]. How may I help?",
                "start_time": "2.24",
                "end_time": "3.38",
                "items": [
                    5,
                    6,
                    7,
                    8,
                    9,
                    10,
                    11
                ]
            },
            {
                "id": 4,
                "transcript": "Hello, is that Pacific",
                "start_time": "3.98",
                "end_time": "5.26",
                "speaker_label": "spk_1",
                "items": [
                    12,
                    13,
                    14,
                    15,
                    16
                ]
            },
            {
                "id": 5,
                "transcript": "Plu?",
                "start_time": "5.26",
                "end_time": "5.619",
                "speaker_label": "spk_0",
                "items": [
                    17,
                    18
                ]
            },
            {
                "id": 6,
                "transcript": "Pacific",
                "start_time": "6.3",
                "end_time": "6.9",
                "speaker_label": "spk_1",
                "items": [
                    19
                ]
            },
            {
                "id": 7,
                "transcript": "Plus? No, we are actually Wassler Diagnostic.",
                "start_time": "6.9",
                "end_time": "10.27",
                "speaker_label": "spk_0",
                "items": [
                    20,
                    21,
                    22,
                    23,
                    24,
                    25,
                    26,
                    27,
                    28,
                    29
                ]
            },
            {
                "id": 8,
                "transcript": "OK, so don't know.",
                "start_time": "11.319",
                "end_time": "12.96",
                "speaker_label": "spk_1",
                "items": [
                    30,
                    31,
                    32,
                    33,
                    34,
                    35
                ]
            },
            {
                "id": 9,
                "transcript": "Um, no worries about that. She.",
                "start_time": "13.159",
                "end_time": "15.71",
                "speaker_label": "spk_0",
                "items": [
                    36,
                    37,
                    38,
                    39,
                    40,
                    41,
                    42,
                    43,
                    44
                ]
            }
        ]
    }
}