{
    "jobName": "transcription-job-2024-03-21T21-46-32Z-call-421a84e8-c46a-4e50-8015-af17cdd9e42e-1734640384",
    "accountId": "199040315413",
    "isRedacted": true,
    "status": "COMPLETED",
    "results": {
        "transcripts": [
            {
                "transcript": "Hi Los diagnostic, how may I help? Good afternoon. Good afternoon. Yeah, um, please, I wanna find out if you guys do, uh, the TV skin testing. TB skin testing? No, that's not something that we offer in our clinic. We offer ultrasound and X-rays here in [PII]. That's about it. Mm. OK thank you. You're welcome have a great day."
            }
        ],
        "speaker_labels": {
            "segments": [
                {
                    "start_time": "10.689",
                    "end_time": "13.31",
                    "speaker_label": "spk_0",
                    "items": [
                        {
                            "speaker_label": "spk_0",
                            "start_time": "11.01",
                            "end_time": "11.25"
                        },
                        {
                            "speaker_label": "spk_0",
                            "start_time": "11.25",
                            "end_time": "11.529"
                        },
                        {
                            "speaker_label": "spk_0",
                            "start_time": "11.529",
                            "end_time": "12.439"
                        },
                        {
                            "speaker_label": "spk_0",
                            "start_time": "12.449",
                            "end_time": "12.609"
                        },
                        {
                            "speaker_label": "spk_0",
                            "start_time": "12.609",
                            "end_time": "12.689"
                        },
                        {
                            "speaker_label": "spk_0",
                            "start_time": "12.689",
                            "end_time": "12.77"
                        },
                        {
                            "speaker_label": "spk_0",
                            "start_time": "12.77",
                            "end_time": "13.159"
                        }
                    ]
                },
                {
                    "start_time": "14.0",
                    "end_time": "21.95",
                    "speaker_label": "spk_1",
                    "items": [
                        {
                            "speaker_label": "spk_1",
                            "start_time": "14.01",
                            "end_time": "14.02"
                        },
                        {
                            "speaker_label": "spk_1",
                            "start_time": "14.02",
                            "end_time": "14.029"
                        },
                        {
                            "speaker_label": "spk_1",
                            "start_time": "14.159",
                            "end_time": "14.56"
                        },
                        {
                            "speaker_label": "spk_1",
                            "start_time": "14.56",
                            "end_time": "14.989"
                        },
                        {
                            "speaker_label": "spk_1",
                            "start_time": "16.799",
                            "end_time": "16.959"
                        },
                        {
                            "speaker_label": "spk_1",
                            "start_time": "17.239",
                            "end_time": "17.479"
                        },
                        {
                            "speaker_label": "spk_1",
                            "start_time": "17.639",
                            "end_time": "17.799"
                        },
                        {
                            "speaker_label": "spk_1",
                            "start_time": "17.879",
                            "end_time": "18.04"
                        },
                        {
                            "speaker_label": "spk_1",
                            "start_time": "18.04",
                            "end_time": "18.239"
                        },
                        {
                            "speaker_label": "spk_1",
                            "start_time": "18.239",
                            "end_time": "18.51"
                        },
                        {
                            "speaker_label": "spk_1",
                            "start_time": "18.51",
                            "end_time": "18.68"
                        },
                        {
                            "speaker_label": "spk_1",
                            "start_time": "18.68",
                            "end_time": "18.84"
                        },
                        {
                            "speaker_label": "spk_1",
                            "start_time": "18.84",
                            "end_time": "19.04"
                        },
                        {
                            "speaker_label": "spk_1",
                            "start_time": "19.04",
                            "end_time": "19.25"
                        },
                        {
                            "speaker_label": "spk_1",
                            "start_time": "19.25",
                            "end_time": "19.629"
                        },
                        {
                            "speaker_label": "spk_1",
                            "start_time": "19.68",
                            "end_time": "20.11"
                        },
                        {
                            "speaker_label": "spk_1",
                            "start_time": "20.319",
                            "end_time": "20.559"
                        },
                        {
                            "speaker_label": "spk_1",
                            "start_time": "20.559",
                            "end_time": "20.61"
                        },
                        {
                            "speaker_label": "spk_1",
                            "start_time": "20.61",
                            "end_time": "21.239"
                        },
                        {
                            "speaker_label": "spk_1",
                            "start_time": "21.239",
                            "end_time": "21.799"
                        }
                    ]
                },
                {
                    "start_time": "22.829",
                    "end_time": "31.34",
                    "speaker_label": "spk_0",
                    "items": [
                        {
                            "speaker_label": "spk_0",
                            "start_time": "22.989",
                            "end_time": "23.459"
                        },
                        {
                            "speaker_label": "spk_0",
                            "start_time": "23.459",
                            "end_time": "23.87"
                        },
                        {
                            "speaker_label": "spk_0",
                            "start_time": "23.87",
                            "end_time": "24.5"
                        },
                        {
                            "speaker_label": "spk_0",
                            "start_time": "24.79",
                            "end_time": "24.989"
                        },
                        {
                            "speaker_label": "spk_0",
                            "start_time": "25.149",
                            "end_time": "25.389"
                        },
                        {
                            "speaker_label": "spk_0",
                            "start_time": "25.389",
                            "end_time": "25.62"
                        },
                        {
                            "speaker_label": "spk_0",
                            "start_time": "25.62",
                            "end_time": "25.989"
                        },
                        {
                            "speaker_label": "spk_0",
                            "start_time": "25.989",
                            "end_time": "26.149"
                        },
                        {
                            "speaker_label": "spk_0",
                            "start_time": "26.149",
                            "end_time": "26.35"
                        },
                        {
                            "speaker_label": "spk_0",
                            "start_time": "26.35",
                            "end_time": "26.67"
                        },
                        {
                            "speaker_label": "spk_0",
                            "start_time": "26.67",
                            "end_time": "26.829"
                        },
                        {
                            "speaker_label": "spk_0",
                            "start_time": "26.829",
                            "end_time": "27.02"
                        },
                        {
                            "speaker_label": "spk_0",
                            "start_time": "27.02",
                            "end_time": "27.85"
                        },
                        {
                            "speaker_label": "spk_0",
                            "start_time": "28.27",
                            "end_time": "28.469"
                        },
                        {
                            "speaker_label": "spk_0",
                            "start_time": "28.469",
                            "end_time": "28.75"
                        },
                        {
                            "speaker_label": "spk_0",
                            "start_time": "28.75",
                            "end_time": "29.459"
                        },
                        {
                            "speaker_label": "spk_0",
                            "start_time": "29.459",
                            "end_time": "29.569"
                        },
                        {
                            "speaker_label": "spk_0",
                            "start_time": "29.569",
                            "end_time": "30.11"
                        },
                        {
                            "speaker_label": "spk_0",
                            "start_time": "30.11",
                            "end_time": "30.309"
                        },
                        {
                            "speaker_label": "spk_0",
                            "start_time": "30.309",
                            "end_time": "30.51"
                        },
                        {
                            "speaker_label": "spk_0",
                            "start_time": "30.51",
                            "end_time": "31.34"
                        }
                    ]
                },
                {
                    "start_time": "32.27",
                    "end_time": "33.88",
                    "speaker_label": "spk_1",
                    "items": [
                        {
                            "speaker_label": "spk_1",
                            "start_time": "32.27",
                            "end_time": "32.549"
                        },
                        {
                            "speaker_label": "spk_1",
                            "start_time": "32.549",
                            "end_time": "32.75"
                        },
                        {
                            "speaker_label": "spk_1",
                            "start_time": "32.75",
                            "end_time": "33.06"
                        },
                        {
                            "speaker_label": "spk_1",
                            "start_time": "33.819",
                            "end_time": "33.83"
                        }
                    ]
                },
                {
                    "start_time": "34.459",
                    "end_time": "36.45",
                    "speaker_label": "spk_1",
                    "items": [
                        {
                            "speaker_label": "spk_1",
                            "start_time": "34.47",
                            "end_time": "34.479"
                        },
                        {
                            "speaker_label": "spk_1",
                            "start_time": "35.939",
                            "end_time": "36.099"
                        },
                        {
                            "speaker_label": "spk_1",
                            "start_time": "36.099",
                            "end_time": "36.45"
                        }
                    ]
                },
                {
                    "start_time": "36.75",
                    "end_time": "38.279",
                    "speaker_label": "spk_0",
                    "items": [
                        {
                            "speaker_label": "spk_0",
                            "start_time": "36.75",
                            "end_time": "36.939"
                        },
                        {
                            "speaker_label": "spk_0",
                            "start_time": "36.939",
                            "end_time": "37.419"
                        },
                        {
                            "speaker_label": "spk_0",
                            "start_time": "37.419",
                            "end_time": "37.509"
                        },
                        {
                            "speaker_label": "spk_0",
                            "start_time": "37.509",
                            "end_time": "37.619"
                        },
                        {
                            "speaker_label": "spk_0",
                            "start_time": "37.619",
                            "end_time": "37.849"
                        },
                        {
                            "speaker_label": "spk_0",
                            "start_time": "37.849",
                            "end_time": "38.18"
                        }
                    ]
                }
            ],
            "channel_label": "ch_0",
            "speakers": 2
        },
        "items": [
            {
                "id": 0,
                "type": "pronunciation",
                "alternatives": [
                    {
                        "confidence": "0.997",
                        "content": "Hi"
                    }
                ],
                "start_time": "11.01",
                "end_time": "11.25",
                "speaker_label": "spk_0"
            },
            {
                "id": 1,
                "type": "pronunciation",
                "alternatives": [
                    {
                        "confidence": "0.459",
                        "content": "Los"
                    }
                ],
                "start_time": "11.25",
                "end_time": "11.529",
                "speaker_label": "spk_0"
            },
            {
                "id": 2,
                "type": "pronunciation",
                "alternatives": [
                    {
                        "confidence": "0.739",
                        "content": "diagnostic"
                    }
                ],
                "start_time": "11.529",
                "end_time": "12.439",
                "speaker_label": "spk_0"
            },
            {
                "id": 3,
                "type": "punctuation",
                "alternatives": [
                    {
                        "confidence": "0.0",
                        "content": ","
                    }
                ],
                "speaker_label": "spk_0"
            },
            {
                "id": 4,
                "type": "pronunciation",
                "alternatives": [
                    {
                        "confidence": "0.994",
                        "content": "how"
                    }
                ],
                "start_time": "12.449",
                "end_time": "12.609",
                "speaker_label": "spk_0"
            },
            {
                "id": 5,
                "type": "pronunciation",
                "alternatives": [
                    {
                        "confidence": "0.999",
                        "content": "may"
                    }
                ],
                "start_time": "12.609",
                "end_time": "12.689",
                "speaker_label": "spk_0"
            },
            {
                "id": 6,
                "type": "pronunciation",
                "alternatives": [
                    {
                        "confidence": "0.998",
                        "content": "I"
                    }
                ],
                "start_time": "12.689",
                "end_time": "12.77",
                "speaker_label": "spk_0"
            },
            {
                "id": 7,
                "type": "pronunciation",
                "alternatives": [
                    {
                        "confidence": "0.999",
                        "content": "help"
                    }
                ],
                "start_time": "12.77",
                "end_time": "13.159",
                "speaker_label": "spk_0"
            },
            {
                "id": 8,
                "type": "punctuation",
                "alternatives": [
                    {
                        "confidence": "0.0",
                        "content": "?"
                    }
                ],
                "speaker_label": "spk_0"
            },
            {
                "id": 9,
                "type": "pronunciation",
                "alternatives": [
                    {
                        "confidence": "0.998",
                        "content": "Good"
                    }
                ],
                "start_time": "14.01",
                "end_time": "14.02",
                "speaker_label": "spk_1"
            },
            {
                "id": 10,
                "type": "pronunciation",
                "alternatives": [
                    {
                        "confidence": "0.997",
                        "content": "afternoon"
                    }
                ],
                "start_time": "14.02",
                "end_time": "14.029",
                "speaker_label": "spk_1"
            },
            {
                "id": 11,
                "type": "punctuation",
                "alternatives": [
                    {
                        "confidence": "0.0",
                        "content": "."
                    }
                ],
                "speaker_label": "spk_1"
            },
            {
                "id": 12,
                "type": "pronunciation",
                "alternatives": [
                    {
                        "confidence": "0.95",
                        "content": "Good"
                    }
                ],
                "start_time": "14.159",
                "end_time": "14.56",
                "speaker_label": "spk_1"
            },
            {
                "id": 13,
                "type": "pronunciation",
                "alternatives": [
                    {
                        "confidence": "0.996",
                        "content": "afternoon"
                    }
                ],
                "start_time": "14.56",
                "end_time": "14.989",
                "speaker_label": "spk_1"
            },
            {
                "id": 14,
                "type": "punctuation",
                "alternatives": [
                    {
                        "confidence": "0.0",
                        "content": "."
                    }
                ],
                "speaker_label": "spk_1"
            },
            {
                "id": 15,
                "type": "pronunciation",
                "alternatives": [
                    {
                        "confidence": "0.847",
                        "content": "Yeah"
                    }
                ],
                "start_time": "16.799",
                "end_time": "16.959",
                "speaker_label": "spk_1"
            },
            {
                "id": 16,
                "type": "punctuation",
                "alternatives": [
                    {
                        "confidence": "0.0",
                        "content": ","
                    }
                ],
                "speaker_label": "spk_1"
            },
            {
                "id": 17,
                "type": "pronunciation",
                "alternatives": [
                    {
                        "confidence": "0.92",
                        "content": "um"
                    }
                ],
                "start_time": "17.239",
                "end_time": "17.479",
                "speaker_label": "spk_1"
            },
            {
                "id": 18,
                "type": "punctuation",
                "alternatives": [
                    {
                        "confidence": "0.0",
                        "content": ","
                    }
                ],
                "speaker_label": "spk_1"
            },
            {
                "id": 19,
                "type": "pronunciation",
                "alternatives": [
                    {
                        "confidence": "0.996",
                        "content": "please"
                    }
                ],
                "start_time": "17.639",
                "end_time": "17.799",
                "speaker_label": "spk_1"
            },
            {
                "id": 20,
                "type": "punctuation",
                "alternatives": [
                    {
                        "confidence": "0.0",
                        "content": ","
                    }
                ],
                "speaker_label": "spk_1"
            },
            {
                "id": 21,
                "type": "pronunciation",
                "alternatives": [
                    {
                        "confidence": "0.997",
                        "content": "I"
                    }
                ],
                "start_time": "17.879",
                "end_time": "18.04",
                "speaker_label": "spk_1"
            },
            {
                "id": 22,
                "type": "pronunciation",
                "alternatives": [
                    {
                        "confidence": "0.988",
                        "content": "wanna"
                    }
                ],
                "start_time": "18.04",
                "end_time": "18.239",
                "speaker_label": "spk_1"
            },
            {
                "id": 23,
                "type": "pronunciation",
                "alternatives": [
                    {
                        "confidence": "0.998",
                        "content": "find"
                    }
                ],
                "start_time": "18.239",
                "end_time": "18.51",
                "speaker_label": "spk_1"
            },
            {
                "id": 24,
                "type": "pronunciation",
                "alternatives": [
                    {
                        "confidence": "0.997",
                        "content": "out"
                    }
                ],
                "start_time": "18.51",
                "end_time": "18.68",
                "speaker_label": "spk_1"
            },
            {
                "id": 25,
                "type": "pronunciation",
                "alternatives": [
                    {
                        "confidence": "0.998",
                        "content": "if"
                    }
                ],
                "start_time": "18.68",
                "end_time": "18.84",
                "speaker_label": "spk_1"
            },
            {
                "id": 26,
                "type": "pronunciation",
                "alternatives": [
                    {
                        "confidence": "0.998",
                        "content": "you"
                    }
                ],
                "start_time": "18.84",
                "end_time": "19.04",
                "speaker_label": "spk_1"
            },
            {
                "id": 27,
                "type": "pronunciation",
                "alternatives": [
                    {
                        "confidence": "0.997",
                        "content": "guys"
                    }
                ],
                "start_time": "19.04",
                "end_time": "19.25",
                "speaker_label": "spk_1"
            },
            {
                "id": 28,
                "type": "pronunciation",
                "alternatives": [
                    {
                        "confidence": "0.998",
                        "content": "do"
                    }
                ],
                "start_time": "19.25",
                "end_time": "19.629",
                "speaker_label": "spk_1"
            },
            {
                "id": 29,
                "type": "punctuation",
                "alternatives": [
                    {
                        "confidence": "0.0",
                        "content": ","
                    }
                ],
                "speaker_label": "spk_1"
            },
            {
                "id": 30,
                "type": "pronunciation",
                "alternatives": [
                    {
                        "confidence": "0.996",
                        "content": "uh"
                    }
                ],
                "start_time": "19.68",
                "end_time": "20.11",
                "speaker_label": "spk_1"
            },
            {
                "id": 31,
                "type": "punctuation",
                "alternatives": [
                    {
                        "confidence": "0.0",
                        "content": ","
                    }
                ],
                "speaker_label": "spk_1"
            },
            {
                "id": 32,
                "type": "pronunciation",
                "alternatives": [
                    {
                        "confidence": "0.996",
                        "content": "the"
                    }
                ],
                "start_time": "20.319",
                "end_time": "20.559",
                "speaker_label": "spk_1"
            },
            {
                "id": 33,
                "type": "pronunciation",
                "alternatives": [
                    {
                        "confidence": "0.996",
                        "content": "TV"
                    }
                ],
                "start_time": "20.559",
                "end_time": "20.61",
                "speaker_label": "spk_1"
            },
            {
                "id": 34,
                "type": "pronunciation",
                "alternatives": [
                    {
                        "confidence": "0.98",
                        "content": "skin"
                    }
                ],
                "start_time": "20.61",
                "end_time": "21.239",
                "speaker_label": "spk_1"
            },
            {
                "id": 35,
                "type": "pronunciation",
                "alternatives": [
                    {
                        "confidence": "0.995",
                        "content": "testing"
                    }
                ],
                "start_time": "21.239",
                "end_time": "21.799",
                "speaker_label": "spk_1"
            },
            {
                "id": 36,
                "type": "punctuation",
                "alternatives": [
                    {
                        "confidence": "0.0",
                        "content": "."
                    }
                ],
                "speaker_label": "spk_1"
            },
            {
                "id": 37,
                "type": "pronunciation",
                "alternatives": [
                    {
                        "confidence": "0.994",
                        "content": "TB"
                    }
                ],
                "start_time": "22.989",
                "end_time": "23.459",
                "speaker_label": "spk_0"
            },
            {
                "id": 38,
                "type": "pronunciation",
                "alternatives": [
                    {
                        "confidence": "0.99",
                        "content": "skin"
                    }
                ],
                "start_time": "23.459",
                "end_time": "23.87",
                "speaker_label": "spk_0"
            },
            {
                "id": 39,
                "type": "pronunciation",
                "alternatives": [
                    {
                        "confidence": "0.996",
                        "content": "testing"
                    }
                ],
                "start_time": "23.87",
                "end_time": "24.5",
                "speaker_label": "spk_0"
            },
            {
                "id": 40,
                "type": "punctuation",
                "alternatives": [
                    {
                        "confidence": "0.0",
                        "content": "?"
                    }
                ],
                "speaker_label": "spk_0"
            },
            {
                "id": 41,
                "type": "pronunciation",
                "alternatives": [
                    {
                        "confidence": "0.971",
                        "content": "No"
                    }
                ],
                "start_time": "24.79",
                "end_time": "24.989",
                "speaker_label": "spk_0"
            },
            {
                "id": 42,
                "type": "punctuation",
                "alternatives": [
                    {
                        "confidence": "0.0",
                        "content": ","
                    }
                ],
                "speaker_label": "spk_0"
            },
            {
                "id": 43,
                "type": "pronunciation",
                "alternatives": [
                    {
                        "confidence": "0.996",
                        "content": "that's"
                    }
                ],
                "start_time": "25.149",
                "end_time": "25.389",
                "speaker_label": "spk_0"
            },
            {
                "id": 44,
                "type": "pronunciation",
                "alternatives": [
                    {
                        "confidence": "0.999",
                        "content": "not"
                    }
                ],
                "start_time": "25.389",
                "end_time": "25.62",
                "speaker_label": "spk_0"
            },
            {
                "id": 45,
                "type": "pronunciation",
                "alternatives": [
                    {
                        "confidence": "0.999",
                        "content": "something"
                    }
                ],
                "start_time": "25.62",
                "end_time": "25.989",
                "speaker_label": "spk_0"
            },
            {
                "id": 46,
                "type": "pronunciation",
                "alternatives": [
                    {
                        "confidence": "0.999",
                        "content": "that"
                    }
                ],
                "start_time": "25.989",
                "end_time": "26.149",
                "speaker_label": "spk_0"
            },
            {
                "id": 47,
                "type": "pronunciation",
                "alternatives": [
                    {
                        "confidence": "0.999",
                        "content": "we"
                    }
                ],
                "start_time": "26.149",
                "end_time": "26.35",
                "speaker_label": "spk_0"
            },
            {
                "id": 48,
                "type": "pronunciation",
                "alternatives": [
                    {
                        "confidence": "0.999",
                        "content": "offer"
                    }
                ],
                "start_time": "26.35",
                "end_time": "26.67",
                "speaker_label": "spk_0"
            },
            {
                "id": 49,
                "type": "pronunciation",
                "alternatives": [
                    {
                        "confidence": "0.999",
                        "content": "in"
                    }
                ],
                "start_time": "26.67",
                "end_time": "26.829",
                "speaker_label": "spk_0"
            },
            {
                "id": 50,
                "type": "pronunciation",
                "alternatives": [
                    {
                        "confidence": "0.998",
                        "content": "our"
                    }
                ],
                "start_time": "26.829",
                "end_time": "27.02",
                "speaker_label": "spk_0"
            },
            {
                "id": 51,
                "type": "pronunciation",
                "alternatives": [
                    {
                        "confidence": "0.997",
                        "content": "clinic"
                    }
                ],
                "start_time": "27.02",
                "end_time": "27.85",
                "speaker_label": "spk_0"
            },
            {
                "id": 52,
                "type": "punctuation",
                "alternatives": [
                    {
                        "confidence": "0.0",
                        "content": "."
                    }
                ],
                "speaker_label": "spk_0"
            },
            {
                "id": 53,
                "type": "pronunciation",
                "alternatives": [
                    {
                        "confidence": "0.984",
                        "content": "We"
                    }
                ],
                "start_time": "28.27",
                "end_time": "28.469",
                "speaker_label": "spk_0"
            },
            {
                "id": 54,
                "type": "pronunciation",
                "alternatives": [
                    {
                        "confidence": "0.999",
                        "content": "offer"
                    }
                ],
                "start_time": "28.469",
                "end_time": "28.75",
                "speaker_label": "spk_0"
            },
            {
                "id": 55,
                "type": "pronunciation",
                "alternatives": [
                    {
                        "confidence": "0.986",
                        "content": "ultrasound"
                    }
                ],
                "start_time": "28.75",
                "end_time": "29.459",
                "speaker_label": "spk_0"
            },
            {
                "id": 56,
                "type": "pronunciation",
                "alternatives": [
                    {
                        "confidence": "0.997",
                        "content": "and"
                    }
                ],
                "start_time": "29.459",
                "end_time": "29.569",
                "speaker_label": "spk_0"
            },
            {
                "id": 57,
                "type": "pronunciation",
                "alternatives": [
                    {
                        "confidence": "0.933",
                        "content": "X-rays"
                    }
                ],
                "start_time": "29.569",
                "end_time": "30.11",
                "speaker_label": "spk_0"
            },
            {
                "id": 58,
                "type": "pronunciation",
                "alternatives": [
                    {
                        "confidence": "0.996",
                        "content": "here"
                    }
                ],
                "start_time": "30.11",
                "end_time": "30.309",
                "speaker_label": "spk_0"
            },
            {
                "id": 59,
                "type": "pronunciation",
                "alternatives": [
                    {
                        "confidence": "0.998",
                        "content": "in"
                    }
                ],
                "start_time": "30.309",
                "end_time": "30.51",
                "speaker_label": "spk_0"
            },
            {
                "id": 60,
                "type": "pronunciation",
                "alternatives": [
                    {
                        "content": "[PII]",
                        "redactions": [
                            {
                                "confidence": "1.0",
                                "type": "ADDRESS",
                                "category": "PII"
                            }
                        ]
                    }
                ],
                "start_time": "30.51",
                "end_time": "31.34"
            },
            {
                "id": 61,
                "type": "punctuation",
                "alternatives": [
                    {
                        "confidence": "0.0",
                        "content": "."
                    }
                ]
            },
            {
                "id": 62,
                "type": "pronunciation",
                "alternatives": [
                    {
                        "confidence": "0.989",
                        "content": "That's"
                    }
                ],
                "start_time": "32.27",
                "end_time": "32.549",
                "speaker_label": "spk_1"
            },
            {
                "id": 63,
                "type": "pronunciation",
                "alternatives": [
                    {
                        "confidence": "0.996",
                        "content": "about"
                    }
                ],
                "start_time": "32.549",
                "end_time": "32.75",
                "speaker_label": "spk_1"
            },
            {
                "id": 64,
                "type": "pronunciation",
                "alternatives": [
                    {
                        "confidence": "0.997",
                        "content": "it"
                    }
                ],
                "start_time": "32.75",
                "end_time": "33.06",
                "speaker_label": "spk_1"
            },
            {
                "id": 65,
                "type": "punctuation",
                "alternatives": [
                    {
                        "confidence": "0.0",
                        "content": "."
                    }
                ],
                "speaker_label": "spk_1"
            },
            {
                "id": 66,
                "type": "pronunciation",
                "alternatives": [
                    {
                        "confidence": "0.749",
                        "content": "Mm"
                    }
                ],
                "start_time": "33.819",
                "end_time": "33.83",
                "speaker_label": "spk_1"
            },
            {
                "id": 67,
                "type": "punctuation",
                "alternatives": [
                    {
                        "confidence": "0.0",
                        "content": "."
                    }
                ],
                "speaker_label": "spk_1"
            },
            {
                "id": 68,
                "type": "pronunciation",
                "alternatives": [
                    {
                        "confidence": "0.858",
                        "content": "OK"
                    }
                ],
                "start_time": "34.47",
                "end_time": "34.479",
                "speaker_label": "spk_1"
            },
            {
                "id": 69,
                "type": "pronunciation",
                "alternatives": [
                    {
                        "confidence": "0.913",
                        "content": "thank"
                    }
                ],
                "start_time": "35.939",
                "end_time": "36.099",
                "speaker_label": "spk_1"
            },
            {
                "id": 70,
                "type": "pronunciation",
                "alternatives": [
                    {
                        "confidence": "0.998",
                        "content": "you"
                    }
                ],
                "start_time": "36.099",
                "end_time": "36.45",
                "speaker_label": "spk_1"
            },
            {
                "id": 71,
                "type": "punctuation",
                "alternatives": [
                    {
                        "confidence": "0.0",
                        "content": "."
                    }
                ],
                "speaker_label": "spk_1"
            },
            {
                "id": 72,
                "type": "pronunciation",
                "alternatives": [
                    {
                        "confidence": "0.993",
                        "content": "You're"
                    }
                ],
                "start_time": "36.75",
                "end_time": "36.939",
                "speaker_label": "spk_0"
            },
            {
                "id": 73,
                "type": "pronunciation",
                "alternatives": [
                    {
                        "confidence": "0.999",
                        "content": "welcome"
                    }
                ],
                "start_time": "36.939",
                "end_time": "37.419",
                "speaker_label": "spk_0"
            },
            {
                "id": 74,
                "type": "pronunciation",
                "alternatives": [
                    {
                        "confidence": "0.996",
                        "content": "have"
                    }
                ],
                "start_time": "37.419",
                "end_time": "37.509",
                "speaker_label": "spk_0"
            },
            {
                "id": 75,
                "type": "pronunciation",
                "alternatives": [
                    {
                        "confidence": "0.997",
                        "content": "a"
                    }
                ],
                "start_time": "37.509",
                "end_time": "37.619",
                "speaker_label": "spk_0"
            },
            {
                "id": 76,
                "type": "pronunciation",
                "alternatives": [
                    {
                        "confidence": "0.964",
                        "content": "great"
                    }
                ],
                "start_time": "37.619",
                "end_time": "37.849",
                "speaker_label": "spk_0"
            },
            {
                "id": 77,
                "type": "pronunciation",
                "alternatives": [
                    {
                        "confidence": "0.996",
                        "content": "day"
                    }
                ],
                "start_time": "37.849",
                "end_time": "38.18",
                "speaker_label": "spk_0"
            },
            {
                "id": 78,
                "type": "punctuation",
                "alternatives": [
                    {
                        "confidence": "0.0",
                        "content": "."
                    }
                ],
                "speaker_label": "spk_0"
            }
        ],
        "audio_segments": [
            {
                "id": 0,
                "transcript": "Hi Los diagnostic, how may I help?",
                "start_time": "10.689",
                "end_time": "13.31",
                "speaker_label": "spk_0",
                "items": [
                    0,
                    1,
                    2,
                    3,
                    4,
                    5,
                    6,
                    7,
                    8
                ]
            },
            {
                "id": 1,
                "transcript": "Good afternoon. Good afternoon. Yeah, um, please, I wanna find out if you guys do, uh, the TV skin testing.",
                "start_time": "14.0",
                "end_time": "21.95",
                "speaker_label": "spk_1",
                "items": [
                    9,
                    10,
                    11,
                    12,
                    13,
                    14,
                    15,
                    16,
                    17,
                    18,
                    19,
                    20,
                    21,
                    22,
                    23,
                    24,
                    25,
                    26,
                    27,
                    28,
                    29,
                    30,
                    31,
                    32,
                    33,
                    34,
                    35,
                    36
                ]
            },
            {
                "id": 2,
                "transcript": "TB skin testing? No, that's not something that we offer in our clinic. We offer ultrasound and X-rays here in [PII].",
                "start_time": "22.829",
                "end_time": "31.34",
                "speaker_label": "spk_0",
                "items": [
                    37,
                    38,
                    39,
                    40,
                    41,
                    42,
                    43,
                    44,
                    45,
                    46,
                    47,
                    48,
                    49,
                    50,
                    51,
                    52,
                    53,
                    54,
                    55,
                    56,
                    57,
                    58,
                    59,
                    60,
                    61
                ]
            },
            {
                "id": 3,
                "transcript": "That's about it. Mm.",
                "start_time": "32.27",
                "end_time": "33.88",
                "speaker_label": "spk_1",
                "items": [
                    62,
                    63,
                    64,
                    65,
                    66,
                    67
                ]
            },
            {
                "id": 4,
                "transcript": "OK thank you.",
                "start_time": "34.459",
                "end_time": "36.45",
                "speaker_label": "spk_1",
                "items": [
                    68,
                    69,
                    70,
                    71
                ]
            },
            {
                "id": 5,
                "transcript": "You're welcome have a great day.",
                "start_time": "36.75",
                "end_time": "38.279",
                "speaker_label": "spk_0",
                "items": [
                    72,
                    73,
                    74,
                    75,
                    76,
                    77,
                    78
                ]
            }
        ]
    }
}