{
    "jobName": "transcription-job-2024-03-21T20-32-39Z-call-72133ae1-d6ee-49a3-9672-03c1c9f49d1d-1734639308",
    "accountId": "199040315413",
    "isRedacted": true,
    "status": "COMPLETED",
    "results": {
        "transcripts": [
            {
                "transcript": "Diagnostic Oa speaking. How may I help you? Let's just that put you on audio. Is this the X-ray department? Uh, yeah, we also do the X-ray. Are you calling to the hospital? No, I'm just wondering if you uh if there's an X-ray in [PII]. Oh, we have clinic in [PII], only one. Only the one OK if this when I look underneath this website it's got [PII]. Oh, maybe, um, on the [PII] uh website or? Um, it looks like it, yeah. Yeah, we have only in [PII] and uh. OK. OK, thanks anyways then. OK bye bye."
            }
        ],
        "speaker_labels": {
            "segments": [
                {
                    "start_time": "0.34",
                    "end_time": "3.41",
                    "speaker_label": "spk_0",
                    "items": [
                        {
                            "speaker_label": "spk_0",
                            "start_time": "1.179",
                            "end_time": "2.17"
                        },
                        {
                            "speaker_label": "spk_0",
                            "start_time": "2.17",
                            "end_time": "2.19"
                        },
                        {
                            "speaker_label": "spk_0",
                            "start_time": "2.19",
                            "end_time": "2.41"
                        },
                        {
                            "speaker_label": "spk_0",
                            "start_time": "2.5",
                            "end_time": "2.7"
                        },
                        {
                            "speaker_label": "spk_0",
                            "start_time": "2.7",
                            "end_time": "2.779"
                        },
                        {
                            "speaker_label": "spk_0",
                            "start_time": "2.779",
                            "end_time": "2.9"
                        },
                        {
                            "speaker_label": "spk_0",
                            "start_time": "2.9",
                            "end_time": "3.089"
                        },
                        {
                            "speaker_label": "spk_0",
                            "start_time": "3.089",
                            "end_time": "3.41"
                        }
                    ]
                },
                {
                    "start_time": "5.36",
                    "end_time": "7.94",
                    "speaker_label": "spk_1",
                    "items": [
                        {
                            "speaker_label": "spk_1",
                            "start_time": "5.36",
                            "end_time": "5.389"
                        },
                        {
                            "speaker_label": "spk_1",
                            "start_time": "5.389",
                            "end_time": "5.4"
                        },
                        {
                            "speaker_label": "spk_1",
                            "start_time": "5.4",
                            "end_time": "5.409"
                        },
                        {
                            "speaker_label": "spk_1",
                            "start_time": "5.409",
                            "end_time": "5.42"
                        },
                        {
                            "speaker_label": "spk_1",
                            "start_time": "5.42",
                            "end_time": "5.429"
                        },
                        {
                            "speaker_label": "spk_1",
                            "start_time": "5.429",
                            "end_time": "5.619"
                        },
                        {
                            "speaker_label": "spk_1",
                            "start_time": "5.619",
                            "end_time": "6.61"
                        },
                        {
                            "speaker_label": "spk_1",
                            "start_time": "7.269",
                            "end_time": "7.289"
                        },
                        {
                            "speaker_label": "spk_1",
                            "start_time": "7.289",
                            "end_time": "7.3"
                        },
                        {
                            "speaker_label": "spk_1",
                            "start_time": "7.3",
                            "end_time": "7.38"
                        },
                        {
                            "speaker_label": "spk_1",
                            "start_time": "7.38",
                            "end_time": "7.94"
                        }
                    ]
                },
                {
                    "start_time": "7.94",
                    "end_time": "8.529",
                    "speaker_label": "spk_1",
                    "items": [
                        {
                            "speaker_label": "spk_1",
                            "start_time": "7.94",
                            "end_time": "8.529"
                        }
                    ]
                },
                {
                    "start_time": "9.18",
                    "end_time": "15.979",
                    "speaker_label": "spk_0",
                    "items": [
                        {
                            "speaker_label": "spk_0",
                            "start_time": "9.18",
                            "end_time": "10.409"
                        },
                        {
                            "speaker_label": "spk_0",
                            "start_time": "11.1",
                            "end_time": "11.229"
                        },
                        {
                            "speaker_label": "spk_0",
                            "start_time": "11.3",
                            "end_time": "11.51"
                        },
                        {
                            "speaker_label": "spk_0",
                            "start_time": "11.51",
                            "end_time": "12.1"
                        },
                        {
                            "speaker_label": "spk_0",
                            "start_time": "12.1",
                            "end_time": "12.38"
                        },
                        {
                            "speaker_label": "spk_0",
                            "start_time": "12.38",
                            "end_time": "12.529"
                        },
                        {
                            "speaker_label": "spk_0",
                            "start_time": "12.529",
                            "end_time": "13.289"
                        },
                        {
                            "speaker_label": "spk_0",
                            "start_time": "13.979",
                            "end_time": "14.22"
                        },
                        {
                            "speaker_label": "spk_0",
                            "start_time": "14.22",
                            "end_time": "14.42"
                        },
                        {
                            "speaker_label": "spk_0",
                            "start_time": "14.42",
                            "end_time": "14.729"
                        },
                        {
                            "speaker_label": "spk_0",
                            "start_time": "14.729",
                            "end_time": "14.859"
                        },
                        {
                            "speaker_label": "spk_0",
                            "start_time": "14.859",
                            "end_time": "15.06"
                        },
                        {
                            "speaker_label": "spk_0",
                            "start_time": "15.06",
                            "end_time": "15.85"
                        }
                    ]
                },
                {
                    "start_time": "16.75",
                    "end_time": "20.34",
                    "speaker_label": "spk_1",
                    "items": [
                        {
                            "speaker_label": "spk_1",
                            "start_time": "17.03",
                            "end_time": "17.11"
                        },
                        {
                            "speaker_label": "spk_1",
                            "start_time": "17.149",
                            "end_time": "17.309"
                        },
                        {
                            "speaker_label": "spk_1",
                            "start_time": "17.309",
                            "end_time": "17.43"
                        },
                        {
                            "speaker_label": "spk_1",
                            "start_time": "17.43",
                            "end_time": "17.819"
                        },
                        {
                            "speaker_label": "spk_1",
                            "start_time": "17.819",
                            "end_time": "17.979"
                        },
                        {
                            "speaker_label": "spk_1",
                            "start_time": "17.979",
                            "end_time": "18.35"
                        },
                        {
                            "speaker_label": "spk_1",
                            "start_time": "18.35",
                            "end_time": "18.469"
                        },
                        {
                            "speaker_label": "spk_1",
                            "start_time": "18.469",
                            "end_time": "18.59"
                        },
                        {
                            "speaker_label": "spk_1",
                            "start_time": "18.59",
                            "end_time": "18.79"
                        },
                        {
                            "speaker_label": "spk_1",
                            "start_time": "18.79",
                            "end_time": "18.909"
                        },
                        {
                            "speaker_label": "spk_1",
                            "start_time": "18.909",
                            "end_time": "19.309"
                        },
                        {
                            "speaker_label": "spk_1",
                            "start_time": "19.309",
                            "end_time": "19.5"
                        },
                        {
                            "speaker_label": "spk_1",
                            "start_time": "19.5",
                            "end_time": "20.34"
                        }
                    ]
                },
                {
                    "start_time": "20.959",
                    "end_time": "24.459",
                    "speaker_label": "spk_0",
                    "items": [
                        {
                            "speaker_label": "spk_0",
                            "start_time": "20.959",
                            "end_time": "21.28"
                        },
                        {
                            "speaker_label": "spk_0",
                            "start_time": "21.75",
                            "end_time": "21.95"
                        },
                        {
                            "speaker_label": "spk_0",
                            "start_time": "21.95",
                            "end_time": "22.149"
                        },
                        {
                            "speaker_label": "spk_0",
                            "start_time": "22.149",
                            "end_time": "22.61"
                        },
                        {
                            "speaker_label": "spk_0",
                            "start_time": "22.61",
                            "end_time": "22.79"
                        },
                        {
                            "speaker_label": "spk_0",
                            "start_time": "22.79",
                            "end_time": "23.5"
                        },
                        {
                            "speaker_label": "spk_0",
                            "start_time": "23.629",
                            "end_time": "23.95"
                        },
                        {
                            "speaker_label": "spk_0",
                            "start_time": "23.95",
                            "end_time": "24.459"
                        }
                    ]
                },
                {
                    "start_time": "24.79",
                    "end_time": "29.559",
                    "speaker_label": "spk_1",
                    "items": [
                        {
                            "speaker_label": "spk_1",
                            "start_time": "24.79",
                            "end_time": "25.11"
                        },
                        {
                            "speaker_label": "spk_1",
                            "start_time": "25.11",
                            "end_time": "25.27"
                        },
                        {
                            "speaker_label": "spk_1",
                            "start_time": "25.27",
                            "end_time": "25.59"
                        },
                        {
                            "speaker_label": "spk_1",
                            "start_time": "25.59",
                            "end_time": "26.11"
                        },
                        {
                            "speaker_label": "spk_1",
                            "start_time": "26.11",
                            "end_time": "26.25"
                        },
                        {
                            "speaker_label": "spk_1",
                            "start_time": "26.25",
                            "end_time": "26.469"
                        },
                        {
                            "speaker_label": "spk_1",
                            "start_time": "26.469",
                            "end_time": "26.629"
                        },
                        {
                            "speaker_label": "spk_1",
                            "start_time": "26.629",
                            "end_time": "26.79"
                        },
                        {
                            "speaker_label": "spk_1",
                            "start_time": "26.79",
                            "end_time": "26.95"
                        },
                        {
                            "speaker_label": "spk_1",
                            "start_time": "26.95",
                            "end_time": "27.469"
                        },
                        {
                            "speaker_label": "spk_1",
                            "start_time": "27.469",
                            "end_time": "28.069"
                        },
                        {
                            "speaker_label": "spk_1",
                            "start_time": "28.069",
                            "end_time": "28.239"
                        },
                        {
                            "speaker_label": "spk_1",
                            "start_time": "28.239",
                            "end_time": "28.549"
                        },
                        {
                            "speaker_label": "spk_1",
                            "start_time": "28.549",
                            "end_time": "28.79"
                        },
                        {
                            "speaker_label": "spk_1",
                            "start_time": "28.79",
                            "end_time": "29.42"
                        }
                    ]
                },
                {
                    "start_time": "30.209",
                    "end_time": "30.76",
                    "speaker_label": "spk_0",
                    "items": [
                        {
                            "speaker_label": "spk_0",
                            "start_time": "30.389",
                            "end_time": "30.76"
                        }
                    ]
                },
                {
                    "start_time": "30.969",
                    "end_time": "37.439",
                    "speaker_label": "spk_0",
                    "items": [
                        {
                            "speaker_label": "spk_0",
                            "start_time": "30.969",
                            "end_time": "31.719"
                        },
                        {
                            "speaker_label": "spk_0",
                            "start_time": "31.889",
                            "end_time": "32.759"
                        },
                        {
                            "speaker_label": "spk_0",
                            "start_time": "33.569",
                            "end_time": "33.689"
                        },
                        {
                            "speaker_label": "spk_0",
                            "start_time": "33.689",
                            "end_time": "34.319"
                        },
                        {
                            "speaker_label": "spk_0",
                            "start_time": "34.319",
                            "end_time": "35.029"
                        },
                        {
                            "speaker_label": "spk_0",
                            "start_time": "35.029",
                            "end_time": "35.569"
                        },
                        {
                            "speaker_label": "spk_0",
                            "start_time": "35.569",
                            "end_time": "36.009"
                        },
                        {
                            "speaker_label": "spk_0",
                            "start_time": "36.009",
                            "end_time": "36.599"
                        },
                        {
                            "speaker_label": "spk_0",
                            "start_time": "37.009",
                            "end_time": "37.439"
                        }
                    ]
                },
                {
                    "start_time": "37.5",
                    "end_time": "37.65",
                    "speaker_label": "spk_1",
                    "items": [
                        {
                            "speaker_label": "spk_1",
                            "start_time": "37.5",
                            "end_time": "37.65"
                        }
                    ]
                },
                {
                    "start_time": "37.65",
                    "end_time": "39.0",
                    "speaker_label": "spk_1",
                    "items": [
                        {
                            "speaker_label": "spk_1",
                            "start_time": "37.65",
                            "end_time": "37.849"
                        },
                        {
                            "speaker_label": "spk_1",
                            "start_time": "37.849",
                            "end_time": "38.049"
                        },
                        {
                            "speaker_label": "spk_1",
                            "start_time": "38.049",
                            "end_time": "38.33"
                        },
                        {
                            "speaker_label": "spk_1",
                            "start_time": "38.45",
                            "end_time": "39.0"
                        }
                    ]
                },
                {
                    "start_time": "39.209",
                    "end_time": "42.68",
                    "speaker_label": "spk_0",
                    "items": [
                        {
                            "speaker_label": "spk_0",
                            "start_time": "39.209",
                            "end_time": "39.65"
                        },
                        {
                            "speaker_label": "spk_0",
                            "start_time": "40.29",
                            "end_time": "40.49"
                        },
                        {
                            "speaker_label": "spk_0",
                            "start_time": "40.49",
                            "end_time": "40.61"
                        },
                        {
                            "speaker_label": "spk_0",
                            "start_time": "40.61",
                            "end_time": "40.9"
                        },
                        {
                            "speaker_label": "spk_0",
                            "start_time": "40.9",
                            "end_time": "41.25"
                        },
                        {
                            "speaker_label": "spk_0",
                            "start_time": "41.25",
                            "end_time": "41.81"
                        },
                        {
                            "speaker_label": "spk_0",
                            "start_time": "41.81",
                            "end_time": "42.209"
                        },
                        {
                            "speaker_label": "spk_0",
                            "start_time": "42.209",
                            "end_time": "42.659"
                        },
                        {
                            "speaker_label": "spk_0",
                            "start_time": "42.669",
                            "end_time": "42.68"
                        }
                    ]
                },
                {
                    "start_time": "43.849",
                    "end_time": "45.119",
                    "speaker_label": "spk_1",
                    "items": [
                        {
                            "speaker_label": "spk_1",
                            "start_time": "43.849",
                            "end_time": "44.15"
                        },
                        {
                            "speaker_label": "spk_1",
                            "start_time": "44.18",
                            "end_time": "44.68"
                        },
                        {
                            "speaker_label": "spk_1",
                            "start_time": "44.68",
                            "end_time": "44.939"
                        },
                        {
                            "speaker_label": "spk_1",
                            "start_time": "44.939",
                            "end_time": "45.119"
                        }
                    ]
                },
                {
                    "start_time": "45.93",
                    "end_time": "46.97",
                    "speaker_label": "spk_0",
                    "items": [
                        {
                            "speaker_label": "spk_0",
                            "start_time": "45.93",
                            "end_time": "46.369"
                        },
                        {
                            "speaker_label": "spk_0",
                            "start_time": "46.369",
                            "end_time": "46.459"
                        },
                        {
                            "speaker_label": "spk_0",
                            "start_time": "46.459",
                            "end_time": "46.77"
                        }
                    ]
                }
            ],
            "channel_label": "ch_0",
            "speakers": 2
        },
        "items": [
            {
                "id": 0,
                "type": "pronunciation",
                "alternatives": [
                    {
                        "confidence": "0.516",
                        "content": "Diagnostic"
                    }
                ],
                "start_time": "1.179",
                "end_time": "2.17",
                "speaker_label": "spk_0"
            },
            {
                "id": 1,
                "type": "pronunciation",
                "alternatives": [
                    {
                        "confidence": "0.345",
                        "content": "Oa"
                    }
                ],
                "start_time": "2.17",
                "end_time": "2.19",
                "speaker_label": "spk_0"
            },
            {
                "id": 2,
                "type": "pronunciation",
                "alternatives": [
                    {
                        "confidence": "0.997",
                        "content": "speaking"
                    }
                ],
                "start_time": "2.19",
                "end_time": "2.41",
                "speaker_label": "spk_0"
            },
            {
                "id": 3,
                "type": "punctuation",
                "alternatives": [
                    {
                        "confidence": "0.0",
                        "content": "."
                    }
                ],
                "speaker_label": "spk_0"
            },
            {
                "id": 4,
                "type": "pronunciation",
                "alternatives": [
                    {
                        "confidence": "0.942",
                        "content": "How"
                    }
                ],
                "start_time": "2.5",
                "end_time": "2.7",
                "speaker_label": "spk_0"
            },
            {
                "id": 5,
                "type": "pronunciation",
                "alternatives": [
                    {
                        "confidence": "0.999",
                        "content": "may"
                    }
                ],
                "start_time": "2.7",
                "end_time": "2.779",
                "speaker_label": "spk_0"
            },
            {
                "id": 6,
                "type": "pronunciation",
                "alternatives": [
                    {
                        "confidence": "0.999",
                        "content": "I"
                    }
                ],
                "start_time": "2.779",
                "end_time": "2.9",
                "speaker_label": "spk_0"
            },
            {
                "id": 7,
                "type": "pronunciation",
                "alternatives": [
                    {
                        "confidence": "0.999",
                        "content": "help"
                    }
                ],
                "start_time": "2.9",
                "end_time": "3.089",
                "speaker_label": "spk_0"
            },
            {
                "id": 8,
                "type": "pronunciation",
                "alternatives": [
                    {
                        "confidence": "0.999",
                        "content": "you"
                    }
                ],
                "start_time": "3.089",
                "end_time": "3.41",
                "speaker_label": "spk_0"
            },
            {
                "id": 9,
                "type": "punctuation",
                "alternatives": [
                    {
                        "confidence": "0.0",
                        "content": "?"
                    }
                ],
                "speaker_label": "spk_0"
            },
            {
                "id": 10,
                "type": "pronunciation",
                "alternatives": [
                    {
                        "confidence": "0.522",
                        "content": "Let's"
                    }
                ],
                "start_time": "5.36",
                "end_time": "5.389",
                "speaker_label": "spk_1"
            },
            {
                "id": 11,
                "type": "pronunciation",
                "alternatives": [
                    {
                        "confidence": "0.946",
                        "content": "just"
                    }
                ],
                "start_time": "5.389",
                "end_time": "5.4",
                "speaker_label": "spk_1"
            },
            {
                "id": 12,
                "type": "pronunciation",
                "alternatives": [
                    {
                        "confidence": "0.984",
                        "content": "that"
                    }
                ],
                "start_time": "5.4",
                "end_time": "5.409",
                "speaker_label": "spk_1"
            },
            {
                "id": 13,
                "type": "pronunciation",
                "alternatives": [
                    {
                        "confidence": "0.996",
                        "content": "put"
                    }
                ],
                "start_time": "5.409",
                "end_time": "5.42",
                "speaker_label": "spk_1"
            },
            {
                "id": 14,
                "type": "pronunciation",
                "alternatives": [
                    {
                        "confidence": "0.977",
                        "content": "you"
                    }
                ],
                "start_time": "5.42",
                "end_time": "5.429",
                "speaker_label": "spk_1"
            },
            {
                "id": 15,
                "type": "pronunciation",
                "alternatives": [
                    {
                        "confidence": "0.996",
                        "content": "on"
                    }
                ],
                "start_time": "5.429",
                "end_time": "5.619",
                "speaker_label": "spk_1"
            },
            {
                "id": 16,
                "type": "pronunciation",
                "alternatives": [
                    {
                        "confidence": "0.993",
                        "content": "audio"
                    }
                ],
                "start_time": "5.619",
                "end_time": "6.61",
                "speaker_label": "spk_1"
            },
            {
                "id": 17,
                "type": "punctuation",
                "alternatives": [
                    {
                        "confidence": "0.0",
                        "content": "."
                    }
                ],
                "speaker_label": "spk_1"
            },
            {
                "id": 18,
                "type": "pronunciation",
                "alternatives": [
                    {
                        "confidence": "0.625",
                        "content": "Is"
                    }
                ],
                "start_time": "7.269",
                "end_time": "7.289",
                "speaker_label": "spk_1"
            },
            {
                "id": 19,
                "type": "pronunciation",
                "alternatives": [
                    {
                        "confidence": "0.553",
                        "content": "this"
                    }
                ],
                "start_time": "7.289",
                "end_time": "7.3",
                "speaker_label": "spk_1"
            },
            {
                "id": 20,
                "type": "pronunciation",
                "alternatives": [
                    {
                        "confidence": "0.996",
                        "content": "the"
                    }
                ],
                "start_time": "7.3",
                "end_time": "7.38",
                "speaker_label": "spk_1"
            },
            {
                "id": 21,
                "type": "pronunciation",
                "alternatives": [
                    {
                        "confidence": "0.973",
                        "content": "X-ray"
                    }
                ],
                "start_time": "7.38",
                "end_time": "7.94",
                "speaker_label": "spk_1"
            },
            {
                "id": 22,
                "type": "pronunciation",
                "alternatives": [
                    {
                        "confidence": "0.997",
                        "content": "department"
                    }
                ],
                "start_time": "7.94",
                "end_time": "8.529",
                "speaker_label": "spk_1"
            },
            {
                "id": 23,
                "type": "punctuation",
                "alternatives": [
                    {
                        "confidence": "0.0",
                        "content": "?"
                    }
                ],
                "speaker_label": "spk_1"
            },
            {
                "id": 24,
                "type": "pronunciation",
                "alternatives": [
                    {
                        "confidence": "0.996",
                        "content": "Uh"
                    }
                ],
                "start_time": "9.18",
                "end_time": "10.409",
                "speaker_label": "spk_0"
            },
            {
                "id": 25,
                "type": "punctuation",
                "alternatives": [
                    {
                        "confidence": "0.0",
                        "content": ","
                    }
                ],
                "speaker_label": "spk_0"
            },
            {
                "id": 26,
                "type": "pronunciation",
                "alternatives": [
                    {
                        "confidence": "0.997",
                        "content": "yeah"
                    }
                ],
                "start_time": "11.1",
                "end_time": "11.229",
                "speaker_label": "spk_0"
            },
            {
                "id": 27,
                "type": "punctuation",
                "alternatives": [
                    {
                        "confidence": "0.0",
                        "content": ","
                    }
                ],
                "speaker_label": "spk_0"
            },
            {
                "id": 28,
                "type": "pronunciation",
                "alternatives": [
                    {
                        "confidence": "0.996",
                        "content": "we"
                    }
                ],
                "start_time": "11.3",
                "end_time": "11.51",
                "speaker_label": "spk_0"
            },
            {
                "id": 29,
                "type": "pronunciation",
                "alternatives": [
                    {
                        "confidence": "0.999",
                        "content": "also"
                    }
                ],
                "start_time": "11.51",
                "end_time": "12.1",
                "speaker_label": "spk_0"
            },
            {
                "id": 30,
                "type": "pronunciation",
                "alternatives": [
                    {
                        "confidence": "0.999",
                        "content": "do"
                    }
                ],
                "start_time": "12.1",
                "end_time": "12.38",
                "speaker_label": "spk_0"
            },
            {
                "id": 31,
                "type": "pronunciation",
                "alternatives": [
                    {
                        "confidence": "0.999",
                        "content": "the"
                    }
                ],
                "start_time": "12.38",
                "end_time": "12.529",
                "speaker_label": "spk_0"
            },
            {
                "id": 32,
                "type": "pronunciation",
                "alternatives": [
                    {
                        "confidence": "0.992",
                        "content": "X-ray"
                    }
                ],
                "start_time": "12.529",
                "end_time": "13.289",
                "speaker_label": "spk_0"
            },
            {
                "id": 33,
                "type": "punctuation",
                "alternatives": [
                    {
                        "confidence": "0.0",
                        "content": "."
                    }
                ],
                "speaker_label": "spk_0"
            },
            {
                "id": 34,
                "type": "pronunciation",
                "alternatives": [
                    {
                        "confidence": "0.996",
                        "content": "Are"
                    }
                ],
                "start_time": "13.979",
                "end_time": "14.22",
                "speaker_label": "spk_0"
            },
            {
                "id": 35,
                "type": "pronunciation",
                "alternatives": [
                    {
                        "confidence": "0.999",
                        "content": "you"
                    }
                ],
                "start_time": "14.22",
                "end_time": "14.42",
                "speaker_label": "spk_0"
            },
            {
                "id": 36,
                "type": "pronunciation",
                "alternatives": [
                    {
                        "confidence": "0.997",
                        "content": "calling"
                    }
                ],
                "start_time": "14.42",
                "end_time": "14.729",
                "speaker_label": "spk_0"
            },
            {
                "id": 37,
                "type": "pronunciation",
                "alternatives": [
                    {
                        "confidence": "0.997",
                        "content": "to"
                    }
                ],
                "start_time": "14.729",
                "end_time": "14.859",
                "speaker_label": "spk_0"
            },
            {
                "id": 38,
                "type": "pronunciation",
                "alternatives": [
                    {
                        "confidence": "0.999",
                        "content": "the"
                    }
                ],
                "start_time": "14.859",
                "end_time": "15.06",
                "speaker_label": "spk_0"
            },
            {
                "id": 39,
                "type": "pronunciation",
                "alternatives": [
                    {
                        "confidence": "0.999",
                        "content": "hospital"
                    }
                ],
                "start_time": "15.06",
                "end_time": "15.85",
                "speaker_label": "spk_0"
            },
            {
                "id": 40,
                "type": "punctuation",
                "alternatives": [
                    {
                        "confidence": "0.0",
                        "content": "?"
                    }
                ],
                "speaker_label": "spk_0"
            },
            {
                "id": 41,
                "type": "pronunciation",
                "alternatives": [
                    {
                        "confidence": "0.997",
                        "content": "No"
                    }
                ],
                "start_time": "17.03",
                "end_time": "17.11",
                "speaker_label": "spk_1"
            },
            {
                "id": 42,
                "type": "punctuation",
                "alternatives": [
                    {
                        "confidence": "0.0",
                        "content": ","
                    }
                ],
                "speaker_label": "spk_1"
            },
            {
                "id": 43,
                "type": "pronunciation",
                "alternatives": [
                    {
                        "confidence": "0.994",
                        "content": "I'm"
                    }
                ],
                "start_time": "17.149",
                "end_time": "17.309",
                "speaker_label": "spk_1"
            },
            {
                "id": 44,
                "type": "pronunciation",
                "alternatives": [
                    {
                        "confidence": "0.998",
                        "content": "just"
                    }
                ],
                "start_time": "17.309",
                "end_time": "17.43",
                "speaker_label": "spk_1"
            },
            {
                "id": 45,
                "type": "pronunciation",
                "alternatives": [
                    {
                        "confidence": "0.999",
                        "content": "wondering"
                    }
                ],
                "start_time": "17.43",
                "end_time": "17.819",
                "speaker_label": "spk_1"
            },
            {
                "id": 46,
                "type": "pronunciation",
                "alternatives": [
                    {
                        "confidence": "0.999",
                        "content": "if"
                    }
                ],
                "start_time": "17.819",
                "end_time": "17.979",
                "speaker_label": "spk_1"
            },
            {
                "id": 47,
                "type": "pronunciation",
                "alternatives": [
                    {
                        "confidence": "0.997",
                        "content": "you"
                    }
                ],
                "start_time": "17.979",
                "end_time": "18.35",
                "speaker_label": "spk_1"
            },
            {
                "id": 48,
                "type": "pronunciation",
                "alternatives": [
                    {
                        "confidence": "0.991",
                        "content": "uh"
                    }
                ],
                "start_time": "18.35",
                "end_time": "18.469",
                "speaker_label": "spk_1"
            },
            {
                "id": 49,
                "type": "pronunciation",
                "alternatives": [
                    {
                        "confidence": "0.996",
                        "content": "if"
                    }
                ],
                "start_time": "18.469",
                "end_time": "18.59",
                "speaker_label": "spk_1"
            },
            {
                "id": 50,
                "type": "pronunciation",
                "alternatives": [
                    {
                        "confidence": "0.991",
                        "content": "there's"
                    }
                ],
                "start_time": "18.59",
                "end_time": "18.79",
                "speaker_label": "spk_1"
            },
            {
                "id": 51,
                "type": "pronunciation",
                "alternatives": [
                    {
                        "confidence": "0.997",
                        "content": "an"
                    }
                ],
                "start_time": "18.79",
                "end_time": "18.909",
                "speaker_label": "spk_1"
            },
            {
                "id": 52,
                "type": "pronunciation",
                "alternatives": [
                    {
                        "confidence": "0.986",
                        "content": "X-ray"
                    }
                ],
                "start_time": "18.909",
                "end_time": "19.309",
                "speaker_label": "spk_1"
            },
            {
                "id": 53,
                "type": "pronunciation",
                "alternatives": [
                    {
                        "confidence": "0.996",
                        "content": "in"
                    }
                ],
                "start_time": "19.309",
                "end_time": "19.5",
                "speaker_label": "spk_1"
            },
            {
                "id": 54,
                "type": "pronunciation",
                "alternatives": [
                    {
                        "content": "[PII]",
                        "redactions": [
                            {
                                "confidence": "1.0",
                                "type": "ADDRESS",
                                "category": "PII"
                            }
                        ]
                    }
                ],
                "start_time": "19.5",
                "end_time": "20.34"
            },
            {
                "id": 55,
                "type": "punctuation",
                "alternatives": [
                    {
                        "confidence": "0.0",
                        "content": "."
                    }
                ]
            },
            {
                "id": 56,
                "type": "pronunciation",
                "alternatives": [
                    {
                        "confidence": "0.999",
                        "content": "Oh"
                    }
                ],
                "start_time": "20.959",
                "end_time": "21.28",
                "speaker_label": "spk_0"
            },
            {
                "id": 57,
                "type": "punctuation",
                "alternatives": [
                    {
                        "confidence": "0.0",
                        "content": ","
                    }
                ],
                "speaker_label": "spk_0"
            },
            {
                "id": 58,
                "type": "pronunciation",
                "alternatives": [
                    {
                        "confidence": "0.998",
                        "content": "we"
                    }
                ],
                "start_time": "21.75",
                "end_time": "21.95",
                "speaker_label": "spk_0"
            },
            {
                "id": 59,
                "type": "pronunciation",
                "alternatives": [
                    {
                        "confidence": "0.999",
                        "content": "have"
                    }
                ],
                "start_time": "21.95",
                "end_time": "22.149",
                "speaker_label": "spk_0"
            },
            {
                "id": 60,
                "type": "pronunciation",
                "alternatives": [
                    {
                        "confidence": "0.995",
                        "content": "clinic"
                    }
                ],
                "start_time": "22.149",
                "end_time": "22.61",
                "speaker_label": "spk_0"
            },
            {
                "id": 61,
                "type": "pronunciation",
                "alternatives": [
                    {
                        "confidence": "0.999",
                        "content": "in"
                    }
                ],
                "start_time": "22.61",
                "end_time": "22.79",
                "speaker_label": "spk_0"
            },
            {
                "id": 62,
                "type": "pronunciation",
                "alternatives": [
                    {
                        "content": "[PII]",
                        "redactions": [
                            {
                                "confidence": "1.0",
                                "type": "ADDRESS",
                                "category": "PII"
                            }
                        ]
                    }
                ],
                "start_time": "22.79",
                "end_time": "23.5"
            },
            {
                "id": 63,
                "type": "punctuation",
                "alternatives": [
                    {
                        "confidence": "0.0",
                        "content": ","
                    }
                ]
            },
            {
                "id": 64,
                "type": "pronunciation",
                "alternatives": [
                    {
                        "confidence": "0.997",
                        "content": "only"
                    }
                ],
                "start_time": "23.629",
                "end_time": "23.95",
                "speaker_label": "spk_0"
            },
            {
                "id": 65,
                "type": "pronunciation",
                "alternatives": [
                    {
                        "confidence": "0.999",
                        "content": "one"
                    }
                ],
                "start_time": "23.95",
                "end_time": "24.459",
                "speaker_label": "spk_0"
            },
            {
                "id": 66,
                "type": "punctuation",
                "alternatives": [
                    {
                        "confidence": "0.0",
                        "content": "."
                    }
                ],
                "speaker_label": "spk_0"
            },
            {
                "id": 67,
                "type": "pronunciation",
                "alternatives": [
                    {
                        "confidence": "0.996",
                        "content": "Only"
                    }
                ],
                "start_time": "24.79",
                "end_time": "25.11",
                "speaker_label": "spk_1"
            },
            {
                "id": 68,
                "type": "pronunciation",
                "alternatives": [
                    {
                        "confidence": "0.998",
                        "content": "the"
                    }
                ],
                "start_time": "25.11",
                "end_time": "25.27",
                "speaker_label": "spk_1"
            },
            {
                "id": 69,
                "type": "pronunciation",
                "alternatives": [
                    {
                        "confidence": "0.998",
                        "content": "one"
                    }
                ],
                "start_time": "25.27",
                "end_time": "25.59",
                "speaker_label": "spk_1"
            },
            {
                "id": 70,
                "type": "pronunciation",
                "alternatives": [
                    {
                        "confidence": "0.999",
                        "content": "OK"
                    }
                ],
                "start_time": "25.59",
                "end_time": "26.11",
                "speaker_label": "spk_1"
            },
            {
                "id": 71,
                "type": "pronunciation",
                "alternatives": [
                    {
                        "confidence": "0.737",
                        "content": "if"
                    }
                ],
                "start_time": "26.11",
                "end_time": "26.25",
                "speaker_label": "spk_1"
            },
            {
                "id": 72,
                "type": "pronunciation",
                "alternatives": [
                    {
                        "confidence": "0.986",
                        "content": "this"
                    }
                ],
                "start_time": "26.25",
                "end_time": "26.469",
                "speaker_label": "spk_1"
            },
            {
                "id": 73,
                "type": "pronunciation",
                "alternatives": [
                    {
                        "confidence": "0.996",
                        "content": "when"
                    }
                ],
                "start_time": "26.469",
                "end_time": "26.629",
                "speaker_label": "spk_1"
            },
            {
                "id": 74,
                "type": "pronunciation",
                "alternatives": [
                    {
                        "confidence": "0.999",
                        "content": "I"
                    }
                ],
                "start_time": "26.629",
                "end_time": "26.79",
                "speaker_label": "spk_1"
            },
            {
                "id": 75,
                "type": "pronunciation",
                "alternatives": [
                    {
                        "confidence": "0.999",
                        "content": "look"
                    }
                ],
                "start_time": "26.79",
                "end_time": "26.95",
                "speaker_label": "spk_1"
            },
            {
                "id": 76,
                "type": "pronunciation",
                "alternatives": [
                    {
                        "confidence": "0.996",
                        "content": "underneath"
                    }
                ],
                "start_time": "26.95",
                "end_time": "27.469",
                "speaker_label": "spk_1"
            },
            {
                "id": 77,
                "type": "pronunciation",
                "alternatives": [
                    {
                        "confidence": "0.998",
                        "content": "this"
                    }
                ],
                "start_time": "27.469",
                "end_time": "28.069",
                "speaker_label": "spk_1"
            },
            {
                "id": 78,
                "type": "pronunciation",
                "alternatives": [
                    {
                        "confidence": "0.997",
                        "content": "website"
                    }
                ],
                "start_time": "28.069",
                "end_time": "28.239",
                "speaker_label": "spk_1"
            },
            {
                "id": 79,
                "type": "pronunciation",
                "alternatives": [
                    {
                        "confidence": "0.987",
                        "content": "it's"
                    }
                ],
                "start_time": "28.239",
                "end_time": "28.549",
                "speaker_label": "spk_1"
            },
            {
                "id": 80,
                "type": "pronunciation",
                "alternatives": [
                    {
                        "confidence": "0.997",
                        "content": "got"
                    }
                ],
                "start_time": "28.549",
                "end_time": "28.79",
                "speaker_label": "spk_1"
            },
            {
                "id": 81,
                "type": "pronunciation",
                "alternatives": [
                    {
                        "content": "[PII]",
                        "redactions": [
                            {
                                "confidence": "0.9874",
                                "type": "NAME",
                                "category": "PII"
                            }
                        ]
                    }
                ],
                "start_time": "28.79",
                "end_time": "29.42"
            },
            {
                "id": 82,
                "type": "punctuation",
                "alternatives": [
                    {
                        "confidence": "0.0",
                        "content": "."
                    }
                ]
            },
            {
                "id": 83,
                "type": "pronunciation",
                "alternatives": [
                    {
                        "confidence": "0.996",
                        "content": "Oh"
                    }
                ],
                "start_time": "30.389",
                "end_time": "30.76",
                "speaker_label": "spk_0"
            },
            {
                "id": 84,
                "type": "punctuation",
                "alternatives": [
                    {
                        "confidence": "0.0",
                        "content": ","
                    }
                ],
                "speaker_label": "spk_0"
            },
            {
                "id": 85,
                "type": "pronunciation",
                "alternatives": [
                    {
                        "confidence": "0.996",
                        "content": "maybe"
                    }
                ],
                "start_time": "30.969",
                "end_time": "31.719",
                "speaker_label": "spk_0"
            },
            {
                "id": 86,
                "type": "punctuation",
                "alternatives": [
                    {
                        "confidence": "0.0",
                        "content": ","
                    }
                ],
                "speaker_label": "spk_0"
            },
            {
                "id": 87,
                "type": "pronunciation",
                "alternatives": [
                    {
                        "confidence": "0.997",
                        "content": "um"
                    }
                ],
                "start_time": "31.889",
                "end_time": "32.759",
                "speaker_label": "spk_0"
            },
            {
                "id": 88,
                "type": "punctuation",
                "alternatives": [
                    {
                        "confidence": "0.0",
                        "content": ","
                    }
                ],
                "speaker_label": "spk_0"
            },
            {
                "id": 89,
                "type": "pronunciation",
                "alternatives": [
                    {
                        "confidence": "0.997",
                        "content": "on"
                    }
                ],
                "start_time": "33.569",
                "end_time": "33.689",
                "speaker_label": "spk_0"
            },
            {
                "id": 90,
                "type": "pronunciation",
                "alternatives": [
                    {
                        "confidence": "0.94",
                        "content": "the"
                    }
                ],
                "start_time": "33.689",
                "end_time": "34.319",
                "speaker_label": "spk_0"
            },
            {
                "id": 91,
                "type": "pronunciation",
                "alternatives": [
                    {
                        "content": "[PII]",
                        "redactions": [
                            {
                                "confidence": "0.9983",
                                "type": "NAME",
                                "category": "PII"
                            }
                        ]
                    }
                ],
                "start_time": "34.319",
                "end_time": "35.029"
            },
            {
                "id": 92,
                "type": "pronunciation",
                "alternatives": [
                    {
                        "confidence": "0.949",
                        "content": "uh"
                    }
                ],
                "start_time": "35.029",
                "end_time": "35.569",
                "speaker_label": "spk_0"
            },
            {
                "id": 93,
                "type": "pronunciation",
                "alternatives": [
                    {
                        "confidence": "0.998",
                        "content": "website"
                    }
                ],
                "start_time": "35.569",
                "end_time": "36.009",
                "speaker_label": "spk_0"
            },
            {
                "id": 94,
                "type": "pronunciation",
                "alternatives": [
                    {
                        "confidence": "0.998",
                        "content": "or"
                    }
                ],
                "start_time": "36.009",
                "end_time": "36.599",
                "speaker_label": "spk_0"
            },
            {
                "id": 95,
                "type": "punctuation",
                "alternatives": [
                    {
                        "confidence": "0.0",
                        "content": "?"
                    }
                ],
                "speaker_label": "spk_0"
            },
            {
                "id": 96,
                "type": "pronunciation",
                "alternatives": [
                    {
                        "confidence": "0.996",
                        "content": "Um"
                    }
                ],
                "start_time": "37.009",
                "end_time": "37.439",
                "speaker_label": "spk_0"
            },
            {
                "id": 97,
                "type": "punctuation",
                "alternatives": [
                    {
                        "confidence": "0.0",
                        "content": ","
                    }
                ],
                "speaker_label": "spk_0"
            },
            {
                "id": 98,
                "type": "pronunciation",
                "alternatives": [
                    {
                        "confidence": "0.997",
                        "content": "it"
                    }
                ],
                "start_time": "37.5",
                "end_time": "37.65",
                "speaker_label": "spk_1"
            },
            {
                "id": 99,
                "type": "pronunciation",
                "alternatives": [
                    {
                        "confidence": "0.998",
                        "content": "looks"
                    }
                ],
                "start_time": "37.65",
                "end_time": "37.849",
                "speaker_label": "spk_1"
            },
            {
                "id": 100,
                "type": "pronunciation",
                "alternatives": [
                    {
                        "confidence": "0.998",
                        "content": "like"
                    }
                ],
                "start_time": "37.849",
                "end_time": "38.049",
                "speaker_label": "spk_1"
            },
            {
                "id": 101,
                "type": "pronunciation",
                "alternatives": [
                    {
                        "confidence": "0.996",
                        "content": "it"
                    }
                ],
                "start_time": "38.049",
                "end_time": "38.33",
                "speaker_label": "spk_1"
            },
            {
                "id": 102,
                "type": "punctuation",
                "alternatives": [
                    {
                        "confidence": "0.0",
                        "content": ","
                    }
                ],
                "speaker_label": "spk_1"
            },
            {
                "id": 103,
                "type": "pronunciation",
                "alternatives": [
                    {
                        "confidence": "0.996",
                        "content": "yeah"
                    }
                ],
                "start_time": "38.45",
                "end_time": "39.0",
                "speaker_label": "spk_1"
            },
            {
                "id": 104,
                "type": "punctuation",
                "alternatives": [
                    {
                        "confidence": "0.0",
                        "content": "."
                    }
                ],
                "speaker_label": "spk_1"
            },
            {
                "id": 105,
                "type": "pronunciation",
                "alternatives": [
                    {
                        "confidence": "0.968",
                        "content": "Yeah"
                    }
                ],
                "start_time": "39.209",
                "end_time": "39.65",
                "speaker_label": "spk_0"
            },
            {
                "id": 106,
                "type": "punctuation",
                "alternatives": [
                    {
                        "confidence": "0.0",
                        "content": ","
                    }
                ],
                "speaker_label": "spk_0"
            },
            {
                "id": 107,
                "type": "pronunciation",
                "alternatives": [
                    {
                        "confidence": "0.996",
                        "content": "we"
                    }
                ],
                "start_time": "40.29",
                "end_time": "40.49",
                "speaker_label": "spk_0"
            },
            {
                "id": 108,
                "type": "pronunciation",
                "alternatives": [
                    {
                        "confidence": "0.996",
                        "content": "have"
                    }
                ],
                "start_time": "40.49",
                "end_time": "40.61",
                "speaker_label": "spk_0"
            },
            {
                "id": 109,
                "type": "pronunciation",
                "alternatives": [
                    {
                        "confidence": "0.996",
                        "content": "only"
                    }
                ],
                "start_time": "40.61",
                "end_time": "40.9",
                "speaker_label": "spk_0"
            },
            {
                "id": 110,
                "type": "pronunciation",
                "alternatives": [
                    {
                        "confidence": "0.997",
                        "content": "in"
                    }
                ],
                "start_time": "40.9",
                "end_time": "41.25",
                "speaker_label": "spk_0"
            },
            {
                "id": 111,
                "type": "pronunciation",
                "alternatives": [
                    {
                        "content": "[PII]",
                        "redactions": [
                            {
                                "confidence": "1.0",
                                "type": "ADDRESS",
                                "category": "PII"
                            }
                        ]
                    }
                ],
                "start_time": "41.25",
                "end_time": "41.81"
            },
            {
                "id": 112,
                "type": "pronunciation",
                "alternatives": [
                    {
                        "confidence": "0.997",
                        "content": "and"
                    }
                ],
                "start_time": "41.81",
                "end_time": "42.209",
                "speaker_label": "spk_0"
            },
            {
                "id": 113,
                "type": "pronunciation",
                "alternatives": [
                    {
                        "confidence": "0.996",
                        "content": "uh"
                    }
                ],
                "start_time": "42.209",
                "end_time": "42.659",
                "speaker_label": "spk_0"
            },
            {
                "id": 114,
                "type": "punctuation",
                "alternatives": [
                    {
                        "confidence": "0.0",
                        "content": "."
                    }
                ],
                "speaker_label": "spk_0"
            },
            {
                "id": 115,
                "type": "pronunciation",
                "alternatives": [
                    {
                        "confidence": "0.996",
                        "content": "OK"
                    }
                ],
                "start_time": "42.669",
                "end_time": "42.68",
                "speaker_label": "spk_0"
            },
            {
                "id": 116,
                "type": "punctuation",
                "alternatives": [
                    {
                        "confidence": "0.0",
                        "content": "."
                    }
                ],
                "speaker_label": "spk_0"
            },
            {
                "id": 117,
                "type": "pronunciation",
                "alternatives": [
                    {
                        "confidence": "0.998",
                        "content": "OK"
                    }
                ],
                "start_time": "43.849",
                "end_time": "44.15",
                "speaker_label": "spk_1"
            },
            {
                "id": 118,
                "type": "punctuation",
                "alternatives": [
                    {
                        "confidence": "0.0",
                        "content": ","
                    }
                ],
                "speaker_label": "spk_1"
            },
            {
                "id": 119,
                "type": "pronunciation",
                "alternatives": [
                    {
                        "confidence": "0.997",
                        "content": "thanks"
                    }
                ],
                "start_time": "44.18",
                "end_time": "44.68",
                "speaker_label": "spk_1"
            },
            {
                "id": 120,
                "type": "pronunciation",
                "alternatives": [
                    {
                        "confidence": "0.993",
                        "content": "anyways"
                    }
                ],
                "start_time": "44.68",
                "end_time": "44.939",
                "speaker_label": "spk_1"
            },
            {
                "id": 121,
                "type": "pronunciation",
                "alternatives": [
                    {
                        "confidence": "0.995",
                        "content": "then"
                    }
                ],
                "start_time": "44.939",
                "end_time": "45.119",
                "speaker_label": "spk_1"
            },
            {
                "id": 122,
                "type": "punctuation",
                "alternatives": [
                    {
                        "confidence": "0.0",
                        "content": "."
                    }
                ],
                "speaker_label": "spk_1"
            },
            {
                "id": 123,
                "type": "pronunciation",
                "alternatives": [
                    {
                        "confidence": "0.997",
                        "content": "OK"
                    }
                ],
                "start_time": "45.93",
                "end_time": "46.369",
                "speaker_label": "spk_0"
            },
            {
                "id": 124,
                "type": "pronunciation",
                "alternatives": [
                    {
                        "confidence": "0.994",
                        "content": "bye"
                    }
                ],
                "start_time": "46.369",
                "end_time": "46.459",
                "speaker_label": "spk_0"
            },
            {
                "id": 125,
                "type": "pronunciation",
                "alternatives": [
                    {
                        "confidence": "0.995",
                        "content": "bye"
                    }
                ],
                "start_time": "46.459",
                "end_time": "46.77",
                "speaker_label": "spk_0"
            },
            {
                "id": 126,
                "type": "punctuation",
                "alternatives": [
                    {
                        "confidence": "0.0",
                        "content": "."
                    }
                ],
                "speaker_label": "spk_0"
            }
        ],
        "audio_segments": [
            {
                "id": 0,
                "transcript": "Diagnostic Oa speaking. How may I help you?",
                "start_time": "0.34",
                "end_time": "3.41",
                "speaker_label": "spk_0",
                "items": [
                    0,
                    1,
                    2,
                    3,
                    4,
                    5,
                    6,
                    7,
                    8,
                    9
                ]
            },
            {
                "id": 1,
                "transcript": "Let's just that put you on audio. Is this the X-ray",
                "start_time": "5.36",
                "end_time": "7.94",
                "speaker_label": "spk_1",
                "items": [
                    10,
                    11,
                    12,
                    13,
                    14,
                    15,
                    16,
                    17,
                    18,
                    19,
                    20,
                    21
                ]
            },
            {
                "id": 2,
                "transcript": "department?",
                "start_time": "7.94",
                "end_time": "8.529",
                "speaker_label": "spk_1",
                "items": [
                    22,
                    23
                ]
            },
            {
                "id": 3,
                "transcript": "Uh, yeah, we also do the X-ray. Are you calling to the hospital?",
                "start_time": "9.18",
                "end_time": "15.979",
                "speaker_label": "spk_0",
                "items": [
                    24,
                    25,
                    26,
                    27,
                    28,
                    29,
                    30,
                    31,
                    32,
                    33,
                    34,
                    35,
                    36,
                    37,
                    38,
                    39,
                    40
                ]
            },
            {
                "id": 4,
                "transcript": "No, I'm just wondering if you uh if there's an X-ray in [PII].",
                "start_time": "16.75",
                "end_time": "20.34",
                "speaker_label": "spk_1",
                "items": [
                    41,
                    42,
                    43,
                    44,
                    45,
                    46,
                    47,
                    48,
                    49,
                    50,
                    51,
                    52,
                    53,
                    54,
                    55
                ]
            },
            {
                "id": 5,
                "transcript": "Oh, we have clinic in [PII], only one.",
                "start_time": "20.959",
                "end_time": "24.459",
                "speaker_label": "spk_0",
                "items": [
                    56,
                    57,
                    58,
                    59,
                    60,
                    61,
                    62,
                    63,
                    64,
                    65,
                    66
                ]
            },
            {
                "id": 6,
                "transcript": "Only the one OK if this when I look underneath this website it's got [PII].",
                "start_time": "24.79",
                "end_time": "29.559",
                "speaker_label": "spk_1",
                "items": [
                    67,
                    68,
                    69,
                    70,
                    71,
                    72,
                    73,
                    74,
                    75,
                    76,
                    77,
                    78,
                    79,
                    80,
                    81,
                    82
                ]
            },
            {
                "id": 7,
                "transcript": "Oh,",
                "start_time": "30.209",
                "end_time": "30.76",
                "speaker_label": "spk_0",
                "items": [
                    83,
                    84
                ]
            },
            {
                "id": 8,
                "transcript": "maybe, um, on the [PII] uh website or? Um,",
                "start_time": "30.969",
                "end_time": "37.439",
                "speaker_label": "spk_0",
                "items": [
                    85,
                    86,
                    87,
                    88,
                    89,
                    90,
                    91,
                    92,
                    93,
                    94,
                    95,
                    96,
                    97
                ]
            },
            {
                "id": 9,
                "transcript": "it",
                "start_time": "37.5",
                "end_time": "37.65",
                "speaker_label": "spk_1",
                "items": [
                    98
                ]
            },
            {
                "id": 10,
                "transcript": "looks like it, yeah.",
                "start_time": "37.65",
                "end_time": "39.0",
                "speaker_label": "spk_1",
                "items": [
                    99,
                    100,
                    101,
                    102,
                    103,
                    104
                ]
            },
            {
                "id": 11,
                "transcript": "Yeah, we have only in [PII] and uh. OK.",
                "start_time": "39.209",
                "end_time": "42.68",
                "speaker_label": "spk_0",
                "items": [
                    105,
                    106,
                    107,
                    108,
                    109,
                    110,
                    111,
                    112,
                    113,
                    114,
                    115,
                    116
                ]
            },
            {
                "id": 12,
                "transcript": "OK, thanks anyways then.",
                "start_time": "43.849",
                "end_time": "45.119",
                "speaker_label": "spk_1",
                "items": [
                    117,
                    118,
                    119,
                    120,
                    121,
                    122
                ]
            },
            {
                "id": 13,
                "transcript": "OK bye bye.",
                "start_time": "45.93",
                "end_time": "46.97",
                "speaker_label": "spk_0",
                "items": [
                    123,
                    124,
                    125,
                    126
                ]
            }
        ]
    }
}