{
    "jobName": "transcription-job-2024-03-21T22-52-18Z-call-eb7f87bf-7e25-4430-8f15-263301b48363-1734640781",
    "accountId": "199040315413",
    "isRedacted": true,
    "status": "COMPLETED",
    "results": {
        "transcripts": [
            {
                "transcript": "Thank you for calling Waffler Diagnostics. Please listen to all of the prompts before making a selection. If you are calling about booking an appointment, press 1. For general inquiries like clinic locations, operating hours, and how to prepare for the appointment, press 2. If you are at the [PII] office. Plus for diagnostics, how may I help? Yeah, hi there, do you guys do PET scan of the whole body. Uh, no, we only offer ultrasound for like shoulder. No worries, thank you so"
            }
        ],
        "speaker_labels": {
            "segments": [
                {
                    "start_time": "1.5",
                    "end_time": "17.87",
                    "speaker_label": "spk_0",
                    "items": [
                        {
                            "speaker_label": "spk_0",
                            "start_time": "1.74",
                            "end_time": "1.86"
                        },
                        {
                            "speaker_label": "spk_0",
                            "start_time": "1.86",
                            "end_time": "2.059"
                        },
                        {
                            "speaker_label": "spk_0",
                            "start_time": "2.059",
                            "end_time": "2.259"
                        },
                        {
                            "speaker_label": "spk_0",
                            "start_time": "2.259",
                            "end_time": "2.579"
                        },
                        {
                            "speaker_label": "spk_0",
                            "start_time": "2.579",
                            "end_time": "3.019"
                        },
                        {
                            "speaker_label": "spk_0",
                            "start_time": "3.019",
                            "end_time": "3.98"
                        },
                        {
                            "speaker_label": "spk_0",
                            "start_time": "4.179",
                            "end_time": "4.42"
                        },
                        {
                            "speaker_label": "spk_0",
                            "start_time": "4.42",
                            "end_time": "4.699"
                        },
                        {
                            "speaker_label": "spk_0",
                            "start_time": "4.699",
                            "end_time": "4.829"
                        },
                        {
                            "speaker_label": "spk_0",
                            "start_time": "4.829",
                            "end_time": "4.98"
                        },
                        {
                            "speaker_label": "spk_0",
                            "start_time": "4.98",
                            "end_time": "5.099"
                        },
                        {
                            "speaker_label": "spk_0",
                            "start_time": "5.099",
                            "end_time": "5.3"
                        },
                        {
                            "speaker_label": "spk_0",
                            "start_time": "5.3",
                            "end_time": "5.82"
                        },
                        {
                            "speaker_label": "spk_0",
                            "start_time": "5.82",
                            "end_time": "5.98"
                        },
                        {
                            "speaker_label": "spk_0",
                            "start_time": "5.98",
                            "end_time": "6.179"
                        },
                        {
                            "speaker_label": "spk_0",
                            "start_time": "6.179",
                            "end_time": "6.3"
                        },
                        {
                            "speaker_label": "spk_0",
                            "start_time": "6.3",
                            "end_time": "7.019"
                        },
                        {
                            "speaker_label": "spk_0",
                            "start_time": "7.26",
                            "end_time": "7.38"
                        },
                        {
                            "speaker_label": "spk_0",
                            "start_time": "7.38",
                            "end_time": "7.5"
                        },
                        {
                            "speaker_label": "spk_0",
                            "start_time": "7.5",
                            "end_time": "7.699"
                        },
                        {
                            "speaker_label": "spk_0",
                            "start_time": "7.699",
                            "end_time": "8.02"
                        },
                        {
                            "speaker_label": "spk_0",
                            "start_time": "8.02",
                            "end_time": "8.18"
                        },
                        {
                            "speaker_label": "spk_0",
                            "start_time": "8.18",
                            "end_time": "8.46"
                        },
                        {
                            "speaker_label": "spk_0",
                            "start_time": "8.46",
                            "end_time": "8.539"
                        },
                        {
                            "speaker_label": "spk_0",
                            "start_time": "8.539",
                            "end_time": "9.0"
                        },
                        {
                            "speaker_label": "spk_0",
                            "start_time": "9.1",
                            "end_time": "9.38"
                        },
                        {
                            "speaker_label": "spk_0",
                            "start_time": "9.38",
                            "end_time": "9.85"
                        },
                        {
                            "speaker_label": "spk_0",
                            "start_time": "10.06",
                            "end_time": "10.26"
                        },
                        {
                            "speaker_label": "spk_0",
                            "start_time": "10.26",
                            "end_time": "10.539"
                        },
                        {
                            "speaker_label": "spk_0",
                            "start_time": "10.539",
                            "end_time": "11.1"
                        },
                        {
                            "speaker_label": "spk_0",
                            "start_time": "11.1",
                            "end_time": "11.26"
                        },
                        {
                            "speaker_label": "spk_0",
                            "start_time": "11.26",
                            "end_time": "11.779"
                        },
                        {
                            "speaker_label": "spk_0",
                            "start_time": "11.779",
                            "end_time": "12.449"
                        },
                        {
                            "speaker_label": "spk_0",
                            "start_time": "12.579",
                            "end_time": "13.159"
                        },
                        {
                            "speaker_label": "spk_0",
                            "start_time": "13.159",
                            "end_time": "13.689"
                        },
                        {
                            "speaker_label": "spk_0",
                            "start_time": "13.85",
                            "end_time": "13.979"
                        },
                        {
                            "speaker_label": "spk_0",
                            "start_time": "13.979",
                            "end_time": "14.13"
                        },
                        {
                            "speaker_label": "spk_0",
                            "start_time": "14.13",
                            "end_time": "14.46"
                        },
                        {
                            "speaker_label": "spk_0",
                            "start_time": "14.46",
                            "end_time": "14.71"
                        },
                        {
                            "speaker_label": "spk_0",
                            "start_time": "14.71",
                            "end_time": "14.8"
                        },
                        {
                            "speaker_label": "spk_0",
                            "start_time": "14.8",
                            "end_time": "14.899"
                        },
                        {
                            "speaker_label": "spk_0",
                            "start_time": "14.899",
                            "end_time": "15.34"
                        },
                        {
                            "speaker_label": "spk_0",
                            "start_time": "15.38",
                            "end_time": "15.68"
                        },
                        {
                            "speaker_label": "spk_0",
                            "start_time": "15.68",
                            "end_time": "16.129"
                        },
                        {
                            "speaker_label": "spk_0",
                            "start_time": "16.299",
                            "end_time": "16.42"
                        },
                        {
                            "speaker_label": "spk_0",
                            "start_time": "16.42",
                            "end_time": "16.579"
                        },
                        {
                            "speaker_label": "spk_0",
                            "start_time": "16.579",
                            "end_time": "16.739"
                        },
                        {
                            "speaker_label": "spk_0",
                            "start_time": "16.739",
                            "end_time": "16.829"
                        },
                        {
                            "speaker_label": "spk_0",
                            "start_time": "16.829",
                            "end_time": "16.979"
                        },
                        {
                            "speaker_label": "spk_0",
                            "start_time": "16.979",
                            "end_time": "17.42"
                        },
                        {
                            "speaker_label": "spk_0",
                            "start_time": "17.42",
                            "end_time": "17.739"
                        }
                    ]
                },
                {
                    "start_time": "23.299",
                    "end_time": "25.799",
                    "speaker_label": "spk_1",
                    "items": [
                        {
                            "speaker_label": "spk_1",
                            "start_time": "23.809",
                            "end_time": "24.129"
                        },
                        {
                            "speaker_label": "spk_1",
                            "start_time": "24.129",
                            "end_time": "24.139"
                        },
                        {
                            "speaker_label": "spk_1",
                            "start_time": "24.139",
                            "end_time": "24.969"
                        },
                        {
                            "speaker_label": "spk_1",
                            "start_time": "24.979",
                            "end_time": "25.139"
                        },
                        {
                            "speaker_label": "spk_1",
                            "start_time": "25.139",
                            "end_time": "25.219"
                        },
                        {
                            "speaker_label": "spk_1",
                            "start_time": "25.219",
                            "end_time": "25.299"
                        },
                        {
                            "speaker_label": "spk_1",
                            "start_time": "25.299",
                            "end_time": "25.69"
                        }
                    ]
                },
                {
                    "start_time": "26.78",
                    "end_time": "29.54",
                    "speaker_label": "spk_1",
                    "items": [
                        {
                            "speaker_label": "spk_1",
                            "start_time": "26.79",
                            "end_time": "26.979"
                        },
                        {
                            "speaker_label": "spk_1",
                            "start_time": "27.02",
                            "end_time": "27.219"
                        },
                        {
                            "speaker_label": "spk_1",
                            "start_time": "27.219",
                            "end_time": "27.299"
                        },
                        {
                            "speaker_label": "spk_1",
                            "start_time": "27.42",
                            "end_time": "27.5"
                        },
                        {
                            "speaker_label": "spk_1",
                            "start_time": "27.5",
                            "end_time": "27.579"
                        },
                        {
                            "speaker_label": "spk_1",
                            "start_time": "27.579",
                            "end_time": "27.78"
                        },
                        {
                            "speaker_label": "spk_1",
                            "start_time": "27.78",
                            "end_time": "27.979"
                        },
                        {
                            "speaker_label": "spk_1",
                            "start_time": "27.979",
                            "end_time": "28.27"
                        },
                        {
                            "speaker_label": "spk_1",
                            "start_time": "28.27",
                            "end_time": "28.579"
                        },
                        {
                            "speaker_label": "spk_1",
                            "start_time": "28.579",
                            "end_time": "28.659"
                        },
                        {
                            "speaker_label": "spk_1",
                            "start_time": "28.659",
                            "end_time": "28.86"
                        },
                        {
                            "speaker_label": "spk_1",
                            "start_time": "28.86",
                            "end_time": "29.069"
                        },
                        {
                            "speaker_label": "spk_1",
                            "start_time": "29.069",
                            "end_time": "29.42"
                        }
                    ]
                },
                {
                    "start_time": "30.389",
                    "end_time": "35.09",
                    "speaker_label": "spk_1",
                    "items": [
                        {
                            "speaker_label": "spk_1",
                            "start_time": "30.409",
                            "end_time": "30.86"
                        },
                        {
                            "speaker_label": "spk_1",
                            "start_time": "31.069",
                            "end_time": "31.659"
                        },
                        {
                            "speaker_label": "spk_1",
                            "start_time": "31.87",
                            "end_time": "32.169"
                        },
                        {
                            "speaker_label": "spk_1",
                            "start_time": "32.169",
                            "end_time": "32.47"
                        },
                        {
                            "speaker_label": "spk_1",
                            "start_time": "32.47",
                            "end_time": "32.79"
                        },
                        {
                            "speaker_label": "spk_1",
                            "start_time": "32.79",
                            "end_time": "33.549"
                        },
                        {
                            "speaker_label": "spk_1",
                            "start_time": "33.549",
                            "end_time": "33.709"
                        },
                        {
                            "speaker_label": "spk_1",
                            "start_time": "33.709",
                            "end_time": "34.11"
                        },
                        {
                            "speaker_label": "spk_1",
                            "start_time": "34.11",
                            "end_time": "34.909"
                        }
                    ]
                },
                {
                    "start_time": "35.68",
                    "end_time": "36.939",
                    "speaker_label": "spk_1",
                    "items": [
                        {
                            "speaker_label": "spk_1",
                            "start_time": "35.88",
                            "end_time": "36.04"
                        },
                        {
                            "speaker_label": "spk_1",
                            "start_time": "36.04",
                            "end_time": "36.29"
                        },
                        {
                            "speaker_label": "spk_1",
                            "start_time": "36.4",
                            "end_time": "36.58"
                        },
                        {
                            "speaker_label": "spk_1",
                            "start_time": "36.58",
                            "end_time": "36.72"
                        },
                        {
                            "speaker_label": "spk_1",
                            "start_time": "36.72",
                            "end_time": "36.909"
                        }
                    ]
                }
            ],
            "channel_label": "ch_0",
            "speakers": 2
        },
        "items": [
            {
                "id": 0,
                "type": "pronunciation",
                "alternatives": [
                    {
                        "confidence": "0.999",
                        "content": "Thank"
                    }
                ],
                "start_time": "1.74",
                "end_time": "1.86",
                "speaker_label": "spk_0"
            },
            {
                "id": 1,
                "type": "pronunciation",
                "alternatives": [
                    {
                        "confidence": "0.999",
                        "content": "you"
                    }
                ],
                "start_time": "1.86",
                "end_time": "2.059",
                "speaker_label": "spk_0"
            },
            {
                "id": 2,
                "type": "pronunciation",
                "alternatives": [
                    {
                        "confidence": "0.999",
                        "content": "for"
                    }
                ],
                "start_time": "2.059",
                "end_time": "2.259",
                "speaker_label": "spk_0"
            },
            {
                "id": 3,
                "type": "pronunciation",
                "alternatives": [
                    {
                        "confidence": "0.999",
                        "content": "calling"
                    }
                ],
                "start_time": "2.259",
                "end_time": "2.579",
                "speaker_label": "spk_0"
            },
            {
                "id": 4,
                "type": "pronunciation",
                "alternatives": [
                    {
                        "confidence": "0.67",
                        "content": "Waffler"
                    }
                ],
                "start_time": "2.579",
                "end_time": "3.019",
                "speaker_label": "spk_0"
            },
            {
                "id": 5,
                "type": "pronunciation",
                "alternatives": [
                    {
                        "confidence": "0.992",
                        "content": "Diagnostics"
                    }
                ],
                "start_time": "3.019",
                "end_time": "3.98",
                "speaker_label": "spk_0"
            },
            {
                "id": 6,
                "type": "punctuation",
                "alternatives": [
                    {
                        "confidence": "0.0",
                        "content": "."
                    }
                ],
                "speaker_label": "spk_0"
            },
            {
                "id": 7,
                "type": "pronunciation",
                "alternatives": [
                    {
                        "confidence": "0.997",
                        "content": "Please"
                    }
                ],
                "start_time": "4.179",
                "end_time": "4.42",
                "speaker_label": "spk_0"
            },
            {
                "id": 8,
                "type": "pronunciation",
                "alternatives": [
                    {
                        "confidence": "0.999",
                        "content": "listen"
                    }
                ],
                "start_time": "4.42",
                "end_time": "4.699",
                "speaker_label": "spk_0"
            },
            {
                "id": 9,
                "type": "pronunciation",
                "alternatives": [
                    {
                        "confidence": "0.999",
                        "content": "to"
                    }
                ],
                "start_time": "4.699",
                "end_time": "4.829",
                "speaker_label": "spk_0"
            },
            {
                "id": 10,
                "type": "pronunciation",
                "alternatives": [
                    {
                        "confidence": "0.999",
                        "content": "all"
                    }
                ],
                "start_time": "4.829",
                "end_time": "4.98",
                "speaker_label": "spk_0"
            },
            {
                "id": 11,
                "type": "pronunciation",
                "alternatives": [
                    {
                        "confidence": "0.996",
                        "content": "of"
                    }
                ],
                "start_time": "4.98",
                "end_time": "5.099",
                "speaker_label": "spk_0"
            },
            {
                "id": 12,
                "type": "pronunciation",
                "alternatives": [
                    {
                        "confidence": "0.999",
                        "content": "the"
                    }
                ],
                "start_time": "5.099",
                "end_time": "5.3",
                "speaker_label": "spk_0"
            },
            {
                "id": 13,
                "type": "pronunciation",
                "alternatives": [
                    {
                        "confidence": "0.994",
                        "content": "prompts"
                    }
                ],
                "start_time": "5.3",
                "end_time": "5.82",
                "speaker_label": "spk_0"
            },
            {
                "id": 14,
                "type": "pronunciation",
                "alternatives": [
                    {
                        "confidence": "0.999",
                        "content": "before"
                    }
                ],
                "start_time": "5.82",
                "end_time": "5.98",
                "speaker_label": "spk_0"
            },
            {
                "id": 15,
                "type": "pronunciation",
                "alternatives": [
                    {
                        "confidence": "0.999",
                        "content": "making"
                    }
                ],
                "start_time": "5.98",
                "end_time": "6.179",
                "speaker_label": "spk_0"
            },
            {
                "id": 16,
                "type": "pronunciation",
                "alternatives": [
                    {
                        "confidence": "0.997",
                        "content": "a"
                    }
                ],
                "start_time": "6.179",
                "end_time": "6.3",
                "speaker_label": "spk_0"
            },
            {
                "id": 17,
                "type": "pronunciation",
                "alternatives": [
                    {
                        "confidence": "0.998",
                        "content": "selection"
                    }
                ],
                "start_time": "6.3",
                "end_time": "7.019",
                "speaker_label": "spk_0"
            },
            {
                "id": 18,
                "type": "punctuation",
                "alternatives": [
                    {
                        "confidence": "0.0",
                        "content": "."
                    }
                ],
                "speaker_label": "spk_0"
            },
            {
                "id": 19,
                "type": "pronunciation",
                "alternatives": [
                    {
                        "confidence": "0.997",
                        "content": "If"
                    }
                ],
                "start_time": "7.26",
                "end_time": "7.38",
                "speaker_label": "spk_0"
            },
            {
                "id": 20,
                "type": "pronunciation",
                "alternatives": [
                    {
                        "confidence": "0.999",
                        "content": "you"
                    }
                ],
                "start_time": "7.38",
                "end_time": "7.5",
                "speaker_label": "spk_0"
            },
            {
                "id": 21,
                "type": "pronunciation",
                "alternatives": [
                    {
                        "confidence": "0.997",
                        "content": "are"
                    }
                ],
                "start_time": "7.5",
                "end_time": "7.699",
                "speaker_label": "spk_0"
            },
            {
                "id": 22,
                "type": "pronunciation",
                "alternatives": [
                    {
                        "confidence": "0.999",
                        "content": "calling"
                    }
                ],
                "start_time": "7.699",
                "end_time": "8.02",
                "speaker_label": "spk_0"
            },
            {
                "id": 23,
                "type": "pronunciation",
                "alternatives": [
                    {
                        "confidence": "0.998",
                        "content": "about"
                    }
                ],
                "start_time": "8.02",
                "end_time": "8.18",
                "speaker_label": "spk_0"
            },
            {
                "id": 24,
                "type": "pronunciation",
                "alternatives": [
                    {
                        "confidence": "0.999",
                        "content": "booking"
                    }
                ],
                "start_time": "8.18",
                "end_time": "8.46",
                "speaker_label": "spk_0"
            },
            {
                "id": 25,
                "type": "pronunciation",
                "alternatives": [
                    {
                        "confidence": "0.997",
                        "content": "an"
                    }
                ],
                "start_time": "8.46",
                "end_time": "8.539",
                "speaker_label": "spk_0"
            },
            {
                "id": 26,
                "type": "pronunciation",
                "alternatives": [
                    {
                        "confidence": "0.998",
                        "content": "appointment"
                    }
                ],
                "start_time": "8.539",
                "end_time": "9.0",
                "speaker_label": "spk_0"
            },
            {
                "id": 27,
                "type": "punctuation",
                "alternatives": [
                    {
                        "confidence": "0.0",
                        "content": ","
                    }
                ],
                "speaker_label": "spk_0"
            },
            {
                "id": 28,
                "type": "pronunciation",
                "alternatives": [
                    {
                        "confidence": "0.996",
                        "content": "press"
                    }
                ],
                "start_time": "9.1",
                "end_time": "9.38",
                "speaker_label": "spk_0"
            },
            {
                "id": 29,
                "type": "pronunciation",
                "alternatives": [
                    {
                        "confidence": "0.994",
                        "content": "1"
                    }
                ],
                "start_time": "9.38",
                "end_time": "9.85",
                "speaker_label": "spk_0"
            },
            {
                "id": 30,
                "type": "punctuation",
                "alternatives": [
                    {
                        "confidence": "0.0",
                        "content": "."
                    }
                ],
                "speaker_label": "spk_0"
            },
            {
                "id": 31,
                "type": "pronunciation",
                "alternatives": [
                    {
                        "confidence": "0.996",
                        "content": "For"
                    }
                ],
                "start_time": "10.06",
                "end_time": "10.26",
                "speaker_label": "spk_0"
            },
            {
                "id": 32,
                "type": "pronunciation",
                "alternatives": [
                    {
                        "confidence": "0.999",
                        "content": "general"
                    }
                ],
                "start_time": "10.26",
                "end_time": "10.539",
                "speaker_label": "spk_0"
            },
            {
                "id": 33,
                "type": "pronunciation",
                "alternatives": [
                    {
                        "confidence": "0.994",
                        "content": "inquiries"
                    }
                ],
                "start_time": "10.539",
                "end_time": "11.1",
                "speaker_label": "spk_0"
            },
            {
                "id": 34,
                "type": "pronunciation",
                "alternatives": [
                    {
                        "confidence": "0.998",
                        "content": "like"
                    }
                ],
                "start_time": "11.1",
                "end_time": "11.26",
                "speaker_label": "spk_0"
            },
            {
                "id": 35,
                "type": "pronunciation",
                "alternatives": [
                    {
                        "confidence": "0.994",
                        "content": "clinic"
                    }
                ],
                "start_time": "11.26",
                "end_time": "11.779",
                "speaker_label": "spk_0"
            },
            {
                "id": 36,
                "type": "pronunciation",
                "alternatives": [
                    {
                        "confidence": "0.997",
                        "content": "locations"
                    }
                ],
                "start_time": "11.779",
                "end_time": "12.449",
                "speaker_label": "spk_0"
            },
            {
                "id": 37,
                "type": "punctuation",
                "alternatives": [
                    {
                        "confidence": "0.0",
                        "content": ","
                    }
                ],
                "speaker_label": "spk_0"
            },
            {
                "id": 38,
                "type": "pronunciation",
                "alternatives": [
                    {
                        "confidence": "0.994",
                        "content": "operating"
                    }
                ],
                "start_time": "12.579",
                "end_time": "13.159",
                "speaker_label": "spk_0"
            },
            {
                "id": 39,
                "type": "pronunciation",
                "alternatives": [
                    {
                        "confidence": "0.999",
                        "content": "hours"
                    }
                ],
                "start_time": "13.159",
                "end_time": "13.689",
                "speaker_label": "spk_0"
            },
            {
                "id": 40,
                "type": "punctuation",
                "alternatives": [
                    {
                        "confidence": "0.0",
                        "content": ","
                    }
                ],
                "speaker_label": "spk_0"
            },
            {
                "id": 41,
                "type": "pronunciation",
                "alternatives": [
                    {
                        "confidence": "0.998",
                        "content": "and"
                    }
                ],
                "start_time": "13.85",
                "end_time": "13.979",
                "speaker_label": "spk_0"
            },
            {
                "id": 42,
                "type": "pronunciation",
                "alternatives": [
                    {
                        "confidence": "0.997",
                        "content": "how"
                    }
                ],
                "start_time": "13.979",
                "end_time": "14.13",
                "speaker_label": "spk_0"
            },
            {
                "id": 43,
                "type": "pronunciation",
                "alternatives": [
                    {
                        "confidence": "0.999",
                        "content": "to"
                    }
                ],
                "start_time": "14.13",
                "end_time": "14.46",
                "speaker_label": "spk_0"
            },
            {
                "id": 44,
                "type": "pronunciation",
                "alternatives": [
                    {
                        "confidence": "0.999",
                        "content": "prepare"
                    }
                ],
                "start_time": "14.46",
                "end_time": "14.71",
                "speaker_label": "spk_0"
            },
            {
                "id": 45,
                "type": "pronunciation",
                "alternatives": [
                    {
                        "confidence": "0.999",
                        "content": "for"
                    }
                ],
                "start_time": "14.71",
                "end_time": "14.8",
                "speaker_label": "spk_0"
            },
            {
                "id": 46,
                "type": "pronunciation",
                "alternatives": [
                    {
                        "confidence": "0.998",
                        "content": "the"
                    }
                ],
                "start_time": "14.8",
                "end_time": "14.899",
                "speaker_label": "spk_0"
            },
            {
                "id": 47,
                "type": "pronunciation",
                "alternatives": [
                    {
                        "confidence": "0.998",
                        "content": "appointment"
                    }
                ],
                "start_time": "14.899",
                "end_time": "15.34",
                "speaker_label": "spk_0"
            },
            {
                "id": 48,
                "type": "punctuation",
                "alternatives": [
                    {
                        "confidence": "0.0",
                        "content": ","
                    }
                ],
                "speaker_label": "spk_0"
            },
            {
                "id": 49,
                "type": "pronunciation",
                "alternatives": [
                    {
                        "confidence": "0.996",
                        "content": "press"
                    }
                ],
                "start_time": "15.38",
                "end_time": "15.68",
                "speaker_label": "spk_0"
            },
            {
                "id": 50,
                "type": "pronunciation",
                "alternatives": [
                    {
                        "confidence": "0.995",
                        "content": "2"
                    }
                ],
                "start_time": "15.68",
                "end_time": "16.129",
                "speaker_label": "spk_0"
            },
            {
                "id": 51,
                "type": "punctuation",
                "alternatives": [
                    {
                        "confidence": "0.0",
                        "content": "."
                    }
                ],
                "speaker_label": "spk_0"
            },
            {
                "id": 52,
                "type": "pronunciation",
                "alternatives": [
                    {
                        "confidence": "0.997",
                        "content": "If"
                    }
                ],
                "start_time": "16.299",
                "end_time": "16.42",
                "speaker_label": "spk_0"
            },
            {
                "id": 53,
                "type": "pronunciation",
                "alternatives": [
                    {
                        "confidence": "0.999",
                        "content": "you"
                    }
                ],
                "start_time": "16.42",
                "end_time": "16.579",
                "speaker_label": "spk_0"
            },
            {
                "id": 54,
                "type": "pronunciation",
                "alternatives": [
                    {
                        "confidence": "0.997",
                        "content": "are"
                    }
                ],
                "start_time": "16.579",
                "end_time": "16.739",
                "speaker_label": "spk_0"
            },
            {
                "id": 55,
                "type": "pronunciation",
                "alternatives": [
                    {
                        "confidence": "0.998",
                        "content": "at"
                    }
                ],
                "start_time": "16.739",
                "end_time": "16.829",
                "speaker_label": "spk_0"
            },
            {
                "id": 56,
                "type": "pronunciation",
                "alternatives": [
                    {
                        "confidence": "0.998",
                        "content": "the"
                    }
                ],
                "start_time": "16.829",
                "end_time": "16.979",
                "speaker_label": "spk_0"
            },
            {
                "id": 57,
                "type": "pronunciation",
                "alternatives": [
                    {
                        "content": "[PII]",
                        "redactions": [
                            {
                                "confidence": "0.9983",
                                "type": "ADDRESS",
                                "category": "PII"
                            }
                        ]
                    }
                ],
                "start_time": "16.979",
                "end_time": "17.42"
            },
            {
                "id": 58,
                "type": "pronunciation",
                "alternatives": [
                    {
                        "confidence": "0.996",
                        "content": "office"
                    }
                ],
                "start_time": "17.42",
                "end_time": "17.739",
                "speaker_label": "spk_0"
            },
            {
                "id": 59,
                "type": "punctuation",
                "alternatives": [
                    {
                        "confidence": "0.0",
                        "content": "."
                    }
                ],
                "speaker_label": "spk_0"
            },
            {
                "id": 60,
                "type": "pronunciation",
                "alternatives": [
                    {
                        "confidence": "0.435",
                        "content": "Plus"
                    }
                ],
                "start_time": "23.809",
                "end_time": "24.129",
                "speaker_label": "spk_1"
            },
            {
                "id": 61,
                "type": "pronunciation",
                "alternatives": [
                    {
                        "confidence": "0.005",
                        "content": "for"
                    }
                ],
                "start_time": "24.129",
                "end_time": "24.139",
                "speaker_label": "spk_1"
            },
            {
                "id": 62,
                "type": "pronunciation",
                "alternatives": [
                    {
                        "confidence": "0.721",
                        "content": "diagnostics"
                    }
                ],
                "start_time": "24.139",
                "end_time": "24.969",
                "speaker_label": "spk_1"
            },
            {
                "id": 63,
                "type": "punctuation",
                "alternatives": [
                    {
                        "confidence": "0.0",
                        "content": ","
                    }
                ],
                "speaker_label": "spk_1"
            },
            {
                "id": 64,
                "type": "pronunciation",
                "alternatives": [
                    {
                        "confidence": "0.996",
                        "content": "how"
                    }
                ],
                "start_time": "24.979",
                "end_time": "25.139",
                "speaker_label": "spk_1"
            },
            {
                "id": 65,
                "type": "pronunciation",
                "alternatives": [
                    {
                        "confidence": "0.999",
                        "content": "may"
                    }
                ],
                "start_time": "25.139",
                "end_time": "25.219",
                "speaker_label": "spk_1"
            },
            {
                "id": 66,
                "type": "pronunciation",
                "alternatives": [
                    {
                        "confidence": "0.998",
                        "content": "I"
                    }
                ],
                "start_time": "25.219",
                "end_time": "25.299",
                "speaker_label": "spk_1"
            },
            {
                "id": 67,
                "type": "pronunciation",
                "alternatives": [
                    {
                        "confidence": "0.999",
                        "content": "help"
                    }
                ],
                "start_time": "25.299",
                "end_time": "25.69",
                "speaker_label": "spk_1"
            },
            {
                "id": 68,
                "type": "punctuation",
                "alternatives": [
                    {
                        "confidence": "0.0",
                        "content": "?"
                    }
                ],
                "speaker_label": "spk_1"
            },
            {
                "id": 69,
                "type": "pronunciation",
                "alternatives": [
                    {
                        "confidence": "0.996",
                        "content": "Yeah"
                    }
                ],
                "start_time": "26.79",
                "end_time": "26.979",
                "speaker_label": "spk_1"
            },
            {
                "id": 70,
                "type": "punctuation",
                "alternatives": [
                    {
                        "confidence": "0.0",
                        "content": ","
                    }
                ],
                "speaker_label": "spk_1"
            },
            {
                "id": 71,
                "type": "pronunciation",
                "alternatives": [
                    {
                        "confidence": "0.855",
                        "content": "hi"
                    }
                ],
                "start_time": "27.02",
                "end_time": "27.219",
                "speaker_label": "spk_1"
            },
            {
                "id": 72,
                "type": "pronunciation",
                "alternatives": [
                    {
                        "confidence": "0.243",
                        "content": "there"
                    }
                ],
                "start_time": "27.219",
                "end_time": "27.299",
                "speaker_label": "spk_1"
            },
            {
                "id": 73,
                "type": "punctuation",
                "alternatives": [
                    {
                        "confidence": "0.0",
                        "content": ","
                    }
                ],
                "speaker_label": "spk_1"
            },
            {
                "id": 74,
                "type": "pronunciation",
                "alternatives": [
                    {
                        "confidence": "0.354",
                        "content": "do"
                    }
                ],
                "start_time": "27.42",
                "end_time": "27.5",
                "speaker_label": "spk_1"
            },
            {
                "id": 75,
                "type": "pronunciation",
                "alternatives": [
                    {
                        "confidence": "0.961",
                        "content": "you"
                    }
                ],
                "start_time": "27.5",
                "end_time": "27.579",
                "speaker_label": "spk_1"
            },
            {
                "id": 76,
                "type": "pronunciation",
                "alternatives": [
                    {
                        "confidence": "0.934",
                        "content": "guys"
                    }
                ],
                "start_time": "27.579",
                "end_time": "27.78",
                "speaker_label": "spk_1"
            },
            {
                "id": 77,
                "type": "pronunciation",
                "alternatives": [
                    {
                        "confidence": "0.987",
                        "content": "do"
                    }
                ],
                "start_time": "27.78",
                "end_time": "27.979",
                "speaker_label": "spk_1"
            },
            {
                "id": 78,
                "type": "pronunciation",
                "alternatives": [
                    {
                        "confidence": "0.984",
                        "content": "PET"
                    }
                ],
                "start_time": "27.979",
                "end_time": "28.27",
                "speaker_label": "spk_1"
            },
            {
                "id": 79,
                "type": "pronunciation",
                "alternatives": [
                    {
                        "confidence": "0.99",
                        "content": "scan"
                    }
                ],
                "start_time": "28.27",
                "end_time": "28.579",
                "speaker_label": "spk_1"
            },
            {
                "id": 80,
                "type": "pronunciation",
                "alternatives": [
                    {
                        "confidence": "0.998",
                        "content": "of"
                    }
                ],
                "start_time": "28.579",
                "end_time": "28.659",
                "speaker_label": "spk_1"
            },
            {
                "id": 81,
                "type": "pronunciation",
                "alternatives": [
                    {
                        "confidence": "0.999",
                        "content": "the"
                    }
                ],
                "start_time": "28.659",
                "end_time": "28.86",
                "speaker_label": "spk_1"
            },
            {
                "id": 82,
                "type": "pronunciation",
                "alternatives": [
                    {
                        "confidence": "0.997",
                        "content": "whole"
                    }
                ],
                "start_time": "28.86",
                "end_time": "29.069",
                "speaker_label": "spk_1"
            },
            {
                "id": 83,
                "type": "pronunciation",
                "alternatives": [
                    {
                        "confidence": "0.998",
                        "content": "body"
                    }
                ],
                "start_time": "29.069",
                "end_time": "29.42",
                "speaker_label": "spk_1"
            },
            {
                "id": 84,
                "type": "punctuation",
                "alternatives": [
                    {
                        "confidence": "0.0",
                        "content": "."
                    }
                ],
                "speaker_label": "spk_1"
            },
            {
                "id": 85,
                "type": "pronunciation",
                "alternatives": [
                    {
                        "confidence": "0.994",
                        "content": "Uh"
                    }
                ],
                "start_time": "30.409",
                "end_time": "30.86",
                "speaker_label": "spk_1"
            },
            {
                "id": 86,
                "type": "punctuation",
                "alternatives": [
                    {
                        "confidence": "0.0",
                        "content": ","
                    }
                ],
                "speaker_label": "spk_1"
            },
            {
                "id": 87,
                "type": "pronunciation",
                "alternatives": [
                    {
                        "confidence": "0.998",
                        "content": "no"
                    }
                ],
                "start_time": "31.069",
                "end_time": "31.659",
                "speaker_label": "spk_1"
            },
            {
                "id": 88,
                "type": "punctuation",
                "alternatives": [
                    {
                        "confidence": "0.0",
                        "content": ","
                    }
                ],
                "speaker_label": "spk_1"
            },
            {
                "id": 89,
                "type": "pronunciation",
                "alternatives": [
                    {
                        "confidence": "0.997",
                        "content": "we"
                    }
                ],
                "start_time": "31.87",
                "end_time": "32.169",
                "speaker_label": "spk_1"
            },
            {
                "id": 90,
                "type": "pronunciation",
                "alternatives": [
                    {
                        "confidence": "0.999",
                        "content": "only"
                    }
                ],
                "start_time": "32.169",
                "end_time": "32.47",
                "speaker_label": "spk_1"
            },
            {
                "id": 91,
                "type": "pronunciation",
                "alternatives": [
                    {
                        "confidence": "0.999",
                        "content": "offer"
                    }
                ],
                "start_time": "32.47",
                "end_time": "32.79",
                "speaker_label": "spk_1"
            },
            {
                "id": 92,
                "type": "pronunciation",
                "alternatives": [
                    {
                        "confidence": "0.661",
                        "content": "ultrasound"
                    }
                ],
                "start_time": "32.79",
                "end_time": "33.549",
                "speaker_label": "spk_1"
            },
            {
                "id": 93,
                "type": "pronunciation",
                "alternatives": [
                    {
                        "confidence": "0.998",
                        "content": "for"
                    }
                ],
                "start_time": "33.549",
                "end_time": "33.709",
                "speaker_label": "spk_1"
            },
            {
                "id": 94,
                "type": "pronunciation",
                "alternatives": [
                    {
                        "confidence": "0.998",
                        "content": "like"
                    }
                ],
                "start_time": "33.709",
                "end_time": "34.11",
                "speaker_label": "spk_1"
            },
            {
                "id": 95,
                "type": "pronunciation",
                "alternatives": [
                    {
                        "confidence": "0.998",
                        "content": "shoulder"
                    }
                ],
                "start_time": "34.11",
                "end_time": "34.909",
                "speaker_label": "spk_1"
            },
            {
                "id": 96,
                "type": "punctuation",
                "alternatives": [
                    {
                        "confidence": "0.0",
                        "content": "."
                    }
                ],
                "speaker_label": "spk_1"
            },
            {
                "id": 97,
                "type": "pronunciation",
                "alternatives": [
                    {
                        "confidence": "0.996",
                        "content": "No"
                    }
                ],
                "start_time": "35.88",
                "end_time": "36.04",
                "speaker_label": "spk_1"
            },
            {
                "id": 98,
                "type": "pronunciation",
                "alternatives": [
                    {
                        "confidence": "0.887",
                        "content": "worries"
                    }
                ],
                "start_time": "36.04",
                "end_time": "36.29",
                "speaker_label": "spk_1"
            },
            {
                "id": 99,
                "type": "punctuation",
                "alternatives": [
                    {
                        "confidence": "0.0",
                        "content": ","
                    }
                ],
                "speaker_label": "spk_1"
            },
            {
                "id": 100,
                "type": "pronunciation",
                "alternatives": [
                    {
                        "confidence": "0.996",
                        "content": "thank"
                    }
                ],
                "start_time": "36.4",
                "end_time": "36.58",
                "speaker_label": "spk_1"
            },
            {
                "id": 101,
                "type": "pronunciation",
                "alternatives": [
                    {
                        "confidence": "0.994",
                        "content": "you"
                    }
                ],
                "start_time": "36.58",
                "end_time": "36.72",
                "speaker_label": "spk_1"
            },
            {
                "id": 102,
                "type": "pronunciation",
                "alternatives": [
                    {
                        "confidence": "0.935",
                        "content": "so"
                    }
                ],
                "start_time": "36.72",
                "end_time": "36.909",
                "speaker_label": "spk_1"
            }
        ],
        "audio_segments": [
            {
                "id": 0,
                "transcript": "Thank you for calling Waffler Diagnostics. Please listen to all of the prompts before making a selection. If you are calling about booking an appointment, press 1. For general inquiries like clinic locations, operating hours, and how to prepare for the appointment, press 2. If you are at the [PII] office.",
                "start_time": "1.5",
                "end_time": "17.87",
                "speaker_label": "spk_0",
                "items": [
                    0,
                    1,
                    2,
                    3,
                    4,
                    5,
                    6,
                    7,
                    8,
                    9,
                    10,
                    11,
                    12,
                    13,
                    14,
                    15,
                    16,
                    17,
                    18,
                    19,
                    20,
                    21,
                    22,
                    23,
                    24,
                    25,
                    26,
                    27,
                    28,
                    29,
                    30,
                    31,
                    32,
                    33,
                    34,
                    35,
                    36,
                    37,
                    38,
                    39,
                    40,
                    41,
                    42,
                    43,
                    44,
                    45,
                    46,
                    47,
                    48,
                    49,
                    50,
                    51,
                    52,
                    53,
                    54,
                    55,
                    56,
                    57,
                    58,
                    59
                ]
            },
            {
                "id": 1,
                "transcript": "Plus for diagnostics, how may I help?",
                "start_time": "23.299",
                "end_time": "25.799",
                "speaker_label": "spk_1",
                "items": [
                    60,
                    61,
                    62,
                    63,
                    64,
                    65,
                    66,
                    67,
                    68
                ]
            },
            {
                "id": 2,
                "transcript": "Yeah, hi there, do you guys do PET scan of the whole body.",
                "start_time": "26.78",
                "end_time": "29.54",
                "speaker_label": "spk_1",
                "items": [
                    69,
                    70,
                    71,
                    72,
                    73,
                    74,
                    75,
                    76,
                    77,
                    78,
                    79,
                    80,
                    81,
                    82,
                    83,
                    84
                ]
            },
            {
                "id": 3,
                "transcript": "Uh, no, we only offer ultrasound for like shoulder.",
                "start_time": "30.389",
                "end_time": "35.09",
                "speaker_label": "spk_1",
                "items": [
                    85,
                    86,
                    87,
                    88,
                    89,
                    90,
                    91,
                    92,
                    93,
                    94,
                    95,
                    96
                ]
            },
            {
                "id": 4,
                "transcript": "No worries, thank you so",
                "start_time": "35.68",
                "end_time": "36.939",
                "speaker_label": "spk_1",
                "items": [
                    97,
                    98,
                    99,
                    100,
                    101,
                    102
                ]
            }
        ]
    }
}