{
    "jobName": "transcription-job-2024-03-25T14-36-46Z-call-c9b7dedf-ab50-4872-9771-7976602a410d-1734640964",
    "accountId": "199040315413",
    "isRedacted": true,
    "status": "COMPLETED",
    "results": {
        "transcripts": [
            {
                "transcript": "The person at extension."
            }
        ],
        "speaker_labels": {
            "segments": [
                {
                    "start_time": "0.0",
                    "end_time": "2.259",
                    "speaker_label": "spk_0",
                    "items": [
                        {
                            "speaker_label": "spk_0",
                            "start_time": "0.109",
                            "end_time": "0.439"
                        },
                        {
                            "speaker_label": "spk_0",
                            "start_time": "0.439",
                            "end_time": "0.759"
                        },
                        {
                            "speaker_label": "spk_0",
                            "start_time": "0.759",
                            "end_time": "0.959"
                        },
                        {
                            "speaker_label": "spk_0",
                            "start_time": "0.959",
                            "end_time": "1.87"
                        }
                    ]
                }
            ],
            "channel_label": "ch_0",
            "speakers": 1
        },
        "items": [
            {
                "id": 0,
                "type": "pronunciation",
                "alternatives": [
                    {
                        "confidence": "0.997",
                        "content": "The"
                    }
                ],
                "start_time": "0.109",
                "end_time": "0.439",
                "speaker_label": "spk_0"
            },
            {
                "id": 1,
                "type": "pronunciation",
                "alternatives": [
                    {
                        "confidence": "0.997",
                        "content": "person"
                    }
                ],
                "start_time": "0.439",
                "end_time": "0.759",
                "speaker_label": "spk_0"
            },
            {
                "id": 2,
                "type": "pronunciation",
                "alternatives": [
                    {
                        "confidence": "0.997",
                        "content": "at"
                    }
                ],
                "start_time": "0.759",
                "end_time": "0.959",
                "speaker_label": "spk_0"
            },
            {
                "id": 3,
                "type": "pronunciation",
                "alternatives": [
                    {
                        "confidence": "0.993",
                        "content": "extension"
                    }
                ],
                "start_time": "0.959",
                "end_time": "1.87",
                "speaker_label": "spk_0"
            },
            {
                "id": 4,
                "type": "punctuation",
                "alternatives": [
                    {
                        "confidence": "0.0",
                        "content": "."
                    }
                ],
                "speaker_label": "spk_0"
            }
        ],
        "audio_segments": [
            {
                "id": 0,
                "transcript": "The person at extension.",
                "start_time": "0.0",
                "end_time": "2.259",
                "speaker_label": "spk_0",
                "items": [
                    0,
                    1,
                    2,
                    3,
                    4
                ]
            }
        ]
    }
}