{
    "jobName": "transcription-job-2024-03-25T16-07-09Z-call-ec0c5dcd-bec2-4b42-a9a6-37bf49f22eb3-1734642405",
    "accountId": "199040315413",
    "isRedacted": true,
    "status": "COMPLETED",
    "results": {
        "transcripts": [
            {
                "transcript": "So the agnostic [PII] speaking. How may I help you? Hello, uh, good morning. I just wanna inquire regarding an X-ray. Yeah, in which location ma'am? I'm sorry. Uh, so where did you want to book your X-ray in [PII]? OK, uh, is it, um, what do they call this, is it, uh. Book, uh, by appointment or we can do a walk in. In cloud we only do X-rays in [PII]. Uh, OK, alright. I then you're calling to [PII], correct? Yeah, yeah, unfortunately only in we don't have the X-rays in [PII]. OK, OK, OK, thank you. You're welcome bye."
            }
        ],
        "speaker_labels": {
            "segments": [
                {
                    "start_time": "0.0",
                    "end_time": "3.789",
                    "speaker_label": "spk_0",
                    "items": [
                        {
                            "speaker_label": "spk_0",
                            "start_time": "1.149",
                            "end_time": "1.159"
                        },
                        {
                            "speaker_label": "spk_0",
                            "start_time": "1.159",
                            "end_time": "1.169"
                        },
                        {
                            "speaker_label": "spk_0",
                            "start_time": "1.169",
                            "end_time": "2.339"
                        },
                        {
                            "speaker_label": "spk_0",
                            "start_time": "2.339",
                            "end_time": "2.359"
                        },
                        {
                            "speaker_label": "spk_0",
                            "start_time": "2.359",
                            "end_time": "2.68"
                        },
                        {
                            "speaker_label": "spk_0",
                            "start_time": "2.759",
                            "end_time": "2.96"
                        },
                        {
                            "speaker_label": "spk_0",
                            "start_time": "2.96",
                            "end_time": "3.039"
                        },
                        {
                            "speaker_label": "spk_0",
                            "start_time": "3.039",
                            "end_time": "3.16"
                        },
                        {
                            "speaker_label": "spk_0",
                            "start_time": "3.16",
                            "end_time": "3.349"
                        },
                        {
                            "speaker_label": "spk_0",
                            "start_time": "3.349",
                            "end_time": "3.68"
                        }
                    ]
                },
                {
                    "start_time": "4.519",
                    "end_time": "9.38",
                    "speaker_label": "spk_0",
                    "items": [
                        {
                            "speaker_label": "spk_0",
                            "start_time": "4.53",
                            "end_time": "5.119"
                        },
                        {
                            "speaker_label": "spk_0",
                            "start_time": "5.199",
                            "end_time": "5.42"
                        },
                        {
                            "speaker_label": "spk_0",
                            "start_time": "5.48",
                            "end_time": "5.639"
                        },
                        {
                            "speaker_label": "spk_0",
                            "start_time": "5.639",
                            "end_time": "6.09"
                        },
                        {
                            "speaker_label": "spk_0",
                            "start_time": "6.199",
                            "end_time": "6.4"
                        },
                        {
                            "speaker_label": "spk_0",
                            "start_time": "6.4",
                            "end_time": "6.75"
                        },
                        {
                            "speaker_label": "spk_0",
                            "start_time": "6.75",
                            "end_time": "7.119"
                        },
                        {
                            "speaker_label": "spk_0",
                            "start_time": "7.119",
                            "end_time": "7.719"
                        },
                        {
                            "speaker_label": "spk_0",
                            "start_time": "7.719",
                            "end_time": "8.079"
                        },
                        {
                            "speaker_label": "spk_0",
                            "start_time": "8.079",
                            "end_time": "8.229"
                        },
                        {
                            "speaker_label": "spk_0",
                            "start_time": "8.229",
                            "end_time": "9.21"
                        }
                    ]
                },
                {
                    "start_time": "10.09",
                    "end_time": "12.31",
                    "speaker_label": "spk_0",
                    "items": [
                        {
                            "speaker_label": "spk_0",
                            "start_time": "10.25",
                            "end_time": "10.609"
                        },
                        {
                            "speaker_label": "spk_0",
                            "start_time": "10.97",
                            "end_time": "11.13"
                        },
                        {
                            "speaker_label": "spk_0",
                            "start_time": "11.13",
                            "end_time": "11.479"
                        },
                        {
                            "speaker_label": "spk_0",
                            "start_time": "11.479",
                            "end_time": "11.97"
                        },
                        {
                            "speaker_label": "spk_0",
                            "start_time": "11.97",
                            "end_time": "12.21"
                        }
                    ]
                },
                {
                    "start_time": "14.199",
                    "end_time": "24.879",
                    "speaker_label": "spk_0",
                    "items": [
                        {
                            "speaker_label": "spk_0",
                            "start_time": "14.27",
                            "end_time": "14.56"
                        },
                        {
                            "speaker_label": "spk_0",
                            "start_time": "14.56",
                            "end_time": "14.989"
                        },
                        {
                            "speaker_label": "spk_0",
                            "start_time": "15.239",
                            "end_time": "15.869"
                        },
                        {
                            "speaker_label": "spk_0",
                            "start_time": "15.88",
                            "end_time": "16.579"
                        },
                        {
                            "speaker_label": "spk_0",
                            "start_time": "16.579",
                            "end_time": "16.59"
                        },
                        {
                            "speaker_label": "spk_0",
                            "start_time": "16.59",
                            "end_time": "16.69"
                        },
                        {
                            "speaker_label": "spk_0",
                            "start_time": "16.69",
                            "end_time": "16.92"
                        },
                        {
                            "speaker_label": "spk_0",
                            "start_time": "16.92",
                            "end_time": "17.069"
                        },
                        {
                            "speaker_label": "spk_0",
                            "start_time": "17.069",
                            "end_time": "17.28"
                        },
                        {
                            "speaker_label": "spk_0",
                            "start_time": "17.28",
                            "end_time": "17.479"
                        },
                        {
                            "speaker_label": "spk_0",
                            "start_time": "17.479",
                            "end_time": "17.76"
                        },
                        {
                            "speaker_label": "spk_0",
                            "start_time": "17.76",
                            "end_time": "18.239"
                        },
                        {
                            "speaker_label": "spk_0",
                            "start_time": "18.239",
                            "end_time": "18.479"
                        },
                        {
                            "speaker_label": "spk_0",
                            "start_time": "18.479",
                            "end_time": "19.149"
                        },
                        {
                            "speaker_label": "spk_0",
                            "start_time": "19.2",
                            "end_time": "19.989"
                        },
                        {
                            "speaker_label": "spk_0",
                            "start_time": "20.28",
                            "end_time": "20.44"
                        },
                        {
                            "speaker_label": "spk_0",
                            "start_time": "20.479",
                            "end_time": "20.639"
                        },
                        {
                            "speaker_label": "spk_0",
                            "start_time": "20.639",
                            "end_time": "20.799"
                        },
                        {
                            "speaker_label": "spk_0",
                            "start_time": "20.879",
                            "end_time": "22.03"
                        },
                        {
                            "speaker_label": "spk_0",
                            "start_time": "22.629",
                            "end_time": "22.639"
                        },
                        {
                            "speaker_label": "spk_0",
                            "start_time": "22.639",
                            "end_time": "22.649"
                        },
                        {
                            "speaker_label": "spk_0",
                            "start_time": "22.649",
                            "end_time": "22.76"
                        },
                        {
                            "speaker_label": "spk_0",
                            "start_time": "22.76",
                            "end_time": "22.92"
                        },
                        {
                            "speaker_label": "spk_0",
                            "start_time": "22.92",
                            "end_time": "23.079"
                        },
                        {
                            "speaker_label": "spk_0",
                            "start_time": "23.09",
                            "end_time": "23.319"
                        },
                        {
                            "speaker_label": "spk_0",
                            "start_time": "23.319",
                            "end_time": "23.559"
                        },
                        {
                            "speaker_label": "spk_0",
                            "start_time": "23.62",
                            "end_time": "24.75"
                        }
                    ]
                },
                {
                    "start_time": "26.59",
                    "end_time": "33.869",
                    "speaker_label": "spk_0",
                    "items": [
                        {
                            "speaker_label": "spk_0",
                            "start_time": "26.829",
                            "end_time": "27.12"
                        },
                        {
                            "speaker_label": "spk_0",
                            "start_time": "27.27",
                            "end_time": "27.54"
                        },
                        {
                            "speaker_label": "spk_0",
                            "start_time": "27.549",
                            "end_time": "27.709"
                        },
                        {
                            "speaker_label": "spk_0",
                            "start_time": "27.709",
                            "end_time": "28.389"
                        },
                        {
                            "speaker_label": "spk_0",
                            "start_time": "28.389",
                            "end_time": "28.549"
                        },
                        {
                            "speaker_label": "spk_0",
                            "start_time": "28.549",
                            "end_time": "28.709"
                        },
                        {
                            "speaker_label": "spk_0",
                            "start_time": "28.709",
                            "end_time": "28.87"
                        },
                        {
                            "speaker_label": "spk_0",
                            "start_time": "28.87",
                            "end_time": "28.989"
                        },
                        {
                            "speaker_label": "spk_0",
                            "start_time": "28.989",
                            "end_time": "29.149"
                        },
                        {
                            "speaker_label": "spk_0",
                            "start_time": "29.149",
                            "end_time": "29.35"
                        },
                        {
                            "speaker_label": "spk_0",
                            "start_time": "29.35",
                            "end_time": "29.78"
                        },
                        {
                            "speaker_label": "spk_0",
                            "start_time": "30.11",
                            "end_time": "30.309"
                        },
                        {
                            "speaker_label": "spk_0",
                            "start_time": "30.309",
                            "end_time": "30.95"
                        },
                        {
                            "speaker_label": "spk_0",
                            "start_time": "30.95",
                            "end_time": "31.309"
                        },
                        {
                            "speaker_label": "spk_0",
                            "start_time": "31.309",
                            "end_time": "31.709"
                        },
                        {
                            "speaker_label": "spk_0",
                            "start_time": "31.709",
                            "end_time": "32.18"
                        },
                        {
                            "speaker_label": "spk_0",
                            "start_time": "32.18",
                            "end_time": "32.83"
                        },
                        {
                            "speaker_label": "spk_0",
                            "start_time": "32.83",
                            "end_time": "32.99"
                        },
                        {
                            "speaker_label": "spk_0",
                            "start_time": "32.99",
                            "end_time": "33.74"
                        }
                    ]
                },
                {
                    "start_time": "34.68",
                    "end_time": "48.259",
                    "speaker_label": "spk_0",
                    "items": [
                        {
                            "speaker_label": "spk_0",
                            "start_time": "34.88",
                            "end_time": "35.52"
                        },
                        {
                            "speaker_label": "spk_0",
                            "start_time": "35.599",
                            "end_time": "36.2"
                        },
                        {
                            "speaker_label": "spk_0",
                            "start_time": "36.36",
                            "end_time": "36.479"
                        },
                        {
                            "speaker_label": "spk_0",
                            "start_time": "36.759",
                            "end_time": "36.849"
                        },
                        {
                            "speaker_label": "spk_0",
                            "start_time": "36.849",
                            "end_time": "36.919"
                        },
                        {
                            "speaker_label": "spk_0",
                            "start_time": "36.919",
                            "end_time": "37.319"
                        },
                        {
                            "speaker_label": "spk_0",
                            "start_time": "37.319",
                            "end_time": "37.58"
                        },
                        {
                            "speaker_label": "spk_0",
                            "start_time": "37.58",
                            "end_time": "38.029"
                        },
                        {
                            "speaker_label": "spk_0",
                            "start_time": "38.029",
                            "end_time": "38.75"
                        },
                        {
                            "speaker_label": "spk_0",
                            "start_time": "38.86",
                            "end_time": "39.349"
                        },
                        {
                            "speaker_label": "spk_0",
                            "start_time": "40.0",
                            "end_time": "40.409"
                        },
                        {
                            "speaker_label": "spk_0",
                            "start_time": "40.759",
                            "end_time": "40.909"
                        },
                        {
                            "speaker_label": "spk_0",
                            "start_time": "41.0",
                            "end_time": "41.639"
                        },
                        {
                            "speaker_label": "spk_0",
                            "start_time": "41.639",
                            "end_time": "41.88"
                        },
                        {
                            "speaker_label": "spk_0",
                            "start_time": "41.88",
                            "end_time": "42.31"
                        },
                        {
                            "speaker_label": "spk_0",
                            "start_time": "42.31",
                            "end_time": "42.68"
                        },
                        {
                            "speaker_label": "spk_0",
                            "start_time": "42.68",
                            "end_time": "42.88"
                        },
                        {
                            "speaker_label": "spk_0",
                            "start_time": "42.88",
                            "end_time": "43.349"
                        },
                        {
                            "speaker_label": "spk_0",
                            "start_time": "43.349",
                            "end_time": "43.36"
                        },
                        {
                            "speaker_label": "spk_0",
                            "start_time": "43.36",
                            "end_time": "43.939"
                        },
                        {
                            "speaker_label": "spk_0",
                            "start_time": "43.939",
                            "end_time": "44.319"
                        },
                        {
                            "speaker_label": "spk_0",
                            "start_time": "44.319",
                            "end_time": "45.11"
                        },
                        {
                            "speaker_label": "spk_0",
                            "start_time": "45.72",
                            "end_time": "45.919"
                        },
                        {
                            "speaker_label": "spk_0",
                            "start_time": "45.959",
                            "end_time": "46.119"
                        },
                        {
                            "speaker_label": "spk_0",
                            "start_time": "46.169",
                            "end_time": "46.319"
                        },
                        {
                            "speaker_label": "spk_0",
                            "start_time": "46.369",
                            "end_time": "46.549"
                        },
                        {
                            "speaker_label": "spk_0",
                            "start_time": "46.549",
                            "end_time": "46.909"
                        },
                        {
                            "speaker_label": "spk_0",
                            "start_time": "47.08",
                            "end_time": "47.279"
                        },
                        {
                            "speaker_label": "spk_0",
                            "start_time": "47.279",
                            "end_time": "47.68"
                        },
                        {
                            "speaker_label": "spk_0",
                            "start_time": "47.68",
                            "end_time": "48.119"
                        }
                    ]
                }
            ],
            "channel_label": "ch_0",
            "speakers": 1
        },
        "items": [
            {
                "id": 0,
                "type": "pronunciation",
                "alternatives": [
                    {
                        "confidence": "0.178",
                        "content": "So"
                    }
                ],
                "start_time": "1.149",
                "end_time": "1.159",
                "speaker_label": "spk_0"
            },
            {
                "id": 1,
                "type": "pronunciation",
                "alternatives": [
                    {
                        "confidence": "0.862",
                        "content": "the"
                    }
                ],
                "start_time": "1.159",
                "end_time": "1.169",
                "speaker_label": "spk_0"
            },
            {
                "id": 2,
                "type": "pronunciation",
                "alternatives": [
                    {
                        "confidence": "0.964",
                        "content": "agnostic"
                    }
                ],
                "start_time": "1.169",
                "end_time": "2.339",
                "speaker_label": "spk_0"
            },
            {
                "id": 3,
                "type": "pronunciation",
                "alternatives": [
                    {
                        "content": "[PII]",
                        "redactions": [
                            {
                                "confidence": "1.0",
                                "type": "NAME",
                                "category": "PII"
                            }
                        ]
                    }
                ],
                "start_time": "2.339",
                "end_time": "2.359"
            },
            {
                "id": 4,
                "type": "pronunciation",
                "alternatives": [
                    {
                        "confidence": "0.997",
                        "content": "speaking"
                    }
                ],
                "start_time": "2.359",
                "end_time": "2.68",
                "speaker_label": "spk_0"
            },
            {
                "id": 5,
                "type": "punctuation",
                "alternatives": [
                    {
                        "confidence": "0.0",
                        "content": "."
                    }
                ],
                "speaker_label": "spk_0"
            },
            {
                "id": 6,
                "type": "pronunciation",
                "alternatives": [
                    {
                        "confidence": "0.967",
                        "content": "How"
                    }
                ],
                "start_time": "2.759",
                "end_time": "2.96",
                "speaker_label": "spk_0"
            },
            {
                "id": 7,
                "type": "pronunciation",
                "alternatives": [
                    {
                        "confidence": "0.999",
                        "content": "may"
                    }
                ],
                "start_time": "2.96",
                "end_time": "3.039",
                "speaker_label": "spk_0"
            },
            {
                "id": 8,
                "type": "pronunciation",
                "alternatives": [
                    {
                        "confidence": "0.998",
                        "content": "I"
                    }
                ],
                "start_time": "3.039",
                "end_time": "3.16",
                "speaker_label": "spk_0"
            },
            {
                "id": 9,
                "type": "pronunciation",
                "alternatives": [
                    {
                        "confidence": "0.999",
                        "content": "help"
                    }
                ],
                "start_time": "3.16",
                "end_time": "3.349",
                "speaker_label": "spk_0"
            },
            {
                "id": 10,
                "type": "pronunciation",
                "alternatives": [
                    {
                        "confidence": "0.999",
                        "content": "you"
                    }
                ],
                "start_time": "3.349",
                "end_time": "3.68",
                "speaker_label": "spk_0"
            },
            {
                "id": 11,
                "type": "punctuation",
                "alternatives": [
                    {
                        "confidence": "0.0",
                        "content": "?"
                    }
                ],
                "speaker_label": "spk_0"
            },
            {
                "id": 12,
                "type": "pronunciation",
                "alternatives": [
                    {
                        "confidence": "0.999",
                        "content": "Hello"
                    }
                ],
                "start_time": "4.53",
                "end_time": "5.119",
                "speaker_label": "spk_0"
            },
            {
                "id": 13,
                "type": "punctuation",
                "alternatives": [
                    {
                        "confidence": "0.0",
                        "content": ","
                    }
                ],
                "speaker_label": "spk_0"
            },
            {
                "id": 14,
                "type": "pronunciation",
                "alternatives": [
                    {
                        "confidence": "0.996",
                        "content": "uh"
                    }
                ],
                "start_time": "5.199",
                "end_time": "5.42",
                "speaker_label": "spk_0"
            },
            {
                "id": 15,
                "type": "punctuation",
                "alternatives": [
                    {
                        "confidence": "0.0",
                        "content": ","
                    }
                ],
                "speaker_label": "spk_0"
            },
            {
                "id": 16,
                "type": "pronunciation",
                "alternatives": [
                    {
                        "confidence": "0.998",
                        "content": "good"
                    }
                ],
                "start_time": "5.48",
                "end_time": "5.639",
                "speaker_label": "spk_0"
            },
            {
                "id": 17,
                "type": "pronunciation",
                "alternatives": [
                    {
                        "confidence": "0.999",
                        "content": "morning"
                    }
                ],
                "start_time": "5.639",
                "end_time": "6.09",
                "speaker_label": "spk_0"
            },
            {
                "id": 18,
                "type": "punctuation",
                "alternatives": [
                    {
                        "confidence": "0.0",
                        "content": "."
                    }
                ],
                "speaker_label": "spk_0"
            },
            {
                "id": 19,
                "type": "pronunciation",
                "alternatives": [
                    {
                        "confidence": "0.999",
                        "content": "I"
                    }
                ],
                "start_time": "6.199",
                "end_time": "6.4",
                "speaker_label": "spk_0"
            },
            {
                "id": 20,
                "type": "pronunciation",
                "alternatives": [
                    {
                        "confidence": "0.999",
                        "content": "just"
                    }
                ],
                "start_time": "6.4",
                "end_time": "6.75",
                "speaker_label": "spk_0"
            },
            {
                "id": 21,
                "type": "pronunciation",
                "alternatives": [
                    {
                        "confidence": "0.996",
                        "content": "wanna"
                    }
                ],
                "start_time": "6.75",
                "end_time": "7.119",
                "speaker_label": "spk_0"
            },
            {
                "id": 22,
                "type": "pronunciation",
                "alternatives": [
                    {
                        "confidence": "0.859",
                        "content": "inquire"
                    }
                ],
                "start_time": "7.119",
                "end_time": "7.719",
                "speaker_label": "spk_0"
            },
            {
                "id": 23,
                "type": "pronunciation",
                "alternatives": [
                    {
                        "confidence": "0.995",
                        "content": "regarding"
                    }
                ],
                "start_time": "7.719",
                "end_time": "8.079",
                "speaker_label": "spk_0"
            },
            {
                "id": 24,
                "type": "pronunciation",
                "alternatives": [
                    {
                        "confidence": "0.997",
                        "content": "an"
                    }
                ],
                "start_time": "8.079",
                "end_time": "8.229",
                "speaker_label": "spk_0"
            },
            {
                "id": 25,
                "type": "pronunciation",
                "alternatives": [
                    {
                        "confidence": "0.99",
                        "content": "X-ray"
                    }
                ],
                "start_time": "8.229",
                "end_time": "9.21",
                "speaker_label": "spk_0"
            },
            {
                "id": 26,
                "type": "punctuation",
                "alternatives": [
                    {
                        "confidence": "0.0",
                        "content": "."
                    }
                ],
                "speaker_label": "spk_0"
            },
            {
                "id": 27,
                "type": "pronunciation",
                "alternatives": [
                    {
                        "confidence": "0.996",
                        "content": "Yeah"
                    }
                ],
                "start_time": "10.25",
                "end_time": "10.609",
                "speaker_label": "spk_0"
            },
            {
                "id": 28,
                "type": "punctuation",
                "alternatives": [
                    {
                        "confidence": "0.0",
                        "content": ","
                    }
                ],
                "speaker_label": "spk_0"
            },
            {
                "id": 29,
                "type": "pronunciation",
                "alternatives": [
                    {
                        "confidence": "0.996",
                        "content": "in"
                    }
                ],
                "start_time": "10.97",
                "end_time": "11.13",
                "speaker_label": "spk_0"
            },
            {
                "id": 30,
                "type": "pronunciation",
                "alternatives": [
                    {
                        "confidence": "0.998",
                        "content": "which"
                    }
                ],
                "start_time": "11.13",
                "end_time": "11.479",
                "speaker_label": "spk_0"
            },
            {
                "id": 31,
                "type": "pronunciation",
                "alternatives": [
                    {
                        "confidence": "0.997",
                        "content": "location"
                    }
                ],
                "start_time": "11.479",
                "end_time": "11.97",
                "speaker_label": "spk_0"
            },
            {
                "id": 32,
                "type": "pronunciation",
                "alternatives": [
                    {
                        "confidence": "0.994",
                        "content": "ma'am"
                    }
                ],
                "start_time": "11.97",
                "end_time": "12.21",
                "speaker_label": "spk_0"
            },
            {
                "id": 33,
                "type": "punctuation",
                "alternatives": [
                    {
                        "confidence": "0.0",
                        "content": "?"
                    }
                ],
                "speaker_label": "spk_0"
            },
            {
                "id": 34,
                "type": "pronunciation",
                "alternatives": [
                    {
                        "confidence": "0.993",
                        "content": "I'm"
                    }
                ],
                "start_time": "14.27",
                "end_time": "14.56",
                "speaker_label": "spk_0"
            },
            {
                "id": 35,
                "type": "pronunciation",
                "alternatives": [
                    {
                        "confidence": "0.998",
                        "content": "sorry"
                    }
                ],
                "start_time": "14.56",
                "end_time": "14.989",
                "speaker_label": "spk_0"
            },
            {
                "id": 36,
                "type": "punctuation",
                "alternatives": [
                    {
                        "confidence": "0.0",
                        "content": "."
                    }
                ],
                "speaker_label": "spk_0"
            },
            {
                "id": 37,
                "type": "pronunciation",
                "alternatives": [
                    {
                        "confidence": "0.996",
                        "content": "Uh"
                    }
                ],
                "start_time": "15.239",
                "end_time": "15.869",
                "speaker_label": "spk_0"
            },
            {
                "id": 38,
                "type": "punctuation",
                "alternatives": [
                    {
                        "confidence": "0.0",
                        "content": ","
                    }
                ],
                "speaker_label": "spk_0"
            },
            {
                "id": 39,
                "type": "pronunciation",
                "alternatives": [
                    {
                        "confidence": "0.998",
                        "content": "so"
                    }
                ],
                "start_time": "15.88",
                "end_time": "16.579",
                "speaker_label": "spk_0"
            },
            {
                "id": 40,
                "type": "pronunciation",
                "alternatives": [
                    {
                        "confidence": "0.996",
                        "content": "where"
                    }
                ],
                "start_time": "16.579",
                "end_time": "16.59",
                "speaker_label": "spk_0"
            },
            {
                "id": 41,
                "type": "pronunciation",
                "alternatives": [
                    {
                        "confidence": "0.996",
                        "content": "did"
                    }
                ],
                "start_time": "16.59",
                "end_time": "16.69",
                "speaker_label": "spk_0"
            },
            {
                "id": 42,
                "type": "pronunciation",
                "alternatives": [
                    {
                        "confidence": "0.999",
                        "content": "you"
                    }
                ],
                "start_time": "16.69",
                "end_time": "16.92",
                "speaker_label": "spk_0"
            },
            {
                "id": 43,
                "type": "pronunciation",
                "alternatives": [
                    {
                        "confidence": "0.999",
                        "content": "want"
                    }
                ],
                "start_time": "16.92",
                "end_time": "17.069",
                "speaker_label": "spk_0"
            },
            {
                "id": 44,
                "type": "pronunciation",
                "alternatives": [
                    {
                        "confidence": "0.999",
                        "content": "to"
                    }
                ],
                "start_time": "17.069",
                "end_time": "17.28",
                "speaker_label": "spk_0"
            },
            {
                "id": 45,
                "type": "pronunciation",
                "alternatives": [
                    {
                        "confidence": "0.997",
                        "content": "book"
                    }
                ],
                "start_time": "17.28",
                "end_time": "17.479",
                "speaker_label": "spk_0"
            },
            {
                "id": 46,
                "type": "pronunciation",
                "alternatives": [
                    {
                        "confidence": "0.998",
                        "content": "your"
                    }
                ],
                "start_time": "17.479",
                "end_time": "17.76",
                "speaker_label": "spk_0"
            },
            {
                "id": 47,
                "type": "pronunciation",
                "alternatives": [
                    {
                        "confidence": "0.986",
                        "content": "X-ray"
                    }
                ],
                "start_time": "17.76",
                "end_time": "18.239",
                "speaker_label": "spk_0"
            },
            {
                "id": 48,
                "type": "pronunciation",
                "alternatives": [
                    {
                        "confidence": "0.996",
                        "content": "in"
                    }
                ],
                "start_time": "18.239",
                "end_time": "18.479",
                "speaker_label": "spk_0"
            },
            {
                "id": 49,
                "type": "pronunciation",
                "alternatives": [
                    {
                        "content": "[PII]",
                        "redactions": [
                            {
                                "confidence": "1.0",
                                "type": "ADDRESS",
                                "category": "PII"
                            }
                        ]
                    }
                ],
                "start_time": "18.479",
                "end_time": "19.149"
            },
            {
                "id": 50,
                "type": "punctuation",
                "alternatives": [
                    {
                        "confidence": "0.0",
                        "content": "?"
                    }
                ]
            },
            {
                "id": 51,
                "type": "pronunciation",
                "alternatives": [
                    {
                        "confidence": "0.996",
                        "content": "OK"
                    }
                ],
                "start_time": "19.2",
                "end_time": "19.989",
                "speaker_label": "spk_0"
            },
            {
                "id": 52,
                "type": "punctuation",
                "alternatives": [
                    {
                        "confidence": "0.0",
                        "content": ","
                    }
                ],
                "speaker_label": "spk_0"
            },
            {
                "id": 53,
                "type": "pronunciation",
                "alternatives": [
                    {
                        "confidence": "0.996",
                        "content": "uh"
                    }
                ],
                "start_time": "20.28",
                "end_time": "20.44",
                "speaker_label": "spk_0"
            },
            {
                "id": 54,
                "type": "punctuation",
                "alternatives": [
                    {
                        "confidence": "0.0",
                        "content": ","
                    }
                ],
                "speaker_label": "spk_0"
            },
            {
                "id": 55,
                "type": "pronunciation",
                "alternatives": [
                    {
                        "confidence": "0.996",
                        "content": "is"
                    }
                ],
                "start_time": "20.479",
                "end_time": "20.639",
                "speaker_label": "spk_0"
            },
            {
                "id": 56,
                "type": "pronunciation",
                "alternatives": [
                    {
                        "confidence": "0.992",
                        "content": "it"
                    }
                ],
                "start_time": "20.639",
                "end_time": "20.799",
                "speaker_label": "spk_0"
            },
            {
                "id": 57,
                "type": "punctuation",
                "alternatives": [
                    {
                        "confidence": "0.0",
                        "content": ","
                    }
                ],
                "speaker_label": "spk_0"
            },
            {
                "id": 58,
                "type": "pronunciation",
                "alternatives": [
                    {
                        "confidence": "0.997",
                        "content": "um"
                    }
                ],
                "start_time": "20.879",
                "end_time": "22.03",
                "speaker_label": "spk_0"
            },
            {
                "id": 59,
                "type": "punctuation",
                "alternatives": [
                    {
                        "confidence": "0.0",
                        "content": ","
                    }
                ],
                "speaker_label": "spk_0"
            },
            {
                "id": 60,
                "type": "pronunciation",
                "alternatives": [
                    {
                        "confidence": "0.974",
                        "content": "what"
                    }
                ],
                "start_time": "22.629",
                "end_time": "22.639",
                "speaker_label": "spk_0"
            },
            {
                "id": 61,
                "type": "pronunciation",
                "alternatives": [
                    {
                        "confidence": "0.654",
                        "content": "do"
                    }
                ],
                "start_time": "22.639",
                "end_time": "22.649",
                "speaker_label": "spk_0"
            },
            {
                "id": 62,
                "type": "pronunciation",
                "alternatives": [
                    {
                        "confidence": "0.99",
                        "content": "they"
                    }
                ],
                "start_time": "22.649",
                "end_time": "22.76",
                "speaker_label": "spk_0"
            },
            {
                "id": 63,
                "type": "pronunciation",
                "alternatives": [
                    {
                        "confidence": "0.997",
                        "content": "call"
                    }
                ],
                "start_time": "22.76",
                "end_time": "22.92",
                "speaker_label": "spk_0"
            },
            {
                "id": 64,
                "type": "pronunciation",
                "alternatives": [
                    {
                        "confidence": "0.996",
                        "content": "this"
                    }
                ],
                "start_time": "22.92",
                "end_time": "23.079",
                "speaker_label": "spk_0"
            },
            {
                "id": 65,
                "type": "punctuation",
                "alternatives": [
                    {
                        "confidence": "0.0",
                        "content": ","
                    }
                ],
                "speaker_label": "spk_0"
            },
            {
                "id": 66,
                "type": "pronunciation",
                "alternatives": [
                    {
                        "confidence": "0.996",
                        "content": "is"
                    }
                ],
                "start_time": "23.09",
                "end_time": "23.319",
                "speaker_label": "spk_0"
            },
            {
                "id": 67,
                "type": "pronunciation",
                "alternatives": [
                    {
                        "confidence": "0.997",
                        "content": "it"
                    }
                ],
                "start_time": "23.319",
                "end_time": "23.559",
                "speaker_label": "spk_0"
            },
            {
                "id": 68,
                "type": "punctuation",
                "alternatives": [
                    {
                        "confidence": "0.0",
                        "content": ","
                    }
                ],
                "speaker_label": "spk_0"
            },
            {
                "id": 69,
                "type": "pronunciation",
                "alternatives": [
                    {
                        "confidence": "0.997",
                        "content": "uh"
                    }
                ],
                "start_time": "23.62",
                "end_time": "24.75",
                "speaker_label": "spk_0"
            },
            {
                "id": 70,
                "type": "punctuation",
                "alternatives": [
                    {
                        "confidence": "0.0",
                        "content": "."
                    }
                ],
                "speaker_label": "spk_0"
            },
            {
                "id": 71,
                "type": "pronunciation",
                "alternatives": [
                    {
                        "confidence": "0.947",
                        "content": "Book"
                    }
                ],
                "start_time": "26.829",
                "end_time": "27.12",
                "speaker_label": "spk_0"
            },
            {
                "id": 72,
                "type": "punctuation",
                "alternatives": [
                    {
                        "confidence": "0.0",
                        "content": ","
                    }
                ],
                "speaker_label": "spk_0"
            },
            {
                "id": 73,
                "type": "pronunciation",
                "alternatives": [
                    {
                        "confidence": "0.996",
                        "content": "uh"
                    }
                ],
                "start_time": "27.27",
                "end_time": "27.54",
                "speaker_label": "spk_0"
            },
            {
                "id": 74,
                "type": "punctuation",
                "alternatives": [
                    {
                        "confidence": "0.0",
                        "content": ","
                    }
                ],
                "speaker_label": "spk_0"
            },
            {
                "id": 75,
                "type": "pronunciation",
                "alternatives": [
                    {
                        "confidence": "0.997",
                        "content": "by"
                    }
                ],
                "start_time": "27.549",
                "end_time": "27.709",
                "speaker_label": "spk_0"
            },
            {
                "id": 76,
                "type": "pronunciation",
                "alternatives": [
                    {
                        "confidence": "0.993",
                        "content": "appointment"
                    }
                ],
                "start_time": "27.709",
                "end_time": "28.389",
                "speaker_label": "spk_0"
            },
            {
                "id": 77,
                "type": "pronunciation",
                "alternatives": [
                    {
                        "confidence": "0.997",
                        "content": "or"
                    }
                ],
                "start_time": "28.389",
                "end_time": "28.549",
                "speaker_label": "spk_0"
            },
            {
                "id": 78,
                "type": "pronunciation",
                "alternatives": [
                    {
                        "confidence": "0.997",
                        "content": "we"
                    }
                ],
                "start_time": "28.549",
                "end_time": "28.709",
                "speaker_label": "spk_0"
            },
            {
                "id": 79,
                "type": "pronunciation",
                "alternatives": [
                    {
                        "confidence": "0.998",
                        "content": "can"
                    }
                ],
                "start_time": "28.709",
                "end_time": "28.87",
                "speaker_label": "spk_0"
            },
            {
                "id": 80,
                "type": "pronunciation",
                "alternatives": [
                    {
                        "confidence": "0.998",
                        "content": "do"
                    }
                ],
                "start_time": "28.87",
                "end_time": "28.989",
                "speaker_label": "spk_0"
            },
            {
                "id": 81,
                "type": "pronunciation",
                "alternatives": [
                    {
                        "confidence": "0.998",
                        "content": "a"
                    }
                ],
                "start_time": "28.989",
                "end_time": "29.149",
                "speaker_label": "spk_0"
            },
            {
                "id": 82,
                "type": "pronunciation",
                "alternatives": [
                    {
                        "confidence": "0.997",
                        "content": "walk"
                    }
                ],
                "start_time": "29.149",
                "end_time": "29.35",
                "speaker_label": "spk_0"
            },
            {
                "id": 83,
                "type": "pronunciation",
                "alternatives": [
                    {
                        "confidence": "0.996",
                        "content": "in"
                    }
                ],
                "start_time": "29.35",
                "end_time": "29.78",
                "speaker_label": "spk_0"
            },
            {
                "id": 84,
                "type": "punctuation",
                "alternatives": [
                    {
                        "confidence": "0.0",
                        "content": "."
                    }
                ],
                "speaker_label": "spk_0"
            },
            {
                "id": 85,
                "type": "pronunciation",
                "alternatives": [
                    {
                        "confidence": "0.91",
                        "content": "In"
                    }
                ],
                "start_time": "30.11",
                "end_time": "30.309",
                "speaker_label": "spk_0"
            },
            {
                "id": 86,
                "type": "pronunciation",
                "alternatives": [
                    {
                        "confidence": "0.67",
                        "content": "cloud"
                    }
                ],
                "start_time": "30.309",
                "end_time": "30.95",
                "speaker_label": "spk_0"
            },
            {
                "id": 87,
                "type": "pronunciation",
                "alternatives": [
                    {
                        "confidence": "0.996",
                        "content": "we"
                    }
                ],
                "start_time": "30.95",
                "end_time": "31.309",
                "speaker_label": "spk_0"
            },
            {
                "id": 88,
                "type": "pronunciation",
                "alternatives": [
                    {
                        "confidence": "0.997",
                        "content": "only"
                    }
                ],
                "start_time": "31.309",
                "end_time": "31.709",
                "speaker_label": "spk_0"
            },
            {
                "id": 89,
                "type": "pronunciation",
                "alternatives": [
                    {
                        "confidence": "0.997",
                        "content": "do"
                    }
                ],
                "start_time": "31.709",
                "end_time": "32.18",
                "speaker_label": "spk_0"
            },
            {
                "id": 90,
                "type": "pronunciation",
                "alternatives": [
                    {
                        "confidence": "0.933",
                        "content": "X-rays"
                    }
                ],
                "start_time": "32.18",
                "end_time": "32.83",
                "speaker_label": "spk_0"
            },
            {
                "id": 91,
                "type": "pronunciation",
                "alternatives": [
                    {
                        "confidence": "0.998",
                        "content": "in"
                    }
                ],
                "start_time": "32.83",
                "end_time": "32.99",
                "speaker_label": "spk_0"
            },
            {
                "id": 92,
                "type": "pronunciation",
                "alternatives": [
                    {
                        "content": "[PII]",
                        "redactions": [
                            {
                                "confidence": "1.0",
                                "type": "ADDRESS",
                                "category": "PII"
                            }
                        ]
                    }
                ],
                "start_time": "32.99",
                "end_time": "33.74"
            },
            {
                "id": 93,
                "type": "punctuation",
                "alternatives": [
                    {
                        "confidence": "0.0",
                        "content": "."
                    }
                ]
            },
            {
                "id": 94,
                "type": "pronunciation",
                "alternatives": [
                    {
                        "confidence": "0.989",
                        "content": "Uh"
                    }
                ],
                "start_time": "34.88",
                "end_time": "35.52",
                "speaker_label": "spk_0"
            },
            {
                "id": 95,
                "type": "punctuation",
                "alternatives": [
                    {
                        "confidence": "0.0",
                        "content": ","
                    }
                ],
                "speaker_label": "spk_0"
            },
            {
                "id": 96,
                "type": "pronunciation",
                "alternatives": [
                    {
                        "confidence": "0.998",
                        "content": "OK"
                    }
                ],
                "start_time": "35.599",
                "end_time": "36.2",
                "speaker_label": "spk_0"
            },
            {
                "id": 97,
                "type": "punctuation",
                "alternatives": [
                    {
                        "confidence": "0.0",
                        "content": ","
                    }
                ],
                "speaker_label": "spk_0"
            },
            {
                "id": 98,
                "type": "pronunciation",
                "alternatives": [
                    {
                        "confidence": "0.962",
                        "content": "alright"
                    }
                ],
                "start_time": "36.36",
                "end_time": "36.479",
                "speaker_label": "spk_0"
            },
            {
                "id": 99,
                "type": "punctuation",
                "alternatives": [
                    {
                        "confidence": "0.0",
                        "content": "."
                    }
                ],
                "speaker_label": "spk_0"
            },
            {
                "id": 100,
                "type": "pronunciation",
                "alternatives": [
                    {
                        "confidence": "0.751",
                        "content": "I"
                    }
                ],
                "start_time": "36.759",
                "end_time": "36.849",
                "speaker_label": "spk_0"
            },
            {
                "id": 101,
                "type": "pronunciation",
                "alternatives": [
                    {
                        "confidence": "0.866",
                        "content": "then"
                    }
                ],
                "start_time": "36.849",
                "end_time": "36.919",
                "speaker_label": "spk_0"
            },
            {
                "id": 102,
                "type": "pronunciation",
                "alternatives": [
                    {
                        "confidence": "0.849",
                        "content": "you're"
                    }
                ],
                "start_time": "36.919",
                "end_time": "37.319",
                "speaker_label": "spk_0"
            },
            {
                "id": 103,
                "type": "pronunciation",
                "alternatives": [
                    {
                        "confidence": "0.977",
                        "content": "calling"
                    }
                ],
                "start_time": "37.319",
                "end_time": "37.58",
                "speaker_label": "spk_0"
            },
            {
                "id": 104,
                "type": "pronunciation",
                "alternatives": [
                    {
                        "confidence": "0.776",
                        "content": "to"
                    }
                ],
                "start_time": "37.58",
                "end_time": "38.029",
                "speaker_label": "spk_0"
            },
            {
                "id": 105,
                "type": "pronunciation",
                "alternatives": [
                    {
                        "content": "[PII]",
                        "redactions": [
                            {
                                "confidence": "1.0",
                                "type": "ADDRESS",
                                "category": "PII"
                            }
                        ]
                    }
                ],
                "start_time": "38.029",
                "end_time": "38.75"
            },
            {
                "id": 106,
                "type": "punctuation",
                "alternatives": [
                    {
                        "confidence": "0.0",
                        "content": ","
                    }
                ]
            },
            {
                "id": 107,
                "type": "pronunciation",
                "alternatives": [
                    {
                        "confidence": "0.996",
                        "content": "correct"
                    }
                ],
                "start_time": "38.86",
                "end_time": "39.349",
                "speaker_label": "spk_0"
            },
            {
                "id": 108,
                "type": "punctuation",
                "alternatives": [
                    {
                        "confidence": "0.0",
                        "content": "?"
                    }
                ],
                "speaker_label": "spk_0"
            },
            {
                "id": 109,
                "type": "pronunciation",
                "alternatives": [
                    {
                        "confidence": "0.991",
                        "content": "Yeah"
                    }
                ],
                "start_time": "40.0",
                "end_time": "40.409",
                "speaker_label": "spk_0"
            },
            {
                "id": 110,
                "type": "punctuation",
                "alternatives": [
                    {
                        "confidence": "0.0",
                        "content": ","
                    }
                ],
                "speaker_label": "spk_0"
            },
            {
                "id": 111,
                "type": "pronunciation",
                "alternatives": [
                    {
                        "confidence": "0.997",
                        "content": "yeah"
                    }
                ],
                "start_time": "40.759",
                "end_time": "40.909",
                "speaker_label": "spk_0"
            },
            {
                "id": 112,
                "type": "punctuation",
                "alternatives": [
                    {
                        "confidence": "0.0",
                        "content": ","
                    }
                ],
                "speaker_label": "spk_0"
            },
            {
                "id": 113,
                "type": "pronunciation",
                "alternatives": [
                    {
                        "confidence": "0.99",
                        "content": "unfortunately"
                    }
                ],
                "start_time": "41.0",
                "end_time": "41.639",
                "speaker_label": "spk_0"
            },
            {
                "id": 114,
                "type": "pronunciation",
                "alternatives": [
                    {
                        "confidence": "0.997",
                        "content": "only"
                    }
                ],
                "start_time": "41.639",
                "end_time": "41.88",
                "speaker_label": "spk_0"
            },
            {
                "id": 115,
                "type": "pronunciation",
                "alternatives": [
                    {
                        "confidence": "0.997",
                        "content": "in"
                    }
                ],
                "start_time": "41.88",
                "end_time": "42.31",
                "speaker_label": "spk_0"
            },
            {
                "id": 116,
                "type": "pronunciation",
                "alternatives": [
                    {
                        "confidence": "0.996",
                        "content": "we"
                    }
                ],
                "start_time": "42.31",
                "end_time": "42.68",
                "speaker_label": "spk_0"
            },
            {
                "id": 117,
                "type": "pronunciation",
                "alternatives": [
                    {
                        "confidence": "0.994",
                        "content": "don't"
                    }
                ],
                "start_time": "42.68",
                "end_time": "42.88",
                "speaker_label": "spk_0"
            },
            {
                "id": 118,
                "type": "pronunciation",
                "alternatives": [
                    {
                        "confidence": "0.999",
                        "content": "have"
                    }
                ],
                "start_time": "42.88",
                "end_time": "43.349",
                "speaker_label": "spk_0"
            },
            {
                "id": 119,
                "type": "pronunciation",
                "alternatives": [
                    {
                        "confidence": "0.495",
                        "content": "the"
                    }
                ],
                "start_time": "43.349",
                "end_time": "43.36",
                "speaker_label": "spk_0"
            },
            {
                "id": 120,
                "type": "pronunciation",
                "alternatives": [
                    {
                        "confidence": "0.983",
                        "content": "X-rays"
                    }
                ],
                "start_time": "43.36",
                "end_time": "43.939",
                "speaker_label": "spk_0"
            },
            {
                "id": 121,
                "type": "pronunciation",
                "alternatives": [
                    {
                        "confidence": "0.997",
                        "content": "in"
                    }
                ],
                "start_time": "43.939",
                "end_time": "44.319",
                "speaker_label": "spk_0"
            },
            {
                "id": 122,
                "type": "pronunciation",
                "alternatives": [
                    {
                        "content": "[PII]",
                        "redactions": [
                            {
                                "confidence": "1.0",
                                "type": "ADDRESS",
                                "category": "PII"
                            }
                        ]
                    }
                ],
                "start_time": "44.319",
                "end_time": "45.11"
            },
            {
                "id": 123,
                "type": "punctuation",
                "alternatives": [
                    {
                        "confidence": "0.0",
                        "content": "."
                    }
                ]
            },
            {
                "id": 124,
                "type": "pronunciation",
                "alternatives": [
                    {
                        "confidence": "0.998",
                        "content": "OK"
                    }
                ],
                "start_time": "45.72",
                "end_time": "45.919",
                "speaker_label": "spk_0"
            },
            {
                "id": 125,
                "type": "punctuation",
                "alternatives": [
                    {
                        "confidence": "0.0",
                        "content": ","
                    }
                ],
                "speaker_label": "spk_0"
            },
            {
                "id": 126,
                "type": "pronunciation",
                "alternatives": [
                    {
                        "confidence": "0.997",
                        "content": "OK"
                    }
                ],
                "start_time": "45.959",
                "end_time": "46.119",
                "speaker_label": "spk_0"
            },
            {
                "id": 127,
                "type": "punctuation",
                "alternatives": [
                    {
                        "confidence": "0.0",
                        "content": ","
                    }
                ],
                "speaker_label": "spk_0"
            },
            {
                "id": 128,
                "type": "pronunciation",
                "alternatives": [
                    {
                        "confidence": "0.997",
                        "content": "OK"
                    }
                ],
                "start_time": "46.169",
                "end_time": "46.319",
                "speaker_label": "spk_0"
            },
            {
                "id": 129,
                "type": "punctuation",
                "alternatives": [
                    {
                        "confidence": "0.0",
                        "content": ","
                    }
                ],
                "speaker_label": "spk_0"
            },
            {
                "id": 130,
                "type": "pronunciation",
                "alternatives": [
                    {
                        "confidence": "0.997",
                        "content": "thank"
                    }
                ],
                "start_time": "46.369",
                "end_time": "46.549",
                "speaker_label": "spk_0"
            },
            {
                "id": 131,
                "type": "pronunciation",
                "alternatives": [
                    {
                        "confidence": "0.999",
                        "content": "you"
                    }
                ],
                "start_time": "46.549",
                "end_time": "46.909",
                "speaker_label": "spk_0"
            },
            {
                "id": 132,
                "type": "punctuation",
                "alternatives": [
                    {
                        "confidence": "0.0",
                        "content": "."
                    }
                ],
                "speaker_label": "spk_0"
            },
            {
                "id": 133,
                "type": "pronunciation",
                "alternatives": [
                    {
                        "confidence": "0.992",
                        "content": "You're"
                    }
                ],
                "start_time": "47.08",
                "end_time": "47.279",
                "speaker_label": "spk_0"
            },
            {
                "id": 134,
                "type": "pronunciation",
                "alternatives": [
                    {
                        "confidence": "0.999",
                        "content": "welcome"
                    }
                ],
                "start_time": "47.279",
                "end_time": "47.68",
                "speaker_label": "spk_0"
            },
            {
                "id": 135,
                "type": "pronunciation",
                "alternatives": [
                    {
                        "confidence": "0.992",
                        "content": "bye"
                    }
                ],
                "start_time": "47.68",
                "end_time": "48.119",
                "speaker_label": "spk_0"
            },
            {
                "id": 136,
                "type": "punctuation",
                "alternatives": [
                    {
                        "confidence": "0.0",
                        "content": "."
                    }
                ],
                "speaker_label": "spk_0"
            }
        ],
        "audio_segments": [
            {
                "id": 0,
                "transcript": "So the agnostic [PII] speaking. How may I help you?",
                "start_time": "0.0",
                "end_time": "3.789",
                "speaker_label": "spk_0",
                "items": [
                    0,
                    1,
                    2,
                    3,
                    4,
                    5,
                    6,
                    7,
                    8,
                    9,
                    10,
                    11
                ]
            },
            {
                "id": 1,
                "transcript": "Hello, uh, good morning. I just wanna inquire regarding an X-ray.",
                "start_time": "4.519",
                "end_time": "9.38",
                "speaker_label": "spk_0",
                "items": [
                    12,
                    13,
                    14,
                    15,
                    16,
                    17,
                    18,
                    19,
                    20,
                    21,
                    22,
                    23,
                    24,
                    25,
                    26
                ]
            },
            {
                "id": 2,
                "transcript": "Yeah, in which location ma'am?",
                "start_time": "10.09",
                "end_time": "12.31",
                "speaker_label": "spk_0",
                "items": [
                    27,
                    28,
                    29,
                    30,
                    31,
                    32,
                    33
                ]
            },
            {
                "id": 3,
                "transcript": "I'm sorry. Uh, so where did you want to book your X-ray in [PII]? OK, uh, is it, um, what do they call this, is it, uh.",
                "start_time": "14.199",
                "end_time": "24.879",
                "speaker_label": "spk_0",
                "items": [
                    34,
                    35,
                    36,
                    37,
                    38,
                    39,
                    40,
                    41,
                    42,
                    43,
                    44,
                    45,
                    46,
                    47,
                    48,
                    49,
                    50,
                    51,
                    52,
                    53,
                    54,
                    55,
                    56,
                    57,
                    58,
                    59,
                    60,
                    61,
                    62,
                    63,
                    64,
                    65,
                    66,
                    67,
                    68,
                    69,
                    70
                ]
            },
            {
                "id": 4,
                "transcript": "Book, uh, by appointment or we can do a walk in. In cloud we only do X-rays in [PII].",
                "start_time": "26.59",
                "end_time": "33.869",
                "speaker_label": "spk_0",
                "items": [
                    71,
                    72,
                    73,
                    74,
                    75,
                    76,
                    77,
                    78,
                    79,
                    80,
                    81,
                    82,
                    83,
                    84,
                    85,
                    86,
                    87,
                    88,
                    89,
                    90,
                    91,
                    92,
                    93
                ]
            },
            {
                "id": 5,
                "transcript": "Uh, OK, alright. I then you're calling to [PII], correct? Yeah, yeah, unfortunately only in we don't have the X-rays in [PII]. OK, OK, OK, thank you. You're welcome bye.",
                "start_time": "34.68",
                "end_time": "48.259",
                "speaker_label": "spk_0",
                "items": [
                    94,
                    95,
                    96,
                    97,
                    98,
                    99,
                    100,
                    101,
                    102,
                    103,
                    104,
                    105,
                    106,
                    107,
                    108,
                    109,
                    110,
                    111,
                    112,
                    113,
                    114,
                    115,
                    116,
                    117,
                    118,
                    119,
                    120,
                    121,
                    122,
                    123,
                    124,
                    125,
                    126,
                    127,
                    128,
                    129,
                    130,
                    131,
                    132,
                    133,
                    134,
                    135,
                    136
                ]
            }
        ]
    }
}