{
    "jobName": "transcription-job-2024-03-25T15-16-31Z-call-45115889-d5c5-4332-98ca-31e7bf19f4f2-1734641238",
    "accountId": "199040315413",
    "isRedacted": true,
    "status": "COMPLETED",
    "results": {
        "transcripts": [
            {
                "transcript": "You wanna fucking for for months at a time. I think it looks like I take this medication and get a real so. How may I help you? Hi, I'm just inquiring. Does [PII] have an appointment booked for April 3rd. OK, uh, let me just check which location um you in. Pardon me, in which location? I mean like. And what's the first and last name? [PII]. Yeah Um, so she's booked in for 1:00 p.m. on April 3rd. So OK. Alright thank you no problem OK bye."
            }
        ],
        "speaker_labels": {
            "segments": [
                {
                    "start_time": "2.839",
                    "end_time": "4.8",
                    "speaker_label": "spk_0",
                    "items": [
                        {
                            "speaker_label": "spk_0",
                            "start_time": "3.279",
                            "end_time": "3.289"
                        },
                        {
                            "speaker_label": "spk_0",
                            "start_time": "3.289",
                            "end_time": "3.299"
                        },
                        {
                            "speaker_label": "spk_0",
                            "start_time": "3.299",
                            "end_time": "3.569"
                        },
                        {
                            "speaker_label": "spk_0",
                            "start_time": "3.569",
                            "end_time": "3.579"
                        },
                        {
                            "speaker_label": "spk_0",
                            "start_time": "3.789",
                            "end_time": "3.96"
                        },
                        {
                            "speaker_label": "spk_0",
                            "start_time": "3.96",
                            "end_time": "4.15"
                        },
                        {
                            "speaker_label": "spk_0",
                            "start_time": "4.15",
                            "end_time": "4.239"
                        },
                        {
                            "speaker_label": "spk_0",
                            "start_time": "4.239",
                            "end_time": "4.36"
                        },
                        {
                            "speaker_label": "spk_0",
                            "start_time": "4.36",
                            "end_time": "4.719"
                        }
                    ]
                },
                {
                    "start_time": "8.779",
                    "end_time": "12.43",
                    "speaker_label": "spk_0",
                    "items": [
                        {
                            "speaker_label": "spk_0",
                            "start_time": "8.789",
                            "end_time": "8.909"
                        },
                        {
                            "speaker_label": "spk_0",
                            "start_time": "8.909",
                            "end_time": "8.979"
                        },
                        {
                            "speaker_label": "spk_0",
                            "start_time": "8.979",
                            "end_time": "9.22"
                        },
                        {
                            "speaker_label": "spk_0",
                            "start_time": "9.22",
                            "end_time": "9.38"
                        },
                        {
                            "speaker_label": "spk_0",
                            "start_time": "9.38",
                            "end_time": "9.579"
                        },
                        {
                            "speaker_label": "spk_0",
                            "start_time": "9.579",
                            "end_time": "10.06"
                        },
                        {
                            "speaker_label": "spk_0",
                            "start_time": "10.06",
                            "end_time": "10.22"
                        },
                        {
                            "speaker_label": "spk_0",
                            "start_time": "10.22",
                            "end_time": "10.64"
                        },
                        {
                            "speaker_label": "spk_0",
                            "start_time": "10.64",
                            "end_time": "10.84"
                        },
                        {
                            "speaker_label": "spk_0",
                            "start_time": "10.84",
                            "end_time": "10.85"
                        },
                        {
                            "speaker_label": "spk_0",
                            "start_time": "10.85",
                            "end_time": "10.859"
                        },
                        {
                            "speaker_label": "spk_0",
                            "start_time": "10.859",
                            "end_time": "10.869"
                        },
                        {
                            "speaker_label": "spk_0",
                            "start_time": "10.869",
                            "end_time": "10.88"
                        },
                        {
                            "speaker_label": "spk_0",
                            "start_time": "12.38",
                            "end_time": "12.39"
                        }
                    ]
                },
                {
                    "start_time": "15.659",
                    "end_time": "23.979",
                    "speaker_label": "spk_0",
                    "items": [
                        {
                            "speaker_label": "spk_0",
                            "start_time": "17.069",
                            "end_time": "17.18"
                        },
                        {
                            "speaker_label": "spk_0",
                            "start_time": "17.18",
                            "end_time": "17.26"
                        },
                        {
                            "speaker_label": "spk_0",
                            "start_time": "17.26",
                            "end_time": "17.34"
                        },
                        {
                            "speaker_label": "spk_0",
                            "start_time": "17.34",
                            "end_time": "17.5"
                        },
                        {
                            "speaker_label": "spk_0",
                            "start_time": "17.5",
                            "end_time": "18.129"
                        },
                        {
                            "speaker_label": "spk_0",
                            "start_time": "18.739",
                            "end_time": "18.93"
                        },
                        {
                            "speaker_label": "spk_0",
                            "start_time": "18.94",
                            "end_time": "19.1"
                        },
                        {
                            "speaker_label": "spk_0",
                            "start_time": "19.1",
                            "end_time": "19.26"
                        },
                        {
                            "speaker_label": "spk_0",
                            "start_time": "19.26",
                            "end_time": "19.75"
                        },
                        {
                            "speaker_label": "spk_0",
                            "start_time": "19.78",
                            "end_time": "19.95"
                        },
                        {
                            "speaker_label": "spk_0",
                            "start_time": "19.95",
                            "end_time": "20.62"
                        },
                        {
                            "speaker_label": "spk_0",
                            "start_time": "20.62",
                            "end_time": "20.86"
                        },
                        {
                            "speaker_label": "spk_0",
                            "start_time": "20.86",
                            "end_time": "20.979"
                        },
                        {
                            "speaker_label": "spk_0",
                            "start_time": "20.979",
                            "end_time": "21.659"
                        },
                        {
                            "speaker_label": "spk_0",
                            "start_time": "21.659",
                            "end_time": "22.02"
                        },
                        {
                            "speaker_label": "spk_0",
                            "start_time": "22.02",
                            "end_time": "22.489"
                        },
                        {
                            "speaker_label": "spk_0",
                            "start_time": "22.819",
                            "end_time": "23.18"
                        },
                        {
                            "speaker_label": "spk_0",
                            "start_time": "23.18",
                            "end_time": "23.78"
                        }
                    ]
                },
                {
                    "start_time": "24.709",
                    "end_time": "28.809",
                    "speaker_label": "spk_0",
                    "items": [
                        {
                            "speaker_label": "spk_0",
                            "start_time": "24.75",
                            "end_time": "25.069"
                        },
                        {
                            "speaker_label": "spk_0",
                            "start_time": "25.19",
                            "end_time": "25.35"
                        },
                        {
                            "speaker_label": "spk_0",
                            "start_time": "25.43",
                            "end_time": "25.549"
                        },
                        {
                            "speaker_label": "spk_0",
                            "start_time": "25.549",
                            "end_time": "25.67"
                        },
                        {
                            "speaker_label": "spk_0",
                            "start_time": "25.67",
                            "end_time": "25.909"
                        },
                        {
                            "speaker_label": "spk_0",
                            "start_time": "25.909",
                            "end_time": "26.51"
                        },
                        {
                            "speaker_label": "spk_0",
                            "start_time": "26.51",
                            "end_time": "26.909"
                        },
                        {
                            "speaker_label": "spk_0",
                            "start_time": "26.909",
                            "end_time": "27.299"
                        },
                        {
                            "speaker_label": "spk_0",
                            "start_time": "27.299",
                            "end_time": "27.729"
                        },
                        {
                            "speaker_label": "spk_0",
                            "start_time": "27.729",
                            "end_time": "28.28"
                        },
                        {
                            "speaker_label": "spk_0",
                            "start_time": "28.28",
                            "end_time": "28.739"
                        }
                    ]
                },
                {
                    "start_time": "29.77",
                    "end_time": "34.319",
                    "speaker_label": "spk_0",
                    "items": [
                        {
                            "speaker_label": "spk_0",
                            "start_time": "30.09",
                            "end_time": "30.43"
                        },
                        {
                            "speaker_label": "spk_0",
                            "start_time": "30.43",
                            "end_time": "30.729"
                        },
                        {
                            "speaker_label": "spk_0",
                            "start_time": "30.809",
                            "end_time": "31.01"
                        },
                        {
                            "speaker_label": "spk_0",
                            "start_time": "31.01",
                            "end_time": "31.409"
                        },
                        {
                            "speaker_label": "spk_0",
                            "start_time": "31.409",
                            "end_time": "32.159"
                        },
                        {
                            "speaker_label": "spk_0",
                            "start_time": "32.529",
                            "end_time": "32.689"
                        },
                        {
                            "speaker_label": "spk_0",
                            "start_time": "32.689",
                            "end_time": "32.86"
                        },
                        {
                            "speaker_label": "spk_0",
                            "start_time": "32.86",
                            "end_time": "33.4"
                        }
                    ]
                },
                {
                    "start_time": "34.93",
                    "end_time": "38.27",
                    "speaker_label": "spk_0",
                    "items": [
                        {
                            "speaker_label": "spk_0",
                            "start_time": "34.939",
                            "end_time": "35.33"
                        },
                        {
                            "speaker_label": "spk_0",
                            "start_time": "35.33",
                            "end_time": "35.569"
                        },
                        {
                            "speaker_label": "spk_0",
                            "start_time": "35.569",
                            "end_time": "35.729"
                        },
                        {
                            "speaker_label": "spk_0",
                            "start_time": "35.729",
                            "end_time": "35.93"
                        },
                        {
                            "speaker_label": "spk_0",
                            "start_time": "35.93",
                            "end_time": "36.13"
                        },
                        {
                            "speaker_label": "spk_0",
                            "start_time": "36.13",
                            "end_time": "36.38"
                        },
                        {
                            "speaker_label": "spk_0",
                            "start_time": "36.38",
                            "end_time": "36.919"
                        },
                        {
                            "speaker_label": "spk_0",
                            "start_time": "37.29",
                            "end_time": "38.169"
                        }
                    ]
                },
                {
                    "start_time": "42.29",
                    "end_time": "42.83",
                    "speaker_label": "spk_0",
                    "items": [
                        {
                            "speaker_label": "spk_0",
                            "start_time": "42.299",
                            "end_time": "42.31"
                        }
                    ]
                },
                {
                    "start_time": "48.659",
                    "end_time": "52.68",
                    "speaker_label": "spk_0",
                    "items": [
                        {
                            "speaker_label": "spk_0",
                            "start_time": "48.68",
                            "end_time": "49.139"
                        },
                        {
                            "speaker_label": "spk_0",
                            "start_time": "49.22",
                            "end_time": "49.5"
                        },
                        {
                            "speaker_label": "spk_0",
                            "start_time": "49.5",
                            "end_time": "49.74"
                        },
                        {
                            "speaker_label": "spk_0",
                            "start_time": "49.74",
                            "end_time": "49.979"
                        },
                        {
                            "speaker_label": "spk_0",
                            "start_time": "49.979",
                            "end_time": "50.33"
                        },
                        {
                            "speaker_label": "spk_0",
                            "start_time": "50.33",
                            "end_time": "50.5"
                        },
                        {
                            "speaker_label": "spk_0",
                            "start_time": "50.5",
                            "end_time": "51.22"
                        },
                        {
                            "speaker_label": "spk_0",
                            "start_time": "51.22",
                            "end_time": "51.54"
                        },
                        {
                            "speaker_label": "spk_0",
                            "start_time": "51.54",
                            "end_time": "51.74"
                        },
                        {
                            "speaker_label": "spk_0",
                            "start_time": "51.74",
                            "end_time": "52.13"
                        },
                        {
                            "speaker_label": "spk_0",
                            "start_time": "52.13",
                            "end_time": "52.58"
                        }
                    ]
                },
                {
                    "start_time": "54.0",
                    "end_time": "55.029",
                    "speaker_label": "spk_0",
                    "items": [
                        {
                            "speaker_label": "spk_0",
                            "start_time": "54.31",
                            "end_time": "54.319"
                        }
                    ]
                },
                {
                    "start_time": "55.569",
                    "end_time": "56.209",
                    "speaker_label": "spk_0",
                    "items": [
                        {
                            "speaker_label": "spk_0",
                            "start_time": "55.59",
                            "end_time": "56.09"
                        }
                    ]
                },
                {
                    "start_time": "57.259",
                    "end_time": "60.34",
                    "speaker_label": "spk_0",
                    "items": [
                        {
                            "speaker_label": "spk_0",
                            "start_time": "57.58",
                            "end_time": "57.86"
                        },
                        {
                            "speaker_label": "spk_0",
                            "start_time": "57.86",
                            "end_time": "58.099"
                        },
                        {
                            "speaker_label": "spk_0",
                            "start_time": "58.099",
                            "end_time": "58.619"
                        },
                        {
                            "speaker_label": "spk_0",
                            "start_time": "58.619",
                            "end_time": "58.779"
                        },
                        {
                            "speaker_label": "spk_0",
                            "start_time": "58.779",
                            "end_time": "59.25"
                        },
                        {
                            "speaker_label": "spk_0",
                            "start_time": "59.81",
                            "end_time": "59.939"
                        },
                        {
                            "speaker_label": "spk_0",
                            "start_time": "59.939",
                            "end_time": "60.22"
                        }
                    ]
                }
            ],
            "channel_label": "ch_0",
            "speakers": 1
        },
        "items": [
            {
                "id": 0,
                "type": "pronunciation",
                "alternatives": [
                    {
                        "confidence": "0.657",
                        "content": "You"
                    }
                ],
                "start_time": "3.279",
                "end_time": "3.289",
                "speaker_label": "spk_0"
            },
            {
                "id": 1,
                "type": "pronunciation",
                "alternatives": [
                    {
                        "confidence": "0.869",
                        "content": "wanna"
                    }
                ],
                "start_time": "3.289",
                "end_time": "3.299",
                "speaker_label": "spk_0"
            },
            {
                "id": 2,
                "type": "pronunciation",
                "alternatives": [
                    {
                        "confidence": "0.492",
                        "content": "fucking"
                    }
                ],
                "start_time": "3.299",
                "end_time": "3.569",
                "speaker_label": "spk_0"
            },
            {
                "id": 3,
                "type": "pronunciation",
                "alternatives": [
                    {
                        "confidence": "0.243",
                        "content": "for"
                    }
                ],
                "start_time": "3.569",
                "end_time": "3.579",
                "speaker_label": "spk_0"
            },
            {
                "id": 4,
                "type": "pronunciation",
                "alternatives": [
                    {
                        "confidence": "0.987",
                        "content": "for"
                    }
                ],
                "start_time": "3.789",
                "end_time": "3.96",
                "speaker_label": "spk_0"
            },
            {
                "id": 5,
                "type": "pronunciation",
                "alternatives": [
                    {
                        "confidence": "0.933",
                        "content": "months"
                    }
                ],
                "start_time": "3.96",
                "end_time": "4.15",
                "speaker_label": "spk_0"
            },
            {
                "id": 6,
                "type": "pronunciation",
                "alternatives": [
                    {
                        "confidence": "0.997",
                        "content": "at"
                    }
                ],
                "start_time": "4.15",
                "end_time": "4.239",
                "speaker_label": "spk_0"
            },
            {
                "id": 7,
                "type": "pronunciation",
                "alternatives": [
                    {
                        "confidence": "0.996",
                        "content": "a"
                    }
                ],
                "start_time": "4.239",
                "end_time": "4.36",
                "speaker_label": "spk_0"
            },
            {
                "id": 8,
                "type": "pronunciation",
                "alternatives": [
                    {
                        "confidence": "0.997",
                        "content": "time"
                    }
                ],
                "start_time": "4.36",
                "end_time": "4.719",
                "speaker_label": "spk_0"
            },
            {
                "id": 9,
                "type": "punctuation",
                "alternatives": [
                    {
                        "confidence": "0.0",
                        "content": "."
                    }
                ],
                "speaker_label": "spk_0"
            },
            {
                "id": 10,
                "type": "pronunciation",
                "alternatives": [
                    {
                        "confidence": "0.877",
                        "content": "I"
                    }
                ],
                "start_time": "8.789",
                "end_time": "8.909",
                "speaker_label": "spk_0"
            },
            {
                "id": 11,
                "type": "pronunciation",
                "alternatives": [
                    {
                        "confidence": "0.557",
                        "content": "think"
                    }
                ],
                "start_time": "8.909",
                "end_time": "8.979",
                "speaker_label": "spk_0"
            },
            {
                "id": 12,
                "type": "pronunciation",
                "alternatives": [
                    {
                        "confidence": "0.992",
                        "content": "it"
                    }
                ],
                "start_time": "8.979",
                "end_time": "9.22",
                "speaker_label": "spk_0"
            },
            {
                "id": 13,
                "type": "pronunciation",
                "alternatives": [
                    {
                        "confidence": "0.993",
                        "content": "looks"
                    }
                ],
                "start_time": "9.22",
                "end_time": "9.38",
                "speaker_label": "spk_0"
            },
            {
                "id": 14,
                "type": "pronunciation",
                "alternatives": [
                    {
                        "confidence": "0.997",
                        "content": "like"
                    }
                ],
                "start_time": "9.38",
                "end_time": "9.579",
                "speaker_label": "spk_0"
            },
            {
                "id": 15,
                "type": "pronunciation",
                "alternatives": [
                    {
                        "confidence": "0.99",
                        "content": "I"
                    }
                ],
                "start_time": "9.579",
                "end_time": "10.06",
                "speaker_label": "spk_0"
            },
            {
                "id": 16,
                "type": "pronunciation",
                "alternatives": [
                    {
                        "confidence": "0.766",
                        "content": "take"
                    }
                ],
                "start_time": "10.06",
                "end_time": "10.22",
                "speaker_label": "spk_0"
            },
            {
                "id": 17,
                "type": "pronunciation",
                "alternatives": [
                    {
                        "confidence": "0.996",
                        "content": "this"
                    }
                ],
                "start_time": "10.22",
                "end_time": "10.64",
                "speaker_label": "spk_0"
            },
            {
                "id": 18,
                "type": "pronunciation",
                "alternatives": [
                    {
                        "confidence": "0.998",
                        "content": "medication"
                    }
                ],
                "start_time": "10.64",
                "end_time": "10.84",
                "speaker_label": "spk_0"
            },
            {
                "id": 19,
                "type": "pronunciation",
                "alternatives": [
                    {
                        "confidence": "0.746",
                        "content": "and"
                    }
                ],
                "start_time": "10.84",
                "end_time": "10.85",
                "speaker_label": "spk_0"
            },
            {
                "id": 20,
                "type": "pronunciation",
                "alternatives": [
                    {
                        "confidence": "0.802",
                        "content": "get"
                    }
                ],
                "start_time": "10.85",
                "end_time": "10.859",
                "speaker_label": "spk_0"
            },
            {
                "id": 21,
                "type": "pronunciation",
                "alternatives": [
                    {
                        "confidence": "0.924",
                        "content": "a"
                    }
                ],
                "start_time": "10.859",
                "end_time": "10.869",
                "speaker_label": "spk_0"
            },
            {
                "id": 22,
                "type": "pronunciation",
                "alternatives": [
                    {
                        "confidence": "0.848",
                        "content": "real"
                    }
                ],
                "start_time": "10.869",
                "end_time": "10.88",
                "speaker_label": "spk_0"
            },
            {
                "id": 23,
                "type": "pronunciation",
                "alternatives": [
                    {
                        "confidence": "0.845",
                        "content": "so"
                    }
                ],
                "start_time": "12.38",
                "end_time": "12.39",
                "speaker_label": "spk_0"
            },
            {
                "id": 24,
                "type": "punctuation",
                "alternatives": [
                    {
                        "confidence": "0.0",
                        "content": "."
                    }
                ],
                "speaker_label": "spk_0"
            },
            {
                "id": 25,
                "type": "pronunciation",
                "alternatives": [
                    {
                        "confidence": "0.918",
                        "content": "How"
                    }
                ],
                "start_time": "17.069",
                "end_time": "17.18",
                "speaker_label": "spk_0"
            },
            {
                "id": 26,
                "type": "pronunciation",
                "alternatives": [
                    {
                        "confidence": "0.997",
                        "content": "may"
                    }
                ],
                "start_time": "17.18",
                "end_time": "17.26",
                "speaker_label": "spk_0"
            },
            {
                "id": 27,
                "type": "pronunciation",
                "alternatives": [
                    {
                        "confidence": "0.997",
                        "content": "I"
                    }
                ],
                "start_time": "17.26",
                "end_time": "17.34",
                "speaker_label": "spk_0"
            },
            {
                "id": 28,
                "type": "pronunciation",
                "alternatives": [
                    {
                        "confidence": "0.998",
                        "content": "help"
                    }
                ],
                "start_time": "17.34",
                "end_time": "17.5",
                "speaker_label": "spk_0"
            },
            {
                "id": 29,
                "type": "pronunciation",
                "alternatives": [
                    {
                        "confidence": "0.997",
                        "content": "you"
                    }
                ],
                "start_time": "17.5",
                "end_time": "18.129",
                "speaker_label": "spk_0"
            },
            {
                "id": 30,
                "type": "punctuation",
                "alternatives": [
                    {
                        "confidence": "0.0",
                        "content": "?"
                    }
                ],
                "speaker_label": "spk_0"
            },
            {
                "id": 31,
                "type": "pronunciation",
                "alternatives": [
                    {
                        "confidence": "0.996",
                        "content": "Hi"
                    }
                ],
                "start_time": "18.739",
                "end_time": "18.93",
                "speaker_label": "spk_0"
            },
            {
                "id": 32,
                "type": "punctuation",
                "alternatives": [
                    {
                        "confidence": "0.0",
                        "content": ","
                    }
                ],
                "speaker_label": "spk_0"
            },
            {
                "id": 33,
                "type": "pronunciation",
                "alternatives": [
                    {
                        "confidence": "0.996",
                        "content": "I'm"
                    }
                ],
                "start_time": "18.94",
                "end_time": "19.1",
                "speaker_label": "spk_0"
            },
            {
                "id": 34,
                "type": "pronunciation",
                "alternatives": [
                    {
                        "confidence": "0.999",
                        "content": "just"
                    }
                ],
                "start_time": "19.1",
                "end_time": "19.26",
                "speaker_label": "spk_0"
            },
            {
                "id": 35,
                "type": "pronunciation",
                "alternatives": [
                    {
                        "confidence": "0.995",
                        "content": "inquiring"
                    }
                ],
                "start_time": "19.26",
                "end_time": "19.75",
                "speaker_label": "spk_0"
            },
            {
                "id": 36,
                "type": "punctuation",
                "alternatives": [
                    {
                        "confidence": "0.0",
                        "content": "."
                    }
                ],
                "speaker_label": "spk_0"
            },
            {
                "id": 37,
                "type": "pronunciation",
                "alternatives": [
                    {
                        "confidence": "0.996",
                        "content": "Does"
                    }
                ],
                "start_time": "19.78",
                "end_time": "19.95",
                "speaker_label": "spk_0"
            },
            {
                "id": 38,
                "type": "pronunciation",
                "alternatives": [
                    {
                        "content": "[PII]",
                        "redactions": [
                            {
                                "confidence": "1.0",
                                "type": "NAME",
                                "category": "PII"
                            }
                        ]
                    }
                ],
                "start_time": "19.95",
                "end_time": "20.62"
            },
            {
                "id": 39,
                "type": "pronunciation",
                "alternatives": [
                    {
                        "confidence": "0.96",
                        "content": "have"
                    }
                ],
                "start_time": "20.62",
                "end_time": "20.86",
                "speaker_label": "spk_0"
            },
            {
                "id": 40,
                "type": "pronunciation",
                "alternatives": [
                    {
                        "confidence": "0.999",
                        "content": "an"
                    }
                ],
                "start_time": "20.86",
                "end_time": "20.979",
                "speaker_label": "spk_0"
            },
            {
                "id": 41,
                "type": "pronunciation",
                "alternatives": [
                    {
                        "confidence": "0.998",
                        "content": "appointment"
                    }
                ],
                "start_time": "20.979",
                "end_time": "21.659",
                "speaker_label": "spk_0"
            },
            {
                "id": 42,
                "type": "pronunciation",
                "alternatives": [
                    {
                        "confidence": "0.997",
                        "content": "booked"
                    }
                ],
                "start_time": "21.659",
                "end_time": "22.02",
                "speaker_label": "spk_0"
            },
            {
                "id": 43,
                "type": "pronunciation",
                "alternatives": [
                    {
                        "confidence": "0.999",
                        "content": "for"
                    }
                ],
                "start_time": "22.02",
                "end_time": "22.489",
                "speaker_label": "spk_0"
            },
            {
                "id": 44,
                "type": "pronunciation",
                "alternatives": [
                    {
                        "confidence": "0.999",
                        "content": "April"
                    }
                ],
                "start_time": "22.819",
                "end_time": "23.18",
                "speaker_label": "spk_0"
            },
            {
                "id": 45,
                "type": "pronunciation",
                "alternatives": [
                    {
                        "confidence": "0.995",
                        "content": "3rd"
                    }
                ],
                "start_time": "23.18",
                "end_time": "23.78",
                "speaker_label": "spk_0"
            },
            {
                "id": 46,
                "type": "punctuation",
                "alternatives": [
                    {
                        "confidence": "0.0",
                        "content": "."
                    }
                ],
                "speaker_label": "spk_0"
            },
            {
                "id": 47,
                "type": "pronunciation",
                "alternatives": [
                    {
                        "confidence": "0.974",
                        "content": "OK"
                    }
                ],
                "start_time": "24.75",
                "end_time": "25.069",
                "speaker_label": "spk_0"
            },
            {
                "id": 48,
                "type": "punctuation",
                "alternatives": [
                    {
                        "confidence": "0.0",
                        "content": ","
                    }
                ],
                "speaker_label": "spk_0"
            },
            {
                "id": 49,
                "type": "pronunciation",
                "alternatives": [
                    {
                        "confidence": "0.996",
                        "content": "uh"
                    }
                ],
                "start_time": "25.19",
                "end_time": "25.35",
                "speaker_label": "spk_0"
            },
            {
                "id": 50,
                "type": "punctuation",
                "alternatives": [
                    {
                        "confidence": "0.0",
                        "content": ","
                    }
                ],
                "speaker_label": "spk_0"
            },
            {
                "id": 51,
                "type": "pronunciation",
                "alternatives": [
                    {
                        "confidence": "0.997",
                        "content": "let"
                    }
                ],
                "start_time": "25.43",
                "end_time": "25.549",
                "speaker_label": "spk_0"
            },
            {
                "id": 52,
                "type": "pronunciation",
                "alternatives": [
                    {
                        "confidence": "0.998",
                        "content": "me"
                    }
                ],
                "start_time": "25.549",
                "end_time": "25.67",
                "speaker_label": "spk_0"
            },
            {
                "id": 53,
                "type": "pronunciation",
                "alternatives": [
                    {
                        "confidence": "0.998",
                        "content": "just"
                    }
                ],
                "start_time": "25.67",
                "end_time": "25.909",
                "speaker_label": "spk_0"
            },
            {
                "id": 54,
                "type": "pronunciation",
                "alternatives": [
                    {
                        "confidence": "0.997",
                        "content": "check"
                    }
                ],
                "start_time": "25.909",
                "end_time": "26.51",
                "speaker_label": "spk_0"
            },
            {
                "id": 55,
                "type": "pronunciation",
                "alternatives": [
                    {
                        "confidence": "0.996",
                        "content": "which"
                    }
                ],
                "start_time": "26.51",
                "end_time": "26.909",
                "speaker_label": "spk_0"
            },
            {
                "id": 56,
                "type": "pronunciation",
                "alternatives": [
                    {
                        "confidence": "0.997",
                        "content": "location"
                    }
                ],
                "start_time": "26.909",
                "end_time": "27.299",
                "speaker_label": "spk_0"
            },
            {
                "id": 57,
                "type": "pronunciation",
                "alternatives": [
                    {
                        "confidence": "0.996",
                        "content": "um"
                    }
                ],
                "start_time": "27.299",
                "end_time": "27.729",
                "speaker_label": "spk_0"
            },
            {
                "id": 58,
                "type": "pronunciation",
                "alternatives": [
                    {
                        "confidence": "0.602",
                        "content": "you"
                    }
                ],
                "start_time": "27.729",
                "end_time": "28.28",
                "speaker_label": "spk_0"
            },
            {
                "id": 59,
                "type": "pronunciation",
                "alternatives": [
                    {
                        "confidence": "0.976",
                        "content": "in"
                    }
                ],
                "start_time": "28.28",
                "end_time": "28.739",
                "speaker_label": "spk_0"
            },
            {
                "id": 60,
                "type": "punctuation",
                "alternatives": [
                    {
                        "confidence": "0.0",
                        "content": "."
                    }
                ],
                "speaker_label": "spk_0"
            },
            {
                "id": 61,
                "type": "pronunciation",
                "alternatives": [
                    {
                        "confidence": "0.995",
                        "content": "Pardon"
                    }
                ],
                "start_time": "30.09",
                "end_time": "30.43",
                "speaker_label": "spk_0"
            },
            {
                "id": 62,
                "type": "pronunciation",
                "alternatives": [
                    {
                        "confidence": "0.999",
                        "content": "me"
                    }
                ],
                "start_time": "30.43",
                "end_time": "30.729",
                "speaker_label": "spk_0"
            },
            {
                "id": 63,
                "type": "punctuation",
                "alternatives": [
                    {
                        "confidence": "0.0",
                        "content": ","
                    }
                ],
                "speaker_label": "spk_0"
            },
            {
                "id": 64,
                "type": "pronunciation",
                "alternatives": [
                    {
                        "confidence": "0.993",
                        "content": "in"
                    }
                ],
                "start_time": "30.809",
                "end_time": "31.01",
                "speaker_label": "spk_0"
            },
            {
                "id": 65,
                "type": "pronunciation",
                "alternatives": [
                    {
                        "confidence": "0.997",
                        "content": "which"
                    }
                ],
                "start_time": "31.01",
                "end_time": "31.409",
                "speaker_label": "spk_0"
            },
            {
                "id": 66,
                "type": "pronunciation",
                "alternatives": [
                    {
                        "confidence": "0.998",
                        "content": "location"
                    }
                ],
                "start_time": "31.409",
                "end_time": "32.159",
                "speaker_label": "spk_0"
            },
            {
                "id": 67,
                "type": "punctuation",
                "alternatives": [
                    {
                        "confidence": "0.0",
                        "content": "?"
                    }
                ],
                "speaker_label": "spk_0"
            },
            {
                "id": 68,
                "type": "pronunciation",
                "alternatives": [
                    {
                        "confidence": "0.996",
                        "content": "I"
                    }
                ],
                "start_time": "32.529",
                "end_time": "32.689",
                "speaker_label": "spk_0"
            },
            {
                "id": 69,
                "type": "pronunciation",
                "alternatives": [
                    {
                        "confidence": "0.996",
                        "content": "mean"
                    }
                ],
                "start_time": "32.689",
                "end_time": "32.86",
                "speaker_label": "spk_0"
            },
            {
                "id": 70,
                "type": "pronunciation",
                "alternatives": [
                    {
                        "confidence": "0.997",
                        "content": "like"
                    }
                ],
                "start_time": "32.86",
                "end_time": "33.4",
                "speaker_label": "spk_0"
            },
            {
                "id": 71,
                "type": "punctuation",
                "alternatives": [
                    {
                        "confidence": "0.0",
                        "content": "."
                    }
                ],
                "speaker_label": "spk_0"
            },
            {
                "id": 72,
                "type": "pronunciation",
                "alternatives": [
                    {
                        "confidence": "0.998",
                        "content": "And"
                    }
                ],
                "start_time": "34.939",
                "end_time": "35.33",
                "speaker_label": "spk_0"
            },
            {
                "id": 73,
                "type": "pronunciation",
                "alternatives": [
                    {
                        "confidence": "0.996",
                        "content": "what's"
                    }
                ],
                "start_time": "35.33",
                "end_time": "35.569",
                "speaker_label": "spk_0"
            },
            {
                "id": 74,
                "type": "pronunciation",
                "alternatives": [
                    {
                        "confidence": "0.998",
                        "content": "the"
                    }
                ],
                "start_time": "35.569",
                "end_time": "35.729",
                "speaker_label": "spk_0"
            },
            {
                "id": 75,
                "type": "pronunciation",
                "alternatives": [
                    {
                        "confidence": "0.999",
                        "content": "first"
                    }
                ],
                "start_time": "35.729",
                "end_time": "35.93",
                "speaker_label": "spk_0"
            },
            {
                "id": 76,
                "type": "pronunciation",
                "alternatives": [
                    {
                        "confidence": "0.999",
                        "content": "and"
                    }
                ],
                "start_time": "35.93",
                "end_time": "36.13",
                "speaker_label": "spk_0"
            },
            {
                "id": 77,
                "type": "pronunciation",
                "alternatives": [
                    {
                        "confidence": "0.999",
                        "content": "last"
                    }
                ],
                "start_time": "36.13",
                "end_time": "36.38",
                "speaker_label": "spk_0"
            },
            {
                "id": 78,
                "type": "pronunciation",
                "alternatives": [
                    {
                        "confidence": "0.998",
                        "content": "name"
                    }
                ],
                "start_time": "36.38",
                "end_time": "36.919",
                "speaker_label": "spk_0"
            },
            {
                "id": 79,
                "type": "punctuation",
                "alternatives": [
                    {
                        "confidence": "0.0",
                        "content": "?"
                    }
                ],
                "speaker_label": "spk_0"
            },
            {
                "id": 80,
                "type": "pronunciation",
                "alternatives": [
                    {
                        "content": "[PII]",
                        "redactions": [
                            {
                                "confidence": "1.0",
                                "type": "NAME",
                                "category": "PII"
                            }
                        ]
                    }
                ],
                "start_time": "37.29",
                "end_time": "38.169"
            },
            {
                "id": 81,
                "type": "punctuation",
                "alternatives": [
                    {
                        "confidence": "0.0",
                        "content": "."
                    }
                ]
            },
            {
                "id": 82,
                "type": "pronunciation",
                "alternatives": [
                    {
                        "confidence": "0.012",
                        "content": "Yeah"
                    }
                ],
                "start_time": "42.299",
                "end_time": "42.31",
                "speaker_label": "spk_0"
            },
            {
                "id": 83,
                "type": "pronunciation",
                "alternatives": [
                    {
                        "confidence": "0.997",
                        "content": "Um"
                    }
                ],
                "start_time": "48.68",
                "end_time": "49.139",
                "speaker_label": "spk_0"
            },
            {
                "id": 84,
                "type": "punctuation",
                "alternatives": [
                    {
                        "confidence": "0.0",
                        "content": ","
                    }
                ],
                "speaker_label": "spk_0"
            },
            {
                "id": 85,
                "type": "pronunciation",
                "alternatives": [
                    {
                        "confidence": "0.998",
                        "content": "so"
                    }
                ],
                "start_time": "49.22",
                "end_time": "49.5",
                "speaker_label": "spk_0"
            },
            {
                "id": 86,
                "type": "pronunciation",
                "alternatives": [
                    {
                        "confidence": "0.989",
                        "content": "she's"
                    }
                ],
                "start_time": "49.5",
                "end_time": "49.74",
                "speaker_label": "spk_0"
            },
            {
                "id": 87,
                "type": "pronunciation",
                "alternatives": [
                    {
                        "confidence": "0.997",
                        "content": "booked"
                    }
                ],
                "start_time": "49.74",
                "end_time": "49.979",
                "speaker_label": "spk_0"
            },
            {
                "id": 88,
                "type": "pronunciation",
                "alternatives": [
                    {
                        "confidence": "0.997",
                        "content": "in"
                    }
                ],
                "start_time": "49.979",
                "end_time": "50.33",
                "speaker_label": "spk_0"
            },
            {
                "id": 89,
                "type": "pronunciation",
                "alternatives": [
                    {
                        "confidence": "0.999",
                        "content": "for"
                    }
                ],
                "start_time": "50.33",
                "end_time": "50.5",
                "speaker_label": "spk_0"
            },
            {
                "id": 90,
                "type": "pronunciation",
                "alternatives": [
                    {
                        "confidence": "0.976",
                        "content": "1:00"
                    }
                ],
                "start_time": "50.5",
                "end_time": "51.22",
                "speaker_label": "spk_0"
            },
            {
                "id": 91,
                "type": "pronunciation",
                "alternatives": [
                    {
                        "confidence": "0.991",
                        "content": "p.m."
                    }
                ],
                "start_time": "51.22",
                "end_time": "51.54",
                "speaker_label": "spk_0"
            },
            {
                "id": 92,
                "type": "pronunciation",
                "alternatives": [
                    {
                        "confidence": "0.999",
                        "content": "on"
                    }
                ],
                "start_time": "51.54",
                "end_time": "51.74",
                "speaker_label": "spk_0"
            },
            {
                "id": 93,
                "type": "pronunciation",
                "alternatives": [
                    {
                        "confidence": "0.996",
                        "content": "April"
                    }
                ],
                "start_time": "51.74",
                "end_time": "52.13",
                "speaker_label": "spk_0"
            },
            {
                "id": 94,
                "type": "pronunciation",
                "alternatives": [
                    {
                        "confidence": "0.993",
                        "content": "3rd"
                    }
                ],
                "start_time": "52.13",
                "end_time": "52.58",
                "speaker_label": "spk_0"
            },
            {
                "id": 95,
                "type": "punctuation",
                "alternatives": [
                    {
                        "confidence": "0.0",
                        "content": "."
                    }
                ],
                "speaker_label": "spk_0"
            },
            {
                "id": 96,
                "type": "pronunciation",
                "alternatives": [
                    {
                        "confidence": "0.039",
                        "content": "So"
                    }
                ],
                "start_time": "54.31",
                "end_time": "54.319",
                "speaker_label": "spk_0"
            },
            {
                "id": 97,
                "type": "pronunciation",
                "alternatives": [
                    {
                        "confidence": "0.997",
                        "content": "OK"
                    }
                ],
                "start_time": "55.59",
                "end_time": "56.09",
                "speaker_label": "spk_0"
            },
            {
                "id": 98,
                "type": "punctuation",
                "alternatives": [
                    {
                        "confidence": "0.0",
                        "content": "."
                    }
                ],
                "speaker_label": "spk_0"
            },
            {
                "id": 99,
                "type": "pronunciation",
                "alternatives": [
                    {
                        "confidence": "0.996",
                        "content": "Alright"
                    }
                ],
                "start_time": "57.58",
                "end_time": "57.86",
                "speaker_label": "spk_0"
            },
            {
                "id": 100,
                "type": "pronunciation",
                "alternatives": [
                    {
                        "confidence": "0.998",
                        "content": "thank"
                    }
                ],
                "start_time": "57.86",
                "end_time": "58.099",
                "speaker_label": "spk_0"
            },
            {
                "id": 101,
                "type": "pronunciation",
                "alternatives": [
                    {
                        "confidence": "0.999",
                        "content": "you"
                    }
                ],
                "start_time": "58.099",
                "end_time": "58.619",
                "speaker_label": "spk_0"
            },
            {
                "id": 102,
                "type": "pronunciation",
                "alternatives": [
                    {
                        "confidence": "0.996",
                        "content": "no"
                    }
                ],
                "start_time": "58.619",
                "end_time": "58.779",
                "speaker_label": "spk_0"
            },
            {
                "id": 103,
                "type": "pronunciation",
                "alternatives": [
                    {
                        "confidence": "0.998",
                        "content": "problem"
                    }
                ],
                "start_time": "58.779",
                "end_time": "59.25",
                "speaker_label": "spk_0"
            },
            {
                "id": 104,
                "type": "pronunciation",
                "alternatives": [
                    {
                        "confidence": "0.996",
                        "content": "OK"
                    }
                ],
                "start_time": "59.81",
                "end_time": "59.939",
                "speaker_label": "spk_0"
            },
            {
                "id": 105,
                "type": "pronunciation",
                "alternatives": [
                    {
                        "confidence": "0.993",
                        "content": "bye"
                    }
                ],
                "start_time": "59.939",
                "end_time": "60.22",
                "speaker_label": "spk_0"
            },
            {
                "id": 106,
                "type": "punctuation",
                "alternatives": [
                    {
                        "confidence": "0.0",
                        "content": "."
                    }
                ],
                "speaker_label": "spk_0"
            }
        ],
        "audio_segments": [
            {
                "id": 0,
                "transcript": "You wanna fucking for for months at a time.",
                "start_time": "2.839",
                "end_time": "4.8",
                "speaker_label": "spk_0",
                "items": [
                    0,
                    1,
                    2,
                    3,
                    4,
                    5,
                    6,
                    7,
                    8,
                    9
                ]
            },
            {
                "id": 1,
                "transcript": "I think it looks like I take this medication and get a real so.",
                "start_time": "8.779",
                "end_time": "12.43",
                "speaker_label": "spk_0",
                "items": [
                    10,
                    11,
                    12,
                    13,
                    14,
                    15,
                    16,
                    17,
                    18,
                    19,
                    20,
                    21,
                    22,
                    23,
                    24
                ]
            },
            {
                "id": 2,
                "transcript": "How may I help you? Hi, I'm just inquiring. Does [PII] have an appointment booked for April 3rd.",
                "start_time": "15.659",
                "end_time": "23.979",
                "speaker_label": "spk_0",
                "items": [
                    25,
                    26,
                    27,
                    28,
                    29,
                    30,
                    31,
                    32,
                    33,
                    34,
                    35,
                    36,
                    37,
                    38,
                    39,
                    40,
                    41,
                    42,
                    43,
                    44,
                    45,
                    46
                ]
            },
            {
                "id": 3,
                "transcript": "OK, uh, let me just check which location um you in.",
                "start_time": "24.709",
                "end_time": "28.809",
                "speaker_label": "spk_0",
                "items": [
                    47,
                    48,
                    49,
                    50,
                    51,
                    52,
                    53,
                    54,
                    55,
                    56,
                    57,
                    58,
                    59,
                    60
                ]
            },
            {
                "id": 4,
                "transcript": "Pardon me, in which location? I mean like.",
                "start_time": "29.77",
                "end_time": "34.319",
                "speaker_label": "spk_0",
                "items": [
                    61,
                    62,
                    63,
                    64,
                    65,
                    66,
                    67,
                    68,
                    69,
                    70,
                    71
                ]
            },
            {
                "id": 5,
                "transcript": "And what's the first and last name? [PII].",
                "start_time": "34.93",
                "end_time": "38.27",
                "speaker_label": "spk_0",
                "items": [
                    72,
                    73,
                    74,
                    75,
                    76,
                    77,
                    78,
                    79,
                    80,
                    81
                ]
            },
            {
                "id": 6,
                "transcript": "Yeah",
                "start_time": "42.29",
                "end_time": "42.83",
                "speaker_label": "spk_0",
                "items": [
                    82
                ]
            },
            {
                "id": 7,
                "transcript": "Um, so she's booked in for 1:00 p.m. on April 3rd.",
                "start_time": "48.659",
                "end_time": "52.68",
                "speaker_label": "spk_0",
                "items": [
                    83,
                    84,
                    85,
                    86,
                    87,
                    88,
                    89,
                    90,
                    91,
                    92,
                    93,
                    94,
                    95
                ]
            },
            {
                "id": 8,
                "transcript": "So",
                "start_time": "54.0",
                "end_time": "55.029",
                "speaker_label": "spk_0",
                "items": [
                    96
                ]
            },
            {
                "id": 9,
                "transcript": "OK.",
                "start_time": "55.569",
                "end_time": "56.209",
                "speaker_label": "spk_0",
                "items": [
                    97,
                    98
                ]
            },
            {
                "id": 10,
                "transcript": "Alright thank you no problem OK bye.",
                "start_time": "57.259",
                "end_time": "60.34",
                "speaker_label": "spk_0",
                "items": [
                    99,
                    100,
                    101,
                    102,
                    103,
                    104,
                    105,
                    106
                ]
            }
        ]
    }
}