{
    "jobName": "transcription-job-2024-03-25T16-04-50Z-call-6386158b-84b2-43a9-8476-0cd9e8029415-1734642173",
    "accountId": "199040315413",
    "isRedacted": true,
    "status": "COMPLETED",
    "results": {
        "transcripts": [
            {
                "transcript": "After your diagnostics, please hold. Was diagnostics. Thank you for waiting. Sorry for the wait. How may I help you? Hi. I, uh, had made an appointment for my husband for an ultrasound tomorrow at 1:30. And uh. I just I've seen the requisition now and uh I had said kidney and bladder and it says kidney bladder and pelvis so I just wanted to make sure that was OK OK and your uh husband's name is [PII], OK. OK, yes, so he's actually booked for tomorrow 1:30 and yes it is, um, kidney bladder including meal breakfast. OK perfect awesome so we'll see you then tomorrow OK alright thank you welcome have a good day."
            }
        ],
        "speaker_labels": {
            "segments": [
                {
                    "start_time": "0.0",
                    "end_time": "2.349",
                    "speaker_label": "spk_0",
                    "items": [
                        {
                            "speaker_label": "spk_0",
                            "start_time": "0.319",
                            "end_time": "0.43"
                        },
                        {
                            "speaker_label": "spk_0",
                            "start_time": "0.43",
                            "end_time": "0.56"
                        },
                        {
                            "speaker_label": "spk_0",
                            "start_time": "0.56",
                            "end_time": "1.429"
                        },
                        {
                            "speaker_label": "spk_0",
                            "start_time": "1.44",
                            "end_time": "1.679"
                        },
                        {
                            "speaker_label": "spk_0",
                            "start_time": "1.679",
                            "end_time": "2.21"
                        }
                    ]
                },
                {
                    "start_time": "122.86",
                    "end_time": "133.639",
                    "speaker_label": "spk_0",
                    "items": [
                        {
                            "speaker_label": "spk_0",
                            "start_time": "123.23",
                            "end_time": "123.419"
                        },
                        {
                            "speaker_label": "spk_0",
                            "start_time": "123.419",
                            "end_time": "124.4"
                        },
                        {
                            "speaker_label": "spk_0",
                            "start_time": "124.5",
                            "end_time": "124.62"
                        },
                        {
                            "speaker_label": "spk_0",
                            "start_time": "124.62",
                            "end_time": "124.819"
                        },
                        {
                            "speaker_label": "spk_0",
                            "start_time": "124.819",
                            "end_time": "125.019"
                        },
                        {
                            "speaker_label": "spk_0",
                            "start_time": "125.019",
                            "end_time": "125.489"
                        },
                        {
                            "speaker_label": "spk_0",
                            "start_time": "125.62",
                            "end_time": "125.76"
                        },
                        {
                            "speaker_label": "spk_0",
                            "start_time": "125.76",
                            "end_time": "125.94"
                        },
                        {
                            "speaker_label": "spk_0",
                            "start_time": "125.94",
                            "end_time": "126.099"
                        },
                        {
                            "speaker_label": "spk_0",
                            "start_time": "126.099",
                            "end_time": "126.18"
                        },
                        {
                            "speaker_label": "spk_0",
                            "start_time": "126.419",
                            "end_time": "126.54"
                        },
                        {
                            "speaker_label": "spk_0",
                            "start_time": "126.54",
                            "end_time": "126.62"
                        },
                        {
                            "speaker_label": "spk_0",
                            "start_time": "126.62",
                            "end_time": "126.66"
                        },
                        {
                            "speaker_label": "spk_0",
                            "start_time": "126.66",
                            "end_time": "126.819"
                        },
                        {
                            "speaker_label": "spk_0",
                            "start_time": "126.819",
                            "end_time": "126.87"
                        },
                        {
                            "speaker_label": "spk_0",
                            "start_time": "126.889",
                            "end_time": "127.709"
                        },
                        {
                            "speaker_label": "spk_0",
                            "start_time": "127.849",
                            "end_time": "128.13"
                        },
                        {
                            "speaker_label": "spk_0",
                            "start_time": "128.139",
                            "end_time": "128.49"
                        },
                        {
                            "speaker_label": "spk_0",
                            "start_time": "128.5",
                            "end_time": "128.699"
                        },
                        {
                            "speaker_label": "spk_0",
                            "start_time": "128.699",
                            "end_time": "128.82"
                        },
                        {
                            "speaker_label": "spk_0",
                            "start_time": "128.82",
                            "end_time": "128.899"
                        },
                        {
                            "speaker_label": "spk_0",
                            "start_time": "128.899",
                            "end_time": "129.38"
                        },
                        {
                            "speaker_label": "spk_0",
                            "start_time": "129.38",
                            "end_time": "129.5"
                        },
                        {
                            "speaker_label": "spk_0",
                            "start_time": "129.5",
                            "end_time": "129.699"
                        },
                        {
                            "speaker_label": "spk_0",
                            "start_time": "129.699",
                            "end_time": "130.07"
                        },
                        {
                            "speaker_label": "spk_0",
                            "start_time": "130.07",
                            "end_time": "130.539"
                        },
                        {
                            "speaker_label": "spk_0",
                            "start_time": "130.539",
                            "end_time": "130.82"
                        },
                        {
                            "speaker_label": "spk_0",
                            "start_time": "130.82",
                            "end_time": "131.699"
                        },
                        {
                            "speaker_label": "spk_0",
                            "start_time": "131.699",
                            "end_time": "131.94"
                        },
                        {
                            "speaker_label": "spk_0",
                            "start_time": "131.94",
                            "end_time": "132.1"
                        },
                        {
                            "speaker_label": "spk_0",
                            "start_time": "132.1",
                            "end_time": "132.91"
                        }
                    ]
                },
                {
                    "start_time": "134.21",
                    "end_time": "135.74",
                    "speaker_label": "spk_0",
                    "items": [
                        {
                            "speaker_label": "spk_0",
                            "start_time": "134.389",
                            "end_time": "135.089"
                        },
                        {
                            "speaker_label": "spk_0",
                            "start_time": "135.089",
                            "end_time": "135.57"
                        }
                    ]
                },
                {
                    "start_time": "136.309",
                    "end_time": "152.039",
                    "speaker_label": "spk_0",
                    "items": [
                        {
                            "speaker_label": "spk_0",
                            "start_time": "136.339",
                            "end_time": "136.899"
                        },
                        {
                            "speaker_label": "spk_0",
                            "start_time": "137.19",
                            "end_time": "137.509"
                        },
                        {
                            "speaker_label": "spk_0",
                            "start_time": "137.509",
                            "end_time": "137.789"
                        },
                        {
                            "speaker_label": "spk_0",
                            "start_time": "137.789",
                            "end_time": "137.949"
                        },
                        {
                            "speaker_label": "spk_0",
                            "start_time": "137.949",
                            "end_time": "138.029"
                        },
                        {
                            "speaker_label": "spk_0",
                            "start_time": "138.029",
                            "end_time": "138.869"
                        },
                        {
                            "speaker_label": "spk_0",
                            "start_time": "138.869",
                            "end_time": "139.309"
                        },
                        {
                            "speaker_label": "spk_0",
                            "start_time": "139.309",
                            "end_time": "139.91"
                        },
                        {
                            "speaker_label": "spk_0",
                            "start_time": "139.91",
                            "end_time": "140.35"
                        },
                        {
                            "speaker_label": "spk_0",
                            "start_time": "140.35",
                            "end_time": "140.509"
                        },
                        {
                            "speaker_label": "spk_0",
                            "start_time": "140.509",
                            "end_time": "140.75"
                        },
                        {
                            "speaker_label": "spk_0",
                            "start_time": "140.75",
                            "end_time": "141.11"
                        },
                        {
                            "speaker_label": "spk_0",
                            "start_time": "141.11",
                            "end_time": "141.389"
                        },
                        {
                            "speaker_label": "spk_0",
                            "start_time": "141.389",
                            "end_time": "141.429"
                        },
                        {
                            "speaker_label": "spk_0",
                            "start_time": "141.429",
                            "end_time": "142.1"
                        },
                        {
                            "speaker_label": "spk_0",
                            "start_time": "142.389",
                            "end_time": "142.509"
                        },
                        {
                            "speaker_label": "spk_0",
                            "start_time": "142.509",
                            "end_time": "142.71"
                        },
                        {
                            "speaker_label": "spk_0",
                            "start_time": "142.71",
                            "end_time": "143.149"
                        },
                        {
                            "speaker_label": "spk_0",
                            "start_time": "143.149",
                            "end_time": "143.509"
                        },
                        {
                            "speaker_label": "spk_0",
                            "start_time": "143.509",
                            "end_time": "144.0"
                        },
                        {
                            "speaker_label": "spk_0",
                            "start_time": "144.0",
                            "end_time": "144.35"
                        },
                        {
                            "speaker_label": "spk_0",
                            "start_time": "144.35",
                            "end_time": "145.19"
                        },
                        {
                            "speaker_label": "spk_0",
                            "start_time": "145.19",
                            "end_time": "145.27"
                        },
                        {
                            "speaker_label": "spk_0",
                            "start_time": "145.27",
                            "end_time": "145.35"
                        },
                        {
                            "speaker_label": "spk_0",
                            "start_time": "145.35",
                            "end_time": "145.509"
                        },
                        {
                            "speaker_label": "spk_0",
                            "start_time": "145.509",
                            "end_time": "145.74"
                        },
                        {
                            "speaker_label": "spk_0",
                            "start_time": "145.74",
                            "end_time": "145.869"
                        },
                        {
                            "speaker_label": "spk_0",
                            "start_time": "145.869",
                            "end_time": "146.059"
                        },
                        {
                            "speaker_label": "spk_0",
                            "start_time": "146.059",
                            "end_time": "146.229"
                        },
                        {
                            "speaker_label": "spk_0",
                            "start_time": "146.229",
                            "end_time": "146.35"
                        },
                        {
                            "speaker_label": "spk_0",
                            "start_time": "146.35",
                            "end_time": "146.479"
                        },
                        {
                            "speaker_label": "spk_0",
                            "start_time": "146.479",
                            "end_time": "146.94"
                        },
                        {
                            "speaker_label": "spk_0",
                            "start_time": "147.029",
                            "end_time": "147.52"
                        },
                        {
                            "speaker_label": "spk_0",
                            "start_time": "147.52",
                            "end_time": "148.11"
                        },
                        {
                            "speaker_label": "spk_0",
                            "start_time": "148.11",
                            "end_time": "148.5"
                        },
                        {
                            "speaker_label": "spk_0",
                            "start_time": "148.5",
                            "end_time": "148.789"
                        },
                        {
                            "speaker_label": "spk_0",
                            "start_time": "148.789",
                            "end_time": "149.27"
                        },
                        {
                            "speaker_label": "spk_0",
                            "start_time": "149.27",
                            "end_time": "149.509"
                        },
                        {
                            "speaker_label": "spk_0",
                            "start_time": "149.509",
                            "end_time": "150.139"
                        },
                        {
                            "speaker_label": "spk_0",
                            "start_time": "150.35",
                            "end_time": "151.259"
                        },
                        {
                            "speaker_label": "spk_0",
                            "start_time": "151.38",
                            "end_time": "151.94"
                        }
                    ]
                },
                {
                    "start_time": "156.6",
                    "end_time": "164.75",
                    "speaker_label": "spk_0",
                    "items": [
                        {
                            "speaker_label": "spk_0",
                            "start_time": "156.619",
                            "end_time": "157.36"
                        },
                        {
                            "speaker_label": "spk_0",
                            "start_time": "157.6",
                            "end_time": "157.83"
                        },
                        {
                            "speaker_label": "spk_0",
                            "start_time": "157.889",
                            "end_time": "158.16"
                        },
                        {
                            "speaker_label": "spk_0",
                            "start_time": "158.16",
                            "end_time": "158.35"
                        },
                        {
                            "speaker_label": "spk_0",
                            "start_time": "158.35",
                            "end_time": "158.919"
                        },
                        {
                            "speaker_label": "spk_0",
                            "start_time": "158.919",
                            "end_time": "159.16"
                        },
                        {
                            "speaker_label": "spk_0",
                            "start_time": "159.16",
                            "end_time": "159.41"
                        },
                        {
                            "speaker_label": "spk_0",
                            "start_time": "159.41",
                            "end_time": "159.75"
                        },
                        {
                            "speaker_label": "spk_0",
                            "start_time": "159.75",
                            "end_time": "160.44"
                        },
                        {
                            "speaker_label": "spk_0",
                            "start_time": "160.44",
                            "end_time": "160.679"
                        },
                        {
                            "speaker_label": "spk_0",
                            "start_time": "160.679",
                            "end_time": "160.96"
                        },
                        {
                            "speaker_label": "spk_0",
                            "start_time": "160.96",
                            "end_time": "161.16"
                        },
                        {
                            "speaker_label": "spk_0",
                            "start_time": "161.16",
                            "end_time": "161.55"
                        },
                        {
                            "speaker_label": "spk_0",
                            "start_time": "161.559",
                            "end_time": "162.029"
                        },
                        {
                            "speaker_label": "spk_0",
                            "start_time": "162.039",
                            "end_time": "162.419"
                        },
                        {
                            "speaker_label": "spk_0",
                            "start_time": "162.419",
                            "end_time": "163.27"
                        },
                        {
                            "speaker_label": "spk_0",
                            "start_time": "163.27",
                            "end_time": "163.639"
                        },
                        {
                            "speaker_label": "spk_0",
                            "start_time": "163.639",
                            "end_time": "164.02"
                        },
                        {
                            "speaker_label": "spk_0",
                            "start_time": "164.02",
                            "end_time": "164.559"
                        }
                    ]
                },
                {
                    "start_time": "165.309",
                    "end_time": "171.979",
                    "speaker_label": "spk_0",
                    "items": [
                        {
                            "speaker_label": "spk_0",
                            "start_time": "165.32",
                            "end_time": "165.75"
                        },
                        {
                            "speaker_label": "spk_0",
                            "start_time": "165.75",
                            "end_time": "166.47"
                        },
                        {
                            "speaker_label": "spk_0",
                            "start_time": "166.75",
                            "end_time": "167.11"
                        },
                        {
                            "speaker_label": "spk_0",
                            "start_time": "167.11",
                            "end_time": "167.229"
                        },
                        {
                            "speaker_label": "spk_0",
                            "start_time": "167.229",
                            "end_time": "167.63"
                        },
                        {
                            "speaker_label": "spk_0",
                            "start_time": "167.63",
                            "end_time": "167.75"
                        },
                        {
                            "speaker_label": "spk_0",
                            "start_time": "167.75",
                            "end_time": "167.869"
                        },
                        {
                            "speaker_label": "spk_0",
                            "start_time": "167.869",
                            "end_time": "168.19"
                        },
                        {
                            "speaker_label": "spk_0",
                            "start_time": "168.19",
                            "end_time": "168.74"
                        },
                        {
                            "speaker_label": "spk_0",
                            "start_time": "169.07",
                            "end_time": "169.539"
                        },
                        {
                            "speaker_label": "spk_0",
                            "start_time": "169.869",
                            "end_time": "169.949"
                        },
                        {
                            "speaker_label": "spk_0",
                            "start_time": "169.949",
                            "end_time": "170.07"
                        },
                        {
                            "speaker_label": "spk_0",
                            "start_time": "170.07",
                            "end_time": "170.38"
                        },
                        {
                            "speaker_label": "spk_0",
                            "start_time": "170.55",
                            "end_time": "170.99"
                        },
                        {
                            "speaker_label": "spk_0",
                            "start_time": "170.99",
                            "end_time": "171.11"
                        },
                        {
                            "speaker_label": "spk_0",
                            "start_time": "171.11",
                            "end_time": "171.229"
                        },
                        {
                            "speaker_label": "spk_0",
                            "start_time": "171.229",
                            "end_time": "171.389"
                        },
                        {
                            "speaker_label": "spk_0",
                            "start_time": "171.389",
                            "end_time": "171.66"
                        }
                    ]
                }
            ],
            "channel_label": "ch_0",
            "speakers": 1
        },
        "items": [
            {
                "id": 0,
                "type": "pronunciation",
                "alternatives": [
                    {
                        "confidence": "0.601",
                        "content": "After"
                    }
                ],
                "start_time": "0.319",
                "end_time": "0.43",
                "speaker_label": "spk_0"
            },
            {
                "id": 1,
                "type": "pronunciation",
                "alternatives": [
                    {
                        "confidence": "0.833",
                        "content": "your"
                    }
                ],
                "start_time": "0.43",
                "end_time": "0.56",
                "speaker_label": "spk_0"
            },
            {
                "id": 2,
                "type": "pronunciation",
                "alternatives": [
                    {
                        "confidence": "0.985",
                        "content": "diagnostics"
                    }
                ],
                "start_time": "0.56",
                "end_time": "1.429",
                "speaker_label": "spk_0"
            },
            {
                "id": 3,
                "type": "punctuation",
                "alternatives": [
                    {
                        "confidence": "0.0",
                        "content": ","
                    }
                ],
                "speaker_label": "spk_0"
            },
            {
                "id": 4,
                "type": "pronunciation",
                "alternatives": [
                    {
                        "confidence": "0.997",
                        "content": "please"
                    }
                ],
                "start_time": "1.44",
                "end_time": "1.679",
                "speaker_label": "spk_0"
            },
            {
                "id": 5,
                "type": "pronunciation",
                "alternatives": [
                    {
                        "confidence": "0.998",
                        "content": "hold"
                    }
                ],
                "start_time": "1.679",
                "end_time": "2.21",
                "speaker_label": "spk_0"
            },
            {
                "id": 6,
                "type": "punctuation",
                "alternatives": [
                    {
                        "confidence": "0.0",
                        "content": "."
                    }
                ],
                "speaker_label": "spk_0"
            },
            {
                "id": 7,
                "type": "pronunciation",
                "alternatives": [
                    {
                        "confidence": "0.068",
                        "content": "Was"
                    }
                ],
                "start_time": "123.23",
                "end_time": "123.419",
                "speaker_label": "spk_0"
            },
            {
                "id": 8,
                "type": "pronunciation",
                "alternatives": [
                    {
                        "confidence": "0.888",
                        "content": "diagnostics"
                    }
                ],
                "start_time": "123.419",
                "end_time": "124.4",
                "speaker_label": "spk_0"
            },
            {
                "id": 9,
                "type": "punctuation",
                "alternatives": [
                    {
                        "confidence": "0.0",
                        "content": "."
                    }
                ],
                "speaker_label": "spk_0"
            },
            {
                "id": 10,
                "type": "pronunciation",
                "alternatives": [
                    {
                        "confidence": "0.92",
                        "content": "Thank"
                    }
                ],
                "start_time": "124.5",
                "end_time": "124.62",
                "speaker_label": "spk_0"
            },
            {
                "id": 11,
                "type": "pronunciation",
                "alternatives": [
                    {
                        "confidence": "0.998",
                        "content": "you"
                    }
                ],
                "start_time": "124.62",
                "end_time": "124.819",
                "speaker_label": "spk_0"
            },
            {
                "id": 12,
                "type": "pronunciation",
                "alternatives": [
                    {
                        "confidence": "0.998",
                        "content": "for"
                    }
                ],
                "start_time": "124.819",
                "end_time": "125.019",
                "speaker_label": "spk_0"
            },
            {
                "id": 13,
                "type": "pronunciation",
                "alternatives": [
                    {
                        "confidence": "0.996",
                        "content": "waiting"
                    }
                ],
                "start_time": "125.019",
                "end_time": "125.489",
                "speaker_label": "spk_0"
            },
            {
                "id": 14,
                "type": "punctuation",
                "alternatives": [
                    {
                        "confidence": "0.0",
                        "content": "."
                    }
                ],
                "speaker_label": "spk_0"
            },
            {
                "id": 15,
                "type": "pronunciation",
                "alternatives": [
                    {
                        "confidence": "0.965",
                        "content": "Sorry"
                    }
                ],
                "start_time": "125.62",
                "end_time": "125.76",
                "speaker_label": "spk_0"
            },
            {
                "id": 16,
                "type": "pronunciation",
                "alternatives": [
                    {
                        "confidence": "0.997",
                        "content": "for"
                    }
                ],
                "start_time": "125.76",
                "end_time": "125.94",
                "speaker_label": "spk_0"
            },
            {
                "id": 17,
                "type": "pronunciation",
                "alternatives": [
                    {
                        "confidence": "0.996",
                        "content": "the"
                    }
                ],
                "start_time": "125.94",
                "end_time": "126.099",
                "speaker_label": "spk_0"
            },
            {
                "id": 18,
                "type": "pronunciation",
                "alternatives": [
                    {
                        "confidence": "0.996",
                        "content": "wait"
                    }
                ],
                "start_time": "126.099",
                "end_time": "126.18",
                "speaker_label": "spk_0"
            },
            {
                "id": 19,
                "type": "punctuation",
                "alternatives": [
                    {
                        "confidence": "0.0",
                        "content": "."
                    }
                ],
                "speaker_label": "spk_0"
            },
            {
                "id": 20,
                "type": "pronunciation",
                "alternatives": [
                    {
                        "confidence": "0.996",
                        "content": "How"
                    }
                ],
                "start_time": "126.419",
                "end_time": "126.54",
                "speaker_label": "spk_0"
            },
            {
                "id": 21,
                "type": "pronunciation",
                "alternatives": [
                    {
                        "confidence": "0.997",
                        "content": "may"
                    }
                ],
                "start_time": "126.54",
                "end_time": "126.62",
                "speaker_label": "spk_0"
            },
            {
                "id": 22,
                "type": "pronunciation",
                "alternatives": [
                    {
                        "confidence": "0.996",
                        "content": "I"
                    }
                ],
                "start_time": "126.62",
                "end_time": "126.66",
                "speaker_label": "spk_0"
            },
            {
                "id": 23,
                "type": "pronunciation",
                "alternatives": [
                    {
                        "confidence": "0.996",
                        "content": "help"
                    }
                ],
                "start_time": "126.66",
                "end_time": "126.819",
                "speaker_label": "spk_0"
            },
            {
                "id": 24,
                "type": "pronunciation",
                "alternatives": [
                    {
                        "confidence": "0.706",
                        "content": "you"
                    }
                ],
                "start_time": "126.819",
                "end_time": "126.87",
                "speaker_label": "spk_0"
            },
            {
                "id": 25,
                "type": "punctuation",
                "alternatives": [
                    {
                        "confidence": "0.0",
                        "content": "?"
                    }
                ],
                "speaker_label": "spk_0"
            },
            {
                "id": 26,
                "type": "pronunciation",
                "alternatives": [
                    {
                        "confidence": "0.98",
                        "content": "Hi"
                    }
                ],
                "start_time": "126.889",
                "end_time": "127.709",
                "speaker_label": "spk_0"
            },
            {
                "id": 27,
                "type": "punctuation",
                "alternatives": [
                    {
                        "confidence": "0.0",
                        "content": "."
                    }
                ],
                "speaker_label": "spk_0"
            },
            {
                "id": 28,
                "type": "pronunciation",
                "alternatives": [
                    {
                        "confidence": "0.997",
                        "content": "I"
                    }
                ],
                "start_time": "127.849",
                "end_time": "128.13",
                "speaker_label": "spk_0"
            },
            {
                "id": 29,
                "type": "punctuation",
                "alternatives": [
                    {
                        "confidence": "0.0",
                        "content": ","
                    }
                ],
                "speaker_label": "spk_0"
            },
            {
                "id": 30,
                "type": "pronunciation",
                "alternatives": [
                    {
                        "confidence": "0.996",
                        "content": "uh"
                    }
                ],
                "start_time": "128.139",
                "end_time": "128.49",
                "speaker_label": "spk_0"
            },
            {
                "id": 31,
                "type": "punctuation",
                "alternatives": [
                    {
                        "confidence": "0.0",
                        "content": ","
                    }
                ],
                "speaker_label": "spk_0"
            },
            {
                "id": 32,
                "type": "pronunciation",
                "alternatives": [
                    {
                        "confidence": "0.997",
                        "content": "had"
                    }
                ],
                "start_time": "128.5",
                "end_time": "128.699",
                "speaker_label": "spk_0"
            },
            {
                "id": 33,
                "type": "pronunciation",
                "alternatives": [
                    {
                        "confidence": "0.998",
                        "content": "made"
                    }
                ],
                "start_time": "128.699",
                "end_time": "128.82",
                "speaker_label": "spk_0"
            },
            {
                "id": 34,
                "type": "pronunciation",
                "alternatives": [
                    {
                        "confidence": "0.997",
                        "content": "an"
                    }
                ],
                "start_time": "128.82",
                "end_time": "128.899",
                "speaker_label": "spk_0"
            },
            {
                "id": 35,
                "type": "pronunciation",
                "alternatives": [
                    {
                        "confidence": "0.994",
                        "content": "appointment"
                    }
                ],
                "start_time": "128.899",
                "end_time": "129.38",
                "speaker_label": "spk_0"
            },
            {
                "id": 36,
                "type": "pronunciation",
                "alternatives": [
                    {
                        "confidence": "0.998",
                        "content": "for"
                    }
                ],
                "start_time": "129.38",
                "end_time": "129.5",
                "speaker_label": "spk_0"
            },
            {
                "id": 37,
                "type": "pronunciation",
                "alternatives": [
                    {
                        "confidence": "0.998",
                        "content": "my"
                    }
                ],
                "start_time": "129.5",
                "end_time": "129.699",
                "speaker_label": "spk_0"
            },
            {
                "id": 38,
                "type": "pronunciation",
                "alternatives": [
                    {
                        "confidence": "0.999",
                        "content": "husband"
                    }
                ],
                "start_time": "129.699",
                "end_time": "130.07",
                "speaker_label": "spk_0"
            },
            {
                "id": 39,
                "type": "pronunciation",
                "alternatives": [
                    {
                        "confidence": "0.998",
                        "content": "for"
                    }
                ],
                "start_time": "130.07",
                "end_time": "130.539",
                "speaker_label": "spk_0"
            },
            {
                "id": 40,
                "type": "pronunciation",
                "alternatives": [
                    {
                        "confidence": "0.996",
                        "content": "an"
                    }
                ],
                "start_time": "130.539",
                "end_time": "130.82",
                "speaker_label": "spk_0"
            },
            {
                "id": 41,
                "type": "pronunciation",
                "alternatives": [
                    {
                        "confidence": "0.989",
                        "content": "ultrasound"
                    }
                ],
                "start_time": "130.82",
                "end_time": "131.699",
                "speaker_label": "spk_0"
            },
            {
                "id": 42,
                "type": "pronunciation",
                "alternatives": [
                    {
                        "confidence": "0.998",
                        "content": "tomorrow"
                    }
                ],
                "start_time": "131.699",
                "end_time": "131.94",
                "speaker_label": "spk_0"
            },
            {
                "id": 43,
                "type": "pronunciation",
                "alternatives": [
                    {
                        "confidence": "0.998",
                        "content": "at"
                    }
                ],
                "start_time": "131.94",
                "end_time": "132.1",
                "speaker_label": "spk_0"
            },
            {
                "id": 44,
                "type": "pronunciation",
                "alternatives": [
                    {
                        "confidence": "0.991",
                        "content": "1:30"
                    }
                ],
                "start_time": "132.1",
                "end_time": "132.91",
                "speaker_label": "spk_0"
            },
            {
                "id": 45,
                "type": "punctuation",
                "alternatives": [
                    {
                        "confidence": "0.0",
                        "content": "."
                    }
                ],
                "speaker_label": "spk_0"
            },
            {
                "id": 46,
                "type": "pronunciation",
                "alternatives": [
                    {
                        "confidence": "0.997",
                        "content": "And"
                    }
                ],
                "start_time": "134.389",
                "end_time": "135.089",
                "speaker_label": "spk_0"
            },
            {
                "id": 47,
                "type": "pronunciation",
                "alternatives": [
                    {
                        "confidence": "0.997",
                        "content": "uh"
                    }
                ],
                "start_time": "135.089",
                "end_time": "135.57",
                "speaker_label": "spk_0"
            },
            {
                "id": 48,
                "type": "punctuation",
                "alternatives": [
                    {
                        "confidence": "0.0",
                        "content": "."
                    }
                ],
                "speaker_label": "spk_0"
            },
            {
                "id": 49,
                "type": "pronunciation",
                "alternatives": [
                    {
                        "confidence": "0.997",
                        "content": "I"
                    }
                ],
                "start_time": "136.339",
                "end_time": "136.899",
                "speaker_label": "spk_0"
            },
            {
                "id": 50,
                "type": "pronunciation",
                "alternatives": [
                    {
                        "confidence": "0.999",
                        "content": "just"
                    }
                ],
                "start_time": "137.19",
                "end_time": "137.509",
                "speaker_label": "spk_0"
            },
            {
                "id": 51,
                "type": "pronunciation",
                "alternatives": [
                    {
                        "confidence": "0.951",
                        "content": "I've"
                    }
                ],
                "start_time": "137.509",
                "end_time": "137.789",
                "speaker_label": "spk_0"
            },
            {
                "id": 52,
                "type": "pronunciation",
                "alternatives": [
                    {
                        "confidence": "0.996",
                        "content": "seen"
                    }
                ],
                "start_time": "137.789",
                "end_time": "137.949",
                "speaker_label": "spk_0"
            },
            {
                "id": 53,
                "type": "pronunciation",
                "alternatives": [
                    {
                        "confidence": "0.996",
                        "content": "the"
                    }
                ],
                "start_time": "137.949",
                "end_time": "138.029",
                "speaker_label": "spk_0"
            },
            {
                "id": 54,
                "type": "pronunciation",
                "alternatives": [
                    {
                        "confidence": "0.994",
                        "content": "requisition"
                    }
                ],
                "start_time": "138.029",
                "end_time": "138.869",
                "speaker_label": "spk_0"
            },
            {
                "id": 55,
                "type": "pronunciation",
                "alternatives": [
                    {
                        "confidence": "0.998",
                        "content": "now"
                    }
                ],
                "start_time": "138.869",
                "end_time": "139.309",
                "speaker_label": "spk_0"
            },
            {
                "id": 56,
                "type": "pronunciation",
                "alternatives": [
                    {
                        "confidence": "0.999",
                        "content": "and"
                    }
                ],
                "start_time": "139.309",
                "end_time": "139.91",
                "speaker_label": "spk_0"
            },
            {
                "id": 57,
                "type": "pronunciation",
                "alternatives": [
                    {
                        "confidence": "0.998",
                        "content": "uh"
                    }
                ],
                "start_time": "139.91",
                "end_time": "140.35",
                "speaker_label": "spk_0"
            },
            {
                "id": 58,
                "type": "pronunciation",
                "alternatives": [
                    {
                        "confidence": "0.998",
                        "content": "I"
                    }
                ],
                "start_time": "140.35",
                "end_time": "140.509",
                "speaker_label": "spk_0"
            },
            {
                "id": 59,
                "type": "pronunciation",
                "alternatives": [
                    {
                        "confidence": "0.996",
                        "content": "had"
                    }
                ],
                "start_time": "140.509",
                "end_time": "140.75",
                "speaker_label": "spk_0"
            },
            {
                "id": 60,
                "type": "pronunciation",
                "alternatives": [
                    {
                        "confidence": "0.996",
                        "content": "said"
                    }
                ],
                "start_time": "140.75",
                "end_time": "141.11",
                "speaker_label": "spk_0"
            },
            {
                "id": 61,
                "type": "pronunciation",
                "alternatives": [
                    {
                        "confidence": "0.997",
                        "content": "kidney"
                    }
                ],
                "start_time": "141.11",
                "end_time": "141.389",
                "speaker_label": "spk_0"
            },
            {
                "id": 62,
                "type": "pronunciation",
                "alternatives": [
                    {
                        "confidence": "0.997",
                        "content": "and"
                    }
                ],
                "start_time": "141.389",
                "end_time": "141.429",
                "speaker_label": "spk_0"
            },
            {
                "id": 63,
                "type": "pronunciation",
                "alternatives": [
                    {
                        "confidence": "0.995",
                        "content": "bladder"
                    }
                ],
                "start_time": "141.429",
                "end_time": "142.1",
                "speaker_label": "spk_0"
            },
            {
                "id": 64,
                "type": "pronunciation",
                "alternatives": [
                    {
                        "confidence": "0.998",
                        "content": "and"
                    }
                ],
                "start_time": "142.389",
                "end_time": "142.509",
                "speaker_label": "spk_0"
            },
            {
                "id": 65,
                "type": "pronunciation",
                "alternatives": [
                    {
                        "confidence": "0.999",
                        "content": "it"
                    }
                ],
                "start_time": "142.509",
                "end_time": "142.71",
                "speaker_label": "spk_0"
            },
            {
                "id": 66,
                "type": "pronunciation",
                "alternatives": [
                    {
                        "confidence": "0.998",
                        "content": "says"
                    }
                ],
                "start_time": "142.71",
                "end_time": "143.149",
                "speaker_label": "spk_0"
            },
            {
                "id": 67,
                "type": "pronunciation",
                "alternatives": [
                    {
                        "confidence": "0.998",
                        "content": "kidney"
                    }
                ],
                "start_time": "143.149",
                "end_time": "143.509",
                "speaker_label": "spk_0"
            },
            {
                "id": 68,
                "type": "pronunciation",
                "alternatives": [
                    {
                        "confidence": "0.997",
                        "content": "bladder"
                    }
                ],
                "start_time": "143.509",
                "end_time": "144.0",
                "speaker_label": "spk_0"
            },
            {
                "id": 69,
                "type": "pronunciation",
                "alternatives": [
                    {
                        "confidence": "0.999",
                        "content": "and"
                    }
                ],
                "start_time": "144.0",
                "end_time": "144.35",
                "speaker_label": "spk_0"
            },
            {
                "id": 70,
                "type": "pronunciation",
                "alternatives": [
                    {
                        "confidence": "0.997",
                        "content": "pelvis"
                    }
                ],
                "start_time": "144.35",
                "end_time": "145.19",
                "speaker_label": "spk_0"
            },
            {
                "id": 71,
                "type": "pronunciation",
                "alternatives": [
                    {
                        "confidence": "0.996",
                        "content": "so"
                    }
                ],
                "start_time": "145.19",
                "end_time": "145.27",
                "speaker_label": "spk_0"
            },
            {
                "id": 72,
                "type": "pronunciation",
                "alternatives": [
                    {
                        "confidence": "0.997",
                        "content": "I"
                    }
                ],
                "start_time": "145.27",
                "end_time": "145.35",
                "speaker_label": "spk_0"
            },
            {
                "id": 73,
                "type": "pronunciation",
                "alternatives": [
                    {
                        "confidence": "0.999",
                        "content": "just"
                    }
                ],
                "start_time": "145.35",
                "end_time": "145.509",
                "speaker_label": "spk_0"
            },
            {
                "id": 74,
                "type": "pronunciation",
                "alternatives": [
                    {
                        "confidence": "0.998",
                        "content": "wanted"
                    }
                ],
                "start_time": "145.509",
                "end_time": "145.74",
                "speaker_label": "spk_0"
            },
            {
                "id": 75,
                "type": "pronunciation",
                "alternatives": [
                    {
                        "confidence": "0.999",
                        "content": "to"
                    }
                ],
                "start_time": "145.74",
                "end_time": "145.869",
                "speaker_label": "spk_0"
            },
            {
                "id": 76,
                "type": "pronunciation",
                "alternatives": [
                    {
                        "confidence": "0.999",
                        "content": "make"
                    }
                ],
                "start_time": "145.869",
                "end_time": "146.059",
                "speaker_label": "spk_0"
            },
            {
                "id": 77,
                "type": "pronunciation",
                "alternatives": [
                    {
                        "confidence": "0.999",
                        "content": "sure"
                    }
                ],
                "start_time": "146.059",
                "end_time": "146.229",
                "speaker_label": "spk_0"
            },
            {
                "id": 78,
                "type": "pronunciation",
                "alternatives": [
                    {
                        "confidence": "0.997",
                        "content": "that"
                    }
                ],
                "start_time": "146.229",
                "end_time": "146.35",
                "speaker_label": "spk_0"
            },
            {
                "id": 79,
                "type": "pronunciation",
                "alternatives": [
                    {
                        "confidence": "0.999",
                        "content": "was"
                    }
                ],
                "start_time": "146.35",
                "end_time": "146.479",
                "speaker_label": "spk_0"
            },
            {
                "id": 80,
                "type": "pronunciation",
                "alternatives": [
                    {
                        "confidence": "0.996",
                        "content": "OK"
                    }
                ],
                "start_time": "146.479",
                "end_time": "146.94",
                "speaker_label": "spk_0"
            },
            {
                "id": 81,
                "type": "pronunciation",
                "alternatives": [
                    {
                        "confidence": "0.996",
                        "content": "OK"
                    }
                ],
                "start_time": "147.029",
                "end_time": "147.52",
                "speaker_label": "spk_0"
            },
            {
                "id": 82,
                "type": "pronunciation",
                "alternatives": [
                    {
                        "confidence": "0.996",
                        "content": "and"
                    }
                ],
                "start_time": "147.52",
                "end_time": "148.11",
                "speaker_label": "spk_0"
            },
            {
                "id": 83,
                "type": "pronunciation",
                "alternatives": [
                    {
                        "confidence": "0.997",
                        "content": "your"
                    }
                ],
                "start_time": "148.11",
                "end_time": "148.5",
                "speaker_label": "spk_0"
            },
            {
                "id": 84,
                "type": "pronunciation",
                "alternatives": [
                    {
                        "confidence": "0.996",
                        "content": "uh"
                    }
                ],
                "start_time": "148.5",
                "end_time": "148.789",
                "speaker_label": "spk_0"
            },
            {
                "id": 85,
                "type": "pronunciation",
                "alternatives": [
                    {
                        "confidence": "0.995",
                        "content": "husband's"
                    }
                ],
                "start_time": "148.789",
                "end_time": "149.27",
                "speaker_label": "spk_0"
            },
            {
                "id": 86,
                "type": "pronunciation",
                "alternatives": [
                    {
                        "confidence": "0.999",
                        "content": "name"
                    }
                ],
                "start_time": "149.27",
                "end_time": "149.509",
                "speaker_label": "spk_0"
            },
            {
                "id": 87,
                "type": "pronunciation",
                "alternatives": [
                    {
                        "confidence": "0.998",
                        "content": "is"
                    }
                ],
                "start_time": "149.509",
                "end_time": "150.139",
                "speaker_label": "spk_0"
            },
            {
                "id": 88,
                "type": "pronunciation",
                "alternatives": [
                    {
                        "content": "[PII]",
                        "redactions": [
                            {
                                "confidence": "1.0",
                                "type": "NAME",
                                "category": "PII"
                            }
                        ]
                    }
                ],
                "start_time": "150.35",
                "end_time": "151.259"
            },
            {
                "id": 89,
                "type": "punctuation",
                "alternatives": [
                    {
                        "confidence": "0.0",
                        "content": ","
                    }
                ]
            },
            {
                "id": 90,
                "type": "pronunciation",
                "alternatives": [
                    {
                        "confidence": "0.996",
                        "content": "OK"
                    }
                ],
                "start_time": "151.38",
                "end_time": "151.94",
                "speaker_label": "spk_0"
            },
            {
                "id": 91,
                "type": "punctuation",
                "alternatives": [
                    {
                        "confidence": "0.0",
                        "content": "."
                    }
                ],
                "speaker_label": "spk_0"
            },
            {
                "id": 92,
                "type": "pronunciation",
                "alternatives": [
                    {
                        "confidence": "0.998",
                        "content": "OK"
                    }
                ],
                "start_time": "156.619",
                "end_time": "157.36",
                "speaker_label": "spk_0"
            },
            {
                "id": 93,
                "type": "punctuation",
                "alternatives": [
                    {
                        "confidence": "0.0",
                        "content": ","
                    }
                ],
                "speaker_label": "spk_0"
            },
            {
                "id": 94,
                "type": "pronunciation",
                "alternatives": [
                    {
                        "confidence": "0.996",
                        "content": "yes"
                    }
                ],
                "start_time": "157.6",
                "end_time": "157.83",
                "speaker_label": "spk_0"
            },
            {
                "id": 95,
                "type": "punctuation",
                "alternatives": [
                    {
                        "confidence": "0.0",
                        "content": ","
                    }
                ],
                "speaker_label": "spk_0"
            },
            {
                "id": 96,
                "type": "pronunciation",
                "alternatives": [
                    {
                        "confidence": "0.997",
                        "content": "so"
                    }
                ],
                "start_time": "157.889",
                "end_time": "158.16",
                "speaker_label": "spk_0"
            },
            {
                "id": 97,
                "type": "pronunciation",
                "alternatives": [
                    {
                        "confidence": "0.991",
                        "content": "he's"
                    }
                ],
                "start_time": "158.16",
                "end_time": "158.35",
                "speaker_label": "spk_0"
            },
            {
                "id": 98,
                "type": "pronunciation",
                "alternatives": [
                    {
                        "confidence": "0.999",
                        "content": "actually"
                    }
                ],
                "start_time": "158.35",
                "end_time": "158.919",
                "speaker_label": "spk_0"
            },
            {
                "id": 99,
                "type": "pronunciation",
                "alternatives": [
                    {
                        "confidence": "0.996",
                        "content": "booked"
                    }
                ],
                "start_time": "158.919",
                "end_time": "159.16",
                "speaker_label": "spk_0"
            },
            {
                "id": 100,
                "type": "pronunciation",
                "alternatives": [
                    {
                        "confidence": "0.999",
                        "content": "for"
                    }
                ],
                "start_time": "159.16",
                "end_time": "159.41",
                "speaker_label": "spk_0"
            },
            {
                "id": 101,
                "type": "pronunciation",
                "alternatives": [
                    {
                        "confidence": "0.999",
                        "content": "tomorrow"
                    }
                ],
                "start_time": "159.41",
                "end_time": "159.75",
                "speaker_label": "spk_0"
            },
            {
                "id": 102,
                "type": "pronunciation",
                "alternatives": [
                    {
                        "confidence": "0.994",
                        "content": "1:30"
                    }
                ],
                "start_time": "159.75",
                "end_time": "160.44",
                "speaker_label": "spk_0"
            },
            {
                "id": 103,
                "type": "pronunciation",
                "alternatives": [
                    {
                        "confidence": "0.998",
                        "content": "and"
                    }
                ],
                "start_time": "160.44",
                "end_time": "160.679",
                "speaker_label": "spk_0"
            },
            {
                "id": 104,
                "type": "pronunciation",
                "alternatives": [
                    {
                        "confidence": "0.998",
                        "content": "yes"
                    }
                ],
                "start_time": "160.679",
                "end_time": "160.96",
                "speaker_label": "spk_0"
            },
            {
                "id": 105,
                "type": "pronunciation",
                "alternatives": [
                    {
                        "confidence": "0.999",
                        "content": "it"
                    }
                ],
                "start_time": "160.96",
                "end_time": "161.16",
                "speaker_label": "spk_0"
            },
            {
                "id": 106,
                "type": "pronunciation",
                "alternatives": [
                    {
                        "confidence": "0.999",
                        "content": "is"
                    }
                ],
                "start_time": "161.16",
                "end_time": "161.55",
                "speaker_label": "spk_0"
            },
            {
                "id": 107,
                "type": "punctuation",
                "alternatives": [
                    {
                        "confidence": "0.0",
                        "content": ","
                    }
                ],
                "speaker_label": "spk_0"
            },
            {
                "id": 108,
                "type": "pronunciation",
                "alternatives": [
                    {
                        "confidence": "0.997",
                        "content": "um"
                    }
                ],
                "start_time": "161.559",
                "end_time": "162.029",
                "speaker_label": "spk_0"
            },
            {
                "id": 109,
                "type": "punctuation",
                "alternatives": [
                    {
                        "confidence": "0.0",
                        "content": ","
                    }
                ],
                "speaker_label": "spk_0"
            },
            {
                "id": 110,
                "type": "pronunciation",
                "alternatives": [
                    {
                        "confidence": "0.997",
                        "content": "kidney"
                    }
                ],
                "start_time": "162.039",
                "end_time": "162.419",
                "speaker_label": "spk_0"
            },
            {
                "id": 111,
                "type": "pronunciation",
                "alternatives": [
                    {
                        "confidence": "0.99",
                        "content": "bladder"
                    }
                ],
                "start_time": "162.419",
                "end_time": "163.27",
                "speaker_label": "spk_0"
            },
            {
                "id": 112,
                "type": "pronunciation",
                "alternatives": [
                    {
                        "confidence": "0.998",
                        "content": "including"
                    }
                ],
                "start_time": "163.27",
                "end_time": "163.639",
                "speaker_label": "spk_0"
            },
            {
                "id": 113,
                "type": "pronunciation",
                "alternatives": [
                    {
                        "confidence": "0.774",
                        "content": "meal"
                    }
                ],
                "start_time": "163.639",
                "end_time": "164.02",
                "speaker_label": "spk_0"
            },
            {
                "id": 114,
                "type": "pronunciation",
                "alternatives": [
                    {
                        "confidence": "0.862",
                        "content": "breakfast"
                    }
                ],
                "start_time": "164.02",
                "end_time": "164.559",
                "speaker_label": "spk_0"
            },
            {
                "id": 115,
                "type": "punctuation",
                "alternatives": [
                    {
                        "confidence": "0.0",
                        "content": "."
                    }
                ],
                "speaker_label": "spk_0"
            },
            {
                "id": 116,
                "type": "pronunciation",
                "alternatives": [
                    {
                        "confidence": "0.997",
                        "content": "OK"
                    }
                ],
                "start_time": "165.32",
                "end_time": "165.75",
                "speaker_label": "spk_0"
            },
            {
                "id": 117,
                "type": "pronunciation",
                "alternatives": [
                    {
                        "confidence": "0.998",
                        "content": "perfect"
                    }
                ],
                "start_time": "165.75",
                "end_time": "166.47",
                "speaker_label": "spk_0"
            },
            {
                "id": 118,
                "type": "pronunciation",
                "alternatives": [
                    {
                        "confidence": "0.989",
                        "content": "awesome"
                    }
                ],
                "start_time": "166.75",
                "end_time": "167.11",
                "speaker_label": "spk_0"
            },
            {
                "id": 119,
                "type": "pronunciation",
                "alternatives": [
                    {
                        "confidence": "0.996",
                        "content": "so"
                    }
                ],
                "start_time": "167.11",
                "end_time": "167.229",
                "speaker_label": "spk_0"
            },
            {
                "id": 120,
                "type": "pronunciation",
                "alternatives": [
                    {
                        "confidence": "0.853",
                        "content": "we'll"
                    }
                ],
                "start_time": "167.229",
                "end_time": "167.63",
                "speaker_label": "spk_0"
            },
            {
                "id": 121,
                "type": "pronunciation",
                "alternatives": [
                    {
                        "confidence": "0.999",
                        "content": "see"
                    }
                ],
                "start_time": "167.63",
                "end_time": "167.75",
                "speaker_label": "spk_0"
            },
            {
                "id": 122,
                "type": "pronunciation",
                "alternatives": [
                    {
                        "confidence": "0.997",
                        "content": "you"
                    }
                ],
                "start_time": "167.75",
                "end_time": "167.869",
                "speaker_label": "spk_0"
            },
            {
                "id": 123,
                "type": "pronunciation",
                "alternatives": [
                    {
                        "confidence": "0.996",
                        "content": "then"
                    }
                ],
                "start_time": "167.869",
                "end_time": "168.19",
                "speaker_label": "spk_0"
            },
            {
                "id": 124,
                "type": "pronunciation",
                "alternatives": [
                    {
                        "confidence": "0.999",
                        "content": "tomorrow"
                    }
                ],
                "start_time": "168.19",
                "end_time": "168.74",
                "speaker_label": "spk_0"
            },
            {
                "id": 125,
                "type": "pronunciation",
                "alternatives": [
                    {
                        "confidence": "0.997",
                        "content": "OK"
                    }
                ],
                "start_time": "169.07",
                "end_time": "169.539",
                "speaker_label": "spk_0"
            },
            {
                "id": 126,
                "type": "pronunciation",
                "alternatives": [
                    {
                        "confidence": "0.7",
                        "content": "alright"
                    }
                ],
                "start_time": "169.869",
                "end_time": "169.949",
                "speaker_label": "spk_0"
            },
            {
                "id": 127,
                "type": "pronunciation",
                "alternatives": [
                    {
                        "confidence": "0.996",
                        "content": "thank"
                    }
                ],
                "start_time": "169.949",
                "end_time": "170.07",
                "speaker_label": "spk_0"
            },
            {
                "id": 128,
                "type": "pronunciation",
                "alternatives": [
                    {
                        "confidence": "0.996",
                        "content": "you"
                    }
                ],
                "start_time": "170.07",
                "end_time": "170.38",
                "speaker_label": "spk_0"
            },
            {
                "id": 129,
                "type": "pronunciation",
                "alternatives": [
                    {
                        "confidence": "0.996",
                        "content": "welcome"
                    }
                ],
                "start_time": "170.55",
                "end_time": "170.99",
                "speaker_label": "spk_0"
            },
            {
                "id": 130,
                "type": "pronunciation",
                "alternatives": [
                    {
                        "confidence": "0.996",
                        "content": "have"
                    }
                ],
                "start_time": "170.99",
                "end_time": "171.11",
                "speaker_label": "spk_0"
            },
            {
                "id": 131,
                "type": "pronunciation",
                "alternatives": [
                    {
                        "confidence": "0.998",
                        "content": "a"
                    }
                ],
                "start_time": "171.11",
                "end_time": "171.229",
                "speaker_label": "spk_0"
            },
            {
                "id": 132,
                "type": "pronunciation",
                "alternatives": [
                    {
                        "confidence": "0.998",
                        "content": "good"
                    }
                ],
                "start_time": "171.229",
                "end_time": "171.389",
                "speaker_label": "spk_0"
            },
            {
                "id": 133,
                "type": "pronunciation",
                "alternatives": [
                    {
                        "confidence": "0.998",
                        "content": "day"
                    }
                ],
                "start_time": "171.389",
                "end_time": "171.66",
                "speaker_label": "spk_0"
            },
            {
                "id": 134,
                "type": "punctuation",
                "alternatives": [
                    {
                        "confidence": "0.0",
                        "content": "."
                    }
                ],
                "speaker_label": "spk_0"
            }
        ],
        "audio_segments": [
            {
                "id": 0,
                "transcript": "After your diagnostics, please hold.",
                "start_time": "0.0",
                "end_time": "2.349",
                "speaker_label": "spk_0",
                "items": [
                    0,
                    1,
                    2,
                    3,
                    4,
                    5,
                    6
                ]
            },
            {
                "id": 1,
                "transcript": "Was diagnostics. Thank you for waiting. Sorry for the wait. How may I help you? Hi. I, uh, had made an appointment for my husband for an ultrasound tomorrow at 1:30.",
                "start_time": "122.86",
                "end_time": "133.639",
                "speaker_label": "spk_0",
                "items": [
                    7,
                    8,
                    9,
                    10,
                    11,
                    12,
                    13,
                    14,
                    15,
                    16,
                    17,
                    18,
                    19,
                    20,
                    21,
                    22,
                    23,
                    24,
                    25,
                    26,
                    27,
                    28,
                    29,
                    30,
                    31,
                    32,
                    33,
                    34,
                    35,
                    36,
                    37,
                    38,
                    39,
                    40,
                    41,
                    42,
                    43,
                    44,
                    45
                ]
            },
            {
                "id": 2,
                "transcript": "And uh.",
                "start_time": "134.21",
                "end_time": "135.74",
                "speaker_label": "spk_0",
                "items": [
                    46,
                    47,
                    48
                ]
            },
            {
                "id": 3,
                "transcript": "I just I've seen the requisition now and uh I had said kidney and bladder and it says kidney bladder and pelvis so I just wanted to make sure that was OK OK and your uh husband's name is [PII], OK.",
                "start_time": "136.309",
                "end_time": "152.039",
                "speaker_label": "spk_0",
                "items": [
                    49,
                    50,
                    51,
                    52,
                    53,
                    54,
                    55,
                    56,
                    57,
                    58,
                    59,
                    60,
                    61,
                    62,
                    63,
                    64,
                    65,
                    66,
                    67,
                    68,
                    69,
                    70,
                    71,
                    72,
                    73,
                    74,
                    75,
                    76,
                    77,
                    78,
                    79,
                    80,
                    81,
                    82,
                    83,
                    84,
                    85,
                    86,
                    87,
                    88,
                    89,
                    90,
                    91
                ]
            },
            {
                "id": 4,
                "transcript": "OK, yes, so he's actually booked for tomorrow 1:30 and yes it is, um, kidney bladder including meal breakfast.",
                "start_time": "156.6",
                "end_time": "164.75",
                "speaker_label": "spk_0",
                "items": [
                    92,
                    93,
                    94,
                    95,
                    96,
                    97,
                    98,
                    99,
                    100,
                    101,
                    102,
                    103,
                    104,
                    105,
                    106,
                    107,
                    108,
                    109,
                    110,
                    111,
                    112,
                    113,
                    114,
                    115
                ]
            },
            {
                "id": 5,
                "transcript": "OK perfect awesome so we'll see you then tomorrow OK alright thank you welcome have a good day.",
                "start_time": "165.309",
                "end_time": "171.979",
                "speaker_label": "spk_0",
                "items": [
                    116,
                    117,
                    118,
                    119,
                    120,
                    121,
                    122,
                    123,
                    124,
                    125,
                    126,
                    127,
                    128,
                    129,
                    130,
                    131,
                    132,
                    133,
                    134
                ]
            }
        ]
    }
}