{
    "jobName": "transcription-job-2024-03-25T15-53-27Z-call-9a1a1aea-c609-499e-900f-05a37a61a7d6-1734641909",
    "accountId": "199040315413",
    "isRedacted": true,
    "status": "COMPLETED",
    "results": {
        "transcripts": [
            {
                "transcript": "Authority Agnostic [PII] speaking how may I help you? Hi there, I'm just looking to book an appointment for a chest X-ray. Do you have any openings today? Uh, yeah, you can come with the booking anytime, uh, from, uh, yeah, till 4 p.m. OK awesome thank you so much. You're welcome bye."
            }
        ],
        "speaker_labels": {
            "segments": [
                {
                    "start_time": "0.519",
                    "end_time": "3.789",
                    "speaker_label": "spk_0",
                    "items": [
                        {
                            "speaker_label": "spk_0",
                            "start_time": "0.87",
                            "end_time": "1.2"
                        },
                        {
                            "speaker_label": "spk_0",
                            "start_time": "1.2",
                            "end_time": "1.94"
                        },
                        {
                            "speaker_label": "spk_0",
                            "start_time": "1.94",
                            "end_time": "2.24"
                        },
                        {
                            "speaker_label": "spk_0",
                            "start_time": "2.24",
                            "end_time": "2.68"
                        },
                        {
                            "speaker_label": "spk_0",
                            "start_time": "2.68",
                            "end_time": "2.839"
                        },
                        {
                            "speaker_label": "spk_0",
                            "start_time": "2.839",
                            "end_time": "3.0"
                        },
                        {
                            "speaker_label": "spk_0",
                            "start_time": "3.0",
                            "end_time": "3.119"
                        },
                        {
                            "speaker_label": "spk_0",
                            "start_time": "3.119",
                            "end_time": "3.319"
                        },
                        {
                            "speaker_label": "spk_0",
                            "start_time": "3.319",
                            "end_time": "3.789"
                        }
                    ]
                },
                {
                    "start_time": "4.4",
                    "end_time": "8.75",
                    "speaker_label": "spk_1",
                    "items": [
                        {
                            "speaker_label": "spk_1",
                            "start_time": "4.4",
                            "end_time": "4.53"
                        },
                        {
                            "speaker_label": "spk_1",
                            "start_time": "4.53",
                            "end_time": "4.639"
                        },
                        {
                            "speaker_label": "spk_1",
                            "start_time": "4.719",
                            "end_time": "4.929"
                        },
                        {
                            "speaker_label": "spk_1",
                            "start_time": "4.929",
                            "end_time": "5.039"
                        },
                        {
                            "speaker_label": "spk_1",
                            "start_time": "5.039",
                            "end_time": "5.4"
                        },
                        {
                            "speaker_label": "spk_1",
                            "start_time": "5.4",
                            "end_time": "5.519"
                        },
                        {
                            "speaker_label": "spk_1",
                            "start_time": "5.519",
                            "end_time": "5.639"
                        },
                        {
                            "speaker_label": "spk_1",
                            "start_time": "5.639",
                            "end_time": "5.769"
                        },
                        {
                            "speaker_label": "spk_1",
                            "start_time": "5.769",
                            "end_time": "6.28"
                        },
                        {
                            "speaker_label": "spk_1",
                            "start_time": "6.28",
                            "end_time": "6.44"
                        },
                        {
                            "speaker_label": "spk_1",
                            "start_time": "6.44",
                            "end_time": "6.679"
                        },
                        {
                            "speaker_label": "spk_1",
                            "start_time": "6.679",
                            "end_time": "6.989"
                        },
                        {
                            "speaker_label": "spk_1",
                            "start_time": "6.989",
                            "end_time": "7.389"
                        },
                        {
                            "speaker_label": "spk_1",
                            "start_time": "7.48",
                            "end_time": "7.489"
                        },
                        {
                            "speaker_label": "spk_1",
                            "start_time": "7.489",
                            "end_time": "7.599"
                        },
                        {
                            "speaker_label": "spk_1",
                            "start_time": "7.599",
                            "end_time": "7.829"
                        },
                        {
                            "speaker_label": "spk_1",
                            "start_time": "7.829",
                            "end_time": "7.949"
                        },
                        {
                            "speaker_label": "spk_1",
                            "start_time": "7.949",
                            "end_time": "8.399"
                        },
                        {
                            "speaker_label": "spk_1",
                            "start_time": "8.399",
                            "end_time": "8.75"
                        }
                    ]
                },
                {
                    "start_time": "9.199",
                    "end_time": "11.63",
                    "speaker_label": "spk_0",
                    "items": [
                        {
                            "speaker_label": "spk_0",
                            "start_time": "9.199",
                            "end_time": "9.479"
                        },
                        {
                            "speaker_label": "spk_0",
                            "start_time": "9.52",
                            "end_time": "9.6"
                        },
                        {
                            "speaker_label": "spk_0",
                            "start_time": "9.68",
                            "end_time": "9.84"
                        },
                        {
                            "speaker_label": "spk_0",
                            "start_time": "9.84",
                            "end_time": "10.039"
                        },
                        {
                            "speaker_label": "spk_0",
                            "start_time": "10.039",
                            "end_time": "10.18"
                        },
                        {
                            "speaker_label": "spk_0",
                            "start_time": "10.18",
                            "end_time": "10.319"
                        },
                        {
                            "speaker_label": "spk_0",
                            "start_time": "10.319",
                            "end_time": "10.439"
                        },
                        {
                            "speaker_label": "spk_0",
                            "start_time": "10.439",
                            "end_time": "10.8"
                        },
                        {
                            "speaker_label": "spk_0",
                            "start_time": "10.8",
                            "end_time": "11.279"
                        },
                        {
                            "speaker_label": "spk_0",
                            "start_time": "11.439",
                            "end_time": "11.63"
                        }
                    ]
                },
                {
                    "start_time": "11.68",
                    "end_time": "12.21",
                    "speaker_label": "spk_1",
                    "items": [
                        {
                            "speaker_label": "spk_1",
                            "start_time": "11.68",
                            "end_time": "12.21"
                        }
                    ]
                },
                {
                    "start_time": "12.319",
                    "end_time": "14.14",
                    "speaker_label": "spk_0",
                    "items": [
                        {
                            "speaker_label": "spk_0",
                            "start_time": "12.319",
                            "end_time": "12.689"
                        },
                        {
                            "speaker_label": "spk_0",
                            "start_time": "12.88",
                            "end_time": "13.079"
                        },
                        {
                            "speaker_label": "spk_0",
                            "start_time": "13.319",
                            "end_time": "13.56"
                        },
                        {
                            "speaker_label": "spk_0",
                            "start_time": "13.56",
                            "end_time": "14.14"
                        }
                    ]
                },
                {
                    "start_time": "14.14",
                    "end_time": "16.459",
                    "speaker_label": "spk_1",
                    "items": [
                        {
                            "speaker_label": "spk_1",
                            "start_time": "14.14",
                            "end_time": "14.659"
                        },
                        {
                            "speaker_label": "spk_1",
                            "start_time": "15.159",
                            "end_time": "15.399"
                        },
                        {
                            "speaker_label": "spk_1",
                            "start_time": "15.399",
                            "end_time": "15.699"
                        },
                        {
                            "speaker_label": "spk_1",
                            "start_time": "15.699",
                            "end_time": "15.84"
                        },
                        {
                            "speaker_label": "spk_1",
                            "start_time": "15.84",
                            "end_time": "16.0"
                        },
                        {
                            "speaker_label": "spk_1",
                            "start_time": "16.0",
                            "end_time": "16.01"
                        },
                        {
                            "speaker_label": "spk_1",
                            "start_time": "16.01",
                            "end_time": "16.459"
                        }
                    ]
                },
                {
                    "start_time": "16.799",
                    "end_time": "18.17",
                    "speaker_label": "spk_0",
                    "items": [
                        {
                            "speaker_label": "spk_0",
                            "start_time": "16.799",
                            "end_time": "16.959"
                        },
                        {
                            "speaker_label": "spk_0",
                            "start_time": "16.959",
                            "end_time": "17.28"
                        },
                        {
                            "speaker_label": "spk_0",
                            "start_time": "17.28",
                            "end_time": "17.84"
                        }
                    ]
                }
            ],
            "channel_label": "ch_0",
            "speakers": 2
        },
        "items": [
            {
                "id": 0,
                "type": "pronunciation",
                "alternatives": [
                    {
                        "confidence": "0.12",
                        "content": "Authority"
                    }
                ],
                "start_time": "0.87",
                "end_time": "1.2",
                "speaker_label": "spk_0"
            },
            {
                "id": 1,
                "type": "pronunciation",
                "alternatives": [
                    {
                        "confidence": "0.503",
                        "content": "Agnostic"
                    }
                ],
                "start_time": "1.2",
                "end_time": "1.94",
                "speaker_label": "spk_0"
            },
            {
                "id": 2,
                "type": "pronunciation",
                "alternatives": [
                    {
                        "content": "[PII]",
                        "redactions": [
                            {
                                "confidence": "1.0",
                                "type": "NAME",
                                "category": "PII"
                            }
                        ]
                    }
                ],
                "start_time": "1.94",
                "end_time": "2.24"
            },
            {
                "id": 3,
                "type": "pronunciation",
                "alternatives": [
                    {
                        "confidence": "0.997",
                        "content": "speaking"
                    }
                ],
                "start_time": "2.24",
                "end_time": "2.68",
                "speaker_label": "spk_0"
            },
            {
                "id": 4,
                "type": "pronunciation",
                "alternatives": [
                    {
                        "confidence": "0.995",
                        "content": "how"
                    }
                ],
                "start_time": "2.68",
                "end_time": "2.839",
                "speaker_label": "spk_0"
            },
            {
                "id": 5,
                "type": "pronunciation",
                "alternatives": [
                    {
                        "confidence": "0.999",
                        "content": "may"
                    }
                ],
                "start_time": "2.839",
                "end_time": "3.0",
                "speaker_label": "spk_0"
            },
            {
                "id": 6,
                "type": "pronunciation",
                "alternatives": [
                    {
                        "confidence": "0.999",
                        "content": "I"
                    }
                ],
                "start_time": "3.0",
                "end_time": "3.119",
                "speaker_label": "spk_0"
            },
            {
                "id": 7,
                "type": "pronunciation",
                "alternatives": [
                    {
                        "confidence": "0.999",
                        "content": "help"
                    }
                ],
                "start_time": "3.119",
                "end_time": "3.319",
                "speaker_label": "spk_0"
            },
            {
                "id": 8,
                "type": "pronunciation",
                "alternatives": [
                    {
                        "confidence": "0.999",
                        "content": "you"
                    }
                ],
                "start_time": "3.319",
                "end_time": "3.789",
                "speaker_label": "spk_0"
            },
            {
                "id": 9,
                "type": "punctuation",
                "alternatives": [
                    {
                        "confidence": "0.0",
                        "content": "?"
                    }
                ],
                "speaker_label": "spk_0"
            },
            {
                "id": 10,
                "type": "pronunciation",
                "alternatives": [
                    {
                        "confidence": "0.998",
                        "content": "Hi"
                    }
                ],
                "start_time": "4.4",
                "end_time": "4.53",
                "speaker_label": "spk_1"
            },
            {
                "id": 11,
                "type": "pronunciation",
                "alternatives": [
                    {
                        "confidence": "0.998",
                        "content": "there"
                    }
                ],
                "start_time": "4.53",
                "end_time": "4.639",
                "speaker_label": "spk_1"
            },
            {
                "id": 12,
                "type": "punctuation",
                "alternatives": [
                    {
                        "confidence": "0.0",
                        "content": ","
                    }
                ],
                "speaker_label": "spk_1"
            },
            {
                "id": 13,
                "type": "pronunciation",
                "alternatives": [
                    {
                        "confidence": "0.994",
                        "content": "I'm"
                    }
                ],
                "start_time": "4.719",
                "end_time": "4.929",
                "speaker_label": "spk_1"
            },
            {
                "id": 14,
                "type": "pronunciation",
                "alternatives": [
                    {
                        "confidence": "0.996",
                        "content": "just"
                    }
                ],
                "start_time": "4.929",
                "end_time": "5.039",
                "speaker_label": "spk_1"
            },
            {
                "id": 15,
                "type": "pronunciation",
                "alternatives": [
                    {
                        "confidence": "0.998",
                        "content": "looking"
                    }
                ],
                "start_time": "5.039",
                "end_time": "5.4",
                "speaker_label": "spk_1"
            },
            {
                "id": 16,
                "type": "pronunciation",
                "alternatives": [
                    {
                        "confidence": "0.998",
                        "content": "to"
                    }
                ],
                "start_time": "5.4",
                "end_time": "5.519",
                "speaker_label": "spk_1"
            },
            {
                "id": 17,
                "type": "pronunciation",
                "alternatives": [
                    {
                        "confidence": "0.999",
                        "content": "book"
                    }
                ],
                "start_time": "5.519",
                "end_time": "5.639",
                "speaker_label": "spk_1"
            },
            {
                "id": 18,
                "type": "pronunciation",
                "alternatives": [
                    {
                        "confidence": "0.997",
                        "content": "an"
                    }
                ],
                "start_time": "5.639",
                "end_time": "5.769",
                "speaker_label": "spk_1"
            },
            {
                "id": 19,
                "type": "pronunciation",
                "alternatives": [
                    {
                        "confidence": "0.992",
                        "content": "appointment"
                    }
                ],
                "start_time": "5.769",
                "end_time": "6.28",
                "speaker_label": "spk_1"
            },
            {
                "id": 20,
                "type": "pronunciation",
                "alternatives": [
                    {
                        "confidence": "0.999",
                        "content": "for"
                    }
                ],
                "start_time": "6.28",
                "end_time": "6.44",
                "speaker_label": "spk_1"
            },
            {
                "id": 21,
                "type": "pronunciation",
                "alternatives": [
                    {
                        "confidence": "0.997",
                        "content": "a"
                    }
                ],
                "start_time": "6.44",
                "end_time": "6.679",
                "speaker_label": "spk_1"
            },
            {
                "id": 22,
                "type": "pronunciation",
                "alternatives": [
                    {
                        "confidence": "0.994",
                        "content": "chest"
                    }
                ],
                "start_time": "6.679",
                "end_time": "6.989",
                "speaker_label": "spk_1"
            },
            {
                "id": 23,
                "type": "pronunciation",
                "alternatives": [
                    {
                        "confidence": "0.985",
                        "content": "X-ray"
                    }
                ],
                "start_time": "6.989",
                "end_time": "7.389",
                "speaker_label": "spk_1"
            },
            {
                "id": 24,
                "type": "punctuation",
                "alternatives": [
                    {
                        "confidence": "0.0",
                        "content": "."
                    }
                ],
                "speaker_label": "spk_1"
            },
            {
                "id": 25,
                "type": "pronunciation",
                "alternatives": [
                    {
                        "confidence": "0.96",
                        "content": "Do"
                    }
                ],
                "start_time": "7.48",
                "end_time": "7.489",
                "speaker_label": "spk_1"
            },
            {
                "id": 26,
                "type": "pronunciation",
                "alternatives": [
                    {
                        "confidence": "0.996",
                        "content": "you"
                    }
                ],
                "start_time": "7.489",
                "end_time": "7.599",
                "speaker_label": "spk_1"
            },
            {
                "id": 27,
                "type": "pronunciation",
                "alternatives": [
                    {
                        "confidence": "0.996",
                        "content": "have"
                    }
                ],
                "start_time": "7.599",
                "end_time": "7.829",
                "speaker_label": "spk_1"
            },
            {
                "id": 28,
                "type": "pronunciation",
                "alternatives": [
                    {
                        "confidence": "0.981",
                        "content": "any"
                    }
                ],
                "start_time": "7.829",
                "end_time": "7.949",
                "speaker_label": "spk_1"
            },
            {
                "id": 29,
                "type": "pronunciation",
                "alternatives": [
                    {
                        "confidence": "0.935",
                        "content": "openings"
                    }
                ],
                "start_time": "7.949",
                "end_time": "8.399",
                "speaker_label": "spk_1"
            },
            {
                "id": 30,
                "type": "pronunciation",
                "alternatives": [
                    {
                        "confidence": "0.998",
                        "content": "today"
                    }
                ],
                "start_time": "8.399",
                "end_time": "8.75",
                "speaker_label": "spk_1"
            },
            {
                "id": 31,
                "type": "punctuation",
                "alternatives": [
                    {
                        "confidence": "0.0",
                        "content": "?"
                    }
                ],
                "speaker_label": "spk_1"
            },
            {
                "id": 32,
                "type": "pronunciation",
                "alternatives": [
                    {
                        "confidence": "0.996",
                        "content": "Uh"
                    }
                ],
                "start_time": "9.199",
                "end_time": "9.479",
                "speaker_label": "spk_0"
            },
            {
                "id": 33,
                "type": "punctuation",
                "alternatives": [
                    {
                        "confidence": "0.0",
                        "content": ","
                    }
                ],
                "speaker_label": "spk_0"
            },
            {
                "id": 34,
                "type": "pronunciation",
                "alternatives": [
                    {
                        "confidence": "0.997",
                        "content": "yeah"
                    }
                ],
                "start_time": "9.52",
                "end_time": "9.6",
                "speaker_label": "spk_0"
            },
            {
                "id": 35,
                "type": "punctuation",
                "alternatives": [
                    {
                        "confidence": "0.0",
                        "content": ","
                    }
                ],
                "speaker_label": "spk_0"
            },
            {
                "id": 36,
                "type": "pronunciation",
                "alternatives": [
                    {
                        "confidence": "0.998",
                        "content": "you"
                    }
                ],
                "start_time": "9.68",
                "end_time": "9.84",
                "speaker_label": "spk_0"
            },
            {
                "id": 37,
                "type": "pronunciation",
                "alternatives": [
                    {
                        "confidence": "0.999",
                        "content": "can"
                    }
                ],
                "start_time": "9.84",
                "end_time": "10.039",
                "speaker_label": "spk_0"
            },
            {
                "id": 38,
                "type": "pronunciation",
                "alternatives": [
                    {
                        "confidence": "0.999",
                        "content": "come"
                    }
                ],
                "start_time": "10.039",
                "end_time": "10.18",
                "speaker_label": "spk_0"
            },
            {
                "id": 39,
                "type": "pronunciation",
                "alternatives": [
                    {
                        "confidence": "0.996",
                        "content": "with"
                    }
                ],
                "start_time": "10.18",
                "end_time": "10.319",
                "speaker_label": "spk_0"
            },
            {
                "id": 40,
                "type": "pronunciation",
                "alternatives": [
                    {
                        "confidence": "0.996",
                        "content": "the"
                    }
                ],
                "start_time": "10.319",
                "end_time": "10.439",
                "speaker_label": "spk_0"
            },
            {
                "id": 41,
                "type": "pronunciation",
                "alternatives": [
                    {
                        "confidence": "0.997",
                        "content": "booking"
                    }
                ],
                "start_time": "10.439",
                "end_time": "10.8",
                "speaker_label": "spk_0"
            },
            {
                "id": 42,
                "type": "pronunciation",
                "alternatives": [
                    {
                        "confidence": "0.974",
                        "content": "anytime"
                    }
                ],
                "start_time": "10.8",
                "end_time": "11.279",
                "speaker_label": "spk_0"
            },
            {
                "id": 43,
                "type": "punctuation",
                "alternatives": [
                    {
                        "confidence": "0.0",
                        "content": ","
                    }
                ],
                "speaker_label": "spk_0"
            },
            {
                "id": 44,
                "type": "pronunciation",
                "alternatives": [
                    {
                        "confidence": "0.994",
                        "content": "uh"
                    }
                ],
                "start_time": "11.439",
                "end_time": "11.63",
                "speaker_label": "spk_0"
            },
            {
                "id": 45,
                "type": "punctuation",
                "alternatives": [
                    {
                        "confidence": "0.0",
                        "content": ","
                    }
                ],
                "speaker_label": "spk_0"
            },
            {
                "id": 46,
                "type": "pronunciation",
                "alternatives": [
                    {
                        "confidence": "0.996",
                        "content": "from"
                    }
                ],
                "start_time": "11.68",
                "end_time": "12.21",
                "speaker_label": "spk_1"
            },
            {
                "id": 47,
                "type": "punctuation",
                "alternatives": [
                    {
                        "confidence": "0.0",
                        "content": ","
                    }
                ],
                "speaker_label": "spk_1"
            },
            {
                "id": 48,
                "type": "pronunciation",
                "alternatives": [
                    {
                        "confidence": "0.993",
                        "content": "uh"
                    }
                ],
                "start_time": "12.319",
                "end_time": "12.689",
                "speaker_label": "spk_0"
            },
            {
                "id": 49,
                "type": "punctuation",
                "alternatives": [
                    {
                        "confidence": "0.0",
                        "content": ","
                    }
                ],
                "speaker_label": "spk_0"
            },
            {
                "id": 50,
                "type": "pronunciation",
                "alternatives": [
                    {
                        "confidence": "0.997",
                        "content": "yeah"
                    }
                ],
                "start_time": "12.88",
                "end_time": "13.079",
                "speaker_label": "spk_0"
            },
            {
                "id": 51,
                "type": "punctuation",
                "alternatives": [
                    {
                        "confidence": "0.0",
                        "content": ","
                    }
                ],
                "speaker_label": "spk_0"
            },
            {
                "id": 52,
                "type": "pronunciation",
                "alternatives": [
                    {
                        "confidence": "0.414",
                        "content": "till"
                    }
                ],
                "start_time": "13.319",
                "end_time": "13.56",
                "speaker_label": "spk_0"
            },
            {
                "id": 53,
                "type": "pronunciation",
                "alternatives": [
                    {
                        "confidence": "0.997",
                        "content": "4"
                    }
                ],
                "start_time": "13.56",
                "end_time": "14.14",
                "speaker_label": "spk_0"
            },
            {
                "id": 54,
                "type": "pronunciation",
                "alternatives": [
                    {
                        "confidence": "0.993",
                        "content": "p.m."
                    }
                ],
                "start_time": "14.14",
                "end_time": "14.659",
                "speaker_label": "spk_1"
            },
            {
                "id": 55,
                "type": "pronunciation",
                "alternatives": [
                    {
                        "confidence": "0.999",
                        "content": "OK"
                    }
                ],
                "start_time": "15.159",
                "end_time": "15.399",
                "speaker_label": "spk_1"
            },
            {
                "id": 56,
                "type": "pronunciation",
                "alternatives": [
                    {
                        "confidence": "0.995",
                        "content": "awesome"
                    }
                ],
                "start_time": "15.399",
                "end_time": "15.699",
                "speaker_label": "spk_1"
            },
            {
                "id": 57,
                "type": "pronunciation",
                "alternatives": [
                    {
                        "confidence": "0.997",
                        "content": "thank"
                    }
                ],
                "start_time": "15.699",
                "end_time": "15.84",
                "speaker_label": "spk_1"
            },
            {
                "id": 58,
                "type": "pronunciation",
                "alternatives": [
                    {
                        "confidence": "0.999",
                        "content": "you"
                    }
                ],
                "start_time": "15.84",
                "end_time": "16.0",
                "speaker_label": "spk_1"
            },
            {
                "id": 59,
                "type": "pronunciation",
                "alternatives": [
                    {
                        "confidence": "0.998",
                        "content": "so"
                    }
                ],
                "start_time": "16.0",
                "end_time": "16.01",
                "speaker_label": "spk_1"
            },
            {
                "id": 60,
                "type": "pronunciation",
                "alternatives": [
                    {
                        "confidence": "0.999",
                        "content": "much"
                    }
                ],
                "start_time": "16.01",
                "end_time": "16.459",
                "speaker_label": "spk_1"
            },
            {
                "id": 61,
                "type": "punctuation",
                "alternatives": [
                    {
                        "confidence": "0.0",
                        "content": "."
                    }
                ],
                "speaker_label": "spk_1"
            },
            {
                "id": 62,
                "type": "pronunciation",
                "alternatives": [
                    {
                        "confidence": "0.989",
                        "content": "You're"
                    }
                ],
                "start_time": "16.799",
                "end_time": "16.959",
                "speaker_label": "spk_0"
            },
            {
                "id": 63,
                "type": "pronunciation",
                "alternatives": [
                    {
                        "confidence": "0.997",
                        "content": "welcome"
                    }
                ],
                "start_time": "16.959",
                "end_time": "17.28",
                "speaker_label": "spk_0"
            },
            {
                "id": 64,
                "type": "pronunciation",
                "alternatives": [
                    {
                        "confidence": "0.993",
                        "content": "bye"
                    }
                ],
                "start_time": "17.28",
                "end_time": "17.84",
                "speaker_label": "spk_0"
            },
            {
                "id": 65,
                "type": "punctuation",
                "alternatives": [
                    {
                        "confidence": "0.0",
                        "content": "."
                    }
                ],
                "speaker_label": "spk_0"
            }
        ],
        "audio_segments": [
            {
                "id": 0,
                "transcript": "Authority Agnostic [PII] speaking how may I help you?",
                "start_time": "0.519",
                "end_time": "3.789",
                "speaker_label": "spk_0",
                "items": [
                    0,
                    1,
                    2,
                    3,
                    4,
                    5,
                    6,
                    7,
                    8,
                    9
                ]
            },
            {
                "id": 1,
                "transcript": "Hi there, I'm just looking to book an appointment for a chest X-ray. Do you have any openings today?",
                "start_time": "4.4",
                "end_time": "8.75",
                "speaker_label": "spk_1",
                "items": [
                    10,
                    11,
                    12,
                    13,
                    14,
                    15,
                    16,
                    17,
                    18,
                    19,
                    20,
                    21,
                    22,
                    23,
                    24,
                    25,
                    26,
                    27,
                    28,
                    29,
                    30,
                    31
                ]
            },
            {
                "id": 2,
                "transcript": "Uh, yeah, you can come with the booking anytime, uh,",
                "start_time": "9.199",
                "end_time": "11.63",
                "speaker_label": "spk_0",
                "items": [
                    32,
                    33,
                    34,
                    35,
                    36,
                    37,
                    38,
                    39,
                    40,
                    41,
                    42,
                    43,
                    44,
                    45
                ]
            },
            {
                "id": 3,
                "transcript": "from,",
                "start_time": "11.68",
                "end_time": "12.21",
                "speaker_label": "spk_1",
                "items": [
                    46,
                    47
                ]
            },
            {
                "id": 4,
                "transcript": "uh, yeah, till 4",
                "start_time": "12.319",
                "end_time": "14.14",
                "speaker_label": "spk_0",
                "items": [
                    48,
                    49,
                    50,
                    51,
                    52,
                    53
                ]
            },
            {
                "id": 5,
                "transcript": "p.m. OK awesome thank you so much.",
                "start_time": "14.14",
                "end_time": "16.459",
                "speaker_label": "spk_1",
                "items": [
                    54,
                    55,
                    56,
                    57,
                    58,
                    59,
                    60,
                    61
                ]
            },
            {
                "id": 6,
                "transcript": "You're welcome bye.",
                "start_time": "16.799",
                "end_time": "18.17",
                "speaker_label": "spk_0",
                "items": [
                    62,
                    63,
                    64,
                    65
                ]
            }
        ]
    }
}