{
    "jobName": "transcription-job-2024-03-25T16-03-57Z-call-a9e6b34c-9ca2-4092-8eba-c586f68edbef-1734642153",
    "accountId": "199040315413",
    "isRedacted": true,
    "status": "COMPLETED",
    "results": {
        "transcripts": [
            {
                "transcript": "After your diagnostics, please hold. What are diagnostics. Thank you for waiting. Sorry for the wait. How may I help you? Hi, I, uh, had made an appointment for my husband for an ultrasound tomorrow at 1:30. Mhm. And uh. I just I've seen the requisition now and uh I had said kidney and bladder and it says kidney bladder and pelvis so I just wanted to make sure that was OK OK and your uh husband's name is [PII], OK. OK, yes, so he's actually booked for tomorrow 1:30 and yes it is, um, kidney bladder including male filters. OK perfect awesome so we'll see you then tomorrow OK thank you welcome have a good day."
            }
        ],
        "speaker_labels": {
            "segments": [
                {
                    "start_time": "12.67",
                    "end_time": "15.09",
                    "speaker_label": "spk_0",
                    "items": [
                        {
                            "speaker_label": "spk_0",
                            "start_time": "12.869",
                            "end_time": "13.18"
                        },
                        {
                            "speaker_label": "spk_0",
                            "start_time": "13.18",
                            "end_time": "13.31"
                        },
                        {
                            "speaker_label": "spk_0",
                            "start_time": "13.31",
                            "end_time": "14.14"
                        },
                        {
                            "speaker_label": "spk_0",
                            "start_time": "14.149",
                            "end_time": "14.47"
                        },
                        {
                            "speaker_label": "spk_0",
                            "start_time": "14.47",
                            "end_time": "14.979"
                        }
                    ]
                },
                {
                    "start_time": "135.679",
                    "end_time": "146.449",
                    "speaker_label": "spk_0",
                    "items": [
                        {
                            "speaker_label": "spk_0",
                            "start_time": "136.3",
                            "end_time": "136.309"
                        },
                        {
                            "speaker_label": "spk_0",
                            "start_time": "136.309",
                            "end_time": "136.32"
                        },
                        {
                            "speaker_label": "spk_0",
                            "start_time": "136.32",
                            "end_time": "137.21"
                        },
                        {
                            "speaker_label": "spk_0",
                            "start_time": "137.32",
                            "end_time": "137.44"
                        },
                        {
                            "speaker_label": "spk_0",
                            "start_time": "137.44",
                            "end_time": "137.639"
                        },
                        {
                            "speaker_label": "spk_0",
                            "start_time": "137.639",
                            "end_time": "137.809"
                        },
                        {
                            "speaker_label": "spk_0",
                            "start_time": "137.809",
                            "end_time": "138.309"
                        },
                        {
                            "speaker_label": "spk_0",
                            "start_time": "138.44",
                            "end_time": "138.57"
                        },
                        {
                            "speaker_label": "spk_0",
                            "start_time": "138.57",
                            "end_time": "138.77"
                        },
                        {
                            "speaker_label": "spk_0",
                            "start_time": "138.77",
                            "end_time": "138.919"
                        },
                        {
                            "speaker_label": "spk_0",
                            "start_time": "138.919",
                            "end_time": "139.039"
                        },
                        {
                            "speaker_label": "spk_0",
                            "start_time": "139.24",
                            "end_time": "139.36"
                        },
                        {
                            "speaker_label": "spk_0",
                            "start_time": "139.36",
                            "end_time": "139.44"
                        },
                        {
                            "speaker_label": "spk_0",
                            "start_time": "139.44",
                            "end_time": "139.479"
                        },
                        {
                            "speaker_label": "spk_0",
                            "start_time": "139.479",
                            "end_time": "139.6"
                        },
                        {
                            "speaker_label": "spk_0",
                            "start_time": "139.6",
                            "end_time": "139.72"
                        },
                        {
                            "speaker_label": "spk_0",
                            "start_time": "140.16",
                            "end_time": "140.55"
                        },
                        {
                            "speaker_label": "spk_0",
                            "start_time": "140.679",
                            "end_time": "140.949"
                        },
                        {
                            "speaker_label": "spk_0",
                            "start_time": "140.979",
                            "end_time": "141.309"
                        },
                        {
                            "speaker_label": "spk_0",
                            "start_time": "141.32",
                            "end_time": "141.52"
                        },
                        {
                            "speaker_label": "spk_0",
                            "start_time": "141.52",
                            "end_time": "141.639"
                        },
                        {
                            "speaker_label": "spk_0",
                            "start_time": "141.639",
                            "end_time": "141.759"
                        },
                        {
                            "speaker_label": "spk_0",
                            "start_time": "141.759",
                            "end_time": "142.199"
                        },
                        {
                            "speaker_label": "spk_0",
                            "start_time": "142.199",
                            "end_time": "142.32"
                        },
                        {
                            "speaker_label": "spk_0",
                            "start_time": "142.32",
                            "end_time": "142.52"
                        },
                        {
                            "speaker_label": "spk_0",
                            "start_time": "142.52",
                            "end_time": "142.91"
                        },
                        {
                            "speaker_label": "spk_0",
                            "start_time": "142.91",
                            "end_time": "143.399"
                        },
                        {
                            "speaker_label": "spk_0",
                            "start_time": "143.399",
                            "end_time": "143.639"
                        },
                        {
                            "speaker_label": "spk_0",
                            "start_time": "143.639",
                            "end_time": "144.52"
                        },
                        {
                            "speaker_label": "spk_0",
                            "start_time": "144.52",
                            "end_time": "144.8"
                        },
                        {
                            "speaker_label": "spk_0",
                            "start_time": "144.8",
                            "end_time": "144.919"
                        },
                        {
                            "speaker_label": "spk_0",
                            "start_time": "144.919",
                            "end_time": "145.72"
                        },
                        {
                            "speaker_label": "spk_0",
                            "start_time": "146.039",
                            "end_time": "146.119"
                        }
                    ]
                },
                {
                    "start_time": "147.029",
                    "end_time": "148.52",
                    "speaker_label": "spk_0",
                    "items": [
                        {
                            "speaker_label": "spk_0",
                            "start_time": "147.039",
                            "end_time": "147.05"
                        },
                        {
                            "speaker_label": "spk_0",
                            "start_time": "147.83",
                            "end_time": "148.33"
                        }
                    ]
                },
                {
                    "start_time": "149.089",
                    "end_time": "164.86",
                    "speaker_label": "spk_0",
                    "items": [
                        {
                            "speaker_label": "spk_0",
                            "start_time": "149.169",
                            "end_time": "149.679"
                        },
                        {
                            "speaker_label": "spk_0",
                            "start_time": "149.97",
                            "end_time": "150.289"
                        },
                        {
                            "speaker_label": "spk_0",
                            "start_time": "150.289",
                            "end_time": "150.57"
                        },
                        {
                            "speaker_label": "spk_0",
                            "start_time": "150.57",
                            "end_time": "150.729"
                        },
                        {
                            "speaker_label": "spk_0",
                            "start_time": "150.729",
                            "end_time": "150.82"
                        },
                        {
                            "speaker_label": "spk_0",
                            "start_time": "150.82",
                            "end_time": "151.649"
                        },
                        {
                            "speaker_label": "spk_0",
                            "start_time": "151.649",
                            "end_time": "152.24"
                        },
                        {
                            "speaker_label": "spk_0",
                            "start_time": "152.24",
                            "end_time": "152.69"
                        },
                        {
                            "speaker_label": "spk_0",
                            "start_time": "152.69",
                            "end_time": "153.13"
                        },
                        {
                            "speaker_label": "spk_0",
                            "start_time": "153.13",
                            "end_time": "153.289"
                        },
                        {
                            "speaker_label": "spk_0",
                            "start_time": "153.289",
                            "end_time": "153.529"
                        },
                        {
                            "speaker_label": "spk_0",
                            "start_time": "153.529",
                            "end_time": "153.889"
                        },
                        {
                            "speaker_label": "spk_0",
                            "start_time": "153.889",
                            "end_time": "154.169"
                        },
                        {
                            "speaker_label": "spk_0",
                            "start_time": "154.169",
                            "end_time": "154.21"
                        },
                        {
                            "speaker_label": "spk_0",
                            "start_time": "154.21",
                            "end_time": "154.88"
                        },
                        {
                            "speaker_label": "spk_0",
                            "start_time": "155.169",
                            "end_time": "155.289"
                        },
                        {
                            "speaker_label": "spk_0",
                            "start_time": "155.289",
                            "end_time": "155.49"
                        },
                        {
                            "speaker_label": "spk_0",
                            "start_time": "155.49",
                            "end_time": "155.929"
                        },
                        {
                            "speaker_label": "spk_0",
                            "start_time": "155.929",
                            "end_time": "156.259"
                        },
                        {
                            "speaker_label": "spk_0",
                            "start_time": "156.259",
                            "end_time": "156.77"
                        },
                        {
                            "speaker_label": "spk_0",
                            "start_time": "156.77",
                            "end_time": "157.1"
                        },
                        {
                            "speaker_label": "spk_0",
                            "start_time": "157.1",
                            "end_time": "157.929"
                        },
                        {
                            "speaker_label": "spk_0",
                            "start_time": "157.929",
                            "end_time": "158.05"
                        },
                        {
                            "speaker_label": "spk_0",
                            "start_time": "158.05",
                            "end_time": "158.13"
                        },
                        {
                            "speaker_label": "spk_0",
                            "start_time": "158.13",
                            "end_time": "158.289"
                        },
                        {
                            "speaker_label": "spk_0",
                            "start_time": "158.289",
                            "end_time": "158.529"
                        },
                        {
                            "speaker_label": "spk_0",
                            "start_time": "158.529",
                            "end_time": "158.69"
                        },
                        {
                            "speaker_label": "spk_0",
                            "start_time": "158.69",
                            "end_time": "158.839"
                        },
                        {
                            "speaker_label": "spk_0",
                            "start_time": "158.839",
                            "end_time": "159.009"
                        },
                        {
                            "speaker_label": "spk_0",
                            "start_time": "159.009",
                            "end_time": "159.13"
                        },
                        {
                            "speaker_label": "spk_0",
                            "start_time": "159.13",
                            "end_time": "159.289"
                        },
                        {
                            "speaker_label": "spk_0",
                            "start_time": "159.289",
                            "end_time": "159.759"
                        },
                        {
                            "speaker_label": "spk_0",
                            "start_time": "159.86",
                            "end_time": "160.529"
                        },
                        {
                            "speaker_label": "spk_0",
                            "start_time": "160.529",
                            "end_time": "160.97"
                        },
                        {
                            "speaker_label": "spk_0",
                            "start_time": "160.97",
                            "end_time": "161.32"
                        },
                        {
                            "speaker_label": "spk_0",
                            "start_time": "161.32",
                            "end_time": "161.649"
                        },
                        {
                            "speaker_label": "spk_0",
                            "start_time": "161.649",
                            "end_time": "162.13"
                        },
                        {
                            "speaker_label": "spk_0",
                            "start_time": "162.13",
                            "end_time": "162.369"
                        },
                        {
                            "speaker_label": "spk_0",
                            "start_time": "162.369",
                            "end_time": "162.88"
                        },
                        {
                            "speaker_label": "spk_0",
                            "start_time": "163.13",
                            "end_time": "164.11"
                        },
                        {
                            "speaker_label": "spk_0",
                            "start_time": "164.229",
                            "end_time": "164.759"
                        }
                    ]
                },
                {
                    "start_time": "169.41",
                    "end_time": "177.57",
                    "speaker_label": "spk_0",
                    "items": [
                        {
                            "speaker_label": "spk_0",
                            "start_time": "169.52",
                            "end_time": "170.21"
                        },
                        {
                            "speaker_label": "spk_0",
                            "start_time": "170.449",
                            "end_time": "170.679"
                        },
                        {
                            "speaker_label": "spk_0",
                            "start_time": "170.729",
                            "end_time": "171.009"
                        },
                        {
                            "speaker_label": "spk_0",
                            "start_time": "171.009",
                            "end_time": "171.21"
                        },
                        {
                            "speaker_label": "spk_0",
                            "start_time": "171.21",
                            "end_time": "171.729"
                        },
                        {
                            "speaker_label": "spk_0",
                            "start_time": "171.729",
                            "end_time": "171.97"
                        },
                        {
                            "speaker_label": "spk_0",
                            "start_time": "171.97",
                            "end_time": "172.25"
                        },
                        {
                            "speaker_label": "spk_0",
                            "start_time": "172.25",
                            "end_time": "172.529"
                        },
                        {
                            "speaker_label": "spk_0",
                            "start_time": "172.529",
                            "end_time": "173.289"
                        },
                        {
                            "speaker_label": "spk_0",
                            "start_time": "173.289",
                            "end_time": "173.529"
                        },
                        {
                            "speaker_label": "spk_0",
                            "start_time": "173.529",
                            "end_time": "173.789"
                        },
                        {
                            "speaker_label": "spk_0",
                            "start_time": "173.789",
                            "end_time": "174.009"
                        },
                        {
                            "speaker_label": "spk_0",
                            "start_time": "174.009",
                            "end_time": "174.399"
                        },
                        {
                            "speaker_label": "spk_0",
                            "start_time": "174.41",
                            "end_time": "174.88"
                        },
                        {
                            "speaker_label": "spk_0",
                            "start_time": "174.889",
                            "end_time": "175.259"
                        },
                        {
                            "speaker_label": "spk_0",
                            "start_time": "175.259",
                            "end_time": "176.089"
                        },
                        {
                            "speaker_label": "spk_0",
                            "start_time": "176.089",
                            "end_time": "176.47"
                        },
                        {
                            "speaker_label": "spk_0",
                            "start_time": "176.47",
                            "end_time": "176.729"
                        },
                        {
                            "speaker_label": "spk_0",
                            "start_time": "176.729",
                            "end_time": "177.449"
                        }
                    ]
                },
                {
                    "start_time": "178.089",
                    "end_time": "184.71",
                    "speaker_label": "spk_0",
                    "items": [
                        {
                            "speaker_label": "spk_0",
                            "start_time": "178.1",
                            "end_time": "178.529"
                        },
                        {
                            "speaker_label": "spk_0",
                            "start_time": "178.529",
                            "end_time": "179.289"
                        },
                        {
                            "speaker_label": "spk_0",
                            "start_time": "179.57",
                            "end_time": "179.929"
                        },
                        {
                            "speaker_label": "spk_0",
                            "start_time": "179.929",
                            "end_time": "180.089"
                        },
                        {
                            "speaker_label": "spk_0",
                            "start_time": "180.089",
                            "end_time": "180.449"
                        },
                        {
                            "speaker_label": "spk_0",
                            "start_time": "180.449",
                            "end_time": "180.57"
                        },
                        {
                            "speaker_label": "spk_0",
                            "start_time": "180.57",
                            "end_time": "180.69"
                        },
                        {
                            "speaker_label": "spk_0",
                            "start_time": "180.69",
                            "end_time": "181.009"
                        },
                        {
                            "speaker_label": "spk_0",
                            "start_time": "181.009",
                            "end_time": "181.559"
                        },
                        {
                            "speaker_label": "spk_0",
                            "start_time": "181.809",
                            "end_time": "182.33"
                        },
                        {
                            "speaker_label": "spk_0",
                            "start_time": "182.69",
                            "end_time": "182.85"
                        },
                        {
                            "speaker_label": "spk_0",
                            "start_time": "182.85",
                            "end_time": "183.179"
                        },
                        {
                            "speaker_label": "spk_0",
                            "start_time": "183.41",
                            "end_time": "183.85"
                        },
                        {
                            "speaker_label": "spk_0",
                            "start_time": "183.85",
                            "end_time": "183.97"
                        },
                        {
                            "speaker_label": "spk_0",
                            "start_time": "183.97",
                            "end_time": "184.05"
                        },
                        {
                            "speaker_label": "spk_0",
                            "start_time": "184.05",
                            "end_time": "184.25"
                        },
                        {
                            "speaker_label": "spk_0",
                            "start_time": "184.25",
                            "end_time": "184.429"
                        }
                    ]
                }
            ],
            "channel_label": "ch_0",
            "speakers": 1
        },
        "items": [
            {
                "id": 0,
                "type": "pronunciation",
                "alternatives": [
                    {
                        "confidence": "0.996",
                        "content": "After"
                    }
                ],
                "start_time": "12.869",
                "end_time": "13.18",
                "speaker_label": "spk_0"
            },
            {
                "id": 1,
                "type": "pronunciation",
                "alternatives": [
                    {
                        "confidence": "0.877",
                        "content": "your"
                    }
                ],
                "start_time": "13.18",
                "end_time": "13.31",
                "speaker_label": "spk_0"
            },
            {
                "id": 2,
                "type": "pronunciation",
                "alternatives": [
                    {
                        "confidence": "0.983",
                        "content": "diagnostics"
                    }
                ],
                "start_time": "13.31",
                "end_time": "14.14",
                "speaker_label": "spk_0"
            },
            {
                "id": 3,
                "type": "punctuation",
                "alternatives": [
                    {
                        "confidence": "0.0",
                        "content": ","
                    }
                ],
                "speaker_label": "spk_0"
            },
            {
                "id": 4,
                "type": "pronunciation",
                "alternatives": [
                    {
                        "confidence": "0.997",
                        "content": "please"
                    }
                ],
                "start_time": "14.149",
                "end_time": "14.47",
                "speaker_label": "spk_0"
            },
            {
                "id": 5,
                "type": "pronunciation",
                "alternatives": [
                    {
                        "confidence": "0.998",
                        "content": "hold"
                    }
                ],
                "start_time": "14.47",
                "end_time": "14.979",
                "speaker_label": "spk_0"
            },
            {
                "id": 6,
                "type": "punctuation",
                "alternatives": [
                    {
                        "confidence": "0.0",
                        "content": "."
                    }
                ],
                "speaker_label": "spk_0"
            },
            {
                "id": 7,
                "type": "pronunciation",
                "alternatives": [
                    {
                        "confidence": "0.593",
                        "content": "What"
                    }
                ],
                "start_time": "136.3",
                "end_time": "136.309",
                "speaker_label": "spk_0"
            },
            {
                "id": 8,
                "type": "pronunciation",
                "alternatives": [
                    {
                        "confidence": "0.086",
                        "content": "are"
                    }
                ],
                "start_time": "136.309",
                "end_time": "136.32",
                "speaker_label": "spk_0"
            },
            {
                "id": 9,
                "type": "pronunciation",
                "alternatives": [
                    {
                        "confidence": "0.965",
                        "content": "diagnostics"
                    }
                ],
                "start_time": "136.32",
                "end_time": "137.21",
                "speaker_label": "spk_0"
            },
            {
                "id": 10,
                "type": "punctuation",
                "alternatives": [
                    {
                        "confidence": "0.0",
                        "content": "."
                    }
                ],
                "speaker_label": "spk_0"
            },
            {
                "id": 11,
                "type": "pronunciation",
                "alternatives": [
                    {
                        "confidence": "0.844",
                        "content": "Thank"
                    }
                ],
                "start_time": "137.32",
                "end_time": "137.44",
                "speaker_label": "spk_0"
            },
            {
                "id": 12,
                "type": "pronunciation",
                "alternatives": [
                    {
                        "confidence": "0.999",
                        "content": "you"
                    }
                ],
                "start_time": "137.44",
                "end_time": "137.639",
                "speaker_label": "spk_0"
            },
            {
                "id": 13,
                "type": "pronunciation",
                "alternatives": [
                    {
                        "confidence": "0.999",
                        "content": "for"
                    }
                ],
                "start_time": "137.639",
                "end_time": "137.809",
                "speaker_label": "spk_0"
            },
            {
                "id": 14,
                "type": "pronunciation",
                "alternatives": [
                    {
                        "confidence": "0.997",
                        "content": "waiting"
                    }
                ],
                "start_time": "137.809",
                "end_time": "138.309",
                "speaker_label": "spk_0"
            },
            {
                "id": 15,
                "type": "punctuation",
                "alternatives": [
                    {
                        "confidence": "0.0",
                        "content": "."
                    }
                ],
                "speaker_label": "spk_0"
            },
            {
                "id": 16,
                "type": "pronunciation",
                "alternatives": [
                    {
                        "confidence": "0.785",
                        "content": "Sorry"
                    }
                ],
                "start_time": "138.44",
                "end_time": "138.57",
                "speaker_label": "spk_0"
            },
            {
                "id": 17,
                "type": "pronunciation",
                "alternatives": [
                    {
                        "confidence": "0.996",
                        "content": "for"
                    }
                ],
                "start_time": "138.57",
                "end_time": "138.77",
                "speaker_label": "spk_0"
            },
            {
                "id": 18,
                "type": "pronunciation",
                "alternatives": [
                    {
                        "confidence": "0.909",
                        "content": "the"
                    }
                ],
                "start_time": "138.77",
                "end_time": "138.919",
                "speaker_label": "spk_0"
            },
            {
                "id": 19,
                "type": "pronunciation",
                "alternatives": [
                    {
                        "confidence": "0.996",
                        "content": "wait"
                    }
                ],
                "start_time": "138.919",
                "end_time": "139.039",
                "speaker_label": "spk_0"
            },
            {
                "id": 20,
                "type": "punctuation",
                "alternatives": [
                    {
                        "confidence": "0.0",
                        "content": "."
                    }
                ],
                "speaker_label": "spk_0"
            },
            {
                "id": 21,
                "type": "pronunciation",
                "alternatives": [
                    {
                        "confidence": "0.96",
                        "content": "How"
                    }
                ],
                "start_time": "139.24",
                "end_time": "139.36",
                "speaker_label": "spk_0"
            },
            {
                "id": 22,
                "type": "pronunciation",
                "alternatives": [
                    {
                        "confidence": "0.997",
                        "content": "may"
                    }
                ],
                "start_time": "139.36",
                "end_time": "139.44",
                "speaker_label": "spk_0"
            },
            {
                "id": 23,
                "type": "pronunciation",
                "alternatives": [
                    {
                        "confidence": "0.996",
                        "content": "I"
                    }
                ],
                "start_time": "139.44",
                "end_time": "139.479",
                "speaker_label": "spk_0"
            },
            {
                "id": 24,
                "type": "pronunciation",
                "alternatives": [
                    {
                        "confidence": "0.997",
                        "content": "help"
                    }
                ],
                "start_time": "139.479",
                "end_time": "139.6",
                "speaker_label": "spk_0"
            },
            {
                "id": 25,
                "type": "pronunciation",
                "alternatives": [
                    {
                        "confidence": "0.996",
                        "content": "you"
                    }
                ],
                "start_time": "139.6",
                "end_time": "139.72",
                "speaker_label": "spk_0"
            },
            {
                "id": 26,
                "type": "punctuation",
                "alternatives": [
                    {
                        "confidence": "0.0",
                        "content": "?"
                    }
                ],
                "speaker_label": "spk_0"
            },
            {
                "id": 27,
                "type": "pronunciation",
                "alternatives": [
                    {
                        "confidence": "0.997",
                        "content": "Hi"
                    }
                ],
                "start_time": "140.16",
                "end_time": "140.55",
                "speaker_label": "spk_0"
            },
            {
                "id": 28,
                "type": "punctuation",
                "alternatives": [
                    {
                        "confidence": "0.0",
                        "content": ","
                    }
                ],
                "speaker_label": "spk_0"
            },
            {
                "id": 29,
                "type": "pronunciation",
                "alternatives": [
                    {
                        "confidence": "0.998",
                        "content": "I"
                    }
                ],
                "start_time": "140.679",
                "end_time": "140.949",
                "speaker_label": "spk_0"
            },
            {
                "id": 30,
                "type": "punctuation",
                "alternatives": [
                    {
                        "confidence": "0.0",
                        "content": ","
                    }
                ],
                "speaker_label": "spk_0"
            },
            {
                "id": 31,
                "type": "pronunciation",
                "alternatives": [
                    {
                        "confidence": "0.996",
                        "content": "uh"
                    }
                ],
                "start_time": "140.979",
                "end_time": "141.309",
                "speaker_label": "spk_0"
            },
            {
                "id": 32,
                "type": "punctuation",
                "alternatives": [
                    {
                        "confidence": "0.0",
                        "content": ","
                    }
                ],
                "speaker_label": "spk_0"
            },
            {
                "id": 33,
                "type": "pronunciation",
                "alternatives": [
                    {
                        "confidence": "0.997",
                        "content": "had"
                    }
                ],
                "start_time": "141.32",
                "end_time": "141.52",
                "speaker_label": "spk_0"
            },
            {
                "id": 34,
                "type": "pronunciation",
                "alternatives": [
                    {
                        "confidence": "0.998",
                        "content": "made"
                    }
                ],
                "start_time": "141.52",
                "end_time": "141.639",
                "speaker_label": "spk_0"
            },
            {
                "id": 35,
                "type": "pronunciation",
                "alternatives": [
                    {
                        "confidence": "0.998",
                        "content": "an"
                    }
                ],
                "start_time": "141.639",
                "end_time": "141.759",
                "speaker_label": "spk_0"
            },
            {
                "id": 36,
                "type": "pronunciation",
                "alternatives": [
                    {
                        "confidence": "0.997",
                        "content": "appointment"
                    }
                ],
                "start_time": "141.759",
                "end_time": "142.199",
                "speaker_label": "spk_0"
            },
            {
                "id": 37,
                "type": "pronunciation",
                "alternatives": [
                    {
                        "confidence": "0.999",
                        "content": "for"
                    }
                ],
                "start_time": "142.199",
                "end_time": "142.32",
                "speaker_label": "spk_0"
            },
            {
                "id": 38,
                "type": "pronunciation",
                "alternatives": [
                    {
                        "confidence": "0.999",
                        "content": "my"
                    }
                ],
                "start_time": "142.32",
                "end_time": "142.52",
                "speaker_label": "spk_0"
            },
            {
                "id": 39,
                "type": "pronunciation",
                "alternatives": [
                    {
                        "confidence": "0.999",
                        "content": "husband"
                    }
                ],
                "start_time": "142.52",
                "end_time": "142.91",
                "speaker_label": "spk_0"
            },
            {
                "id": 40,
                "type": "pronunciation",
                "alternatives": [
                    {
                        "confidence": "0.999",
                        "content": "for"
                    }
                ],
                "start_time": "142.91",
                "end_time": "143.399",
                "speaker_label": "spk_0"
            },
            {
                "id": 41,
                "type": "pronunciation",
                "alternatives": [
                    {
                        "confidence": "0.996",
                        "content": "an"
                    }
                ],
                "start_time": "143.399",
                "end_time": "143.639",
                "speaker_label": "spk_0"
            },
            {
                "id": 42,
                "type": "pronunciation",
                "alternatives": [
                    {
                        "confidence": "0.989",
                        "content": "ultrasound"
                    }
                ],
                "start_time": "143.639",
                "end_time": "144.52",
                "speaker_label": "spk_0"
            },
            {
                "id": 43,
                "type": "pronunciation",
                "alternatives": [
                    {
                        "confidence": "0.999",
                        "content": "tomorrow"
                    }
                ],
                "start_time": "144.52",
                "end_time": "144.8",
                "speaker_label": "spk_0"
            },
            {
                "id": 44,
                "type": "pronunciation",
                "alternatives": [
                    {
                        "confidence": "0.998",
                        "content": "at"
                    }
                ],
                "start_time": "144.8",
                "end_time": "144.919",
                "speaker_label": "spk_0"
            },
            {
                "id": 45,
                "type": "pronunciation",
                "alternatives": [
                    {
                        "confidence": "0.994",
                        "content": "1:30"
                    }
                ],
                "start_time": "144.919",
                "end_time": "145.72",
                "speaker_label": "spk_0"
            },
            {
                "id": 46,
                "type": "punctuation",
                "alternatives": [
                    {
                        "confidence": "0.0",
                        "content": "."
                    }
                ],
                "speaker_label": "spk_0"
            },
            {
                "id": 47,
                "type": "pronunciation",
                "alternatives": [
                    {
                        "confidence": "0.991",
                        "content": "Mhm"
                    }
                ],
                "start_time": "146.039",
                "end_time": "146.119",
                "speaker_label": "spk_0"
            },
            {
                "id": 48,
                "type": "punctuation",
                "alternatives": [
                    {
                        "confidence": "0.0",
                        "content": "."
                    }
                ],
                "speaker_label": "spk_0"
            },
            {
                "id": 49,
                "type": "pronunciation",
                "alternatives": [
                    {
                        "confidence": "0.997",
                        "content": "And"
                    }
                ],
                "start_time": "147.039",
                "end_time": "147.05",
                "speaker_label": "spk_0"
            },
            {
                "id": 50,
                "type": "pronunciation",
                "alternatives": [
                    {
                        "confidence": "0.997",
                        "content": "uh"
                    }
                ],
                "start_time": "147.83",
                "end_time": "148.33",
                "speaker_label": "spk_0"
            },
            {
                "id": 51,
                "type": "punctuation",
                "alternatives": [
                    {
                        "confidence": "0.0",
                        "content": "."
                    }
                ],
                "speaker_label": "spk_0"
            },
            {
                "id": 52,
                "type": "pronunciation",
                "alternatives": [
                    {
                        "confidence": "0.996",
                        "content": "I"
                    }
                ],
                "start_time": "149.169",
                "end_time": "149.679",
                "speaker_label": "spk_0"
            },
            {
                "id": 53,
                "type": "pronunciation",
                "alternatives": [
                    {
                        "confidence": "0.999",
                        "content": "just"
                    }
                ],
                "start_time": "149.97",
                "end_time": "150.289",
                "speaker_label": "spk_0"
            },
            {
                "id": 54,
                "type": "pronunciation",
                "alternatives": [
                    {
                        "confidence": "0.707",
                        "content": "I've"
                    }
                ],
                "start_time": "150.289",
                "end_time": "150.57",
                "speaker_label": "spk_0"
            },
            {
                "id": 55,
                "type": "pronunciation",
                "alternatives": [
                    {
                        "confidence": "0.996",
                        "content": "seen"
                    }
                ],
                "start_time": "150.57",
                "end_time": "150.729",
                "speaker_label": "spk_0"
            },
            {
                "id": 56,
                "type": "pronunciation",
                "alternatives": [
                    {
                        "confidence": "0.997",
                        "content": "the"
                    }
                ],
                "start_time": "150.729",
                "end_time": "150.82",
                "speaker_label": "spk_0"
            },
            {
                "id": 57,
                "type": "pronunciation",
                "alternatives": [
                    {
                        "confidence": "0.994",
                        "content": "requisition"
                    }
                ],
                "start_time": "150.82",
                "end_time": "151.649",
                "speaker_label": "spk_0"
            },
            {
                "id": 58,
                "type": "pronunciation",
                "alternatives": [
                    {
                        "confidence": "0.998",
                        "content": "now"
                    }
                ],
                "start_time": "151.649",
                "end_time": "152.24",
                "speaker_label": "spk_0"
            },
            {
                "id": 59,
                "type": "pronunciation",
                "alternatives": [
                    {
                        "confidence": "0.999",
                        "content": "and"
                    }
                ],
                "start_time": "152.24",
                "end_time": "152.69",
                "speaker_label": "spk_0"
            },
            {
                "id": 60,
                "type": "pronunciation",
                "alternatives": [
                    {
                        "confidence": "0.997",
                        "content": "uh"
                    }
                ],
                "start_time": "152.69",
                "end_time": "153.13",
                "speaker_label": "spk_0"
            },
            {
                "id": 61,
                "type": "pronunciation",
                "alternatives": [
                    {
                        "confidence": "0.999",
                        "content": "I"
                    }
                ],
                "start_time": "153.13",
                "end_time": "153.289",
                "speaker_label": "spk_0"
            },
            {
                "id": 62,
                "type": "pronunciation",
                "alternatives": [
                    {
                        "confidence": "0.989",
                        "content": "had"
                    }
                ],
                "start_time": "153.289",
                "end_time": "153.529",
                "speaker_label": "spk_0"
            },
            {
                "id": 63,
                "type": "pronunciation",
                "alternatives": [
                    {
                        "confidence": "0.997",
                        "content": "said"
                    }
                ],
                "start_time": "153.529",
                "end_time": "153.889",
                "speaker_label": "spk_0"
            },
            {
                "id": 64,
                "type": "pronunciation",
                "alternatives": [
                    {
                        "confidence": "0.997",
                        "content": "kidney"
                    }
                ],
                "start_time": "153.889",
                "end_time": "154.169",
                "speaker_label": "spk_0"
            },
            {
                "id": 65,
                "type": "pronunciation",
                "alternatives": [
                    {
                        "confidence": "0.997",
                        "content": "and"
                    }
                ],
                "start_time": "154.169",
                "end_time": "154.21",
                "speaker_label": "spk_0"
            },
            {
                "id": 66,
                "type": "pronunciation",
                "alternatives": [
                    {
                        "confidence": "0.996",
                        "content": "bladder"
                    }
                ],
                "start_time": "154.21",
                "end_time": "154.88",
                "speaker_label": "spk_0"
            },
            {
                "id": 67,
                "type": "pronunciation",
                "alternatives": [
                    {
                        "confidence": "0.998",
                        "content": "and"
                    }
                ],
                "start_time": "155.169",
                "end_time": "155.289",
                "speaker_label": "spk_0"
            },
            {
                "id": 68,
                "type": "pronunciation",
                "alternatives": [
                    {
                        "confidence": "0.999",
                        "content": "it"
                    }
                ],
                "start_time": "155.289",
                "end_time": "155.49",
                "speaker_label": "spk_0"
            },
            {
                "id": 69,
                "type": "pronunciation",
                "alternatives": [
                    {
                        "confidence": "0.999",
                        "content": "says"
                    }
                ],
                "start_time": "155.49",
                "end_time": "155.929",
                "speaker_label": "spk_0"
            },
            {
                "id": 70,
                "type": "pronunciation",
                "alternatives": [
                    {
                        "confidence": "0.998",
                        "content": "kidney"
                    }
                ],
                "start_time": "155.929",
                "end_time": "156.259",
                "speaker_label": "spk_0"
            },
            {
                "id": 71,
                "type": "pronunciation",
                "alternatives": [
                    {
                        "confidence": "0.997",
                        "content": "bladder"
                    }
                ],
                "start_time": "156.259",
                "end_time": "156.77",
                "speaker_label": "spk_0"
            },
            {
                "id": 72,
                "type": "pronunciation",
                "alternatives": [
                    {
                        "confidence": "0.999",
                        "content": "and"
                    }
                ],
                "start_time": "156.77",
                "end_time": "157.1",
                "speaker_label": "spk_0"
            },
            {
                "id": 73,
                "type": "pronunciation",
                "alternatives": [
                    {
                        "confidence": "0.995",
                        "content": "pelvis"
                    }
                ],
                "start_time": "157.1",
                "end_time": "157.929",
                "speaker_label": "spk_0"
            },
            {
                "id": 74,
                "type": "pronunciation",
                "alternatives": [
                    {
                        "confidence": "0.996",
                        "content": "so"
                    }
                ],
                "start_time": "157.929",
                "end_time": "158.05",
                "speaker_label": "spk_0"
            },
            {
                "id": 75,
                "type": "pronunciation",
                "alternatives": [
                    {
                        "confidence": "0.997",
                        "content": "I"
                    }
                ],
                "start_time": "158.05",
                "end_time": "158.13",
                "speaker_label": "spk_0"
            },
            {
                "id": 76,
                "type": "pronunciation",
                "alternatives": [
                    {
                        "confidence": "0.998",
                        "content": "just"
                    }
                ],
                "start_time": "158.13",
                "end_time": "158.289",
                "speaker_label": "spk_0"
            },
            {
                "id": 77,
                "type": "pronunciation",
                "alternatives": [
                    {
                        "confidence": "0.998",
                        "content": "wanted"
                    }
                ],
                "start_time": "158.289",
                "end_time": "158.529",
                "speaker_label": "spk_0"
            },
            {
                "id": 78,
                "type": "pronunciation",
                "alternatives": [
                    {
                        "confidence": "0.999",
                        "content": "to"
                    }
                ],
                "start_time": "158.529",
                "end_time": "158.69",
                "speaker_label": "spk_0"
            },
            {
                "id": 79,
                "type": "pronunciation",
                "alternatives": [
                    {
                        "confidence": "0.999",
                        "content": "make"
                    }
                ],
                "start_time": "158.69",
                "end_time": "158.839",
                "speaker_label": "spk_0"
            },
            {
                "id": 80,
                "type": "pronunciation",
                "alternatives": [
                    {
                        "confidence": "0.999",
                        "content": "sure"
                    }
                ],
                "start_time": "158.839",
                "end_time": "159.009",
                "speaker_label": "spk_0"
            },
            {
                "id": 81,
                "type": "pronunciation",
                "alternatives": [
                    {
                        "confidence": "0.998",
                        "content": "that"
                    }
                ],
                "start_time": "159.009",
                "end_time": "159.13",
                "speaker_label": "spk_0"
            },
            {
                "id": 82,
                "type": "pronunciation",
                "alternatives": [
                    {
                        "confidence": "0.999",
                        "content": "was"
                    }
                ],
                "start_time": "159.13",
                "end_time": "159.289",
                "speaker_label": "spk_0"
            },
            {
                "id": 83,
                "type": "pronunciation",
                "alternatives": [
                    {
                        "confidence": "0.997",
                        "content": "OK"
                    }
                ],
                "start_time": "159.289",
                "end_time": "159.759",
                "speaker_label": "spk_0"
            },
            {
                "id": 84,
                "type": "pronunciation",
                "alternatives": [
                    {
                        "confidence": "0.996",
                        "content": "OK"
                    }
                ],
                "start_time": "159.86",
                "end_time": "160.529",
                "speaker_label": "spk_0"
            },
            {
                "id": 85,
                "type": "pronunciation",
                "alternatives": [
                    {
                        "confidence": "0.996",
                        "content": "and"
                    }
                ],
                "start_time": "160.529",
                "end_time": "160.97",
                "speaker_label": "spk_0"
            },
            {
                "id": 86,
                "type": "pronunciation",
                "alternatives": [
                    {
                        "confidence": "0.997",
                        "content": "your"
                    }
                ],
                "start_time": "160.97",
                "end_time": "161.32",
                "speaker_label": "spk_0"
            },
            {
                "id": 87,
                "type": "pronunciation",
                "alternatives": [
                    {
                        "confidence": "0.996",
                        "content": "uh"
                    }
                ],
                "start_time": "161.32",
                "end_time": "161.649",
                "speaker_label": "spk_0"
            },
            {
                "id": 88,
                "type": "pronunciation",
                "alternatives": [
                    {
                        "confidence": "0.997",
                        "content": "husband's"
                    }
                ],
                "start_time": "161.649",
                "end_time": "162.13",
                "speaker_label": "spk_0"
            },
            {
                "id": 89,
                "type": "pronunciation",
                "alternatives": [
                    {
                        "confidence": "0.999",
                        "content": "name"
                    }
                ],
                "start_time": "162.13",
                "end_time": "162.369",
                "speaker_label": "spk_0"
            },
            {
                "id": 90,
                "type": "pronunciation",
                "alternatives": [
                    {
                        "confidence": "0.998",
                        "content": "is"
                    }
                ],
                "start_time": "162.369",
                "end_time": "162.88",
                "speaker_label": "spk_0"
            },
            {
                "id": 91,
                "type": "pronunciation",
                "alternatives": [
                    {
                        "content": "[PII]",
                        "redactions": [
                            {
                                "confidence": "1.0",
                                "type": "NAME",
                                "category": "PII"
                            }
                        ]
                    }
                ],
                "start_time": "163.13",
                "end_time": "164.11"
            },
            {
                "id": 92,
                "type": "punctuation",
                "alternatives": [
                    {
                        "confidence": "0.0",
                        "content": ","
                    }
                ]
            },
            {
                "id": 93,
                "type": "pronunciation",
                "alternatives": [
                    {
                        "confidence": "0.996",
                        "content": "OK"
                    }
                ],
                "start_time": "164.229",
                "end_time": "164.759",
                "speaker_label": "spk_0"
            },
            {
                "id": 94,
                "type": "punctuation",
                "alternatives": [
                    {
                        "confidence": "0.0",
                        "content": "."
                    }
                ],
                "speaker_label": "spk_0"
            },
            {
                "id": 95,
                "type": "pronunciation",
                "alternatives": [
                    {
                        "confidence": "0.998",
                        "content": "OK"
                    }
                ],
                "start_time": "169.52",
                "end_time": "170.21",
                "speaker_label": "spk_0"
            },
            {
                "id": 96,
                "type": "punctuation",
                "alternatives": [
                    {
                        "confidence": "0.0",
                        "content": ","
                    }
                ],
                "speaker_label": "spk_0"
            },
            {
                "id": 97,
                "type": "pronunciation",
                "alternatives": [
                    {
                        "confidence": "0.996",
                        "content": "yes"
                    }
                ],
                "start_time": "170.449",
                "end_time": "170.679",
                "speaker_label": "spk_0"
            },
            {
                "id": 98,
                "type": "punctuation",
                "alternatives": [
                    {
                        "confidence": "0.0",
                        "content": ","
                    }
                ],
                "speaker_label": "spk_0"
            },
            {
                "id": 99,
                "type": "pronunciation",
                "alternatives": [
                    {
                        "confidence": "0.997",
                        "content": "so"
                    }
                ],
                "start_time": "170.729",
                "end_time": "171.009",
                "speaker_label": "spk_0"
            },
            {
                "id": 100,
                "type": "pronunciation",
                "alternatives": [
                    {
                        "confidence": "0.992",
                        "content": "he's"
                    }
                ],
                "start_time": "171.009",
                "end_time": "171.21",
                "speaker_label": "spk_0"
            },
            {
                "id": 101,
                "type": "pronunciation",
                "alternatives": [
                    {
                        "confidence": "0.999",
                        "content": "actually"
                    }
                ],
                "start_time": "171.21",
                "end_time": "171.729",
                "speaker_label": "spk_0"
            },
            {
                "id": 102,
                "type": "pronunciation",
                "alternatives": [
                    {
                        "confidence": "0.996",
                        "content": "booked"
                    }
                ],
                "start_time": "171.729",
                "end_time": "171.97",
                "speaker_label": "spk_0"
            },
            {
                "id": 103,
                "type": "pronunciation",
                "alternatives": [
                    {
                        "confidence": "0.999",
                        "content": "for"
                    }
                ],
                "start_time": "171.97",
                "end_time": "172.25",
                "speaker_label": "spk_0"
            },
            {
                "id": 104,
                "type": "pronunciation",
                "alternatives": [
                    {
                        "confidence": "0.999",
                        "content": "tomorrow"
                    }
                ],
                "start_time": "172.25",
                "end_time": "172.529",
                "speaker_label": "spk_0"
            },
            {
                "id": 105,
                "type": "pronunciation",
                "alternatives": [
                    {
                        "confidence": "0.994",
                        "content": "1:30"
                    }
                ],
                "start_time": "172.529",
                "end_time": "173.289",
                "speaker_label": "spk_0"
            },
            {
                "id": 106,
                "type": "pronunciation",
                "alternatives": [
                    {
                        "confidence": "0.998",
                        "content": "and"
                    }
                ],
                "start_time": "173.289",
                "end_time": "173.529",
                "speaker_label": "spk_0"
            },
            {
                "id": 107,
                "type": "pronunciation",
                "alternatives": [
                    {
                        "confidence": "0.997",
                        "content": "yes"
                    }
                ],
                "start_time": "173.529",
                "end_time": "173.789",
                "speaker_label": "spk_0"
            },
            {
                "id": 108,
                "type": "pronunciation",
                "alternatives": [
                    {
                        "confidence": "0.999",
                        "content": "it"
                    }
                ],
                "start_time": "173.789",
                "end_time": "174.009",
                "speaker_label": "spk_0"
            },
            {
                "id": 109,
                "type": "pronunciation",
                "alternatives": [
                    {
                        "confidence": "0.999",
                        "content": "is"
                    }
                ],
                "start_time": "174.009",
                "end_time": "174.399",
                "speaker_label": "spk_0"
            },
            {
                "id": 110,
                "type": "punctuation",
                "alternatives": [
                    {
                        "confidence": "0.0",
                        "content": ","
                    }
                ],
                "speaker_label": "spk_0"
            },
            {
                "id": 111,
                "type": "pronunciation",
                "alternatives": [
                    {
                        "confidence": "0.997",
                        "content": "um"
                    }
                ],
                "start_time": "174.41",
                "end_time": "174.88",
                "speaker_label": "spk_0"
            },
            {
                "id": 112,
                "type": "punctuation",
                "alternatives": [
                    {
                        "confidence": "0.0",
                        "content": ","
                    }
                ],
                "speaker_label": "spk_0"
            },
            {
                "id": 113,
                "type": "pronunciation",
                "alternatives": [
                    {
                        "confidence": "0.998",
                        "content": "kidney"
                    }
                ],
                "start_time": "174.889",
                "end_time": "175.259",
                "speaker_label": "spk_0"
            },
            {
                "id": 114,
                "type": "pronunciation",
                "alternatives": [
                    {
                        "confidence": "0.993",
                        "content": "bladder"
                    }
                ],
                "start_time": "175.259",
                "end_time": "176.089",
                "speaker_label": "spk_0"
            },
            {
                "id": 115,
                "type": "pronunciation",
                "alternatives": [
                    {
                        "confidence": "0.998",
                        "content": "including"
                    }
                ],
                "start_time": "176.089",
                "end_time": "176.47",
                "speaker_label": "spk_0"
            },
            {
                "id": 116,
                "type": "pronunciation",
                "alternatives": [
                    {
                        "confidence": "0.992",
                        "content": "male"
                    }
                ],
                "start_time": "176.47",
                "end_time": "176.729",
                "speaker_label": "spk_0"
            },
            {
                "id": 117,
                "type": "pronunciation",
                "alternatives": [
                    {
                        "confidence": "0.958",
                        "content": "filters"
                    }
                ],
                "start_time": "176.729",
                "end_time": "177.449",
                "speaker_label": "spk_0"
            },
            {
                "id": 118,
                "type": "punctuation",
                "alternatives": [
                    {
                        "confidence": "0.0",
                        "content": "."
                    }
                ],
                "speaker_label": "spk_0"
            },
            {
                "id": 119,
                "type": "pronunciation",
                "alternatives": [
                    {
                        "confidence": "0.997",
                        "content": "OK"
                    }
                ],
                "start_time": "178.1",
                "end_time": "178.529",
                "speaker_label": "spk_0"
            },
            {
                "id": 120,
                "type": "pronunciation",
                "alternatives": [
                    {
                        "confidence": "0.998",
                        "content": "perfect"
                    }
                ],
                "start_time": "178.529",
                "end_time": "179.289",
                "speaker_label": "spk_0"
            },
            {
                "id": 121,
                "type": "pronunciation",
                "alternatives": [
                    {
                        "confidence": "0.988",
                        "content": "awesome"
                    }
                ],
                "start_time": "179.57",
                "end_time": "179.929",
                "speaker_label": "spk_0"
            },
            {
                "id": 122,
                "type": "pronunciation",
                "alternatives": [
                    {
                        "confidence": "0.996",
                        "content": "so"
                    }
                ],
                "start_time": "179.929",
                "end_time": "180.089",
                "speaker_label": "spk_0"
            },
            {
                "id": 123,
                "type": "pronunciation",
                "alternatives": [
                    {
                        "confidence": "0.952",
                        "content": "we'll"
                    }
                ],
                "start_time": "180.089",
                "end_time": "180.449",
                "speaker_label": "spk_0"
            },
            {
                "id": 124,
                "type": "pronunciation",
                "alternatives": [
                    {
                        "confidence": "0.999",
                        "content": "see"
                    }
                ],
                "start_time": "180.449",
                "end_time": "180.57",
                "speaker_label": "spk_0"
            },
            {
                "id": 125,
                "type": "pronunciation",
                "alternatives": [
                    {
                        "confidence": "0.997",
                        "content": "you"
                    }
                ],
                "start_time": "180.57",
                "end_time": "180.69",
                "speaker_label": "spk_0"
            },
            {
                "id": 126,
                "type": "pronunciation",
                "alternatives": [
                    {
                        "confidence": "0.997",
                        "content": "then"
                    }
                ],
                "start_time": "180.69",
                "end_time": "181.009",
                "speaker_label": "spk_0"
            },
            {
                "id": 127,
                "type": "pronunciation",
                "alternatives": [
                    {
                        "confidence": "0.999",
                        "content": "tomorrow"
                    }
                ],
                "start_time": "181.009",
                "end_time": "181.559",
                "speaker_label": "spk_0"
            },
            {
                "id": 128,
                "type": "pronunciation",
                "alternatives": [
                    {
                        "confidence": "0.998",
                        "content": "OK"
                    }
                ],
                "start_time": "181.809",
                "end_time": "182.33",
                "speaker_label": "spk_0"
            },
            {
                "id": 129,
                "type": "pronunciation",
                "alternatives": [
                    {
                        "confidence": "0.997",
                        "content": "thank"
                    }
                ],
                "start_time": "182.69",
                "end_time": "182.85",
                "speaker_label": "spk_0"
            },
            {
                "id": 130,
                "type": "pronunciation",
                "alternatives": [
                    {
                        "confidence": "0.998",
                        "content": "you"
                    }
                ],
                "start_time": "182.85",
                "end_time": "183.179",
                "speaker_label": "spk_0"
            },
            {
                "id": 131,
                "type": "pronunciation",
                "alternatives": [
                    {
                        "confidence": "0.996",
                        "content": "welcome"
                    }
                ],
                "start_time": "183.41",
                "end_time": "183.85",
                "speaker_label": "spk_0"
            },
            {
                "id": 132,
                "type": "pronunciation",
                "alternatives": [
                    {
                        "confidence": "0.996",
                        "content": "have"
                    }
                ],
                "start_time": "183.85",
                "end_time": "183.97",
                "speaker_label": "spk_0"
            },
            {
                "id": 133,
                "type": "pronunciation",
                "alternatives": [
                    {
                        "confidence": "0.998",
                        "content": "a"
                    }
                ],
                "start_time": "183.97",
                "end_time": "184.05",
                "speaker_label": "spk_0"
            },
            {
                "id": 134,
                "type": "pronunciation",
                "alternatives": [
                    {
                        "confidence": "0.998",
                        "content": "good"
                    }
                ],
                "start_time": "184.05",
                "end_time": "184.25",
                "speaker_label": "spk_0"
            },
            {
                "id": 135,
                "type": "pronunciation",
                "alternatives": [
                    {
                        "confidence": "0.997",
                        "content": "day"
                    }
                ],
                "start_time": "184.25",
                "end_time": "184.429",
                "speaker_label": "spk_0"
            },
            {
                "id": 136,
                "type": "punctuation",
                "alternatives": [
                    {
                        "confidence": "0.0",
                        "content": "."
                    }
                ],
                "speaker_label": "spk_0"
            }
        ],
        "audio_segments": [
            {
                "id": 0,
                "transcript": "After your diagnostics, please hold.",
                "start_time": "12.67",
                "end_time": "15.09",
                "speaker_label": "spk_0",
                "items": [
                    0,
                    1,
                    2,
                    3,
                    4,
                    5,
                    6
                ]
            },
            {
                "id": 1,
                "transcript": "What are diagnostics. Thank you for waiting. Sorry for the wait. How may I help you? Hi, I, uh, had made an appointment for my husband for an ultrasound tomorrow at 1:30. Mhm.",
                "start_time": "135.679",
                "end_time": "146.449",
                "speaker_label": "spk_0",
                "items": [
                    7,
                    8,
                    9,
                    10,
                    11,
                    12,
                    13,
                    14,
                    15,
                    16,
                    17,
                    18,
                    19,
                    20,
                    21,
                    22,
                    23,
                    24,
                    25,
                    26,
                    27,
                    28,
                    29,
                    30,
                    31,
                    32,
                    33,
                    34,
                    35,
                    36,
                    37,
                    38,
                    39,
                    40,
                    41,
                    42,
                    43,
                    44,
                    45,
                    46,
                    47,
                    48
                ]
            },
            {
                "id": 2,
                "transcript": "And uh.",
                "start_time": "147.029",
                "end_time": "148.52",
                "speaker_label": "spk_0",
                "items": [
                    49,
                    50,
                    51
                ]
            },
            {
                "id": 3,
                "transcript": "I just I've seen the requisition now and uh I had said kidney and bladder and it says kidney bladder and pelvis so I just wanted to make sure that was OK OK and your uh husband's name is [PII], OK.",
                "start_time": "149.089",
                "end_time": "164.86",
                "speaker_label": "spk_0",
                "items": [
                    52,
                    53,
                    54,
                    55,
                    56,
                    57,
                    58,
                    59,
                    60,
                    61,
                    62,
                    63,
                    64,
                    65,
                    66,
                    67,
                    68,
                    69,
                    70,
                    71,
                    72,
                    73,
                    74,
                    75,
                    76,
                    77,
                    78,
                    79,
                    80,
                    81,
                    82,
                    83,
                    84,
                    85,
                    86,
                    87,
                    88,
                    89,
                    90,
                    91,
                    92,
                    93,
                    94
                ]
            },
            {
                "id": 4,
                "transcript": "OK, yes, so he's actually booked for tomorrow 1:30 and yes it is, um, kidney bladder including male filters.",
                "start_time": "169.41",
                "end_time": "177.57",
                "speaker_label": "spk_0",
                "items": [
                    95,
                    96,
                    97,
                    98,
                    99,
                    100,
                    101,
                    102,
                    103,
                    104,
                    105,
                    106,
                    107,
                    108,
                    109,
                    110,
                    111,
                    112,
                    113,
                    114,
                    115,
                    116,
                    117,
                    118
                ]
            },
            {
                "id": 5,
                "transcript": "OK perfect awesome so we'll see you then tomorrow OK thank you welcome have a good day.",
                "start_time": "178.089",
                "end_time": "184.71",
                "speaker_label": "spk_0",
                "items": [
                    119,
                    120,
                    121,
                    122,
                    123,
                    124,
                    125,
                    126,
                    127,
                    128,
                    129,
                    130,
                    131,
                    132,
                    133,
                    134,
                    135,
                    136
                ]
            }
        ]
    }
}