{
    "jobName": "transcription-job-2024-03-25T15-15-06Z-call-08961314-f97b-4a58-a68f-a2fc077347d9-1734641207",
    "accountId": "199040315413",
    "isRedacted": true,
    "status": "COMPLETED",
    "results": {
        "transcripts": [
            {
                "transcript": "AlsoF not [PII] speaking. How may I help you? Uh, good morning. I'm sorry, I would like to schedule an appointment for my mother. OK, uh, and I am, yeah, I'm not even sure if you do this. She needs to do bone mineral density, uh, or densitometry. Uh, we can do like bone density, but the density. Triometry is like under X-ray and you're not doing that one you're doing with the one with the ultrasound. Um, yeah, and our is not covered by Alberta Healthcare. Oh I see I see OK no problem um thank you so much. Yes."
            }
        ],
        "speaker_labels": {
            "segments": [
                {
                    "start_time": "0.839",
                    "end_time": "4.05",
                    "speaker_label": "spk_0",
                    "items": [
                        {
                            "speaker_label": "spk_0",
                            "start_time": "2.66",
                            "end_time": "2.68"
                        },
                        {
                            "speaker_label": "spk_0",
                            "start_time": "2.68",
                            "end_time": "2.69"
                        },
                        {
                            "speaker_label": "spk_0",
                            "start_time": "2.69",
                            "end_time": "2.72"
                        },
                        {
                            "speaker_label": "spk_0",
                            "start_time": "2.72",
                            "end_time": "2.99"
                        },
                        {
                            "speaker_label": "spk_0",
                            "start_time": "3.079",
                            "end_time": "3.279"
                        },
                        {
                            "speaker_label": "spk_0",
                            "start_time": "3.279",
                            "end_time": "3.359"
                        },
                        {
                            "speaker_label": "spk_0",
                            "start_time": "3.359",
                            "end_time": "3.48"
                        },
                        {
                            "speaker_label": "spk_0",
                            "start_time": "3.48",
                            "end_time": "3.64"
                        },
                        {
                            "speaker_label": "spk_0",
                            "start_time": "3.64",
                            "end_time": "3.91"
                        }
                    ]
                },
                {
                    "start_time": "5.079",
                    "end_time": "27.77",
                    "speaker_label": "spk_0",
                    "items": [
                        {
                            "speaker_label": "spk_0",
                            "start_time": "5.5",
                            "end_time": "5.9"
                        },
                        {
                            "speaker_label": "spk_0",
                            "start_time": "6.0",
                            "end_time": "6.13"
                        },
                        {
                            "speaker_label": "spk_0",
                            "start_time": "6.13",
                            "end_time": "6.8"
                        },
                        {
                            "speaker_label": "spk_0",
                            "start_time": "7.289",
                            "end_time": "7.48"
                        },
                        {
                            "speaker_label": "spk_0",
                            "start_time": "7.48",
                            "end_time": "7.699"
                        },
                        {
                            "speaker_label": "spk_0",
                            "start_time": "7.76",
                            "end_time": "7.88"
                        },
                        {
                            "speaker_label": "spk_0",
                            "start_time": "7.88",
                            "end_time": "8.039"
                        },
                        {
                            "speaker_label": "spk_0",
                            "start_time": "8.039",
                            "end_time": "8.199"
                        },
                        {
                            "speaker_label": "spk_0",
                            "start_time": "8.199",
                            "end_time": "8.479"
                        },
                        {
                            "speaker_label": "spk_0",
                            "start_time": "8.479",
                            "end_time": "8.8"
                        },
                        {
                            "speaker_label": "spk_0",
                            "start_time": "8.8",
                            "end_time": "8.92"
                        },
                        {
                            "speaker_label": "spk_0",
                            "start_time": "8.92",
                            "end_time": "9.949"
                        },
                        {
                            "speaker_label": "spk_0",
                            "start_time": "9.949",
                            "end_time": "10.159"
                        },
                        {
                            "speaker_label": "spk_0",
                            "start_time": "10.159",
                            "end_time": "10.39"
                        },
                        {
                            "speaker_label": "spk_0",
                            "start_time": "10.39",
                            "end_time": "10.869"
                        },
                        {
                            "speaker_label": "spk_0",
                            "start_time": "11.319",
                            "end_time": "11.899"
                        },
                        {
                            "speaker_label": "spk_0",
                            "start_time": "12.64",
                            "end_time": "12.829"
                        },
                        {
                            "speaker_label": "spk_0",
                            "start_time": "12.85",
                            "end_time": "13.02"
                        },
                        {
                            "speaker_label": "spk_0",
                            "start_time": "13.02",
                            "end_time": "13.199"
                        },
                        {
                            "speaker_label": "spk_0",
                            "start_time": "13.199",
                            "end_time": "13.56"
                        },
                        {
                            "speaker_label": "spk_0",
                            "start_time": "13.699",
                            "end_time": "13.84"
                        },
                        {
                            "speaker_label": "spk_0",
                            "start_time": "13.92",
                            "end_time": "14.039"
                        },
                        {
                            "speaker_label": "spk_0",
                            "start_time": "14.039",
                            "end_time": "14.25"
                        },
                        {
                            "speaker_label": "spk_0",
                            "start_time": "14.25",
                            "end_time": "14.6"
                        },
                        {
                            "speaker_label": "spk_0",
                            "start_time": "14.6",
                            "end_time": "14.77"
                        },
                        {
                            "speaker_label": "spk_0",
                            "start_time": "14.77",
                            "end_time": "14.92"
                        },
                        {
                            "speaker_label": "spk_0",
                            "start_time": "14.92",
                            "end_time": "15.079"
                        },
                        {
                            "speaker_label": "spk_0",
                            "start_time": "15.079",
                            "end_time": "15.319"
                        },
                        {
                            "speaker_label": "spk_0",
                            "start_time": "15.319",
                            "end_time": "15.92"
                        },
                        {
                            "speaker_label": "spk_0",
                            "start_time": "16.52",
                            "end_time": "16.53"
                        },
                        {
                            "speaker_label": "spk_0",
                            "start_time": "17.079",
                            "end_time": "17.399"
                        },
                        {
                            "speaker_label": "spk_0",
                            "start_time": "17.399",
                            "end_time": "17.6"
                        },
                        {
                            "speaker_label": "spk_0",
                            "start_time": "17.6",
                            "end_time": "17.819"
                        },
                        {
                            "speaker_label": "spk_0",
                            "start_time": "17.819",
                            "end_time": "18.28"
                        },
                        {
                            "speaker_label": "spk_0",
                            "start_time": "18.28",
                            "end_time": "18.84"
                        },
                        {
                            "speaker_label": "spk_0",
                            "start_time": "18.84",
                            "end_time": "19.95"
                        },
                        {
                            "speaker_label": "spk_0",
                            "start_time": "20.319",
                            "end_time": "20.67"
                        },
                        {
                            "speaker_label": "spk_0",
                            "start_time": "20.68",
                            "end_time": "20.92"
                        },
                        {
                            "speaker_label": "spk_0",
                            "start_time": "20.92",
                            "end_time": "22.829"
                        },
                        {
                            "speaker_label": "spk_0",
                            "start_time": "23.389",
                            "end_time": "23.87"
                        },
                        {
                            "speaker_label": "spk_0",
                            "start_time": "23.879",
                            "end_time": "24.12"
                        },
                        {
                            "speaker_label": "spk_0",
                            "start_time": "24.12",
                            "end_time": "24.44"
                        },
                        {
                            "speaker_label": "spk_0",
                            "start_time": "24.44",
                            "end_time": "24.909"
                        },
                        {
                            "speaker_label": "spk_0",
                            "start_time": "25.079",
                            "end_time": "25.319"
                        },
                        {
                            "speaker_label": "spk_0",
                            "start_time": "25.319",
                            "end_time": "25.67"
                        },
                        {
                            "speaker_label": "spk_0",
                            "start_time": "25.67",
                            "end_time": "26.28"
                        },
                        {
                            "speaker_label": "spk_0",
                            "start_time": "26.399",
                            "end_time": "26.719"
                        },
                        {
                            "speaker_label": "spk_0",
                            "start_time": "26.719",
                            "end_time": "26.92"
                        },
                        {
                            "speaker_label": "spk_0",
                            "start_time": "26.92",
                            "end_time": "27.479"
                        }
                    ]
                },
                {
                    "start_time": "27.989",
                    "end_time": "36.38",
                    "speaker_label": "spk_0",
                    "items": [
                        {
                            "speaker_label": "spk_0",
                            "start_time": "28.35",
                            "end_time": "29.049"
                        },
                        {
                            "speaker_label": "spk_0",
                            "start_time": "29.049",
                            "end_time": "29.309"
                        },
                        {
                            "speaker_label": "spk_0",
                            "start_time": "29.309",
                            "end_time": "29.75"
                        },
                        {
                            "speaker_label": "spk_0",
                            "start_time": "29.75",
                            "end_time": "30.069"
                        },
                        {
                            "speaker_label": "spk_0",
                            "start_time": "30.069",
                            "end_time": "30.979"
                        },
                        {
                            "speaker_label": "spk_0",
                            "start_time": "31.309",
                            "end_time": "31.469"
                        },
                        {
                            "speaker_label": "spk_0",
                            "start_time": "31.469",
                            "end_time": "31.709"
                        },
                        {
                            "speaker_label": "spk_0",
                            "start_time": "31.709",
                            "end_time": "31.909"
                        },
                        {
                            "speaker_label": "spk_0",
                            "start_time": "31.909",
                            "end_time": "32.229"
                        },
                        {
                            "speaker_label": "spk_0",
                            "start_time": "32.229",
                            "end_time": "32.479"
                        },
                        {
                            "speaker_label": "spk_0",
                            "start_time": "32.479",
                            "end_time": "32.869"
                        },
                        {
                            "speaker_label": "spk_0",
                            "start_time": "32.869",
                            "end_time": "33.11"
                        },
                        {
                            "speaker_label": "spk_0",
                            "start_time": "33.11",
                            "end_time": "33.509"
                        },
                        {
                            "speaker_label": "spk_0",
                            "start_time": "33.509",
                            "end_time": "33.709"
                        },
                        {
                            "speaker_label": "spk_0",
                            "start_time": "33.709",
                            "end_time": "33.83"
                        },
                        {
                            "speaker_label": "spk_0",
                            "start_time": "33.83",
                            "end_time": "34.09"
                        },
                        {
                            "speaker_label": "spk_0",
                            "start_time": "34.09",
                            "end_time": "34.389"
                        },
                        {
                            "speaker_label": "spk_0",
                            "start_time": "34.389",
                            "end_time": "34.7"
                        },
                        {
                            "speaker_label": "spk_0",
                            "start_time": "35.229",
                            "end_time": "36.279"
                        }
                    ]
                },
                {
                    "start_time": "38.02",
                    "end_time": "42.889",
                    "speaker_label": "spk_0",
                    "items": [
                        {
                            "speaker_label": "spk_0",
                            "start_time": "38.139",
                            "end_time": "38.95"
                        },
                        {
                            "speaker_label": "spk_0",
                            "start_time": "39.459",
                            "end_time": "39.77"
                        },
                        {
                            "speaker_label": "spk_0",
                            "start_time": "39.86",
                            "end_time": "40.18"
                        },
                        {
                            "speaker_label": "spk_0",
                            "start_time": "40.18",
                            "end_time": "40.419"
                        },
                        {
                            "speaker_label": "spk_0",
                            "start_time": "40.419",
                            "end_time": "40.659"
                        },
                        {
                            "speaker_label": "spk_0",
                            "start_time": "40.659",
                            "end_time": "40.939"
                        },
                        {
                            "speaker_label": "spk_0",
                            "start_time": "40.939",
                            "end_time": "41.369"
                        },
                        {
                            "speaker_label": "spk_0",
                            "start_time": "41.369",
                            "end_time": "41.58"
                        },
                        {
                            "speaker_label": "spk_0",
                            "start_time": "41.58",
                            "end_time": "42.099"
                        },
                        {
                            "speaker_label": "spk_0",
                            "start_time": "42.099",
                            "end_time": "42.74"
                        }
                    ]
                },
                {
                    "start_time": "43.84",
                    "end_time": "49.959",
                    "speaker_label": "spk_0",
                    "items": [
                        {
                            "speaker_label": "spk_0",
                            "start_time": "43.849",
                            "end_time": "44.24"
                        },
                        {
                            "speaker_label": "spk_0",
                            "start_time": "44.24",
                            "end_time": "44.479"
                        },
                        {
                            "speaker_label": "spk_0",
                            "start_time": "44.479",
                            "end_time": "44.639"
                        },
                        {
                            "speaker_label": "spk_0",
                            "start_time": "44.639",
                            "end_time": "44.84"
                        },
                        {
                            "speaker_label": "spk_0",
                            "start_time": "44.84",
                            "end_time": "44.99"
                        },
                        {
                            "speaker_label": "spk_0",
                            "start_time": "44.99",
                            "end_time": "45.33"
                        },
                        {
                            "speaker_label": "spk_0",
                            "start_time": "45.33",
                            "end_time": "45.599"
                        },
                        {
                            "speaker_label": "spk_0",
                            "start_time": "45.599",
                            "end_time": "46.11"
                        },
                        {
                            "speaker_label": "spk_0",
                            "start_time": "46.279",
                            "end_time": "46.79"
                        },
                        {
                            "speaker_label": "spk_0",
                            "start_time": "47.159",
                            "end_time": "47.279"
                        },
                        {
                            "speaker_label": "spk_0",
                            "start_time": "47.279",
                            "end_time": "47.439"
                        },
                        {
                            "speaker_label": "spk_0",
                            "start_time": "47.439",
                            "end_time": "47.569"
                        },
                        {
                            "speaker_label": "spk_0",
                            "start_time": "47.569",
                            "end_time": "47.99"
                        },
                        {
                            "speaker_label": "spk_0",
                            "start_time": "48.4",
                            "end_time": "48.409"
                        }
                    ]
                }
            ],
            "channel_label": "ch_0",
            "speakers": 1
        },
        "items": [
            {
                "id": 0,
                "type": "pronunciation",
                "alternatives": [
                    {
                        "confidence": "0.686",
                        "content": "AlsoF"
                    }
                ],
                "start_time": "2.66",
                "end_time": "2.68",
                "speaker_label": "spk_0"
            },
            {
                "id": 1,
                "type": "pronunciation",
                "alternatives": [
                    {
                        "confidence": "0.458",
                        "content": "not"
                    }
                ],
                "start_time": "2.68",
                "end_time": "2.69",
                "speaker_label": "spk_0"
            },
            {
                "id": 2,
                "type": "pronunciation",
                "alternatives": [
                    {
                        "content": "[PII]",
                        "redactions": [
                            {
                                "confidence": "0.9998",
                                "type": "NAME",
                                "category": "PII"
                            }
                        ]
                    }
                ],
                "start_time": "2.69",
                "end_time": "2.72"
            },
            {
                "id": 3,
                "type": "pronunciation",
                "alternatives": [
                    {
                        "confidence": "0.998",
                        "content": "speaking"
                    }
                ],
                "start_time": "2.72",
                "end_time": "2.99",
                "speaker_label": "spk_0"
            },
            {
                "id": 4,
                "type": "punctuation",
                "alternatives": [
                    {
                        "confidence": "0.0",
                        "content": "."
                    }
                ],
                "speaker_label": "spk_0"
            },
            {
                "id": 5,
                "type": "pronunciation",
                "alternatives": [
                    {
                        "confidence": "0.985",
                        "content": "How"
                    }
                ],
                "start_time": "3.079",
                "end_time": "3.279",
                "speaker_label": "spk_0"
            },
            {
                "id": 6,
                "type": "pronunciation",
                "alternatives": [
                    {
                        "confidence": "0.999",
                        "content": "may"
                    }
                ],
                "start_time": "3.279",
                "end_time": "3.359",
                "speaker_label": "spk_0"
            },
            {
                "id": 7,
                "type": "pronunciation",
                "alternatives": [
                    {
                        "confidence": "0.998",
                        "content": "I"
                    }
                ],
                "start_time": "3.359",
                "end_time": "3.48",
                "speaker_label": "spk_0"
            },
            {
                "id": 8,
                "type": "pronunciation",
                "alternatives": [
                    {
                        "confidence": "0.999",
                        "content": "help"
                    }
                ],
                "start_time": "3.48",
                "end_time": "3.64",
                "speaker_label": "spk_0"
            },
            {
                "id": 9,
                "type": "pronunciation",
                "alternatives": [
                    {
                        "confidence": "0.999",
                        "content": "you"
                    }
                ],
                "start_time": "3.64",
                "end_time": "3.91",
                "speaker_label": "spk_0"
            },
            {
                "id": 10,
                "type": "punctuation",
                "alternatives": [
                    {
                        "confidence": "0.0",
                        "content": "?"
                    }
                ],
                "speaker_label": "spk_0"
            },
            {
                "id": 11,
                "type": "pronunciation",
                "alternatives": [
                    {
                        "confidence": "0.991",
                        "content": "Uh"
                    }
                ],
                "start_time": "5.5",
                "end_time": "5.9",
                "speaker_label": "spk_0"
            },
            {
                "id": 12,
                "type": "punctuation",
                "alternatives": [
                    {
                        "confidence": "0.0",
                        "content": ","
                    }
                ],
                "speaker_label": "spk_0"
            },
            {
                "id": 13,
                "type": "pronunciation",
                "alternatives": [
                    {
                        "confidence": "0.997",
                        "content": "good"
                    }
                ],
                "start_time": "6.0",
                "end_time": "6.13",
                "speaker_label": "spk_0"
            },
            {
                "id": 14,
                "type": "pronunciation",
                "alternatives": [
                    {
                        "confidence": "0.999",
                        "content": "morning"
                    }
                ],
                "start_time": "6.13",
                "end_time": "6.8",
                "speaker_label": "spk_0"
            },
            {
                "id": 15,
                "type": "punctuation",
                "alternatives": [
                    {
                        "confidence": "0.0",
                        "content": "."
                    }
                ],
                "speaker_label": "spk_0"
            },
            {
                "id": 16,
                "type": "pronunciation",
                "alternatives": [
                    {
                        "confidence": "0.991",
                        "content": "I'm"
                    }
                ],
                "start_time": "7.289",
                "end_time": "7.48",
                "speaker_label": "spk_0"
            },
            {
                "id": 17,
                "type": "pronunciation",
                "alternatives": [
                    {
                        "confidence": "0.998",
                        "content": "sorry"
                    }
                ],
                "start_time": "7.48",
                "end_time": "7.699",
                "speaker_label": "spk_0"
            },
            {
                "id": 18,
                "type": "punctuation",
                "alternatives": [
                    {
                        "confidence": "0.0",
                        "content": ","
                    }
                ],
                "speaker_label": "spk_0"
            },
            {
                "id": 19,
                "type": "pronunciation",
                "alternatives": [
                    {
                        "confidence": "0.999",
                        "content": "I"
                    }
                ],
                "start_time": "7.76",
                "end_time": "7.88",
                "speaker_label": "spk_0"
            },
            {
                "id": 20,
                "type": "pronunciation",
                "alternatives": [
                    {
                        "confidence": "0.998",
                        "content": "would"
                    }
                ],
                "start_time": "7.88",
                "end_time": "8.039",
                "speaker_label": "spk_0"
            },
            {
                "id": 21,
                "type": "pronunciation",
                "alternatives": [
                    {
                        "confidence": "0.999",
                        "content": "like"
                    }
                ],
                "start_time": "8.039",
                "end_time": "8.199",
                "speaker_label": "spk_0"
            },
            {
                "id": 22,
                "type": "pronunciation",
                "alternatives": [
                    {
                        "confidence": "0.999",
                        "content": "to"
                    }
                ],
                "start_time": "8.199",
                "end_time": "8.479",
                "speaker_label": "spk_0"
            },
            {
                "id": 23,
                "type": "pronunciation",
                "alternatives": [
                    {
                        "confidence": "0.998",
                        "content": "schedule"
                    }
                ],
                "start_time": "8.479",
                "end_time": "8.8",
                "speaker_label": "spk_0"
            },
            {
                "id": 24,
                "type": "pronunciation",
                "alternatives": [
                    {
                        "confidence": "0.998",
                        "content": "an"
                    }
                ],
                "start_time": "8.8",
                "end_time": "8.92",
                "speaker_label": "spk_0"
            },
            {
                "id": 25,
                "type": "pronunciation",
                "alternatives": [
                    {
                        "confidence": "0.998",
                        "content": "appointment"
                    }
                ],
                "start_time": "8.92",
                "end_time": "9.949",
                "speaker_label": "spk_0"
            },
            {
                "id": 26,
                "type": "pronunciation",
                "alternatives": [
                    {
                        "confidence": "0.999",
                        "content": "for"
                    }
                ],
                "start_time": "9.949",
                "end_time": "10.159",
                "speaker_label": "spk_0"
            },
            {
                "id": 27,
                "type": "pronunciation",
                "alternatives": [
                    {
                        "confidence": "0.999",
                        "content": "my"
                    }
                ],
                "start_time": "10.159",
                "end_time": "10.39",
                "speaker_label": "spk_0"
            },
            {
                "id": 28,
                "type": "pronunciation",
                "alternatives": [
                    {
                        "confidence": "0.999",
                        "content": "mother"
                    }
                ],
                "start_time": "10.39",
                "end_time": "10.869",
                "speaker_label": "spk_0"
            },
            {
                "id": 29,
                "type": "punctuation",
                "alternatives": [
                    {
                        "confidence": "0.0",
                        "content": "."
                    }
                ],
                "speaker_label": "spk_0"
            },
            {
                "id": 30,
                "type": "pronunciation",
                "alternatives": [
                    {
                        "confidence": "0.997",
                        "content": "OK"
                    }
                ],
                "start_time": "11.319",
                "end_time": "11.899",
                "speaker_label": "spk_0"
            },
            {
                "id": 31,
                "type": "punctuation",
                "alternatives": [
                    {
                        "confidence": "0.0",
                        "content": ","
                    }
                ],
                "speaker_label": "spk_0"
            },
            {
                "id": 32,
                "type": "pronunciation",
                "alternatives": [
                    {
                        "confidence": "0.99",
                        "content": "uh"
                    }
                ],
                "start_time": "12.64",
                "end_time": "12.829",
                "speaker_label": "spk_0"
            },
            {
                "id": 33,
                "type": "punctuation",
                "alternatives": [
                    {
                        "confidence": "0.0",
                        "content": ","
                    }
                ],
                "speaker_label": "spk_0"
            },
            {
                "id": 34,
                "type": "pronunciation",
                "alternatives": [
                    {
                        "confidence": "0.997",
                        "content": "and"
                    }
                ],
                "start_time": "12.85",
                "end_time": "13.02",
                "speaker_label": "spk_0"
            },
            {
                "id": 35,
                "type": "pronunciation",
                "alternatives": [
                    {
                        "confidence": "0.998",
                        "content": "I"
                    }
                ],
                "start_time": "13.02",
                "end_time": "13.199",
                "speaker_label": "spk_0"
            },
            {
                "id": 36,
                "type": "pronunciation",
                "alternatives": [
                    {
                        "confidence": "0.996",
                        "content": "am"
                    }
                ],
                "start_time": "13.199",
                "end_time": "13.56",
                "speaker_label": "spk_0"
            },
            {
                "id": 37,
                "type": "punctuation",
                "alternatives": [
                    {
                        "confidence": "0.0",
                        "content": ","
                    }
                ],
                "speaker_label": "spk_0"
            },
            {
                "id": 38,
                "type": "pronunciation",
                "alternatives": [
                    {
                        "confidence": "0.997",
                        "content": "yeah"
                    }
                ],
                "start_time": "13.699",
                "end_time": "13.84",
                "speaker_label": "spk_0"
            },
            {
                "id": 39,
                "type": "punctuation",
                "alternatives": [
                    {
                        "confidence": "0.0",
                        "content": ","
                    }
                ],
                "speaker_label": "spk_0"
            },
            {
                "id": 40,
                "type": "pronunciation",
                "alternatives": [
                    {
                        "confidence": "0.99",
                        "content": "I'm"
                    }
                ],
                "start_time": "13.92",
                "end_time": "14.039",
                "speaker_label": "spk_0"
            },
            {
                "id": 41,
                "type": "pronunciation",
                "alternatives": [
                    {
                        "confidence": "0.998",
                        "content": "not"
                    }
                ],
                "start_time": "14.039",
                "end_time": "14.25",
                "speaker_label": "spk_0"
            },
            {
                "id": 42,
                "type": "pronunciation",
                "alternatives": [
                    {
                        "confidence": "0.998",
                        "content": "even"
                    }
                ],
                "start_time": "14.25",
                "end_time": "14.6",
                "speaker_label": "spk_0"
            },
            {
                "id": 43,
                "type": "pronunciation",
                "alternatives": [
                    {
                        "confidence": "0.999",
                        "content": "sure"
                    }
                ],
                "start_time": "14.6",
                "end_time": "14.77",
                "speaker_label": "spk_0"
            },
            {
                "id": 44,
                "type": "pronunciation",
                "alternatives": [
                    {
                        "confidence": "0.997",
                        "content": "if"
                    }
                ],
                "start_time": "14.77",
                "end_time": "14.92",
                "speaker_label": "spk_0"
            },
            {
                "id": 45,
                "type": "pronunciation",
                "alternatives": [
                    {
                        "confidence": "0.996",
                        "content": "you"
                    }
                ],
                "start_time": "14.92",
                "end_time": "15.079",
                "speaker_label": "spk_0"
            },
            {
                "id": 46,
                "type": "pronunciation",
                "alternatives": [
                    {
                        "confidence": "0.998",
                        "content": "do"
                    }
                ],
                "start_time": "15.079",
                "end_time": "15.319",
                "speaker_label": "spk_0"
            },
            {
                "id": 47,
                "type": "pronunciation",
                "alternatives": [
                    {
                        "confidence": "0.997",
                        "content": "this"
                    }
                ],
                "start_time": "15.319",
                "end_time": "15.92",
                "speaker_label": "spk_0"
            },
            {
                "id": 48,
                "type": "punctuation",
                "alternatives": [
                    {
                        "confidence": "0.0",
                        "content": "."
                    }
                ],
                "speaker_label": "spk_0"
            },
            {
                "id": 49,
                "type": "pronunciation",
                "alternatives": [
                    {
                        "confidence": "0.475",
                        "content": "She"
                    }
                ],
                "start_time": "16.52",
                "end_time": "16.53",
                "speaker_label": "spk_0"
            },
            {
                "id": 50,
                "type": "pronunciation",
                "alternatives": [
                    {
                        "confidence": "0.983",
                        "content": "needs"
                    }
                ],
                "start_time": "17.079",
                "end_time": "17.399",
                "speaker_label": "spk_0"
            },
            {
                "id": 51,
                "type": "pronunciation",
                "alternatives": [
                    {
                        "confidence": "0.999",
                        "content": "to"
                    }
                ],
                "start_time": "17.399",
                "end_time": "17.6",
                "speaker_label": "spk_0"
            },
            {
                "id": 52,
                "type": "pronunciation",
                "alternatives": [
                    {
                        "confidence": "0.999",
                        "content": "do"
                    }
                ],
                "start_time": "17.6",
                "end_time": "17.819",
                "speaker_label": "spk_0"
            },
            {
                "id": 53,
                "type": "pronunciation",
                "alternatives": [
                    {
                        "confidence": "0.994",
                        "content": "bone"
                    }
                ],
                "start_time": "17.819",
                "end_time": "18.28",
                "speaker_label": "spk_0"
            },
            {
                "id": 54,
                "type": "pronunciation",
                "alternatives": [
                    {
                        "confidence": "0.996",
                        "content": "mineral"
                    }
                ],
                "start_time": "18.28",
                "end_time": "18.84",
                "speaker_label": "spk_0"
            },
            {
                "id": 55,
                "type": "pronunciation",
                "alternatives": [
                    {
                        "confidence": "0.996",
                        "content": "density"
                    }
                ],
                "start_time": "18.84",
                "end_time": "19.95",
                "speaker_label": "spk_0"
            },
            {
                "id": 56,
                "type": "punctuation",
                "alternatives": [
                    {
                        "confidence": "0.0",
                        "content": ","
                    }
                ],
                "speaker_label": "spk_0"
            },
            {
                "id": 57,
                "type": "pronunciation",
                "alternatives": [
                    {
                        "confidence": "0.996",
                        "content": "uh"
                    }
                ],
                "start_time": "20.319",
                "end_time": "20.67",
                "speaker_label": "spk_0"
            },
            {
                "id": 58,
                "type": "punctuation",
                "alternatives": [
                    {
                        "confidence": "0.0",
                        "content": ","
                    }
                ],
                "speaker_label": "spk_0"
            },
            {
                "id": 59,
                "type": "pronunciation",
                "alternatives": [
                    {
                        "confidence": "0.997",
                        "content": "or"
                    }
                ],
                "start_time": "20.68",
                "end_time": "20.92",
                "speaker_label": "spk_0"
            },
            {
                "id": 60,
                "type": "pronunciation",
                "alternatives": [
                    {
                        "confidence": "0.609",
                        "content": "densitometry"
                    }
                ],
                "start_time": "20.92",
                "end_time": "22.829",
                "speaker_label": "spk_0"
            },
            {
                "id": 61,
                "type": "punctuation",
                "alternatives": [
                    {
                        "confidence": "0.0",
                        "content": "."
                    }
                ],
                "speaker_label": "spk_0"
            },
            {
                "id": 62,
                "type": "pronunciation",
                "alternatives": [
                    {
                        "confidence": "0.996",
                        "content": "Uh"
                    }
                ],
                "start_time": "23.389",
                "end_time": "23.87",
                "speaker_label": "spk_0"
            },
            {
                "id": 63,
                "type": "punctuation",
                "alternatives": [
                    {
                        "confidence": "0.0",
                        "content": ","
                    }
                ],
                "speaker_label": "spk_0"
            },
            {
                "id": 64,
                "type": "pronunciation",
                "alternatives": [
                    {
                        "confidence": "0.998",
                        "content": "we"
                    }
                ],
                "start_time": "23.879",
                "end_time": "24.12",
                "speaker_label": "spk_0"
            },
            {
                "id": 65,
                "type": "pronunciation",
                "alternatives": [
                    {
                        "confidence": "0.999",
                        "content": "can"
                    }
                ],
                "start_time": "24.12",
                "end_time": "24.44",
                "speaker_label": "spk_0"
            },
            {
                "id": 66,
                "type": "pronunciation",
                "alternatives": [
                    {
                        "confidence": "0.999",
                        "content": "do"
                    }
                ],
                "start_time": "24.44",
                "end_time": "24.909",
                "speaker_label": "spk_0"
            },
            {
                "id": 67,
                "type": "pronunciation",
                "alternatives": [
                    {
                        "confidence": "0.999",
                        "content": "like"
                    }
                ],
                "start_time": "25.079",
                "end_time": "25.319",
                "speaker_label": "spk_0"
            },
            {
                "id": 68,
                "type": "pronunciation",
                "alternatives": [
                    {
                        "confidence": "0.993",
                        "content": "bone"
                    }
                ],
                "start_time": "25.319",
                "end_time": "25.67",
                "speaker_label": "spk_0"
            },
            {
                "id": 69,
                "type": "pronunciation",
                "alternatives": [
                    {
                        "confidence": "0.996",
                        "content": "density"
                    }
                ],
                "start_time": "25.67",
                "end_time": "26.28",
                "speaker_label": "spk_0"
            },
            {
                "id": 70,
                "type": "punctuation",
                "alternatives": [
                    {
                        "confidence": "0.0",
                        "content": ","
                    }
                ],
                "speaker_label": "spk_0"
            },
            {
                "id": 71,
                "type": "pronunciation",
                "alternatives": [
                    {
                        "confidence": "0.997",
                        "content": "but"
                    }
                ],
                "start_time": "26.399",
                "end_time": "26.719",
                "speaker_label": "spk_0"
            },
            {
                "id": 72,
                "type": "pronunciation",
                "alternatives": [
                    {
                        "confidence": "0.948",
                        "content": "the"
                    }
                ],
                "start_time": "26.719",
                "end_time": "26.92",
                "speaker_label": "spk_0"
            },
            {
                "id": 73,
                "type": "pronunciation",
                "alternatives": [
                    {
                        "confidence": "0.987",
                        "content": "density"
                    }
                ],
                "start_time": "26.92",
                "end_time": "27.479",
                "speaker_label": "spk_0"
            },
            {
                "id": 74,
                "type": "punctuation",
                "alternatives": [
                    {
                        "confidence": "0.0",
                        "content": "."
                    }
                ],
                "speaker_label": "spk_0"
            },
            {
                "id": 75,
                "type": "pronunciation",
                "alternatives": [
                    {
                        "confidence": "0.986",
                        "content": "Triometry"
                    }
                ],
                "start_time": "28.35",
                "end_time": "29.049",
                "speaker_label": "spk_0"
            },
            {
                "id": 76,
                "type": "pronunciation",
                "alternatives": [
                    {
                        "confidence": "0.993",
                        "content": "is"
                    }
                ],
                "start_time": "29.049",
                "end_time": "29.309",
                "speaker_label": "spk_0"
            },
            {
                "id": 77,
                "type": "pronunciation",
                "alternatives": [
                    {
                        "confidence": "0.998",
                        "content": "like"
                    }
                ],
                "start_time": "29.309",
                "end_time": "29.75",
                "speaker_label": "spk_0"
            },
            {
                "id": 78,
                "type": "pronunciation",
                "alternatives": [
                    {
                        "confidence": "0.998",
                        "content": "under"
                    }
                ],
                "start_time": "29.75",
                "end_time": "30.069",
                "speaker_label": "spk_0"
            },
            {
                "id": 79,
                "type": "pronunciation",
                "alternatives": [
                    {
                        "confidence": "0.993",
                        "content": "X-ray"
                    }
                ],
                "start_time": "30.069",
                "end_time": "30.979",
                "speaker_label": "spk_0"
            },
            {
                "id": 80,
                "type": "pronunciation",
                "alternatives": [
                    {
                        "confidence": "0.998",
                        "content": "and"
                    }
                ],
                "start_time": "31.309",
                "end_time": "31.469",
                "speaker_label": "spk_0"
            },
            {
                "id": 81,
                "type": "pronunciation",
                "alternatives": [
                    {
                        "confidence": "0.993",
                        "content": "you're"
                    }
                ],
                "start_time": "31.469",
                "end_time": "31.709",
                "speaker_label": "spk_0"
            },
            {
                "id": 82,
                "type": "pronunciation",
                "alternatives": [
                    {
                        "confidence": "0.999",
                        "content": "not"
                    }
                ],
                "start_time": "31.709",
                "end_time": "31.909",
                "speaker_label": "spk_0"
            },
            {
                "id": 83,
                "type": "pronunciation",
                "alternatives": [
                    {
                        "confidence": "0.999",
                        "content": "doing"
                    }
                ],
                "start_time": "31.909",
                "end_time": "32.229",
                "speaker_label": "spk_0"
            },
            {
                "id": 84,
                "type": "pronunciation",
                "alternatives": [
                    {
                        "confidence": "0.998",
                        "content": "that"
                    }
                ],
                "start_time": "32.229",
                "end_time": "32.479",
                "speaker_label": "spk_0"
            },
            {
                "id": 85,
                "type": "pronunciation",
                "alternatives": [
                    {
                        "confidence": "0.997",
                        "content": "one"
                    }
                ],
                "start_time": "32.479",
                "end_time": "32.869",
                "speaker_label": "spk_0"
            },
            {
                "id": 86,
                "type": "pronunciation",
                "alternatives": [
                    {
                        "confidence": "0.989",
                        "content": "you're"
                    }
                ],
                "start_time": "32.869",
                "end_time": "33.11",
                "speaker_label": "spk_0"
            },
            {
                "id": 87,
                "type": "pronunciation",
                "alternatives": [
                    {
                        "confidence": "0.998",
                        "content": "doing"
                    }
                ],
                "start_time": "33.11",
                "end_time": "33.509",
                "speaker_label": "spk_0"
            },
            {
                "id": 88,
                "type": "pronunciation",
                "alternatives": [
                    {
                        "confidence": "0.973",
                        "content": "with"
                    }
                ],
                "start_time": "33.509",
                "end_time": "33.709",
                "speaker_label": "spk_0"
            },
            {
                "id": 89,
                "type": "pronunciation",
                "alternatives": [
                    {
                        "confidence": "0.998",
                        "content": "the"
                    }
                ],
                "start_time": "33.709",
                "end_time": "33.83",
                "speaker_label": "spk_0"
            },
            {
                "id": 90,
                "type": "pronunciation",
                "alternatives": [
                    {
                        "confidence": "0.999",
                        "content": "one"
                    }
                ],
                "start_time": "33.83",
                "end_time": "34.09",
                "speaker_label": "spk_0"
            },
            {
                "id": 91,
                "type": "pronunciation",
                "alternatives": [
                    {
                        "confidence": "0.999",
                        "content": "with"
                    }
                ],
                "start_time": "34.09",
                "end_time": "34.389",
                "speaker_label": "spk_0"
            },
            {
                "id": 92,
                "type": "pronunciation",
                "alternatives": [
                    {
                        "confidence": "0.985",
                        "content": "the"
                    }
                ],
                "start_time": "34.389",
                "end_time": "34.7",
                "speaker_label": "spk_0"
            },
            {
                "id": 93,
                "type": "pronunciation",
                "alternatives": [
                    {
                        "confidence": "0.99",
                        "content": "ultrasound"
                    }
                ],
                "start_time": "35.229",
                "end_time": "36.279",
                "speaker_label": "spk_0"
            },
            {
                "id": 94,
                "type": "punctuation",
                "alternatives": [
                    {
                        "confidence": "0.0",
                        "content": "."
                    }
                ],
                "speaker_label": "spk_0"
            },
            {
                "id": 95,
                "type": "pronunciation",
                "alternatives": [
                    {
                        "confidence": "0.997",
                        "content": "Um"
                    }
                ],
                "start_time": "38.139",
                "end_time": "38.95",
                "speaker_label": "spk_0"
            },
            {
                "id": 96,
                "type": "punctuation",
                "alternatives": [
                    {
                        "confidence": "0.0",
                        "content": ","
                    }
                ],
                "speaker_label": "spk_0"
            },
            {
                "id": 97,
                "type": "pronunciation",
                "alternatives": [
                    {
                        "confidence": "0.997",
                        "content": "yeah"
                    }
                ],
                "start_time": "39.459",
                "end_time": "39.77",
                "speaker_label": "spk_0"
            },
            {
                "id": 98,
                "type": "punctuation",
                "alternatives": [
                    {
                        "confidence": "0.0",
                        "content": ","
                    }
                ],
                "speaker_label": "spk_0"
            },
            {
                "id": 99,
                "type": "pronunciation",
                "alternatives": [
                    {
                        "confidence": "0.996",
                        "content": "and"
                    }
                ],
                "start_time": "39.86",
                "end_time": "40.18",
                "speaker_label": "spk_0"
            },
            {
                "id": 100,
                "type": "pronunciation",
                "alternatives": [
                    {
                        "confidence": "0.995",
                        "content": "our"
                    }
                ],
                "start_time": "40.18",
                "end_time": "40.419",
                "speaker_label": "spk_0"
            },
            {
                "id": 101,
                "type": "pronunciation",
                "alternatives": [
                    {
                        "confidence": "0.997",
                        "content": "is"
                    }
                ],
                "start_time": "40.419",
                "end_time": "40.659",
                "speaker_label": "spk_0"
            },
            {
                "id": 102,
                "type": "pronunciation",
                "alternatives": [
                    {
                        "confidence": "0.998",
                        "content": "not"
                    }
                ],
                "start_time": "40.659",
                "end_time": "40.939",
                "speaker_label": "spk_0"
            },
            {
                "id": 103,
                "type": "pronunciation",
                "alternatives": [
                    {
                        "confidence": "0.999",
                        "content": "covered"
                    }
                ],
                "start_time": "40.939",
                "end_time": "41.369",
                "speaker_label": "spk_0"
            },
            {
                "id": 104,
                "type": "pronunciation",
                "alternatives": [
                    {
                        "confidence": "0.998",
                        "content": "by"
                    }
                ],
                "start_time": "41.369",
                "end_time": "41.58",
                "speaker_label": "spk_0"
            },
            {
                "id": 105,
                "type": "pronunciation",
                "alternatives": [
                    {
                        "confidence": "0.551",
                        "content": "Alberta"
                    }
                ],
                "start_time": "41.58",
                "end_time": "42.099",
                "speaker_label": "spk_0"
            },
            {
                "id": 106,
                "type": "pronunciation",
                "alternatives": [
                    {
                        "confidence": "0.32",
                        "content": "Healthcare"
                    }
                ],
                "start_time": "42.099",
                "end_time": "42.74",
                "speaker_label": "spk_0"
            },
            {
                "id": 107,
                "type": "punctuation",
                "alternatives": [
                    {
                        "confidence": "0.0",
                        "content": "."
                    }
                ],
                "speaker_label": "spk_0"
            },
            {
                "id": 108,
                "type": "pronunciation",
                "alternatives": [
                    {
                        "confidence": "0.998",
                        "content": "Oh"
                    }
                ],
                "start_time": "43.849",
                "end_time": "44.24",
                "speaker_label": "spk_0"
            },
            {
                "id": 109,
                "type": "pronunciation",
                "alternatives": [
                    {
                        "confidence": "0.999",
                        "content": "I"
                    }
                ],
                "start_time": "44.24",
                "end_time": "44.479",
                "speaker_label": "spk_0"
            },
            {
                "id": 110,
                "type": "pronunciation",
                "alternatives": [
                    {
                        "confidence": "0.999",
                        "content": "see"
                    }
                ],
                "start_time": "44.479",
                "end_time": "44.639",
                "speaker_label": "spk_0"
            },
            {
                "id": 111,
                "type": "pronunciation",
                "alternatives": [
                    {
                        "confidence": "0.997",
                        "content": "I"
                    }
                ],
                "start_time": "44.639",
                "end_time": "44.84",
                "speaker_label": "spk_0"
            },
            {
                "id": 112,
                "type": "pronunciation",
                "alternatives": [
                    {
                        "confidence": "0.998",
                        "content": "see"
                    }
                ],
                "start_time": "44.84",
                "end_time": "44.99",
                "speaker_label": "spk_0"
            },
            {
                "id": 113,
                "type": "pronunciation",
                "alternatives": [
                    {
                        "confidence": "0.998",
                        "content": "OK"
                    }
                ],
                "start_time": "44.99",
                "end_time": "45.33",
                "speaker_label": "spk_0"
            },
            {
                "id": 114,
                "type": "pronunciation",
                "alternatives": [
                    {
                        "confidence": "0.997",
                        "content": "no"
                    }
                ],
                "start_time": "45.33",
                "end_time": "45.599",
                "speaker_label": "spk_0"
            },
            {
                "id": 115,
                "type": "pronunciation",
                "alternatives": [
                    {
                        "confidence": "0.999",
                        "content": "problem"
                    }
                ],
                "start_time": "45.599",
                "end_time": "46.11",
                "speaker_label": "spk_0"
            },
            {
                "id": 116,
                "type": "pronunciation",
                "alternatives": [
                    {
                        "confidence": "0.996",
                        "content": "um"
                    }
                ],
                "start_time": "46.279",
                "end_time": "46.79",
                "speaker_label": "spk_0"
            },
            {
                "id": 117,
                "type": "pronunciation",
                "alternatives": [
                    {
                        "confidence": "0.998",
                        "content": "thank"
                    }
                ],
                "start_time": "47.159",
                "end_time": "47.279",
                "speaker_label": "spk_0"
            },
            {
                "id": 118,
                "type": "pronunciation",
                "alternatives": [
                    {
                        "confidence": "0.999",
                        "content": "you"
                    }
                ],
                "start_time": "47.279",
                "end_time": "47.439",
                "speaker_label": "spk_0"
            },
            {
                "id": 119,
                "type": "pronunciation",
                "alternatives": [
                    {
                        "confidence": "0.999",
                        "content": "so"
                    }
                ],
                "start_time": "47.439",
                "end_time": "47.569",
                "speaker_label": "spk_0"
            },
            {
                "id": 120,
                "type": "pronunciation",
                "alternatives": [
                    {
                        "confidence": "0.999",
                        "content": "much"
                    }
                ],
                "start_time": "47.569",
                "end_time": "47.99",
                "speaker_label": "spk_0"
            },
            {
                "id": 121,
                "type": "punctuation",
                "alternatives": [
                    {
                        "confidence": "0.0",
                        "content": "."
                    }
                ],
                "speaker_label": "spk_0"
            },
            {
                "id": 122,
                "type": "pronunciation",
                "alternatives": [
                    {
                        "confidence": "0.884",
                        "content": "Yes"
                    }
                ],
                "start_time": "48.4",
                "end_time": "48.409",
                "speaker_label": "spk_0"
            },
            {
                "id": 123,
                "type": "punctuation",
                "alternatives": [
                    {
                        "confidence": "0.0",
                        "content": "."
                    }
                ],
                "speaker_label": "spk_0"
            }
        ],
        "audio_segments": [
            {
                "id": 0,
                "transcript": "AlsoF not [PII] speaking. How may I help you?",
                "start_time": "0.839",
                "end_time": "4.05",
                "speaker_label": "spk_0",
                "items": [
                    0,
                    1,
                    2,
                    3,
                    4,
                    5,
                    6,
                    7,
                    8,
                    9,
                    10
                ]
            },
            {
                "id": 1,
                "transcript": "Uh, good morning. I'm sorry, I would like to schedule an appointment for my mother. OK, uh, and I am, yeah, I'm not even sure if you do this. She needs to do bone mineral density, uh, or densitometry. Uh, we can do like bone density, but the density.",
                "start_time": "5.079",
                "end_time": "27.77",
                "speaker_label": "spk_0",
                "items": [
                    11,
                    12,
                    13,
                    14,
                    15,
                    16,
                    17,
                    18,
                    19,
                    20,
                    21,
                    22,
                    23,
                    24,
                    25,
                    26,
                    27,
                    28,
                    29,
                    30,
                    31,
                    32,
                    33,
                    34,
                    35,
                    36,
                    37,
                    38,
                    39,
                    40,
                    41,
                    42,
                    43,
                    44,
                    45,
                    46,
                    47,
                    48,
                    49,
                    50,
                    51,
                    52,
                    53,
                    54,
                    55,
                    56,
                    57,
                    58,
                    59,
                    60,
                    61,
                    62,
                    63,
                    64,
                    65,
                    66,
                    67,
                    68,
                    69,
                    70,
                    71,
                    72,
                    73,
                    74
                ]
            },
            {
                "id": 2,
                "transcript": "Triometry is like under X-ray and you're not doing that one you're doing with the one with the ultrasound.",
                "start_time": "27.989",
                "end_time": "36.38",
                "speaker_label": "spk_0",
                "items": [
                    75,
                    76,
                    77,
                    78,
                    79,
                    80,
                    81,
                    82,
                    83,
                    84,
                    85,
                    86,
                    87,
                    88,
                    89,
                    90,
                    91,
                    92,
                    93,
                    94
                ]
            },
            {
                "id": 3,
                "transcript": "Um, yeah, and our is not covered by Alberta Healthcare.",
                "start_time": "38.02",
                "end_time": "42.889",
                "speaker_label": "spk_0",
                "items": [
                    95,
                    96,
                    97,
                    98,
                    99,
                    100,
                    101,
                    102,
                    103,
                    104,
                    105,
                    106,
                    107
                ]
            },
            {
                "id": 4,
                "transcript": "Oh I see I see OK no problem um thank you so much. Yes.",
                "start_time": "43.84",
                "end_time": "49.959",
                "speaker_label": "spk_0",
                "items": [
                    108,
                    109,
                    110,
                    111,
                    112,
                    113,
                    114,
                    115,
                    116,
                    117,
                    118,
                    119,
                    120,
                    121,
                    122,
                    123
                ]
            }
        ]
    }
}