{
    "jobName": "transcription-job-2024-03-25T15-49-54Z-call-a624b578-ea26-419b-8f1e-72cc467f3b3f-1734641736",
    "accountId": "199040315413",
    "isRedacted": true,
    "status": "COMPLETED",
    "results": {
        "transcripts": [
            {
                "transcript": "[PII] speaking. How may I help you? Uh, yes, I'm phoning for my son [PII]. He needs an appointment to have X-rays done on his back. OK, so do you, do you have his requisition? Yes I do. Uh, so what you said on the requisition, uh, I'll fine, he's fine. Or is it like complete um. It just says X-ray lumbar spine. OK, sounds fine. OK, so when do you think uh he can come? Oh you can just go in any time? Yes, yes, any time we are doing uh walking, so anytime. Oh, OK, that sounds good thank you very much. Yes, from 9 to 4. 9 to 4? OK, thanks. OK bye bye."
            }
        ],
        "speaker_labels": {
            "segments": [
                {
                    "start_time": "4.519",
                    "end_time": "8.39",
                    "speaker_label": "spk_0",
                    "items": [
                        {
                            "speaker_label": "spk_0",
                            "start_time": "6.34",
                            "end_time": "6.36"
                        },
                        {
                            "speaker_label": "spk_0",
                            "start_time": "6.36",
                            "end_time": "6.679"
                        },
                        {
                            "speaker_label": "spk_0",
                            "start_time": "6.719",
                            "end_time": "6.88"
                        },
                        {
                            "speaker_label": "spk_0",
                            "start_time": "6.88",
                            "end_time": "7.0"
                        },
                        {
                            "speaker_label": "spk_0",
                            "start_time": "7.0",
                            "end_time": "7.119"
                        },
                        {
                            "speaker_label": "spk_0",
                            "start_time": "7.119",
                            "end_time": "7.309"
                        },
                        {
                            "speaker_label": "spk_0",
                            "start_time": "7.309",
                            "end_time": "7.67"
                        },
                        {
                            "speaker_label": "spk_0",
                            "start_time": "8.38",
                            "end_time": "8.39"
                        }
                    ]
                },
                {
                    "start_time": "8.399",
                    "end_time": "10.369",
                    "speaker_label": "spk_1",
                    "items": [
                        {
                            "speaker_label": "spk_1",
                            "start_time": "8.399",
                            "end_time": "8.64"
                        },
                        {
                            "speaker_label": "spk_1",
                            "start_time": "8.76",
                            "end_time": "9.0"
                        },
                        {
                            "speaker_label": "spk_1",
                            "start_time": "9.0",
                            "end_time": "9.52"
                        },
                        {
                            "speaker_label": "spk_1",
                            "start_time": "9.52",
                            "end_time": "9.76"
                        },
                        {
                            "speaker_label": "spk_1",
                            "start_time": "9.76",
                            "end_time": "9.909"
                        },
                        {
                            "speaker_label": "spk_1",
                            "start_time": "9.909",
                            "end_time": "10.369"
                        }
                    ]
                },
                {
                    "start_time": "10.369",
                    "end_time": "11.05",
                    "speaker_label": "spk_1",
                    "items": [
                        {
                            "speaker_label": "spk_1",
                            "start_time": "10.369",
                            "end_time": "11.05"
                        }
                    ]
                },
                {
                    "start_time": "11.319",
                    "end_time": "15.229",
                    "speaker_label": "spk_1",
                    "items": [
                        {
                            "speaker_label": "spk_1",
                            "start_time": "11.319",
                            "end_time": "11.52"
                        },
                        {
                            "speaker_label": "spk_1",
                            "start_time": "11.52",
                            "end_time": "11.819"
                        },
                        {
                            "speaker_label": "spk_1",
                            "start_time": "11.819",
                            "end_time": "12.109"
                        },
                        {
                            "speaker_label": "spk_1",
                            "start_time": "12.109",
                            "end_time": "12.92"
                        },
                        {
                            "speaker_label": "spk_1",
                            "start_time": "12.92",
                            "end_time": "13.279"
                        },
                        {
                            "speaker_label": "spk_1",
                            "start_time": "13.279",
                            "end_time": "13.71"
                        },
                        {
                            "speaker_label": "spk_1",
                            "start_time": "13.71",
                            "end_time": "14.52"
                        },
                        {
                            "speaker_label": "spk_1",
                            "start_time": "14.52",
                            "end_time": "14.779"
                        },
                        {
                            "speaker_label": "spk_1",
                            "start_time": "14.779",
                            "end_time": "14.96"
                        },
                        {
                            "speaker_label": "spk_1",
                            "start_time": "14.96",
                            "end_time": "15.229"
                        }
                    ]
                },
                {
                    "start_time": "15.229",
                    "end_time": "15.939",
                    "speaker_label": "spk_1",
                    "items": [
                        {
                            "speaker_label": "spk_1",
                            "start_time": "15.229",
                            "end_time": "15.75"
                        }
                    ]
                },
                {
                    "start_time": "16.94",
                    "end_time": "21.85",
                    "speaker_label": "spk_0",
                    "items": [
                        {
                            "speaker_label": "spk_0",
                            "start_time": "17.12",
                            "end_time": "17.54"
                        },
                        {
                            "speaker_label": "spk_0",
                            "start_time": "17.7",
                            "end_time": "18.26"
                        },
                        {
                            "speaker_label": "spk_0",
                            "start_time": "18.26",
                            "end_time": "18.399"
                        },
                        {
                            "speaker_label": "spk_0",
                            "start_time": "18.399",
                            "end_time": "19.19"
                        },
                        {
                            "speaker_label": "spk_0",
                            "start_time": "19.85",
                            "end_time": "19.86"
                        },
                        {
                            "speaker_label": "spk_0",
                            "start_time": "19.86",
                            "end_time": "20.139"
                        },
                        {
                            "speaker_label": "spk_0",
                            "start_time": "20.139",
                            "end_time": "20.44"
                        },
                        {
                            "speaker_label": "spk_0",
                            "start_time": "20.44",
                            "end_time": "20.739"
                        },
                        {
                            "speaker_label": "spk_0",
                            "start_time": "20.739",
                            "end_time": "21.77"
                        }
                    ]
                },
                {
                    "start_time": "22.59",
                    "end_time": "23.7",
                    "speaker_label": "spk_1",
                    "items": [
                        {
                            "speaker_label": "spk_1",
                            "start_time": "22.77",
                            "end_time": "23.03"
                        },
                        {
                            "speaker_label": "spk_1",
                            "start_time": "23.03",
                            "end_time": "23.229"
                        },
                        {
                            "speaker_label": "spk_1",
                            "start_time": "23.229",
                            "end_time": "23.7"
                        }
                    ]
                },
                {
                    "start_time": "24.27",
                    "end_time": "29.629",
                    "speaker_label": "spk_0",
                    "items": [
                        {
                            "speaker_label": "spk_0",
                            "start_time": "24.27",
                            "end_time": "24.54"
                        },
                        {
                            "speaker_label": "spk_0",
                            "start_time": "24.629",
                            "end_time": "24.87"
                        },
                        {
                            "speaker_label": "spk_0",
                            "start_time": "24.87",
                            "end_time": "25.03"
                        },
                        {
                            "speaker_label": "spk_0",
                            "start_time": "25.03",
                            "end_time": "25.19"
                        },
                        {
                            "speaker_label": "spk_0",
                            "start_time": "25.19",
                            "end_time": "25.35"
                        },
                        {
                            "speaker_label": "spk_0",
                            "start_time": "25.35",
                            "end_time": "25.469"
                        },
                        {
                            "speaker_label": "spk_0",
                            "start_time": "25.469",
                            "end_time": "25.59"
                        },
                        {
                            "speaker_label": "spk_0",
                            "start_time": "25.59",
                            "end_time": "26.399"
                        },
                        {
                            "speaker_label": "spk_0",
                            "start_time": "26.579",
                            "end_time": "27.219"
                        },
                        {
                            "speaker_label": "spk_0",
                            "start_time": "27.87",
                            "end_time": "28.28"
                        },
                        {
                            "speaker_label": "spk_0",
                            "start_time": "28.28",
                            "end_time": "28.59"
                        },
                        {
                            "speaker_label": "spk_0",
                            "start_time": "28.709",
                            "end_time": "29.03"
                        },
                        {
                            "speaker_label": "spk_0",
                            "start_time": "29.03",
                            "end_time": "29.54"
                        }
                    ]
                },
                {
                    "start_time": "30.549",
                    "end_time": "32.688",
                    "speaker_label": "spk_0",
                    "items": [
                        {
                            "speaker_label": "spk_0",
                            "start_time": "30.729",
                            "end_time": "30.989"
                        },
                        {
                            "speaker_label": "spk_0",
                            "start_time": "30.989",
                            "end_time": "31.26"
                        },
                        {
                            "speaker_label": "spk_0",
                            "start_time": "31.26",
                            "end_time": "31.27"
                        },
                        {
                            "speaker_label": "spk_0",
                            "start_time": "31.27",
                            "end_time": "31.709"
                        },
                        {
                            "speaker_label": "spk_0",
                            "start_time": "31.709",
                            "end_time": "32.189"
                        },
                        {
                            "speaker_label": "spk_0",
                            "start_time": "32.189",
                            "end_time": "32.59"
                        }
                    ]
                },
                {
                    "start_time": "33.49",
                    "end_time": "34.33",
                    "speaker_label": "spk_1",
                    "items": [
                        {
                            "speaker_label": "spk_1",
                            "start_time": "33.5",
                            "end_time": "33.81"
                        },
                        {
                            "speaker_label": "spk_1",
                            "start_time": "33.81",
                            "end_time": "34.13"
                        },
                        {
                            "speaker_label": "spk_1",
                            "start_time": "34.13",
                            "end_time": "34.33"
                        }
                    ]
                },
                {
                    "start_time": "34.33",
                    "end_time": "34.97",
                    "speaker_label": "spk_0",
                    "items": [
                        {
                            "speaker_label": "spk_0",
                            "start_time": "34.33",
                            "end_time": "34.97"
                        }
                    ]
                },
                {
                    "start_time": "34.97",
                    "end_time": "36.319",
                    "speaker_label": "spk_1",
                    "items": [
                        {
                            "speaker_label": "spk_1",
                            "start_time": "34.97",
                            "end_time": "35.669"
                        },
                        {
                            "speaker_label": "spk_1",
                            "start_time": "35.669",
                            "end_time": "36.319"
                        }
                    ]
                },
                {
                    "start_time": "36.569",
                    "end_time": "38.099",
                    "speaker_label": "spk_0",
                    "items": [
                        {
                            "speaker_label": "spk_0",
                            "start_time": "36.569",
                            "end_time": "37.04"
                        },
                        {
                            "speaker_label": "spk_0",
                            "start_time": "37.36",
                            "end_time": "37.61"
                        },
                        {
                            "speaker_label": "spk_0",
                            "start_time": "37.61",
                            "end_time": "37.959"
                        }
                    ]
                },
                {
                    "start_time": "38.63",
                    "end_time": "42.229",
                    "speaker_label": "spk_0",
                    "items": [
                        {
                            "speaker_label": "spk_0",
                            "start_time": "38.99",
                            "end_time": "39.59"
                        },
                        {
                            "speaker_label": "spk_0",
                            "start_time": "39.909",
                            "end_time": "40.27"
                        },
                        {
                            "speaker_label": "spk_0",
                            "start_time": "40.27",
                            "end_time": "40.439"
                        },
                        {
                            "speaker_label": "spk_0",
                            "start_time": "40.439",
                            "end_time": "40.45"
                        },
                        {
                            "speaker_label": "spk_0",
                            "start_time": "40.45",
                            "end_time": "40.669"
                        },
                        {
                            "speaker_label": "spk_0",
                            "start_time": "40.669",
                            "end_time": "41.13"
                        },
                        {
                            "speaker_label": "spk_0",
                            "start_time": "41.13",
                            "end_time": "41.43"
                        },
                        {
                            "speaker_label": "spk_0",
                            "start_time": "41.43",
                            "end_time": "41.59"
                        },
                        {
                            "speaker_label": "spk_0",
                            "start_time": "41.59",
                            "end_time": "41.799"
                        },
                        {
                            "speaker_label": "spk_0",
                            "start_time": "41.799",
                            "end_time": "42.139"
                        }
                    ]
                },
                {
                    "start_time": "43.93",
                    "end_time": "46.2",
                    "speaker_label": "spk_1",
                    "items": [
                        {
                            "speaker_label": "spk_1",
                            "start_time": "43.939",
                            "end_time": "44.33"
                        },
                        {
                            "speaker_label": "spk_1",
                            "start_time": "44.33",
                            "end_time": "44.509"
                        },
                        {
                            "speaker_label": "spk_1",
                            "start_time": "44.509",
                            "end_time": "44.689"
                        },
                        {
                            "speaker_label": "spk_1",
                            "start_time": "44.689",
                            "end_time": "44.97"
                        },
                        {
                            "speaker_label": "spk_1",
                            "start_time": "44.97",
                            "end_time": "45.13"
                        },
                        {
                            "speaker_label": "spk_1",
                            "start_time": "45.13",
                            "end_time": "45.409"
                        },
                        {
                            "speaker_label": "spk_1",
                            "start_time": "45.409",
                            "end_time": "45.729"
                        },
                        {
                            "speaker_label": "spk_1",
                            "start_time": "45.729",
                            "end_time": "46.2"
                        }
                    ]
                },
                {
                    "start_time": "46.529",
                    "end_time": "51.09",
                    "speaker_label": "spk_0",
                    "items": [
                        {
                            "speaker_label": "spk_0",
                            "start_time": "46.529",
                            "end_time": "46.819"
                        },
                        {
                            "speaker_label": "spk_0",
                            "start_time": "46.889",
                            "end_time": "47.279"
                        },
                        {
                            "speaker_label": "spk_0",
                            "start_time": "47.29",
                            "end_time": "47.529"
                        },
                        {
                            "speaker_label": "spk_0",
                            "start_time": "47.529",
                            "end_time": "47.77"
                        },
                        {
                            "speaker_label": "spk_0",
                            "start_time": "47.77",
                            "end_time": "48.33"
                        },
                        {
                            "speaker_label": "spk_0",
                            "start_time": "48.33",
                            "end_time": "48.54"
                        },
                        {
                            "speaker_label": "spk_0",
                            "start_time": "48.54",
                            "end_time": "49.09"
                        },
                        {
                            "speaker_label": "spk_0",
                            "start_time": "49.09",
                            "end_time": "49.33"
                        },
                        {
                            "speaker_label": "spk_0",
                            "start_time": "49.33",
                            "end_time": "49.83"
                        },
                        {
                            "speaker_label": "spk_0",
                            "start_time": "49.93",
                            "end_time": "50.38"
                        },
                        {
                            "speaker_label": "spk_0",
                            "start_time": "51.0",
                            "end_time": "51.09"
                        }
                    ]
                },
                {
                    "start_time": "51.33",
                    "end_time": "54.72",
                    "speaker_label": "spk_1",
                    "items": [
                        {
                            "speaker_label": "spk_1",
                            "start_time": "51.33",
                            "end_time": "51.639"
                        },
                        {
                            "speaker_label": "spk_1",
                            "start_time": "52.169",
                            "end_time": "52.58"
                        },
                        {
                            "speaker_label": "spk_1",
                            "start_time": "52.689",
                            "end_time": "52.93"
                        },
                        {
                            "speaker_label": "spk_1",
                            "start_time": "52.93",
                            "end_time": "53.33"
                        },
                        {
                            "speaker_label": "spk_1",
                            "start_time": "53.33",
                            "end_time": "53.61"
                        },
                        {
                            "speaker_label": "spk_1",
                            "start_time": "53.61",
                            "end_time": "53.849"
                        },
                        {
                            "speaker_label": "spk_1",
                            "start_time": "53.849",
                            "end_time": "53.97"
                        },
                        {
                            "speaker_label": "spk_1",
                            "start_time": "53.97",
                            "end_time": "54.279"
                        },
                        {
                            "speaker_label": "spk_1",
                            "start_time": "54.279",
                            "end_time": "54.72"
                        }
                    ]
                },
                {
                    "start_time": "54.889",
                    "end_time": "56.84",
                    "speaker_label": "spk_0",
                    "items": [
                        {
                            "speaker_label": "spk_0",
                            "start_time": "54.889",
                            "end_time": "55.13"
                        },
                        {
                            "speaker_label": "spk_0",
                            "start_time": "55.209",
                            "end_time": "55.409"
                        },
                        {
                            "speaker_label": "spk_0",
                            "start_time": "55.409",
                            "end_time": "55.889"
                        },
                        {
                            "speaker_label": "spk_0",
                            "start_time": "55.889",
                            "end_time": "56.29"
                        },
                        {
                            "speaker_label": "spk_0",
                            "start_time": "56.29",
                            "end_time": "56.84"
                        }
                    ]
                },
                {
                    "start_time": "57.29",
                    "end_time": "58.43",
                    "speaker_label": "spk_1",
                    "items": [
                        {
                            "speaker_label": "spk_1",
                            "start_time": "57.29",
                            "end_time": "57.56"
                        },
                        {
                            "speaker_label": "spk_1",
                            "start_time": "57.56",
                            "end_time": "57.65"
                        },
                        {
                            "speaker_label": "spk_1",
                            "start_time": "57.65",
                            "end_time": "58.11"
                        },
                        {
                            "speaker_label": "spk_1",
                            "start_time": "58.119",
                            "end_time": "58.43"
                        }
                    ]
                },
                {
                    "start_time": "58.529",
                    "end_time": "59.24",
                    "speaker_label": "spk_1",
                    "items": [
                        {
                            "speaker_label": "spk_1",
                            "start_time": "58.529",
                            "end_time": "59.24"
                        }
                    ]
                },
                {
                    "start_time": "59.669",
                    "end_time": "60.459",
                    "speaker_label": "spk_1",
                    "items": [
                        {
                            "speaker_label": "spk_1",
                            "start_time": "59.669",
                            "end_time": "60.369"
                        },
                        {
                            "speaker_label": "spk_1",
                            "start_time": "60.369",
                            "end_time": "60.459"
                        }
                    ]
                },
                {
                    "start_time": "60.459",
                    "end_time": "61.34",
                    "speaker_label": "spk_0",
                    "items": [
                        {
                            "speaker_label": "spk_0",
                            "start_time": "60.459",
                            "end_time": "61.13"
                        }
                    ]
                }
            ],
            "channel_label": "ch_0",
            "speakers": 2
        },
        "items": [
            {
                "id": 0,
                "type": "pronunciation",
                "alternatives": [
                    {
                        "content": "[PII]",
                        "redactions": [
                            {
                                "confidence": "1.0",
                                "type": "NAME",
                                "category": "PII"
                            }
                        ]
                    }
                ],
                "start_time": "6.34",
                "end_time": "6.36"
            },
            {
                "id": 1,
                "type": "pronunciation",
                "alternatives": [
                    {
                        "confidence": "0.997",
                        "content": "speaking"
                    }
                ],
                "start_time": "6.36",
                "end_time": "6.679",
                "speaker_label": "spk_0"
            },
            {
                "id": 2,
                "type": "punctuation",
                "alternatives": [
                    {
                        "confidence": "0.0",
                        "content": "."
                    }
                ],
                "speaker_label": "spk_0"
            },
            {
                "id": 3,
                "type": "pronunciation",
                "alternatives": [
                    {
                        "confidence": "0.995",
                        "content": "How"
                    }
                ],
                "start_time": "6.719",
                "end_time": "6.88",
                "speaker_label": "spk_0"
            },
            {
                "id": 4,
                "type": "pronunciation",
                "alternatives": [
                    {
                        "confidence": "0.997",
                        "content": "may"
                    }
                ],
                "start_time": "6.88",
                "end_time": "7.0",
                "speaker_label": "spk_0"
            },
            {
                "id": 5,
                "type": "pronunciation",
                "alternatives": [
                    {
                        "confidence": "0.997",
                        "content": "I"
                    }
                ],
                "start_time": "7.0",
                "end_time": "7.119",
                "speaker_label": "spk_0"
            },
            {
                "id": 6,
                "type": "pronunciation",
                "alternatives": [
                    {
                        "confidence": "0.998",
                        "content": "help"
                    }
                ],
                "start_time": "7.119",
                "end_time": "7.309",
                "speaker_label": "spk_0"
            },
            {
                "id": 7,
                "type": "pronunciation",
                "alternatives": [
                    {
                        "confidence": "0.997",
                        "content": "you"
                    }
                ],
                "start_time": "7.309",
                "end_time": "7.67",
                "speaker_label": "spk_0"
            },
            {
                "id": 8,
                "type": "punctuation",
                "alternatives": [
                    {
                        "confidence": "0.0",
                        "content": "?"
                    }
                ],
                "speaker_label": "spk_0"
            },
            {
                "id": 9,
                "type": "pronunciation",
                "alternatives": [
                    {
                        "confidence": "0.915",
                        "content": "Uh"
                    }
                ],
                "start_time": "8.38",
                "end_time": "8.39",
                "speaker_label": "spk_0"
            },
            {
                "id": 10,
                "type": "punctuation",
                "alternatives": [
                    {
                        "confidence": "0.0",
                        "content": ","
                    }
                ],
                "speaker_label": "spk_0"
            },
            {
                "id": 11,
                "type": "pronunciation",
                "alternatives": [
                    {
                        "confidence": "0.996",
                        "content": "yes"
                    }
                ],
                "start_time": "8.399",
                "end_time": "8.64",
                "speaker_label": "spk_1"
            },
            {
                "id": 12,
                "type": "punctuation",
                "alternatives": [
                    {
                        "confidence": "0.0",
                        "content": ","
                    }
                ],
                "speaker_label": "spk_1"
            },
            {
                "id": 13,
                "type": "pronunciation",
                "alternatives": [
                    {
                        "confidence": "0.992",
                        "content": "I'm"
                    }
                ],
                "start_time": "8.76",
                "end_time": "9.0",
                "speaker_label": "spk_1"
            },
            {
                "id": 14,
                "type": "pronunciation",
                "alternatives": [
                    {
                        "confidence": "0.938",
                        "content": "phoning"
                    }
                ],
                "start_time": "9.0",
                "end_time": "9.52",
                "speaker_label": "spk_1"
            },
            {
                "id": 15,
                "type": "pronunciation",
                "alternatives": [
                    {
                        "confidence": "0.997",
                        "content": "for"
                    }
                ],
                "start_time": "9.52",
                "end_time": "9.76",
                "speaker_label": "spk_1"
            },
            {
                "id": 16,
                "type": "pronunciation",
                "alternatives": [
                    {
                        "confidence": "0.997",
                        "content": "my"
                    }
                ],
                "start_time": "9.76",
                "end_time": "9.909",
                "speaker_label": "spk_1"
            },
            {
                "id": 17,
                "type": "pronunciation",
                "alternatives": [
                    {
                        "confidence": "0.994",
                        "content": "son"
                    }
                ],
                "start_time": "9.909",
                "end_time": "10.369",
                "speaker_label": "spk_1"
            },
            {
                "id": 18,
                "type": "pronunciation",
                "alternatives": [
                    {
                        "content": "[PII]",
                        "redactions": [
                            {
                                "confidence": "1.0",
                                "type": "NAME",
                                "category": "PII"
                            }
                        ]
                    }
                ],
                "start_time": "10.369",
                "end_time": "11.05"
            },
            {
                "id": 19,
                "type": "punctuation",
                "alternatives": [
                    {
                        "confidence": "0.0",
                        "content": "."
                    }
                ]
            },
            {
                "id": 20,
                "type": "pronunciation",
                "alternatives": [
                    {
                        "confidence": "0.996",
                        "content": "He"
                    }
                ],
                "start_time": "11.319",
                "end_time": "11.52",
                "speaker_label": "spk_1"
            },
            {
                "id": 21,
                "type": "pronunciation",
                "alternatives": [
                    {
                        "confidence": "0.996",
                        "content": "needs"
                    }
                ],
                "start_time": "11.52",
                "end_time": "11.819",
                "speaker_label": "spk_1"
            },
            {
                "id": 22,
                "type": "pronunciation",
                "alternatives": [
                    {
                        "confidence": "0.996",
                        "content": "an"
                    }
                ],
                "start_time": "11.819",
                "end_time": "12.109",
                "speaker_label": "spk_1"
            },
            {
                "id": 23,
                "type": "pronunciation",
                "alternatives": [
                    {
                        "confidence": "0.993",
                        "content": "appointment"
                    }
                ],
                "start_time": "12.109",
                "end_time": "12.92",
                "speaker_label": "spk_1"
            },
            {
                "id": 24,
                "type": "pronunciation",
                "alternatives": [
                    {
                        "confidence": "0.997",
                        "content": "to"
                    }
                ],
                "start_time": "12.92",
                "end_time": "13.279",
                "speaker_label": "spk_1"
            },
            {
                "id": 25,
                "type": "pronunciation",
                "alternatives": [
                    {
                        "confidence": "0.997",
                        "content": "have"
                    }
                ],
                "start_time": "13.279",
                "end_time": "13.71",
                "speaker_label": "spk_1"
            },
            {
                "id": 26,
                "type": "pronunciation",
                "alternatives": [
                    {
                        "confidence": "0.99",
                        "content": "X-rays"
                    }
                ],
                "start_time": "13.71",
                "end_time": "14.52",
                "speaker_label": "spk_1"
            },
            {
                "id": 27,
                "type": "pronunciation",
                "alternatives": [
                    {
                        "confidence": "0.997",
                        "content": "done"
                    }
                ],
                "start_time": "14.52",
                "end_time": "14.779",
                "speaker_label": "spk_1"
            },
            {
                "id": 28,
                "type": "pronunciation",
                "alternatives": [
                    {
                        "confidence": "0.997",
                        "content": "on"
                    }
                ],
                "start_time": "14.779",
                "end_time": "14.96",
                "speaker_label": "spk_1"
            },
            {
                "id": 29,
                "type": "pronunciation",
                "alternatives": [
                    {
                        "confidence": "0.997",
                        "content": "his"
                    }
                ],
                "start_time": "14.96",
                "end_time": "15.229",
                "speaker_label": "spk_1"
            },
            {
                "id": 30,
                "type": "pronunciation",
                "alternatives": [
                    {
                        "confidence": "0.998",
                        "content": "back"
                    }
                ],
                "start_time": "15.229",
                "end_time": "15.75",
                "speaker_label": "spk_1"
            },
            {
                "id": 31,
                "type": "punctuation",
                "alternatives": [
                    {
                        "confidence": "0.0",
                        "content": "."
                    }
                ],
                "speaker_label": "spk_1"
            },
            {
                "id": 32,
                "type": "pronunciation",
                "alternatives": [
                    {
                        "confidence": "0.996",
                        "content": "OK"
                    }
                ],
                "start_time": "17.12",
                "end_time": "17.54",
                "speaker_label": "spk_0"
            },
            {
                "id": 33,
                "type": "punctuation",
                "alternatives": [
                    {
                        "confidence": "0.0",
                        "content": ","
                    }
                ],
                "speaker_label": "spk_0"
            },
            {
                "id": 34,
                "type": "pronunciation",
                "alternatives": [
                    {
                        "confidence": "0.997",
                        "content": "so"
                    }
                ],
                "start_time": "17.7",
                "end_time": "18.26",
                "speaker_label": "spk_0"
            },
            {
                "id": 35,
                "type": "pronunciation",
                "alternatives": [
                    {
                        "confidence": "0.997",
                        "content": "do"
                    }
                ],
                "start_time": "18.26",
                "end_time": "18.399",
                "speaker_label": "spk_0"
            },
            {
                "id": 36,
                "type": "pronunciation",
                "alternatives": [
                    {
                        "confidence": "0.996",
                        "content": "you"
                    }
                ],
                "start_time": "18.399",
                "end_time": "19.19",
                "speaker_label": "spk_0"
            },
            {
                "id": 37,
                "type": "punctuation",
                "alternatives": [
                    {
                        "confidence": "0.0",
                        "content": ","
                    }
                ],
                "speaker_label": "spk_0"
            },
            {
                "id": 38,
                "type": "pronunciation",
                "alternatives": [
                    {
                        "confidence": "0.328",
                        "content": "do"
                    }
                ],
                "start_time": "19.85",
                "end_time": "19.86",
                "speaker_label": "spk_0"
            },
            {
                "id": 39,
                "type": "pronunciation",
                "alternatives": [
                    {
                        "confidence": "0.997",
                        "content": "you"
                    }
                ],
                "start_time": "19.86",
                "end_time": "20.139",
                "speaker_label": "spk_0"
            },
            {
                "id": 40,
                "type": "pronunciation",
                "alternatives": [
                    {
                        "confidence": "0.999",
                        "content": "have"
                    }
                ],
                "start_time": "20.139",
                "end_time": "20.44",
                "speaker_label": "spk_0"
            },
            {
                "id": 41,
                "type": "pronunciation",
                "alternatives": [
                    {
                        "confidence": "0.997",
                        "content": "his"
                    }
                ],
                "start_time": "20.44",
                "end_time": "20.739",
                "speaker_label": "spk_0"
            },
            {
                "id": 42,
                "type": "pronunciation",
                "alternatives": [
                    {
                        "confidence": "0.845",
                        "content": "requisition"
                    }
                ],
                "start_time": "20.739",
                "end_time": "21.77",
                "speaker_label": "spk_0"
            },
            {
                "id": 43,
                "type": "punctuation",
                "alternatives": [
                    {
                        "confidence": "0.0",
                        "content": "?"
                    }
                ],
                "speaker_label": "spk_0"
            },
            {
                "id": 44,
                "type": "pronunciation",
                "alternatives": [
                    {
                        "confidence": "0.998",
                        "content": "Yes"
                    }
                ],
                "start_time": "22.77",
                "end_time": "23.03",
                "speaker_label": "spk_1"
            },
            {
                "id": 45,
                "type": "pronunciation",
                "alternatives": [
                    {
                        "confidence": "0.998",
                        "content": "I"
                    }
                ],
                "start_time": "23.03",
                "end_time": "23.229",
                "speaker_label": "spk_1"
            },
            {
                "id": 46,
                "type": "pronunciation",
                "alternatives": [
                    {
                        "confidence": "0.999",
                        "content": "do"
                    }
                ],
                "start_time": "23.229",
                "end_time": "23.7",
                "speaker_label": "spk_1"
            },
            {
                "id": 47,
                "type": "punctuation",
                "alternatives": [
                    {
                        "confidence": "0.0",
                        "content": "."
                    }
                ],
                "speaker_label": "spk_1"
            },
            {
                "id": 48,
                "type": "pronunciation",
                "alternatives": [
                    {
                        "confidence": "0.996",
                        "content": "Uh"
                    }
                ],
                "start_time": "24.27",
                "end_time": "24.54",
                "speaker_label": "spk_0"
            },
            {
                "id": 49,
                "type": "punctuation",
                "alternatives": [
                    {
                        "confidence": "0.0",
                        "content": ","
                    }
                ],
                "speaker_label": "spk_0"
            },
            {
                "id": 50,
                "type": "pronunciation",
                "alternatives": [
                    {
                        "confidence": "0.997",
                        "content": "so"
                    }
                ],
                "start_time": "24.629",
                "end_time": "24.87",
                "speaker_label": "spk_0"
            },
            {
                "id": 51,
                "type": "pronunciation",
                "alternatives": [
                    {
                        "confidence": "0.998",
                        "content": "what"
                    }
                ],
                "start_time": "24.87",
                "end_time": "25.03",
                "speaker_label": "spk_0"
            },
            {
                "id": 52,
                "type": "pronunciation",
                "alternatives": [
                    {
                        "confidence": "0.996",
                        "content": "you"
                    }
                ],
                "start_time": "25.03",
                "end_time": "25.19",
                "speaker_label": "spk_0"
            },
            {
                "id": 53,
                "type": "pronunciation",
                "alternatives": [
                    {
                        "confidence": "0.996",
                        "content": "said"
                    }
                ],
                "start_time": "25.19",
                "end_time": "25.35",
                "speaker_label": "spk_0"
            },
            {
                "id": 54,
                "type": "pronunciation",
                "alternatives": [
                    {
                        "confidence": "0.998",
                        "content": "on"
                    }
                ],
                "start_time": "25.35",
                "end_time": "25.469",
                "speaker_label": "spk_0"
            },
            {
                "id": 55,
                "type": "pronunciation",
                "alternatives": [
                    {
                        "confidence": "0.998",
                        "content": "the"
                    }
                ],
                "start_time": "25.469",
                "end_time": "25.59",
                "speaker_label": "spk_0"
            },
            {
                "id": 56,
                "type": "pronunciation",
                "alternatives": [
                    {
                        "confidence": "0.987",
                        "content": "requisition"
                    }
                ],
                "start_time": "25.59",
                "end_time": "26.399",
                "speaker_label": "spk_0"
            },
            {
                "id": 57,
                "type": "punctuation",
                "alternatives": [
                    {
                        "confidence": "0.0",
                        "content": ","
                    }
                ],
                "speaker_label": "spk_0"
            },
            {
                "id": 58,
                "type": "pronunciation",
                "alternatives": [
                    {
                        "confidence": "0.976",
                        "content": "uh"
                    }
                ],
                "start_time": "26.579",
                "end_time": "27.219",
                "speaker_label": "spk_0"
            },
            {
                "id": 59,
                "type": "punctuation",
                "alternatives": [
                    {
                        "confidence": "0.0",
                        "content": ","
                    }
                ],
                "speaker_label": "spk_0"
            },
            {
                "id": 60,
                "type": "pronunciation",
                "alternatives": [
                    {
                        "confidence": "0.989",
                        "content": "I'll"
                    }
                ],
                "start_time": "27.87",
                "end_time": "28.28",
                "speaker_label": "spk_0"
            },
            {
                "id": 61,
                "type": "pronunciation",
                "alternatives": [
                    {
                        "confidence": "0.937",
                        "content": "fine"
                    }
                ],
                "start_time": "28.28",
                "end_time": "28.59",
                "speaker_label": "spk_0"
            },
            {
                "id": 62,
                "type": "punctuation",
                "alternatives": [
                    {
                        "confidence": "0.0",
                        "content": ","
                    }
                ],
                "speaker_label": "spk_0"
            },
            {
                "id": 63,
                "type": "pronunciation",
                "alternatives": [
                    {
                        "confidence": "0.981",
                        "content": "he's"
                    }
                ],
                "start_time": "28.709",
                "end_time": "29.03",
                "speaker_label": "spk_0"
            },
            {
                "id": 64,
                "type": "pronunciation",
                "alternatives": [
                    {
                        "confidence": "0.997",
                        "content": "fine"
                    }
                ],
                "start_time": "29.03",
                "end_time": "29.54",
                "speaker_label": "spk_0"
            },
            {
                "id": 65,
                "type": "punctuation",
                "alternatives": [
                    {
                        "confidence": "0.0",
                        "content": "."
                    }
                ],
                "speaker_label": "spk_0"
            },
            {
                "id": 66,
                "type": "pronunciation",
                "alternatives": [
                    {
                        "confidence": "0.997",
                        "content": "Or"
                    }
                ],
                "start_time": "30.729",
                "end_time": "30.989",
                "speaker_label": "spk_0"
            },
            {
                "id": 67,
                "type": "pronunciation",
                "alternatives": [
                    {
                        "confidence": "0.996",
                        "content": "is"
                    }
                ],
                "start_time": "30.989",
                "end_time": "31.26",
                "speaker_label": "spk_0"
            },
            {
                "id": 68,
                "type": "pronunciation",
                "alternatives": [
                    {
                        "confidence": "0.907",
                        "content": "it"
                    }
                ],
                "start_time": "31.26",
                "end_time": "31.27",
                "speaker_label": "spk_0"
            },
            {
                "id": 69,
                "type": "pronunciation",
                "alternatives": [
                    {
                        "confidence": "0.997",
                        "content": "like"
                    }
                ],
                "start_time": "31.27",
                "end_time": "31.709",
                "speaker_label": "spk_0"
            },
            {
                "id": 70,
                "type": "pronunciation",
                "alternatives": [
                    {
                        "confidence": "0.998",
                        "content": "complete"
                    }
                ],
                "start_time": "31.709",
                "end_time": "32.189",
                "speaker_label": "spk_0"
            },
            {
                "id": 71,
                "type": "pronunciation",
                "alternatives": [
                    {
                        "confidence": "0.927",
                        "content": "um"
                    }
                ],
                "start_time": "32.189",
                "end_time": "32.59",
                "speaker_label": "spk_0"
            },
            {
                "id": 72,
                "type": "punctuation",
                "alternatives": [
                    {
                        "confidence": "0.0",
                        "content": "."
                    }
                ],
                "speaker_label": "spk_0"
            },
            {
                "id": 73,
                "type": "pronunciation",
                "alternatives": [
                    {
                        "confidence": "0.997",
                        "content": "It"
                    }
                ],
                "start_time": "33.5",
                "end_time": "33.81",
                "speaker_label": "spk_1"
            },
            {
                "id": 74,
                "type": "pronunciation",
                "alternatives": [
                    {
                        "confidence": "0.996",
                        "content": "just"
                    }
                ],
                "start_time": "33.81",
                "end_time": "34.13",
                "speaker_label": "spk_1"
            },
            {
                "id": 75,
                "type": "pronunciation",
                "alternatives": [
                    {
                        "confidence": "0.993",
                        "content": "says"
                    }
                ],
                "start_time": "34.13",
                "end_time": "34.33",
                "speaker_label": "spk_1"
            },
            {
                "id": 76,
                "type": "pronunciation",
                "alternatives": [
                    {
                        "confidence": "0.987",
                        "content": "X-ray"
                    }
                ],
                "start_time": "34.33",
                "end_time": "34.97",
                "speaker_label": "spk_0"
            },
            {
                "id": 77,
                "type": "pronunciation",
                "alternatives": [
                    {
                        "confidence": "0.984",
                        "content": "lumbar"
                    }
                ],
                "start_time": "34.97",
                "end_time": "35.669",
                "speaker_label": "spk_1"
            },
            {
                "id": 78,
                "type": "pronunciation",
                "alternatives": [
                    {
                        "confidence": "0.897",
                        "content": "spine"
                    }
                ],
                "start_time": "35.669",
                "end_time": "36.319",
                "speaker_label": "spk_1"
            },
            {
                "id": 79,
                "type": "punctuation",
                "alternatives": [
                    {
                        "confidence": "0.0",
                        "content": "."
                    }
                ],
                "speaker_label": "spk_1"
            },
            {
                "id": 80,
                "type": "pronunciation",
                "alternatives": [
                    {
                        "confidence": "0.997",
                        "content": "OK"
                    }
                ],
                "start_time": "36.569",
                "end_time": "37.04",
                "speaker_label": "spk_0"
            },
            {
                "id": 81,
                "type": "punctuation",
                "alternatives": [
                    {
                        "confidence": "0.0",
                        "content": ","
                    }
                ],
                "speaker_label": "spk_0"
            },
            {
                "id": 82,
                "type": "pronunciation",
                "alternatives": [
                    {
                        "confidence": "0.844",
                        "content": "sounds"
                    }
                ],
                "start_time": "37.36",
                "end_time": "37.61",
                "speaker_label": "spk_0"
            },
            {
                "id": 83,
                "type": "pronunciation",
                "alternatives": [
                    {
                        "confidence": "0.997",
                        "content": "fine"
                    }
                ],
                "start_time": "37.61",
                "end_time": "37.959",
                "speaker_label": "spk_0"
            },
            {
                "id": 84,
                "type": "punctuation",
                "alternatives": [
                    {
                        "confidence": "0.0",
                        "content": "."
                    }
                ],
                "speaker_label": "spk_0"
            },
            {
                "id": 85,
                "type": "pronunciation",
                "alternatives": [
                    {
                        "confidence": "0.997",
                        "content": "OK"
                    }
                ],
                "start_time": "38.99",
                "end_time": "39.59",
                "speaker_label": "spk_0"
            },
            {
                "id": 86,
                "type": "punctuation",
                "alternatives": [
                    {
                        "confidence": "0.0",
                        "content": ","
                    }
                ],
                "speaker_label": "spk_0"
            },
            {
                "id": 87,
                "type": "pronunciation",
                "alternatives": [
                    {
                        "confidence": "0.997",
                        "content": "so"
                    }
                ],
                "start_time": "39.909",
                "end_time": "40.27",
                "speaker_label": "spk_0"
            },
            {
                "id": 88,
                "type": "pronunciation",
                "alternatives": [
                    {
                        "confidence": "0.997",
                        "content": "when"
                    }
                ],
                "start_time": "40.27",
                "end_time": "40.439",
                "speaker_label": "spk_0"
            },
            {
                "id": 89,
                "type": "pronunciation",
                "alternatives": [
                    {
                        "confidence": "0.971",
                        "content": "do"
                    }
                ],
                "start_time": "40.439",
                "end_time": "40.45",
                "speaker_label": "spk_0"
            },
            {
                "id": 90,
                "type": "pronunciation",
                "alternatives": [
                    {
                        "confidence": "0.998",
                        "content": "you"
                    }
                ],
                "start_time": "40.45",
                "end_time": "40.669",
                "speaker_label": "spk_0"
            },
            {
                "id": 91,
                "type": "pronunciation",
                "alternatives": [
                    {
                        "confidence": "0.998",
                        "content": "think"
                    }
                ],
                "start_time": "40.669",
                "end_time": "41.13",
                "speaker_label": "spk_0"
            },
            {
                "id": 92,
                "type": "pronunciation",
                "alternatives": [
                    {
                        "confidence": "0.996",
                        "content": "uh"
                    }
                ],
                "start_time": "41.13",
                "end_time": "41.43",
                "speaker_label": "spk_0"
            },
            {
                "id": 93,
                "type": "pronunciation",
                "alternatives": [
                    {
                        "confidence": "0.997",
                        "content": "he"
                    }
                ],
                "start_time": "41.43",
                "end_time": "41.59",
                "speaker_label": "spk_0"
            },
            {
                "id": 94,
                "type": "pronunciation",
                "alternatives": [
                    {
                        "confidence": "0.999",
                        "content": "can"
                    }
                ],
                "start_time": "41.59",
                "end_time": "41.799",
                "speaker_label": "spk_0"
            },
            {
                "id": 95,
                "type": "pronunciation",
                "alternatives": [
                    {
                        "confidence": "0.999",
                        "content": "come"
                    }
                ],
                "start_time": "41.799",
                "end_time": "42.139",
                "speaker_label": "spk_0"
            },
            {
                "id": 96,
                "type": "punctuation",
                "alternatives": [
                    {
                        "confidence": "0.0",
                        "content": "?"
                    }
                ],
                "speaker_label": "spk_0"
            },
            {
                "id": 97,
                "type": "pronunciation",
                "alternatives": [
                    {
                        "confidence": "0.996",
                        "content": "Oh"
                    }
                ],
                "start_time": "43.939",
                "end_time": "44.33",
                "speaker_label": "spk_1"
            },
            {
                "id": 98,
                "type": "pronunciation",
                "alternatives": [
                    {
                        "confidence": "0.943",
                        "content": "you"
                    }
                ],
                "start_time": "44.33",
                "end_time": "44.509",
                "speaker_label": "spk_1"
            },
            {
                "id": 99,
                "type": "pronunciation",
                "alternatives": [
                    {
                        "confidence": "0.997",
                        "content": "can"
                    }
                ],
                "start_time": "44.509",
                "end_time": "44.689",
                "speaker_label": "spk_1"
            },
            {
                "id": 100,
                "type": "pronunciation",
                "alternatives": [
                    {
                        "confidence": "0.998",
                        "content": "just"
                    }
                ],
                "start_time": "44.689",
                "end_time": "44.97",
                "speaker_label": "spk_1"
            },
            {
                "id": 101,
                "type": "pronunciation",
                "alternatives": [
                    {
                        "confidence": "0.998",
                        "content": "go"
                    }
                ],
                "start_time": "44.97",
                "end_time": "45.13",
                "speaker_label": "spk_1"
            },
            {
                "id": 102,
                "type": "pronunciation",
                "alternatives": [
                    {
                        "confidence": "0.998",
                        "content": "in"
                    }
                ],
                "start_time": "45.13",
                "end_time": "45.409",
                "speaker_label": "spk_1"
            },
            {
                "id": 103,
                "type": "pronunciation",
                "alternatives": [
                    {
                        "confidence": "0.999",
                        "content": "any"
                    }
                ],
                "start_time": "45.409",
                "end_time": "45.729",
                "speaker_label": "spk_1"
            },
            {
                "id": 104,
                "type": "pronunciation",
                "alternatives": [
                    {
                        "confidence": "0.979",
                        "content": "time"
                    }
                ],
                "start_time": "45.729",
                "end_time": "46.2",
                "speaker_label": "spk_1"
            },
            {
                "id": 105,
                "type": "punctuation",
                "alternatives": [
                    {
                        "confidence": "0.0",
                        "content": "?"
                    }
                ],
                "speaker_label": "spk_1"
            },
            {
                "id": 106,
                "type": "pronunciation",
                "alternatives": [
                    {
                        "confidence": "0.981",
                        "content": "Yes"
                    }
                ],
                "start_time": "46.529",
                "end_time": "46.819",
                "speaker_label": "spk_0"
            },
            {
                "id": 107,
                "type": "punctuation",
                "alternatives": [
                    {
                        "confidence": "0.0",
                        "content": ","
                    }
                ],
                "speaker_label": "spk_0"
            },
            {
                "id": 108,
                "type": "pronunciation",
                "alternatives": [
                    {
                        "confidence": "0.997",
                        "content": "yes"
                    }
                ],
                "start_time": "46.889",
                "end_time": "47.279",
                "speaker_label": "spk_0"
            },
            {
                "id": 109,
                "type": "punctuation",
                "alternatives": [
                    {
                        "confidence": "0.0",
                        "content": ","
                    }
                ],
                "speaker_label": "spk_0"
            },
            {
                "id": 110,
                "type": "pronunciation",
                "alternatives": [
                    {
                        "confidence": "0.997",
                        "content": "any"
                    }
                ],
                "start_time": "47.29",
                "end_time": "47.529",
                "speaker_label": "spk_0"
            },
            {
                "id": 111,
                "type": "pronunciation",
                "alternatives": [
                    {
                        "confidence": "0.937",
                        "content": "time"
                    }
                ],
                "start_time": "47.529",
                "end_time": "47.77",
                "speaker_label": "spk_0"
            },
            {
                "id": 112,
                "type": "pronunciation",
                "alternatives": [
                    {
                        "confidence": "0.997",
                        "content": "we"
                    }
                ],
                "start_time": "47.77",
                "end_time": "48.33",
                "speaker_label": "spk_0"
            },
            {
                "id": 113,
                "type": "pronunciation",
                "alternatives": [
                    {
                        "confidence": "0.998",
                        "content": "are"
                    }
                ],
                "start_time": "48.33",
                "end_time": "48.54",
                "speaker_label": "spk_0"
            },
            {
                "id": 114,
                "type": "pronunciation",
                "alternatives": [
                    {
                        "confidence": "0.998",
                        "content": "doing"
                    }
                ],
                "start_time": "48.54",
                "end_time": "49.09",
                "speaker_label": "spk_0"
            },
            {
                "id": 115,
                "type": "pronunciation",
                "alternatives": [
                    {
                        "confidence": "0.995",
                        "content": "uh"
                    }
                ],
                "start_time": "49.09",
                "end_time": "49.33",
                "speaker_label": "spk_0"
            },
            {
                "id": 116,
                "type": "pronunciation",
                "alternatives": [
                    {
                        "confidence": "0.989",
                        "content": "walking"
                    }
                ],
                "start_time": "49.33",
                "end_time": "49.83",
                "speaker_label": "spk_0"
            },
            {
                "id": 117,
                "type": "punctuation",
                "alternatives": [
                    {
                        "confidence": "0.0",
                        "content": ","
                    }
                ],
                "speaker_label": "spk_0"
            },
            {
                "id": 118,
                "type": "pronunciation",
                "alternatives": [
                    {
                        "confidence": "0.996",
                        "content": "so"
                    }
                ],
                "start_time": "49.93",
                "end_time": "50.38",
                "speaker_label": "spk_0"
            },
            {
                "id": 119,
                "type": "pronunciation",
                "alternatives": [
                    {
                        "confidence": "0.935",
                        "content": "anytime"
                    }
                ],
                "start_time": "51.0",
                "end_time": "51.09",
                "speaker_label": "spk_0"
            },
            {
                "id": 120,
                "type": "punctuation",
                "alternatives": [
                    {
                        "confidence": "0.0",
                        "content": "."
                    }
                ],
                "speaker_label": "spk_0"
            },
            {
                "id": 121,
                "type": "pronunciation",
                "alternatives": [
                    {
                        "confidence": "0.996",
                        "content": "Oh"
                    }
                ],
                "start_time": "51.33",
                "end_time": "51.639",
                "speaker_label": "spk_1"
            },
            {
                "id": 122,
                "type": "punctuation",
                "alternatives": [
                    {
                        "confidence": "0.0",
                        "content": ","
                    }
                ],
                "speaker_label": "spk_1"
            },
            {
                "id": 123,
                "type": "pronunciation",
                "alternatives": [
                    {
                        "confidence": "0.999",
                        "content": "OK"
                    }
                ],
                "start_time": "52.169",
                "end_time": "52.58",
                "speaker_label": "spk_1"
            },
            {
                "id": 124,
                "type": "punctuation",
                "alternatives": [
                    {
                        "confidence": "0.0",
                        "content": ","
                    }
                ],
                "speaker_label": "spk_1"
            },
            {
                "id": 125,
                "type": "pronunciation",
                "alternatives": [
                    {
                        "confidence": "0.997",
                        "content": "that"
                    }
                ],
                "start_time": "52.689",
                "end_time": "52.93",
                "speaker_label": "spk_1"
            },
            {
                "id": 126,
                "type": "pronunciation",
                "alternatives": [
                    {
                        "confidence": "0.998",
                        "content": "sounds"
                    }
                ],
                "start_time": "52.93",
                "end_time": "53.33",
                "speaker_label": "spk_1"
            },
            {
                "id": 127,
                "type": "pronunciation",
                "alternatives": [
                    {
                        "confidence": "0.998",
                        "content": "good"
                    }
                ],
                "start_time": "53.33",
                "end_time": "53.61",
                "speaker_label": "spk_1"
            },
            {
                "id": 128,
                "type": "pronunciation",
                "alternatives": [
                    {
                        "confidence": "0.996",
                        "content": "thank"
                    }
                ],
                "start_time": "53.61",
                "end_time": "53.849",
                "speaker_label": "spk_1"
            },
            {
                "id": 129,
                "type": "pronunciation",
                "alternatives": [
                    {
                        "confidence": "0.999",
                        "content": "you"
                    }
                ],
                "start_time": "53.849",
                "end_time": "53.97",
                "speaker_label": "spk_1"
            },
            {
                "id": 130,
                "type": "pronunciation",
                "alternatives": [
                    {
                        "confidence": "0.999",
                        "content": "very"
                    }
                ],
                "start_time": "53.97",
                "end_time": "54.279",
                "speaker_label": "spk_1"
            },
            {
                "id": 131,
                "type": "pronunciation",
                "alternatives": [
                    {
                        "confidence": "0.999",
                        "content": "much"
                    }
                ],
                "start_time": "54.279",
                "end_time": "54.72",
                "speaker_label": "spk_1"
            },
            {
                "id": 132,
                "type": "punctuation",
                "alternatives": [
                    {
                        "confidence": "0.0",
                        "content": "."
                    }
                ],
                "speaker_label": "spk_1"
            },
            {
                "id": 133,
                "type": "pronunciation",
                "alternatives": [
                    {
                        "confidence": "0.997",
                        "content": "Yes"
                    }
                ],
                "start_time": "54.889",
                "end_time": "55.13",
                "speaker_label": "spk_0"
            },
            {
                "id": 134,
                "type": "punctuation",
                "alternatives": [
                    {
                        "confidence": "0.0",
                        "content": ","
                    }
                ],
                "speaker_label": "spk_0"
            },
            {
                "id": 135,
                "type": "pronunciation",
                "alternatives": [
                    {
                        "confidence": "0.997",
                        "content": "from"
                    }
                ],
                "start_time": "55.209",
                "end_time": "55.409",
                "speaker_label": "spk_0"
            },
            {
                "id": 136,
                "type": "pronunciation",
                "alternatives": [
                    {
                        "confidence": "0.996",
                        "content": "9"
                    }
                ],
                "start_time": "55.409",
                "end_time": "55.889",
                "speaker_label": "spk_0"
            },
            {
                "id": 137,
                "type": "pronunciation",
                "alternatives": [
                    {
                        "confidence": "0.997",
                        "content": "to"
                    }
                ],
                "start_time": "55.889",
                "end_time": "56.29",
                "speaker_label": "spk_0"
            },
            {
                "id": 138,
                "type": "pronunciation",
                "alternatives": [
                    {
                        "confidence": "0.993",
                        "content": "4"
                    }
                ],
                "start_time": "56.29",
                "end_time": "56.84",
                "speaker_label": "spk_0"
            },
            {
                "id": 139,
                "type": "punctuation",
                "alternatives": [
                    {
                        "confidence": "0.0",
                        "content": "."
                    }
                ],
                "speaker_label": "spk_0"
            },
            {
                "id": 140,
                "type": "pronunciation",
                "alternatives": [
                    {
                        "confidence": "0.988",
                        "content": "9"
                    }
                ],
                "start_time": "57.29",
                "end_time": "57.56",
                "speaker_label": "spk_1"
            },
            {
                "id": 141,
                "type": "pronunciation",
                "alternatives": [
                    {
                        "confidence": "0.996",
                        "content": "to"
                    }
                ],
                "start_time": "57.56",
                "end_time": "57.65",
                "speaker_label": "spk_1"
            },
            {
                "id": 142,
                "type": "pronunciation",
                "alternatives": [
                    {
                        "confidence": "0.993",
                        "content": "4"
                    }
                ],
                "start_time": "57.65",
                "end_time": "58.11",
                "speaker_label": "spk_1"
            },
            {
                "id": 143,
                "type": "punctuation",
                "alternatives": [
                    {
                        "confidence": "0.0",
                        "content": "?"
                    }
                ],
                "speaker_label": "spk_1"
            },
            {
                "id": 144,
                "type": "pronunciation",
                "alternatives": [
                    {
                        "confidence": "0.998",
                        "content": "OK"
                    }
                ],
                "start_time": "58.119",
                "end_time": "58.43",
                "speaker_label": "spk_1"
            },
            {
                "id": 145,
                "type": "punctuation",
                "alternatives": [
                    {
                        "confidence": "0.0",
                        "content": ","
                    }
                ],
                "speaker_label": "spk_1"
            },
            {
                "id": 146,
                "type": "pronunciation",
                "alternatives": [
                    {
                        "confidence": "0.995",
                        "content": "thanks"
                    }
                ],
                "start_time": "58.529",
                "end_time": "59.24",
                "speaker_label": "spk_1"
            },
            {
                "id": 147,
                "type": "punctuation",
                "alternatives": [
                    {
                        "confidence": "0.0",
                        "content": "."
                    }
                ],
                "speaker_label": "spk_1"
            },
            {
                "id": 148,
                "type": "pronunciation",
                "alternatives": [
                    {
                        "confidence": "0.996",
                        "content": "OK"
                    }
                ],
                "start_time": "59.669",
                "end_time": "60.369",
                "speaker_label": "spk_1"
            },
            {
                "id": 149,
                "type": "pronunciation",
                "alternatives": [
                    {
                        "confidence": "0.992",
                        "content": "bye"
                    }
                ],
                "start_time": "60.369",
                "end_time": "60.459",
                "speaker_label": "spk_1"
            },
            {
                "id": 150,
                "type": "pronunciation",
                "alternatives": [
                    {
                        "confidence": "0.81",
                        "content": "bye"
                    }
                ],
                "start_time": "60.459",
                "end_time": "61.13",
                "speaker_label": "spk_0"
            },
            {
                "id": 151,
                "type": "punctuation",
                "alternatives": [
                    {
                        "confidence": "0.0",
                        "content": "."
                    }
                ],
                "speaker_label": "spk_0"
            }
        ],
        "audio_segments": [
            {
                "id": 0,
                "transcript": "[PII] speaking. How may I help you? Uh,",
                "start_time": "4.519",
                "end_time": "8.39",
                "items": [
                    0,
                    1,
                    2,
                    3,
                    4,
                    5,
                    6,
                    7,
                    8,
                    9,
                    10
                ]
            },
            {
                "id": 1,
                "transcript": "yes, I'm phoning for my son",
                "start_time": "8.399",
                "end_time": "10.369",
                "speaker_label": "spk_1",
                "items": [
                    11,
                    12,
                    13,
                    14,
                    15,
                    16,
                    17
                ]
            },
            {
                "id": 2,
                "transcript": "[PII].",
                "start_time": "10.369",
                "end_time": "11.05",
                "items": [
                    18,
                    19
                ]
            },
            {
                "id": 3,
                "transcript": "He needs an appointment to have X-rays done on his",
                "start_time": "11.319",
                "end_time": "15.229",
                "speaker_label": "spk_1",
                "items": [
                    20,
                    21,
                    22,
                    23,
                    24,
                    25,
                    26,
                    27,
                    28,
                    29
                ]
            },
            {
                "id": 4,
                "transcript": "back.",
                "start_time": "15.229",
                "end_time": "15.939",
                "speaker_label": "spk_1",
                "items": [
                    30,
                    31
                ]
            },
            {
                "id": 5,
                "transcript": "OK, so do you, do you have his requisition?",
                "start_time": "16.94",
                "end_time": "21.85",
                "speaker_label": "spk_0",
                "items": [
                    32,
                    33,
                    34,
                    35,
                    36,
                    37,
                    38,
                    39,
                    40,
                    41,
                    42,
                    43
                ]
            },
            {
                "id": 6,
                "transcript": "Yes I do.",
                "start_time": "22.59",
                "end_time": "23.7",
                "speaker_label": "spk_1",
                "items": [
                    44,
                    45,
                    46,
                    47
                ]
            },
            {
                "id": 7,
                "transcript": "Uh, so what you said on the requisition, uh, I'll fine, he's fine.",
                "start_time": "24.27",
                "end_time": "29.629",
                "speaker_label": "spk_0",
                "items": [
                    48,
                    49,
                    50,
                    51,
                    52,
                    53,
                    54,
                    55,
                    56,
                    57,
                    58,
                    59,
                    60,
                    61,
                    62,
                    63,
                    64,
                    65
                ]
            },
            {
                "id": 8,
                "transcript": "Or is it like complete um.",
                "start_time": "30.549",
                "end_time": "32.688",
                "speaker_label": "spk_0",
                "items": [
                    66,
                    67,
                    68,
                    69,
                    70,
                    71,
                    72
                ]
            },
            {
                "id": 9,
                "transcript": "It just says",
                "start_time": "33.49",
                "end_time": "34.33",
                "speaker_label": "spk_1",
                "items": [
                    73,
                    74,
                    75
                ]
            },
            {
                "id": 10,
                "transcript": "X-ray",
                "start_time": "34.33",
                "end_time": "34.97",
                "speaker_label": "spk_0",
                "items": [
                    76
                ]
            },
            {
                "id": 11,
                "transcript": "lumbar spine.",
                "start_time": "34.97",
                "end_time": "36.319",
                "speaker_label": "spk_1",
                "items": [
                    77,
                    78,
                    79
                ]
            },
            {
                "id": 12,
                "transcript": "OK, sounds fine.",
                "start_time": "36.569",
                "end_time": "38.099",
                "speaker_label": "spk_0",
                "items": [
                    80,
                    81,
                    82,
                    83,
                    84
                ]
            },
            {
                "id": 13,
                "transcript": "OK, so when do you think uh he can come?",
                "start_time": "38.63",
                "end_time": "42.229",
                "speaker_label": "spk_0",
                "items": [
                    85,
                    86,
                    87,
                    88,
                    89,
                    90,
                    91,
                    92,
                    93,
                    94,
                    95,
                    96
                ]
            },
            {
                "id": 14,
                "transcript": "Oh you can just go in any time?",
                "start_time": "43.93",
                "end_time": "46.2",
                "speaker_label": "spk_1",
                "items": [
                    97,
                    98,
                    99,
                    100,
                    101,
                    102,
                    103,
                    104,
                    105
                ]
            },
            {
                "id": 15,
                "transcript": "Yes, yes, any time we are doing uh walking, so anytime.",
                "start_time": "46.529",
                "end_time": "51.09",
                "speaker_label": "spk_0",
                "items": [
                    106,
                    107,
                    108,
                    109,
                    110,
                    111,
                    112,
                    113,
                    114,
                    115,
                    116,
                    117,
                    118,
                    119,
                    120
                ]
            },
            {
                "id": 16,
                "transcript": "Oh, OK, that sounds good thank you very much.",
                "start_time": "51.33",
                "end_time": "54.72",
                "speaker_label": "spk_1",
                "items": [
                    121,
                    122,
                    123,
                    124,
                    125,
                    126,
                    127,
                    128,
                    129,
                    130,
                    131,
                    132
                ]
            },
            {
                "id": 17,
                "transcript": "Yes, from 9 to 4.",
                "start_time": "54.889",
                "end_time": "56.84",
                "speaker_label": "spk_0",
                "items": [
                    133,
                    134,
                    135,
                    136,
                    137,
                    138,
                    139
                ]
            },
            {
                "id": 18,
                "transcript": "9 to 4? OK,",
                "start_time": "57.29",
                "end_time": "58.43",
                "speaker_label": "spk_1",
                "items": [
                    140,
                    141,
                    142,
                    143,
                    144,
                    145
                ]
            },
            {
                "id": 19,
                "transcript": "thanks.",
                "start_time": "58.529",
                "end_time": "59.24",
                "speaker_label": "spk_1",
                "items": [
                    146,
                    147
                ]
            },
            {
                "id": 20,
                "transcript": "OK bye",
                "start_time": "59.669",
                "end_time": "60.459",
                "speaker_label": "spk_1",
                "items": [
                    148,
                    149
                ]
            },
            {
                "id": 21,
                "transcript": "bye.",
                "start_time": "60.459",
                "end_time": "61.34",
                "speaker_label": "spk_0",
                "items": [
                    150,
                    151
                ]
            }
        ]
    }
}