{
    "jobName": "transcription-job-2024-03-25T17-01-51Z-call-ddaebd85-5c37-4bce-a2d8-71b712c8348f-1734643167",
    "accountId": "199040315413",
    "isRedacted": true,
    "status": "COMPLETED",
    "results": {
        "transcripts": [
            {
                "transcript": "Was diagnostics, how may I help you? Uh, yes, are you the uh X-ray place on, uh, in [PII]. [PII], [PII] [PII]. Um, we don't have a clinic in [PII] because you're, uh, calling Waer Diagnostics located in [PII]. Oh, OK, thank you. That, that's all I need to know. Thanks. OK, no problem."
            }
        ],
        "speaker_labels": {
            "segments": [
                {
                    "start_time": "8.109",
                    "end_time": "10.39",
                    "speaker_label": "spk_0",
                    "items": [
                        {
                            "speaker_label": "spk_0",
                            "start_time": "8.409",
                            "end_time": "8.668"
                        },
                        {
                            "speaker_label": "spk_0",
                            "start_time": "8.668",
                            "end_time": "9.538"
                        },
                        {
                            "speaker_label": "spk_0",
                            "start_time": "9.548",
                            "end_time": "9.689"
                        },
                        {
                            "speaker_label": "spk_0",
                            "start_time": "9.689",
                            "end_time": "9.739"
                        },
                        {
                            "speaker_label": "spk_0",
                            "start_time": "9.739",
                            "end_time": "9.758"
                        },
                        {
                            "speaker_label": "spk_0",
                            "start_time": "9.758",
                            "end_time": "9.939"
                        },
                        {
                            "speaker_label": "spk_0",
                            "start_time": "9.939",
                            "end_time": "10.298"
                        }
                    ]
                },
                {
                    "start_time": "11.399",
                    "end_time": "17.879",
                    "speaker_label": "spk_1",
                    "items": [
                        {
                            "speaker_label": "spk_1",
                            "start_time": "11.409",
                            "end_time": "11.819"
                        },
                        {
                            "speaker_label": "spk_1",
                            "start_time": "11.88",
                            "end_time": "12.3"
                        },
                        {
                            "speaker_label": "spk_1",
                            "start_time": "12.319",
                            "end_time": "12.479"
                        },
                        {
                            "speaker_label": "spk_1",
                            "start_time": "12.479",
                            "end_time": "12.869"
                        },
                        {
                            "speaker_label": "spk_1",
                            "start_time": "12.869",
                            "end_time": "13.189"
                        },
                        {
                            "speaker_label": "spk_1",
                            "start_time": "13.189",
                            "end_time": "13.529"
                        },
                        {
                            "speaker_label": "spk_1",
                            "start_time": "13.529",
                            "end_time": "14.569"
                        },
                        {
                            "speaker_label": "spk_1",
                            "start_time": "14.569",
                            "end_time": "15.039"
                        },
                        {
                            "speaker_label": "spk_1",
                            "start_time": "15.039",
                            "end_time": "15.38"
                        },
                        {
                            "speaker_label": "spk_1",
                            "start_time": "15.39",
                            "end_time": "15.789"
                        },
                        {
                            "speaker_label": "spk_1",
                            "start_time": "15.88",
                            "end_time": "16.319"
                        },
                        {
                            "speaker_label": "spk_1",
                            "start_time": "16.319",
                            "end_time": "17.79"
                        }
                    ]
                },
                {
                    "start_time": "18.649",
                    "end_time": "19.25",
                    "speaker_label": "spk_0",
                    "items": [
                        {
                            "speaker_label": "spk_0",
                            "start_time": "18.67",
                            "end_time": "19.25"
                        }
                    ]
                },
                {
                    "start_time": "19.69",
                    "end_time": "20.059",
                    "speaker_label": "spk_1",
                    "items": [
                        {
                            "speaker_label": "spk_1",
                            "start_time": "19.69",
                            "end_time": "20.059"
                        }
                    ]
                },
                {
                    "start_time": "20.059",
                    "end_time": "20.719",
                    "speaker_label": "spk_0",
                    "items": [
                        {
                            "speaker_label": "spk_0",
                            "start_time": "20.059",
                            "end_time": "20.569"
                        }
                    ]
                },
                {
                    "start_time": "21.329",
                    "end_time": "28.01",
                    "speaker_label": "spk_0",
                    "items": [
                        {
                            "speaker_label": "spk_0",
                            "start_time": "21.35",
                            "end_time": "21.7"
                        },
                        {
                            "speaker_label": "spk_0",
                            "start_time": "21.77",
                            "end_time": "21.969"
                        },
                        {
                            "speaker_label": "spk_0",
                            "start_time": "21.969",
                            "end_time": "22.29"
                        },
                        {
                            "speaker_label": "spk_0",
                            "start_time": "22.29",
                            "end_time": "22.45"
                        },
                        {
                            "speaker_label": "spk_0",
                            "start_time": "22.45",
                            "end_time": "22.569"
                        },
                        {
                            "speaker_label": "spk_0",
                            "start_time": "22.569",
                            "end_time": "22.979"
                        },
                        {
                            "speaker_label": "spk_0",
                            "start_time": "22.979",
                            "end_time": "23.209"
                        },
                        {
                            "speaker_label": "spk_0",
                            "start_time": "23.209",
                            "end_time": "23.93"
                        },
                        {
                            "speaker_label": "spk_0",
                            "start_time": "23.93",
                            "end_time": "24.09"
                        },
                        {
                            "speaker_label": "spk_0",
                            "start_time": "24.09",
                            "end_time": "24.36"
                        },
                        {
                            "speaker_label": "spk_0",
                            "start_time": "24.379",
                            "end_time": "24.639"
                        },
                        {
                            "speaker_label": "spk_0",
                            "start_time": "24.649",
                            "end_time": "25.18"
                        },
                        {
                            "speaker_label": "spk_0",
                            "start_time": "25.18",
                            "end_time": "25.53"
                        },
                        {
                            "speaker_label": "spk_0",
                            "start_time": "25.53",
                            "end_time": "26.329"
                        },
                        {
                            "speaker_label": "spk_0",
                            "start_time": "26.329",
                            "end_time": "26.84"
                        },
                        {
                            "speaker_label": "spk_0",
                            "start_time": "26.84",
                            "end_time": "27.09"
                        },
                        {
                            "speaker_label": "spk_0",
                            "start_time": "27.09",
                            "end_time": "28.01"
                        }
                    ]
                },
                {
                    "start_time": "29.209",
                    "end_time": "32.4",
                    "speaker_label": "spk_1",
                    "items": [
                        {
                            "speaker_label": "spk_1",
                            "start_time": "29.209",
                            "end_time": "29.37"
                        },
                        {
                            "speaker_label": "spk_1",
                            "start_time": "29.409",
                            "end_time": "29.729"
                        },
                        {
                            "speaker_label": "spk_1",
                            "start_time": "29.809",
                            "end_time": "30.079"
                        },
                        {
                            "speaker_label": "spk_1",
                            "start_time": "30.079",
                            "end_time": "30.25"
                        },
                        {
                            "speaker_label": "spk_1",
                            "start_time": "30.27",
                            "end_time": "30.28"
                        },
                        {
                            "speaker_label": "spk_1",
                            "start_time": "30.29",
                            "end_time": "30.879"
                        },
                        {
                            "speaker_label": "spk_1",
                            "start_time": "30.879",
                            "end_time": "31.049"
                        },
                        {
                            "speaker_label": "spk_1",
                            "start_time": "31.049",
                            "end_time": "31.209"
                        },
                        {
                            "speaker_label": "spk_1",
                            "start_time": "31.209",
                            "end_time": "31.329"
                        },
                        {
                            "speaker_label": "spk_1",
                            "start_time": "31.329",
                            "end_time": "31.53"
                        },
                        {
                            "speaker_label": "spk_1",
                            "start_time": "31.53",
                            "end_time": "31.719"
                        },
                        {
                            "speaker_label": "spk_1",
                            "start_time": "31.77",
                            "end_time": "32.4"
                        }
                    ]
                },
                {
                    "start_time": "32.569",
                    "end_time": "33.88",
                    "speaker_label": "spk_0",
                    "items": [
                        {
                            "speaker_label": "spk_0",
                            "start_time": "32.569",
                            "end_time": "33.009"
                        },
                        {
                            "speaker_label": "spk_0",
                            "start_time": "33.09",
                            "end_time": "33.29"
                        },
                        {
                            "speaker_label": "spk_0",
                            "start_time": "33.29",
                            "end_time": "33.709"
                        }
                    ]
                }
            ],
            "channel_label": "ch_0",
            "speakers": 2
        },
        "items": [
            {
                "id": 0,
                "type": "pronunciation",
                "alternatives": [
                    {
                        "confidence": "0.674",
                        "content": "Was"
                    }
                ],
                "start_time": "8.409",
                "end_time": "8.668",
                "speaker_label": "spk_0"
            },
            {
                "id": 1,
                "type": "pronunciation",
                "alternatives": [
                    {
                        "confidence": "0.182",
                        "content": "diagnostics"
                    }
                ],
                "start_time": "8.668",
                "end_time": "9.538",
                "speaker_label": "spk_0"
            },
            {
                "id": 2,
                "type": "punctuation",
                "alternatives": [
                    {
                        "confidence": "0.0",
                        "content": ","
                    }
                ],
                "speaker_label": "spk_0"
            },
            {
                "id": 3,
                "type": "pronunciation",
                "alternatives": [
                    {
                        "confidence": "0.978",
                        "content": "how"
                    }
                ],
                "start_time": "9.548",
                "end_time": "9.689",
                "speaker_label": "spk_0"
            },
            {
                "id": 4,
                "type": "pronunciation",
                "alternatives": [
                    {
                        "confidence": "0.996",
                        "content": "may"
                    }
                ],
                "start_time": "9.689",
                "end_time": "9.739",
                "speaker_label": "spk_0"
            },
            {
                "id": 5,
                "type": "pronunciation",
                "alternatives": [
                    {
                        "confidence": "0.993",
                        "content": "I"
                    }
                ],
                "start_time": "9.739",
                "end_time": "9.758",
                "speaker_label": "spk_0"
            },
            {
                "id": 6,
                "type": "pronunciation",
                "alternatives": [
                    {
                        "confidence": "0.996",
                        "content": "help"
                    }
                ],
                "start_time": "9.758",
                "end_time": "9.939",
                "speaker_label": "spk_0"
            },
            {
                "id": 7,
                "type": "pronunciation",
                "alternatives": [
                    {
                        "confidence": "0.996",
                        "content": "you"
                    }
                ],
                "start_time": "9.939",
                "end_time": "10.298",
                "speaker_label": "spk_0"
            },
            {
                "id": 8,
                "type": "punctuation",
                "alternatives": [
                    {
                        "confidence": "0.0",
                        "content": "?"
                    }
                ],
                "speaker_label": "spk_0"
            },
            {
                "id": 9,
                "type": "pronunciation",
                "alternatives": [
                    {
                        "confidence": "0.997",
                        "content": "Uh"
                    }
                ],
                "start_time": "11.409",
                "end_time": "11.819",
                "speaker_label": "spk_1"
            },
            {
                "id": 10,
                "type": "punctuation",
                "alternatives": [
                    {
                        "confidence": "0.0",
                        "content": ","
                    }
                ],
                "speaker_label": "spk_1"
            },
            {
                "id": 11,
                "type": "pronunciation",
                "alternatives": [
                    {
                        "confidence": "0.998",
                        "content": "yes"
                    }
                ],
                "start_time": "11.88",
                "end_time": "12.3",
                "speaker_label": "spk_1"
            },
            {
                "id": 12,
                "type": "punctuation",
                "alternatives": [
                    {
                        "confidence": "0.0",
                        "content": ","
                    }
                ],
                "speaker_label": "spk_1"
            },
            {
                "id": 13,
                "type": "pronunciation",
                "alternatives": [
                    {
                        "confidence": "0.996",
                        "content": "are"
                    }
                ],
                "start_time": "12.319",
                "end_time": "12.479",
                "speaker_label": "spk_1"
            },
            {
                "id": 14,
                "type": "pronunciation",
                "alternatives": [
                    {
                        "confidence": "0.996",
                        "content": "you"
                    }
                ],
                "start_time": "12.479",
                "end_time": "12.869",
                "speaker_label": "spk_1"
            },
            {
                "id": 15,
                "type": "pronunciation",
                "alternatives": [
                    {
                        "confidence": "0.724",
                        "content": "the"
                    }
                ],
                "start_time": "12.869",
                "end_time": "13.189",
                "speaker_label": "spk_1"
            },
            {
                "id": 16,
                "type": "pronunciation",
                "alternatives": [
                    {
                        "confidence": "0.996",
                        "content": "uh"
                    }
                ],
                "start_time": "13.189",
                "end_time": "13.529",
                "speaker_label": "spk_1"
            },
            {
                "id": 17,
                "type": "pronunciation",
                "alternatives": [
                    {
                        "confidence": "0.99",
                        "content": "X-ray"
                    }
                ],
                "start_time": "13.529",
                "end_time": "14.569",
                "speaker_label": "spk_1"
            },
            {
                "id": 18,
                "type": "pronunciation",
                "alternatives": [
                    {
                        "confidence": "0.996",
                        "content": "place"
                    }
                ],
                "start_time": "14.569",
                "end_time": "15.039",
                "speaker_label": "spk_1"
            },
            {
                "id": 19,
                "type": "pronunciation",
                "alternatives": [
                    {
                        "confidence": "0.997",
                        "content": "on"
                    }
                ],
                "start_time": "15.039",
                "end_time": "15.38",
                "speaker_label": "spk_1"
            },
            {
                "id": 20,
                "type": "punctuation",
                "alternatives": [
                    {
                        "confidence": "0.0",
                        "content": ","
                    }
                ],
                "speaker_label": "spk_1"
            },
            {
                "id": 21,
                "type": "pronunciation",
                "alternatives": [
                    {
                        "confidence": "0.996",
                        "content": "uh"
                    }
                ],
                "start_time": "15.39",
                "end_time": "15.789",
                "speaker_label": "spk_1"
            },
            {
                "id": 22,
                "type": "punctuation",
                "alternatives": [
                    {
                        "confidence": "0.0",
                        "content": ","
                    }
                ],
                "speaker_label": "spk_1"
            },
            {
                "id": 23,
                "type": "pronunciation",
                "alternatives": [
                    {
                        "confidence": "0.997",
                        "content": "in"
                    }
                ],
                "start_time": "15.88",
                "end_time": "16.319",
                "speaker_label": "spk_1"
            },
            {
                "id": 24,
                "type": "pronunciation",
                "alternatives": [
                    {
                        "content": "[PII]",
                        "redactions": [
                            {
                                "confidence": "0.9999",
                                "type": "ADDRESS",
                                "category": "PII"
                            }
                        ]
                    }
                ],
                "start_time": "16.319",
                "end_time": "17.79"
            },
            {
                "id": 25,
                "type": "punctuation",
                "alternatives": [
                    {
                        "confidence": "0.0",
                        "content": "."
                    }
                ]
            },
            {
                "id": 26,
                "type": "pronunciation",
                "alternatives": [
                    {
                        "content": "[PII]",
                        "redactions": [
                            {
                                "confidence": "0.9999",
                                "type": "ADDRESS",
                                "category": "PII"
                            }
                        ]
                    }
                ],
                "start_time": "18.67",
                "end_time": "19.25"
            },
            {
                "id": 27,
                "type": "punctuation",
                "alternatives": [
                    {
                        "confidence": "0.0",
                        "content": ","
                    }
                ]
            },
            {
                "id": 28,
                "type": "pronunciation",
                "alternatives": [
                    {
                        "content": "[PII]",
                        "redactions": [
                            {
                                "confidence": "0.9999",
                                "type": "ADDRESS",
                                "category": "PII"
                            }
                        ]
                    }
                ],
                "start_time": "19.69",
                "end_time": "20.059"
            },
            {
                "id": 29,
                "type": "pronunciation",
                "alternatives": [
                    {
                        "content": "[PII]",
                        "redactions": [
                            {
                                "confidence": "0.9999",
                                "type": "ADDRESS",
                                "category": "PII"
                            }
                        ]
                    }
                ],
                "start_time": "20.059",
                "end_time": "20.569"
            },
            {
                "id": 30,
                "type": "punctuation",
                "alternatives": [
                    {
                        "confidence": "0.0",
                        "content": "."
                    }
                ]
            },
            {
                "id": 31,
                "type": "pronunciation",
                "alternatives": [
                    {
                        "confidence": "0.996",
                        "content": "Um"
                    }
                ],
                "start_time": "21.35",
                "end_time": "21.7",
                "speaker_label": "spk_0"
            },
            {
                "id": 32,
                "type": "punctuation",
                "alternatives": [
                    {
                        "confidence": "0.0",
                        "content": ","
                    }
                ],
                "speaker_label": "spk_0"
            },
            {
                "id": 33,
                "type": "pronunciation",
                "alternatives": [
                    {
                        "confidence": "0.997",
                        "content": "we"
                    }
                ],
                "start_time": "21.77",
                "end_time": "21.969",
                "speaker_label": "spk_0"
            },
            {
                "id": 34,
                "type": "pronunciation",
                "alternatives": [
                    {
                        "confidence": "0.996",
                        "content": "don't"
                    }
                ],
                "start_time": "21.969",
                "end_time": "22.29",
                "speaker_label": "spk_0"
            },
            {
                "id": 35,
                "type": "pronunciation",
                "alternatives": [
                    {
                        "confidence": "0.999",
                        "content": "have"
                    }
                ],
                "start_time": "22.29",
                "end_time": "22.45",
                "speaker_label": "spk_0"
            },
            {
                "id": 36,
                "type": "pronunciation",
                "alternatives": [
                    {
                        "confidence": "0.999",
                        "content": "a"
                    }
                ],
                "start_time": "22.45",
                "end_time": "22.569",
                "speaker_label": "spk_0"
            },
            {
                "id": 37,
                "type": "pronunciation",
                "alternatives": [
                    {
                        "confidence": "0.998",
                        "content": "clinic"
                    }
                ],
                "start_time": "22.569",
                "end_time": "22.979",
                "speaker_label": "spk_0"
            },
            {
                "id": 38,
                "type": "pronunciation",
                "alternatives": [
                    {
                        "confidence": "0.998",
                        "content": "in"
                    }
                ],
                "start_time": "22.979",
                "end_time": "23.209",
                "speaker_label": "spk_0"
            },
            {
                "id": 39,
                "type": "pronunciation",
                "alternatives": [
                    {
                        "content": "[PII]",
                        "redactions": [
                            {
                                "confidence": "1.0",
                                "type": "ADDRESS",
                                "category": "PII"
                            }
                        ]
                    }
                ],
                "start_time": "23.209",
                "end_time": "23.93"
            },
            {
                "id": 40,
                "type": "pronunciation",
                "alternatives": [
                    {
                        "confidence": "0.996",
                        "content": "because"
                    }
                ],
                "start_time": "23.93",
                "end_time": "24.09",
                "speaker_label": "spk_0"
            },
            {
                "id": 41,
                "type": "pronunciation",
                "alternatives": [
                    {
                        "confidence": "0.989",
                        "content": "you're"
                    }
                ],
                "start_time": "24.09",
                "end_time": "24.36",
                "speaker_label": "spk_0"
            },
            {
                "id": 42,
                "type": "punctuation",
                "alternatives": [
                    {
                        "confidence": "0.0",
                        "content": ","
                    }
                ],
                "speaker_label": "spk_0"
            },
            {
                "id": 43,
                "type": "pronunciation",
                "alternatives": [
                    {
                        "confidence": "0.997",
                        "content": "uh"
                    }
                ],
                "start_time": "24.379",
                "end_time": "24.639",
                "speaker_label": "spk_0"
            },
            {
                "id": 44,
                "type": "punctuation",
                "alternatives": [
                    {
                        "confidence": "0.0",
                        "content": ","
                    }
                ],
                "speaker_label": "spk_0"
            },
            {
                "id": 45,
                "type": "pronunciation",
                "alternatives": [
                    {
                        "confidence": "0.998",
                        "content": "calling"
                    }
                ],
                "start_time": "24.649",
                "end_time": "25.18",
                "speaker_label": "spk_0"
            },
            {
                "id": 46,
                "type": "pronunciation",
                "alternatives": [
                    {
                        "confidence": "0.493",
                        "content": "Waer"
                    }
                ],
                "start_time": "25.18",
                "end_time": "25.53",
                "speaker_label": "spk_0"
            },
            {
                "id": 47,
                "type": "pronunciation",
                "alternatives": [
                    {
                        "confidence": "0.645",
                        "content": "Diagnostics"
                    }
                ],
                "start_time": "25.53",
                "end_time": "26.329",
                "speaker_label": "spk_0"
            },
            {
                "id": 48,
                "type": "pronunciation",
                "alternatives": [
                    {
                        "confidence": "0.996",
                        "content": "located"
                    }
                ],
                "start_time": "26.329",
                "end_time": "26.84",
                "speaker_label": "spk_0"
            },
            {
                "id": 49,
                "type": "pronunciation",
                "alternatives": [
                    {
                        "confidence": "0.998",
                        "content": "in"
                    }
                ],
                "start_time": "26.84",
                "end_time": "27.09",
                "speaker_label": "spk_0"
            },
            {
                "id": 50,
                "type": "pronunciation",
                "alternatives": [
                    {
                        "content": "[PII]",
                        "redactions": [
                            {
                                "confidence": "1.0",
                                "type": "ADDRESS",
                                "category": "PII"
                            }
                        ]
                    }
                ],
                "start_time": "27.09",
                "end_time": "28.01"
            },
            {
                "id": 51,
                "type": "punctuation",
                "alternatives": [
                    {
                        "confidence": "0.0",
                        "content": "."
                    }
                ]
            },
            {
                "id": 52,
                "type": "pronunciation",
                "alternatives": [
                    {
                        "confidence": "0.993",
                        "content": "Oh"
                    }
                ],
                "start_time": "29.209",
                "end_time": "29.37",
                "speaker_label": "spk_1"
            },
            {
                "id": 53,
                "type": "punctuation",
                "alternatives": [
                    {
                        "confidence": "0.0",
                        "content": ","
                    }
                ],
                "speaker_label": "spk_1"
            },
            {
                "id": 54,
                "type": "pronunciation",
                "alternatives": [
                    {
                        "confidence": "0.998",
                        "content": "OK"
                    }
                ],
                "start_time": "29.409",
                "end_time": "29.729",
                "speaker_label": "spk_1"
            },
            {
                "id": 55,
                "type": "punctuation",
                "alternatives": [
                    {
                        "confidence": "0.0",
                        "content": ","
                    }
                ],
                "speaker_label": "spk_1"
            },
            {
                "id": 56,
                "type": "pronunciation",
                "alternatives": [
                    {
                        "confidence": "0.996",
                        "content": "thank"
                    }
                ],
                "start_time": "29.809",
                "end_time": "30.079",
                "speaker_label": "spk_1"
            },
            {
                "id": 57,
                "type": "pronunciation",
                "alternatives": [
                    {
                        "confidence": "0.999",
                        "content": "you"
                    }
                ],
                "start_time": "30.079",
                "end_time": "30.25",
                "speaker_label": "spk_1"
            },
            {
                "id": 58,
                "type": "punctuation",
                "alternatives": [
                    {
                        "confidence": "0.0",
                        "content": "."
                    }
                ],
                "speaker_label": "spk_1"
            },
            {
                "id": 59,
                "type": "pronunciation",
                "alternatives": [
                    {
                        "confidence": "0.96",
                        "content": "That"
                    }
                ],
                "start_time": "30.27",
                "end_time": "30.28",
                "speaker_label": "spk_1"
            },
            {
                "id": 60,
                "type": "punctuation",
                "alternatives": [
                    {
                        "confidence": "0.0",
                        "content": ","
                    }
                ],
                "speaker_label": "spk_1"
            },
            {
                "id": 61,
                "type": "pronunciation",
                "alternatives": [
                    {
                        "confidence": "0.995",
                        "content": "that's"
                    }
                ],
                "start_time": "30.29",
                "end_time": "30.879",
                "speaker_label": "spk_1"
            },
            {
                "id": 62,
                "type": "pronunciation",
                "alternatives": [
                    {
                        "confidence": "0.999",
                        "content": "all"
                    }
                ],
                "start_time": "30.879",
                "end_time": "31.049",
                "speaker_label": "spk_1"
            },
            {
                "id": 63,
                "type": "pronunciation",
                "alternatives": [
                    {
                        "confidence": "0.998",
                        "content": "I"
                    }
                ],
                "start_time": "31.049",
                "end_time": "31.209",
                "speaker_label": "spk_1"
            },
            {
                "id": 64,
                "type": "pronunciation",
                "alternatives": [
                    {
                        "confidence": "0.999",
                        "content": "need"
                    }
                ],
                "start_time": "31.209",
                "end_time": "31.329",
                "speaker_label": "spk_1"
            },
            {
                "id": 65,
                "type": "pronunciation",
                "alternatives": [
                    {
                        "confidence": "0.999",
                        "content": "to"
                    }
                ],
                "start_time": "31.329",
                "end_time": "31.53",
                "speaker_label": "spk_1"
            },
            {
                "id": 66,
                "type": "pronunciation",
                "alternatives": [
                    {
                        "confidence": "0.999",
                        "content": "know"
                    }
                ],
                "start_time": "31.53",
                "end_time": "31.719",
                "speaker_label": "spk_1"
            },
            {
                "id": 67,
                "type": "punctuation",
                "alternatives": [
                    {
                        "confidence": "0.0",
                        "content": "."
                    }
                ],
                "speaker_label": "spk_1"
            },
            {
                "id": 68,
                "type": "pronunciation",
                "alternatives": [
                    {
                        "confidence": "0.896",
                        "content": "Thanks"
                    }
                ],
                "start_time": "31.77",
                "end_time": "32.4",
                "speaker_label": "spk_1"
            },
            {
                "id": 69,
                "type": "punctuation",
                "alternatives": [
                    {
                        "confidence": "0.0",
                        "content": "."
                    }
                ],
                "speaker_label": "spk_1"
            },
            {
                "id": 70,
                "type": "pronunciation",
                "alternatives": [
                    {
                        "confidence": "0.997",
                        "content": "OK"
                    }
                ],
                "start_time": "32.569",
                "end_time": "33.009",
                "speaker_label": "spk_0"
            },
            {
                "id": 71,
                "type": "punctuation",
                "alternatives": [
                    {
                        "confidence": "0.0",
                        "content": ","
                    }
                ],
                "speaker_label": "spk_0"
            },
            {
                "id": 72,
                "type": "pronunciation",
                "alternatives": [
                    {
                        "confidence": "0.997",
                        "content": "no"
                    }
                ],
                "start_time": "33.09",
                "end_time": "33.29",
                "speaker_label": "spk_0"
            },
            {
                "id": 73,
                "type": "pronunciation",
                "alternatives": [
                    {
                        "confidence": "0.999",
                        "content": "problem"
                    }
                ],
                "start_time": "33.29",
                "end_time": "33.709",
                "speaker_label": "spk_0"
            },
            {
                "id": 74,
                "type": "punctuation",
                "alternatives": [
                    {
                        "confidence": "0.0",
                        "content": "."
                    }
                ],
                "speaker_label": "spk_0"
            }
        ],
        "audio_segments": [
            {
                "id": 0,
                "transcript": "Was diagnostics, how may I help you?",
                "start_time": "8.109",
                "end_time": "10.39",
                "speaker_label": "spk_0",
                "items": [
                    0,
                    1,
                    2,
                    3,
                    4,
                    5,
                    6,
                    7,
                    8
                ]
            },
            {
                "id": 1,
                "transcript": "Uh, yes, are you the uh X-ray place on, uh, in [PII].",
                "start_time": "11.399",
                "end_time": "17.879",
                "speaker_label": "spk_1",
                "items": [
                    9,
                    10,
                    11,
                    12,
                    13,
                    14,
                    15,
                    16,
                    17,
                    18,
                    19,
                    20,
                    21,
                    22,
                    23,
                    24,
                    25
                ]
            },
            {
                "id": 2,
                "transcript": "[PII],",
                "start_time": "18.649",
                "end_time": "19.25",
                "items": [
                    26,
                    27
                ]
            },
            {
                "id": 3,
                "transcript": "[PII]",
                "start_time": "19.69",
                "end_time": "20.059",
                "items": [
                    28
                ]
            },
            {
                "id": 4,
                "transcript": "[PII].",
                "start_time": "20.059",
                "end_time": "20.719",
                "items": [
                    29,
                    30
                ]
            },
            {
                "id": 5,
                "transcript": "Um, we don't have a clinic in [PII] because you're, uh, calling Waer Diagnostics located in [PII].",
                "start_time": "21.329",
                "end_time": "28.01",
                "speaker_label": "spk_0",
                "items": [
                    31,
                    32,
                    33,
                    34,
                    35,
                    36,
                    37,
                    38,
                    39,
                    40,
                    41,
                    42,
                    43,
                    44,
                    45,
                    46,
                    47,
                    48,
                    49,
                    50,
                    51
                ]
            },
            {
                "id": 6,
                "transcript": "Oh, OK, thank you. That, that's all I need to know. Thanks.",
                "start_time": "29.209",
                "end_time": "32.4",
                "speaker_label": "spk_1",
                "items": [
                    52,
                    53,
                    54,
                    55,
                    56,
                    57,
                    58,
                    59,
                    60,
                    61,
                    62,
                    63,
                    64,
                    65,
                    66,
                    67,
                    68,
                    69
                ]
            },
            {
                "id": 7,
                "transcript": "OK, no problem.",
                "start_time": "32.569",
                "end_time": "33.88",
                "speaker_label": "spk_0",
                "items": [
                    70,
                    71,
                    72,
                    73,
                    74
                ]
            }
        ]
    }
}