{
    "jobName": "transcription-job-2024-03-25T13-39-57Z-call-55b4e937-5fd4-45ef-8c0d-28ae39f0b758-1734640881",
    "accountId": "199040315413",
    "isRedacted": true,
    "status": "COMPLETED",
    "results": {
        "transcripts": [
            {
                "transcript": "Hello? OK, this is a test call. My name is [PII] and my last name is [PII]. My health card number is 1,289,705,330. Date of birth is 1987 October 308. Thank you."
            }
        ],
        "speaker_labels": {
            "segments": [
                {
                    "start_time": "1.25",
                    "end_time": "4.13",
                    "speaker_label": "spk_0",
                    "items": [
                        {
                            "speaker_label": "spk_0",
                            "start_time": "1.259",
                            "end_time": "2.0"
                        },
                        {
                            "speaker_label": "spk_0",
                            "start_time": "2.529",
                            "end_time": "2.74"
                        },
                        {
                            "speaker_label": "spk_0",
                            "start_time": "2.849",
                            "end_time": "2.97"
                        },
                        {
                            "speaker_label": "spk_0",
                            "start_time": "2.97",
                            "end_time": "3.089"
                        },
                        {
                            "speaker_label": "spk_0",
                            "start_time": "3.089",
                            "end_time": "3.329"
                        },
                        {
                            "speaker_label": "spk_0",
                            "start_time": "3.329",
                            "end_time": "3.65"
                        },
                        {
                            "speaker_label": "spk_0",
                            "start_time": "3.65",
                            "end_time": "4.01"
                        }
                    ]
                },
                {
                    "start_time": "4.75",
                    "end_time": "17.889",
                    "speaker_label": "spk_0",
                    "items": [
                        {
                            "speaker_label": "spk_0",
                            "start_time": "4.969",
                            "end_time": "5.23"
                        },
                        {
                            "speaker_label": "spk_0",
                            "start_time": "5.23",
                            "end_time": "5.349"
                        },
                        {
                            "speaker_label": "spk_0",
                            "start_time": "5.349",
                            "end_time": "5.51"
                        },
                        {
                            "speaker_label": "spk_0",
                            "start_time": "5.51",
                            "end_time": "6.0"
                        },
                        {
                            "speaker_label": "spk_0",
                            "start_time": "6.0",
                            "end_time": "6.57"
                        },
                        {
                            "speaker_label": "spk_0",
                            "start_time": "6.57",
                            "end_time": "7.13"
                        },
                        {
                            "speaker_label": "spk_0",
                            "start_time": "7.469",
                            "end_time": "7.67"
                        },
                        {
                            "speaker_label": "spk_0",
                            "start_time": "7.67",
                            "end_time": "7.789"
                        },
                        {
                            "speaker_label": "spk_0",
                            "start_time": "7.789",
                            "end_time": "8.1"
                        },
                        {
                            "speaker_label": "spk_0",
                            "start_time": "8.1",
                            "end_time": "8.619"
                        },
                        {
                            "speaker_label": "spk_0",
                            "start_time": "9.39",
                            "end_time": "9.539"
                        },
                        {
                            "speaker_label": "spk_0",
                            "start_time": "9.539",
                            "end_time": "9.75"
                        },
                        {
                            "speaker_label": "spk_0",
                            "start_time": "9.75",
                            "end_time": "9.949"
                        },
                        {
                            "speaker_label": "spk_0",
                            "start_time": "9.949",
                            "end_time": "10.189"
                        },
                        {
                            "speaker_label": "spk_0",
                            "start_time": "10.189",
                            "end_time": "10.31"
                        },
                        {
                            "speaker_label": "spk_0",
                            "start_time": "10.31",
                            "end_time": "13.899"
                        },
                        {
                            "speaker_label": "spk_0",
                            "start_time": "14.189",
                            "end_time": "14.39"
                        },
                        {
                            "speaker_label": "spk_0",
                            "start_time": "14.39",
                            "end_time": "14.51"
                        },
                        {
                            "speaker_label": "spk_0",
                            "start_time": "14.51",
                            "end_time": "14.869"
                        },
                        {
                            "speaker_label": "spk_0",
                            "start_time": "14.869",
                            "end_time": "15.149"
                        },
                        {
                            "speaker_label": "spk_0",
                            "start_time": "15.149",
                            "end_time": "16.27"
                        },
                        {
                            "speaker_label": "spk_0",
                            "start_time": "16.27",
                            "end_time": "16.86"
                        },
                        {
                            "speaker_label": "spk_0",
                            "start_time": "16.86",
                            "end_time": "17.719"
                        }
                    ]
                },
                {
                    "start_time": "18.459",
                    "end_time": "19.479",
                    "speaker_label": "spk_0",
                    "items": [
                        {
                            "speaker_label": "spk_0",
                            "start_time": "18.489",
                            "end_time": "18.86"
                        },
                        {
                            "speaker_label": "spk_0",
                            "start_time": "18.86",
                            "end_time": "19.209"
                        }
                    ]
                }
            ],
            "channel_label": "ch_0",
            "speakers": 1
        },
        "items": [
            {
                "id": 0,
                "type": "pronunciation",
                "alternatives": [
                    {
                        "confidence": "0.997",
                        "content": "Hello"
                    }
                ],
                "start_time": "1.259",
                "end_time": "2.0",
                "speaker_label": "spk_0"
            },
            {
                "id": 1,
                "type": "punctuation",
                "alternatives": [
                    {
                        "confidence": "0.0",
                        "content": "?"
                    }
                ],
                "speaker_label": "spk_0"
            },
            {
                "id": 2,
                "type": "pronunciation",
                "alternatives": [
                    {
                        "confidence": "0.997",
                        "content": "OK"
                    }
                ],
                "start_time": "2.529",
                "end_time": "2.74",
                "speaker_label": "spk_0"
            },
            {
                "id": 3,
                "type": "punctuation",
                "alternatives": [
                    {
                        "confidence": "0.0",
                        "content": ","
                    }
                ],
                "speaker_label": "spk_0"
            },
            {
                "id": 4,
                "type": "pronunciation",
                "alternatives": [
                    {
                        "confidence": "0.996",
                        "content": "this"
                    }
                ],
                "start_time": "2.849",
                "end_time": "2.97",
                "speaker_label": "spk_0"
            },
            {
                "id": 5,
                "type": "pronunciation",
                "alternatives": [
                    {
                        "confidence": "0.999",
                        "content": "is"
                    }
                ],
                "start_time": "2.97",
                "end_time": "3.089",
                "speaker_label": "spk_0"
            },
            {
                "id": 6,
                "type": "pronunciation",
                "alternatives": [
                    {
                        "confidence": "0.996",
                        "content": "a"
                    }
                ],
                "start_time": "3.089",
                "end_time": "3.329",
                "speaker_label": "spk_0"
            },
            {
                "id": 7,
                "type": "pronunciation",
                "alternatives": [
                    {
                        "confidence": "0.996",
                        "content": "test"
                    }
                ],
                "start_time": "3.329",
                "end_time": "3.65",
                "speaker_label": "spk_0"
            },
            {
                "id": 8,
                "type": "pronunciation",
                "alternatives": [
                    {
                        "confidence": "0.997",
                        "content": "call"
                    }
                ],
                "start_time": "3.65",
                "end_time": "4.01",
                "speaker_label": "spk_0"
            },
            {
                "id": 9,
                "type": "punctuation",
                "alternatives": [
                    {
                        "confidence": "0.0",
                        "content": "."
                    }
                ],
                "speaker_label": "spk_0"
            },
            {
                "id": 10,
                "type": "pronunciation",
                "alternatives": [
                    {
                        "confidence": "0.999",
                        "content": "My"
                    }
                ],
                "start_time": "4.969",
                "end_time": "5.23",
                "speaker_label": "spk_0"
            },
            {
                "id": 11,
                "type": "pronunciation",
                "alternatives": [
                    {
                        "confidence": "0.999",
                        "content": "name"
                    }
                ],
                "start_time": "5.23",
                "end_time": "5.349",
                "speaker_label": "spk_0"
            },
            {
                "id": 12,
                "type": "pronunciation",
                "alternatives": [
                    {
                        "confidence": "0.998",
                        "content": "is"
                    }
                ],
                "start_time": "5.349",
                "end_time": "5.51",
                "speaker_label": "spk_0"
            },
            {
                "id": 13,
                "type": "pronunciation",
                "alternatives": [
                    {
                        "content": "[PII]",
                        "redactions": [
                            {
                                "confidence": "1.0",
                                "type": "NAME",
                                "category": "PII"
                            }
                        ]
                    }
                ],
                "start_time": "5.51",
                "end_time": "6.0"
            },
            {
                "id": 14,
                "type": "pronunciation",
                "alternatives": [
                    {
                        "confidence": "0.998",
                        "content": "and"
                    }
                ],
                "start_time": "6.0",
                "end_time": "6.57",
                "speaker_label": "spk_0"
            },
            {
                "id": 15,
                "type": "pronunciation",
                "alternatives": [
                    {
                        "confidence": "0.998",
                        "content": "my"
                    }
                ],
                "start_time": "6.57",
                "end_time": "7.13",
                "speaker_label": "spk_0"
            },
            {
                "id": 16,
                "type": "pronunciation",
                "alternatives": [
                    {
                        "confidence": "0.998",
                        "content": "last"
                    }
                ],
                "start_time": "7.469",
                "end_time": "7.67",
                "speaker_label": "spk_0"
            },
            {
                "id": 17,
                "type": "pronunciation",
                "alternatives": [
                    {
                        "confidence": "0.999",
                        "content": "name"
                    }
                ],
                "start_time": "7.67",
                "end_time": "7.789",
                "speaker_label": "spk_0"
            },
            {
                "id": 18,
                "type": "pronunciation",
                "alternatives": [
                    {
                        "confidence": "0.999",
                        "content": "is"
                    }
                ],
                "start_time": "7.789",
                "end_time": "8.1",
                "speaker_label": "spk_0"
            },
            {
                "id": 19,
                "type": "pronunciation",
                "alternatives": [
                    {
                        "content": "[PII]",
                        "redactions": [
                            {
                                "confidence": "1.0",
                                "type": "NAME",
                                "category": "PII"
                            }
                        ]
                    }
                ],
                "start_time": "8.1",
                "end_time": "8.619"
            },
            {
                "id": 20,
                "type": "punctuation",
                "alternatives": [
                    {
                        "confidence": "0.0",
                        "content": "."
                    }
                ]
            },
            {
                "id": 21,
                "type": "pronunciation",
                "alternatives": [
                    {
                        "confidence": "0.996",
                        "content": "My"
                    }
                ],
                "start_time": "9.39",
                "end_time": "9.539",
                "speaker_label": "spk_0"
            },
            {
                "id": 22,
                "type": "pronunciation",
                "alternatives": [
                    {
                        "confidence": "0.997",
                        "content": "health"
                    }
                ],
                "start_time": "9.539",
                "end_time": "9.75",
                "speaker_label": "spk_0"
            },
            {
                "id": 23,
                "type": "pronunciation",
                "alternatives": [
                    {
                        "confidence": "0.998",
                        "content": "card"
                    }
                ],
                "start_time": "9.75",
                "end_time": "9.949",
                "speaker_label": "spk_0"
            },
            {
                "id": 24,
                "type": "pronunciation",
                "alternatives": [
                    {
                        "confidence": "0.999",
                        "content": "number"
                    }
                ],
                "start_time": "9.949",
                "end_time": "10.189",
                "speaker_label": "spk_0"
            },
            {
                "id": 25,
                "type": "pronunciation",
                "alternatives": [
                    {
                        "confidence": "0.999",
                        "content": "is"
                    }
                ],
                "start_time": "10.189",
                "end_time": "10.31",
                "speaker_label": "spk_0"
            },
            {
                "id": 26,
                "type": "pronunciation",
                "alternatives": [
                    {
                        "confidence": "0.985",
                        "content": "1,289,705,330"
                    }
                ],
                "start_time": "10.31",
                "end_time": "13.899",
                "speaker_label": "spk_0"
            },
            {
                "id": 27,
                "type": "punctuation",
                "alternatives": [
                    {
                        "confidence": "0.0",
                        "content": "."
                    }
                ],
                "speaker_label": "spk_0"
            },
            {
                "id": 28,
                "type": "pronunciation",
                "alternatives": [
                    {
                        "confidence": "0.984",
                        "content": "Date"
                    }
                ],
                "start_time": "14.189",
                "end_time": "14.39",
                "speaker_label": "spk_0"
            },
            {
                "id": 29,
                "type": "pronunciation",
                "alternatives": [
                    {
                        "confidence": "0.998",
                        "content": "of"
                    }
                ],
                "start_time": "14.39",
                "end_time": "14.51",
                "speaker_label": "spk_0"
            },
            {
                "id": 30,
                "type": "pronunciation",
                "alternatives": [
                    {
                        "confidence": "0.998",
                        "content": "birth"
                    }
                ],
                "start_time": "14.51",
                "end_time": "14.869",
                "speaker_label": "spk_0"
            },
            {
                "id": 31,
                "type": "pronunciation",
                "alternatives": [
                    {
                        "confidence": "0.999",
                        "content": "is"
                    }
                ],
                "start_time": "14.869",
                "end_time": "15.149",
                "speaker_label": "spk_0"
            },
            {
                "id": 32,
                "type": "pronunciation",
                "alternatives": [
                    {
                        "confidence": "0.983",
                        "content": "1987"
                    }
                ],
                "start_time": "15.149",
                "end_time": "16.27",
                "speaker_label": "spk_0"
            },
            {
                "id": 33,
                "type": "pronunciation",
                "alternatives": [
                    {
                        "confidence": "0.989",
                        "content": "October"
                    }
                ],
                "start_time": "16.27",
                "end_time": "16.86",
                "speaker_label": "spk_0"
            },
            {
                "id": 34,
                "type": "pronunciation",
                "alternatives": [
                    {
                        "confidence": "0.88",
                        "content": "308"
                    }
                ],
                "start_time": "16.86",
                "end_time": "17.719",
                "speaker_label": "spk_0"
            },
            {
                "id": 35,
                "type": "punctuation",
                "alternatives": [
                    {
                        "confidence": "0.0",
                        "content": "."
                    }
                ],
                "speaker_label": "spk_0"
            },
            {
                "id": 36,
                "type": "pronunciation",
                "alternatives": [
                    {
                        "confidence": "0.998",
                        "content": "Thank"
                    }
                ],
                "start_time": "18.489",
                "end_time": "18.86",
                "speaker_label": "spk_0"
            },
            {
                "id": 37,
                "type": "pronunciation",
                "alternatives": [
                    {
                        "confidence": "0.998",
                        "content": "you"
                    }
                ],
                "start_time": "18.86",
                "end_time": "19.209",
                "speaker_label": "spk_0"
            },
            {
                "id": 38,
                "type": "punctuation",
                "alternatives": [
                    {
                        "confidence": "0.0",
                        "content": "."
                    }
                ],
                "speaker_label": "spk_0"
            }
        ],
        "audio_segments": [
            {
                "id": 0,
                "transcript": "Hello? OK, this is a test call.",
                "start_time": "1.25",
                "end_time": "4.13",
                "speaker_label": "spk_0",
                "items": [
                    0,
                    1,
                    2,
                    3,
                    4,
                    5,
                    6,
                    7,
                    8,
                    9
                ]
            },
            {
                "id": 1,
                "transcript": "My name is [PII] and my last name is [PII]. My health card number is 1,289,705,330. Date of birth is 1987 October 308.",
                "start_time": "4.75",
                "end_time": "17.889",
                "speaker_label": "spk_0",
                "items": [
                    10,
                    11,
                    12,
                    13,
                    14,
                    15,
                    16,
                    17,
                    18,
                    19,
                    20,
                    21,
                    22,
                    23,
                    24,
                    25,
                    26,
                    27,
                    28,
                    29,
                    30,
                    31,
                    32,
                    33,
                    34,
                    35
                ]
            },
            {
                "id": 2,
                "transcript": "Thank you.",
                "start_time": "18.459",
                "end_time": "19.479",
                "speaker_label": "spk_0",
                "items": [
                    36,
                    37,
                    38
                ]
            }
        ]
    }
}