{
    "jobName": "transcription-job-2024-03-25T16-46-15Z-call-e18a6c6e-4446-4037-a4aa-01e2cddb56f2-1734642923",
    "accountId": "199040315413",
    "isRedacted": true,
    "status": "COMPLETED",
    "results": {
        "transcripts": [
            {
                "transcript": "What's your diagnostic skun code please? Yes, thank you. Hi there. Was your diagnostics. How can I help you? Hi there, um, I contacted you guys last week to book an appointment for an MRI. Uh, I was told that someone is gonna contact me to schedule an appointment, but. Uh, I didn't receive anything. I see, um, I think you also got the wrong number because, um, this is mostly the diagnostics and we don't do MRI. Oh, OK, uh, this is the Canadian Diagnostic Center, right? Uh, no, this is for the diagnostics in. Oh, OK, OK, sorry for that, thank you. No problem. OK, bye bye."
            }
        ],
        "speaker_labels": {
            "segments": [
                {
                    "start_time": "0.67",
                    "end_time": "3.079",
                    "speaker_label": "spk_0",
                    "items": [
                        {
                            "speaker_label": "spk_0",
                            "start_time": "0.99",
                            "end_time": "1.23"
                        },
                        {
                            "speaker_label": "spk_0",
                            "start_time": "1.23",
                            "end_time": "1.379"
                        },
                        {
                            "speaker_label": "spk_0",
                            "start_time": "1.379",
                            "end_time": "2.16"
                        },
                        {
                            "speaker_label": "spk_0",
                            "start_time": "2.16",
                            "end_time": "3.079"
                        }
                    ]
                },
                {
                    "start_time": "3.079",
                    "end_time": "3.92",
                    "speaker_label": "spk_1",
                    "items": [
                        {
                            "speaker_label": "spk_1",
                            "start_time": "3.079",
                            "end_time": "3.349"
                        },
                        {
                            "speaker_label": "spk_1",
                            "start_time": "3.349",
                            "end_time": "3.779"
                        }
                    ]
                },
                {
                    "start_time": "4.739",
                    "end_time": "5.25",
                    "speaker_label": "spk_1",
                    "items": [
                        {
                            "speaker_label": "spk_1",
                            "start_time": "4.75",
                            "end_time": "5.25"
                        }
                    ]
                },
                {
                    "start_time": "5.48",
                    "end_time": "6.03",
                    "speaker_label": "spk_0",
                    "items": [
                        {
                            "speaker_label": "spk_0",
                            "start_time": "5.48",
                            "end_time": "5.619"
                        },
                        {
                            "speaker_label": "spk_0",
                            "start_time": "5.619",
                            "end_time": "5.94"
                        }
                    ]
                },
                {
                    "start_time": "242.97",
                    "end_time": "245.279",
                    "speaker_label": "spk_0",
                    "items": [
                        {
                            "speaker_label": "spk_0",
                            "start_time": "243.08",
                            "end_time": "243.449"
                        },
                        {
                            "speaker_label": "spk_0",
                            "start_time": "243.449",
                            "end_time": "243.6"
                        },
                        {
                            "speaker_label": "spk_0",
                            "start_time": "243.61",
                            "end_time": "243.88"
                        },
                        {
                            "speaker_label": "spk_0",
                            "start_time": "243.88",
                            "end_time": "243.889"
                        },
                        {
                            "speaker_label": "spk_0",
                            "start_time": "243.889",
                            "end_time": "244.69"
                        },
                        {
                            "speaker_label": "spk_0",
                            "start_time": "244.729",
                            "end_time": "244.85"
                        },
                        {
                            "speaker_label": "spk_0",
                            "start_time": "244.85",
                            "end_time": "244.94"
                        },
                        {
                            "speaker_label": "spk_0",
                            "start_time": "244.94",
                            "end_time": "245.05"
                        },
                        {
                            "speaker_label": "spk_0",
                            "start_time": "245.05",
                            "end_time": "245.279"
                        }
                    ]
                },
                {
                    "start_time": "245.279",
                    "end_time": "245.699",
                    "speaker_label": "spk_1",
                    "items": [
                        {
                            "speaker_label": "spk_1",
                            "start_time": "245.279",
                            "end_time": "245.57"
                        }
                    ]
                },
                {
                    "start_time": "247.11",
                    "end_time": "248.91",
                    "speaker_label": "spk_1",
                    "items": [
                        {
                            "speaker_label": "spk_1",
                            "start_time": "247.229",
                            "end_time": "247.47"
                        },
                        {
                            "speaker_label": "spk_1",
                            "start_time": "247.47",
                            "end_time": "247.61"
                        },
                        {
                            "speaker_label": "spk_1",
                            "start_time": "247.789",
                            "end_time": "248.38"
                        },
                        {
                            "speaker_label": "spk_1",
                            "start_time": "248.55",
                            "end_time": "248.91"
                        }
                    ]
                },
                {
                    "start_time": "248.91",
                    "end_time": "249.19",
                    "speaker_label": "spk_1",
                    "items": [
                        {
                            "speaker_label": "spk_1",
                            "start_time": "248.91",
                            "end_time": "249.19"
                        }
                    ]
                },
                {
                    "start_time": "249.19",
                    "end_time": "255.979",
                    "speaker_label": "spk_1",
                    "items": [
                        {
                            "speaker_label": "spk_1",
                            "start_time": "249.19",
                            "end_time": "249.35"
                        },
                        {
                            "speaker_label": "spk_1",
                            "start_time": "249.35",
                            "end_time": "249.529"
                        },
                        {
                            "speaker_label": "spk_1",
                            "start_time": "249.529",
                            "end_time": "249.869"
                        },
                        {
                            "speaker_label": "spk_1",
                            "start_time": "249.869",
                            "end_time": "250.179"
                        },
                        {
                            "speaker_label": "spk_1",
                            "start_time": "250.179",
                            "end_time": "250.35"
                        },
                        {
                            "speaker_label": "spk_1",
                            "start_time": "250.35",
                            "end_time": "250.47"
                        },
                        {
                            "speaker_label": "spk_1",
                            "start_time": "250.47",
                            "end_time": "250.619"
                        },
                        {
                            "speaker_label": "spk_1",
                            "start_time": "250.619",
                            "end_time": "251.1"
                        },
                        {
                            "speaker_label": "spk_1",
                            "start_time": "251.1",
                            "end_time": "251.229"
                        },
                        {
                            "speaker_label": "spk_1",
                            "start_time": "251.229",
                            "end_time": "251.309"
                        },
                        {
                            "speaker_label": "spk_1",
                            "start_time": "251.309",
                            "end_time": "251.929"
                        },
                        {
                            "speaker_label": "spk_1",
                            "start_time": "252.11",
                            "end_time": "252.119"
                        },
                        {
                            "speaker_label": "spk_1",
                            "start_time": "252.13",
                            "end_time": "252.429"
                        },
                        {
                            "speaker_label": "spk_1",
                            "start_time": "252.429",
                            "end_time": "252.589"
                        },
                        {
                            "speaker_label": "spk_1",
                            "start_time": "252.589",
                            "end_time": "252.789"
                        },
                        {
                            "speaker_label": "spk_1",
                            "start_time": "252.789",
                            "end_time": "253.309"
                        },
                        {
                            "speaker_label": "spk_1",
                            "start_time": "253.309",
                            "end_time": "253.55"
                        },
                        {
                            "speaker_label": "spk_1",
                            "start_time": "253.55",
                            "end_time": "253.669"
                        },
                        {
                            "speaker_label": "spk_1",
                            "start_time": "253.669",
                            "end_time": "254.07"
                        },
                        {
                            "speaker_label": "spk_1",
                            "start_time": "254.07",
                            "end_time": "254.309"
                        },
                        {
                            "speaker_label": "spk_1",
                            "start_time": "254.309",
                            "end_time": "254.509"
                        },
                        {
                            "speaker_label": "spk_1",
                            "start_time": "254.509",
                            "end_time": "254.789"
                        },
                        {
                            "speaker_label": "spk_1",
                            "start_time": "254.789",
                            "end_time": "254.99"
                        },
                        {
                            "speaker_label": "spk_1",
                            "start_time": "254.99",
                            "end_time": "255.08"
                        },
                        {
                            "speaker_label": "spk_1",
                            "start_time": "255.08",
                            "end_time": "255.589"
                        },
                        {
                            "speaker_label": "spk_1",
                            "start_time": "255.669",
                            "end_time": "255.869"
                        }
                    ]
                },
                {
                    "start_time": "256.709",
                    "end_time": "258.419",
                    "speaker_label": "spk_1",
                    "items": [
                        {
                            "speaker_label": "spk_1",
                            "start_time": "256.729",
                            "end_time": "256.949"
                        },
                        {
                            "speaker_label": "spk_1",
                            "start_time": "256.989",
                            "end_time": "257.118"
                        },
                        {
                            "speaker_label": "spk_1",
                            "start_time": "257.118",
                            "end_time": "257.468"
                        },
                        {
                            "speaker_label": "spk_1",
                            "start_time": "257.468",
                            "end_time": "257.898"
                        },
                        {
                            "speaker_label": "spk_1",
                            "start_time": "257.898",
                            "end_time": "258.419"
                        }
                    ]
                },
                {
                    "start_time": "258.878",
                    "end_time": "266.959",
                    "speaker_label": "spk_0",
                    "items": [
                        {
                            "speaker_label": "spk_0",
                            "start_time": "258.878",
                            "end_time": "259.269"
                        },
                        {
                            "speaker_label": "spk_0",
                            "start_time": "259.269",
                            "end_time": "259.618"
                        },
                        {
                            "speaker_label": "spk_0",
                            "start_time": "259.628",
                            "end_time": "260.289"
                        },
                        {
                            "speaker_label": "spk_0",
                            "start_time": "260.628",
                            "end_time": "260.979"
                        },
                        {
                            "speaker_label": "spk_0",
                            "start_time": "260.979",
                            "end_time": "261.178"
                        },
                        {
                            "speaker_label": "spk_0",
                            "start_time": "261.178",
                            "end_time": "261.308"
                        },
                        {
                            "speaker_label": "spk_0",
                            "start_time": "261.308",
                            "end_time": "261.618"
                        },
                        {
                            "speaker_label": "spk_0",
                            "start_time": "261.618",
                            "end_time": "261.789"
                        },
                        {
                            "speaker_label": "spk_0",
                            "start_time": "261.789",
                            "end_time": "262.069"
                        },
                        {
                            "speaker_label": "spk_0",
                            "start_time": "262.069",
                            "end_time": "262.289"
                        },
                        {
                            "speaker_label": "spk_0",
                            "start_time": "262.289",
                            "end_time": "262.789"
                        },
                        {
                            "speaker_label": "spk_0",
                            "start_time": "262.789",
                            "end_time": "262.949"
                        },
                        {
                            "speaker_label": "spk_0",
                            "start_time": "262.989",
                            "end_time": "263.319"
                        },
                        {
                            "speaker_label": "spk_0",
                            "start_time": "263.348",
                            "end_time": "263.468"
                        },
                        {
                            "speaker_label": "spk_0",
                            "start_time": "263.468",
                            "end_time": "263.669"
                        },
                        {
                            "speaker_label": "spk_0",
                            "start_time": "263.669",
                            "end_time": "263.799"
                        },
                        {
                            "speaker_label": "spk_0",
                            "start_time": "263.799",
                            "end_time": "263.808"
                        },
                        {
                            "speaker_label": "spk_0",
                            "start_time": "263.808",
                            "end_time": "264.868"
                        },
                        {
                            "speaker_label": "spk_0",
                            "start_time": "264.868",
                            "end_time": "265.028"
                        },
                        {
                            "speaker_label": "spk_0",
                            "start_time": "265.028",
                            "end_time": "265.229"
                        },
                        {
                            "speaker_label": "spk_0",
                            "start_time": "265.229",
                            "end_time": "265.628"
                        },
                        {
                            "speaker_label": "spk_0",
                            "start_time": "265.628",
                            "end_time": "265.868"
                        },
                        {
                            "speaker_label": "spk_0",
                            "start_time": "265.868",
                            "end_time": "266.748"
                        }
                    ]
                },
                {
                    "start_time": "269.059",
                    "end_time": "274.019",
                    "speaker_label": "spk_1",
                    "items": [
                        {
                            "speaker_label": "spk_1",
                            "start_time": "269.07",
                            "end_time": "269.35"
                        },
                        {
                            "speaker_label": "spk_1",
                            "start_time": "269.42",
                            "end_time": "269.809"
                        },
                        {
                            "speaker_label": "spk_1",
                            "start_time": "269.94",
                            "end_time": "270.579"
                        },
                        {
                            "speaker_label": "spk_1",
                            "start_time": "270.88",
                            "end_time": "271.019"
                        },
                        {
                            "speaker_label": "spk_1",
                            "start_time": "271.019",
                            "end_time": "271.22"
                        },
                        {
                            "speaker_label": "spk_1",
                            "start_time": "271.22",
                            "end_time": "272.13"
                        },
                        {
                            "speaker_label": "spk_1",
                            "start_time": "272.54",
                            "end_time": "272.799"
                        },
                        {
                            "speaker_label": "spk_1",
                            "start_time": "272.799",
                            "end_time": "273.26"
                        },
                        {
                            "speaker_label": "spk_1",
                            "start_time": "273.26",
                            "end_time": "273.619"
                        },
                        {
                            "speaker_label": "spk_1",
                            "start_time": "273.73",
                            "end_time": "274.019"
                        }
                    ]
                },
                {
                    "start_time": "274.25",
                    "end_time": "276.51",
                    "speaker_label": "spk_0",
                    "items": [
                        {
                            "speaker_label": "spk_0",
                            "start_time": "274.25",
                            "end_time": "274.42"
                        },
                        {
                            "speaker_label": "spk_0",
                            "start_time": "274.579",
                            "end_time": "274.66"
                        },
                        {
                            "speaker_label": "spk_0",
                            "start_time": "274.82",
                            "end_time": "274.95"
                        },
                        {
                            "speaker_label": "spk_0",
                            "start_time": "274.95",
                            "end_time": "275.179"
                        },
                        {
                            "speaker_label": "spk_0",
                            "start_time": "275.179",
                            "end_time": "275.47"
                        },
                        {
                            "speaker_label": "spk_0",
                            "start_time": "275.47",
                            "end_time": "275.48"
                        },
                        {
                            "speaker_label": "spk_0",
                            "start_time": "275.48",
                            "end_time": "276.329"
                        },
                        {
                            "speaker_label": "spk_0",
                            "start_time": "276.329",
                            "end_time": "276.51"
                        }
                    ]
                },
                {
                    "start_time": "276.519",
                    "end_time": "280.45",
                    "speaker_label": "spk_1",
                    "items": [
                        {
                            "speaker_label": "spk_1",
                            "start_time": "276.519",
                            "end_time": "276.529"
                        },
                        {
                            "speaker_label": "spk_1",
                            "start_time": "276.54",
                            "end_time": "276.549"
                        },
                        {
                            "speaker_label": "spk_1",
                            "start_time": "278.339",
                            "end_time": "279.299"
                        },
                        {
                            "speaker_label": "spk_1",
                            "start_time": "279.459",
                            "end_time": "279.809"
                        },
                        {
                            "speaker_label": "spk_1",
                            "start_time": "279.809",
                            "end_time": "279.82"
                        },
                        {
                            "speaker_label": "spk_1",
                            "start_time": "279.82",
                            "end_time": "279.98"
                        },
                        {
                            "speaker_label": "spk_1",
                            "start_time": "280.019",
                            "end_time": "280.17"
                        },
                        {
                            "speaker_label": "spk_1",
                            "start_time": "280.17",
                            "end_time": "280.45"
                        }
                    ]
                },
                {
                    "start_time": "280.66",
                    "end_time": "282.059",
                    "speaker_label": "spk_0",
                    "items": [
                        {
                            "speaker_label": "spk_0",
                            "start_time": "280.66",
                            "end_time": "280.859"
                        },
                        {
                            "speaker_label": "spk_0",
                            "start_time": "280.859",
                            "end_time": "281.2"
                        },
                        {
                            "speaker_label": "spk_0",
                            "start_time": "281.23",
                            "end_time": "281.5"
                        },
                        {
                            "speaker_label": "spk_0",
                            "start_time": "281.619",
                            "end_time": "281.739"
                        },
                        {
                            "speaker_label": "spk_0",
                            "start_time": "281.739",
                            "end_time": "281.94"
                        }
                    ]
                }
            ],
            "channel_label": "ch_0",
            "speakers": 2
        },
        "items": [
            {
                "id": 0,
                "type": "pronunciation",
                "alternatives": [
                    {
                        "confidence": "0.989",
                        "content": "What's"
                    }
                ],
                "start_time": "0.99",
                "end_time": "1.23",
                "speaker_label": "spk_0"
            },
            {
                "id": 1,
                "type": "pronunciation",
                "alternatives": [
                    {
                        "confidence": "0.982",
                        "content": "your"
                    }
                ],
                "start_time": "1.23",
                "end_time": "1.379",
                "speaker_label": "spk_0"
            },
            {
                "id": 2,
                "type": "pronunciation",
                "alternatives": [
                    {
                        "confidence": "0.687",
                        "content": "diagnostic"
                    }
                ],
                "start_time": "1.379",
                "end_time": "2.16",
                "speaker_label": "spk_0"
            },
            {
                "id": 3,
                "type": "pronunciation",
                "alternatives": [
                    {
                        "confidence": "0.226",
                        "content": "skun"
                    }
                ],
                "start_time": "2.16",
                "end_time": "3.079",
                "speaker_label": "spk_0"
            },
            {
                "id": 4,
                "type": "pronunciation",
                "alternatives": [
                    {
                        "confidence": "0.974",
                        "content": "code"
                    }
                ],
                "start_time": "3.079",
                "end_time": "3.349",
                "speaker_label": "spk_1"
            },
            {
                "id": 5,
                "type": "pronunciation",
                "alternatives": [
                    {
                        "confidence": "0.997",
                        "content": "please"
                    }
                ],
                "start_time": "3.349",
                "end_time": "3.779",
                "speaker_label": "spk_1"
            },
            {
                "id": 6,
                "type": "punctuation",
                "alternatives": [
                    {
                        "confidence": "0.0",
                        "content": "?"
                    }
                ],
                "speaker_label": "spk_1"
            },
            {
                "id": 7,
                "type": "pronunciation",
                "alternatives": [
                    {
                        "confidence": "0.958",
                        "content": "Yes"
                    }
                ],
                "start_time": "4.75",
                "end_time": "5.25",
                "speaker_label": "spk_1"
            },
            {
                "id": 8,
                "type": "punctuation",
                "alternatives": [
                    {
                        "confidence": "0.0",
                        "content": ","
                    }
                ],
                "speaker_label": "spk_1"
            },
            {
                "id": 9,
                "type": "pronunciation",
                "alternatives": [
                    {
                        "confidence": "0.996",
                        "content": "thank"
                    }
                ],
                "start_time": "5.48",
                "end_time": "5.619",
                "speaker_label": "spk_0"
            },
            {
                "id": 10,
                "type": "pronunciation",
                "alternatives": [
                    {
                        "confidence": "0.996",
                        "content": "you"
                    }
                ],
                "start_time": "5.619",
                "end_time": "5.94",
                "speaker_label": "spk_0"
            },
            {
                "id": 11,
                "type": "punctuation",
                "alternatives": [
                    {
                        "confidence": "0.0",
                        "content": "."
                    }
                ],
                "speaker_label": "spk_0"
            },
            {
                "id": 12,
                "type": "pronunciation",
                "alternatives": [
                    {
                        "confidence": "0.997",
                        "content": "Hi"
                    }
                ],
                "start_time": "243.08",
                "end_time": "243.449",
                "speaker_label": "spk_0"
            },
            {
                "id": 13,
                "type": "pronunciation",
                "alternatives": [
                    {
                        "confidence": "0.996",
                        "content": "there"
                    }
                ],
                "start_time": "243.449",
                "end_time": "243.6",
                "speaker_label": "spk_0"
            },
            {
                "id": 14,
                "type": "punctuation",
                "alternatives": [
                    {
                        "confidence": "0.0",
                        "content": "."
                    }
                ],
                "speaker_label": "spk_0"
            },
            {
                "id": 15,
                "type": "pronunciation",
                "alternatives": [
                    {
                        "confidence": "0.496",
                        "content": "Was"
                    }
                ],
                "start_time": "243.61",
                "end_time": "243.88",
                "speaker_label": "spk_0"
            },
            {
                "id": 16,
                "type": "pronunciation",
                "alternatives": [
                    {
                        "confidence": "0.261",
                        "content": "your"
                    }
                ],
                "start_time": "243.88",
                "end_time": "243.889",
                "speaker_label": "spk_0"
            },
            {
                "id": 17,
                "type": "pronunciation",
                "alternatives": [
                    {
                        "confidence": "0.163",
                        "content": "diagnostics"
                    }
                ],
                "start_time": "243.889",
                "end_time": "244.69",
                "speaker_label": "spk_0"
            },
            {
                "id": 18,
                "type": "punctuation",
                "alternatives": [
                    {
                        "confidence": "0.0",
                        "content": "."
                    }
                ],
                "speaker_label": "spk_0"
            },
            {
                "id": 19,
                "type": "pronunciation",
                "alternatives": [
                    {
                        "confidence": "0.955",
                        "content": "How"
                    }
                ],
                "start_time": "244.729",
                "end_time": "244.85",
                "speaker_label": "spk_0"
            },
            {
                "id": 20,
                "type": "pronunciation",
                "alternatives": [
                    {
                        "confidence": "0.999",
                        "content": "can"
                    }
                ],
                "start_time": "244.85",
                "end_time": "244.94",
                "speaker_label": "spk_0"
            },
            {
                "id": 21,
                "type": "pronunciation",
                "alternatives": [
                    {
                        "confidence": "0.999",
                        "content": "I"
                    }
                ],
                "start_time": "244.94",
                "end_time": "245.05",
                "speaker_label": "spk_0"
            },
            {
                "id": 22,
                "type": "pronunciation",
                "alternatives": [
                    {
                        "confidence": "0.999",
                        "content": "help"
                    }
                ],
                "start_time": "245.05",
                "end_time": "245.279",
                "speaker_label": "spk_0"
            },
            {
                "id": 23,
                "type": "pronunciation",
                "alternatives": [
                    {
                        "confidence": "0.999",
                        "content": "you"
                    }
                ],
                "start_time": "245.279",
                "end_time": "245.57",
                "speaker_label": "spk_1"
            },
            {
                "id": 24,
                "type": "punctuation",
                "alternatives": [
                    {
                        "confidence": "0.0",
                        "content": "?"
                    }
                ],
                "speaker_label": "spk_1"
            },
            {
                "id": 25,
                "type": "pronunciation",
                "alternatives": [
                    {
                        "confidence": "0.997",
                        "content": "Hi"
                    }
                ],
                "start_time": "247.229",
                "end_time": "247.47",
                "speaker_label": "spk_1"
            },
            {
                "id": 26,
                "type": "pronunciation",
                "alternatives": [
                    {
                        "confidence": "0.997",
                        "content": "there"
                    }
                ],
                "start_time": "247.47",
                "end_time": "247.61",
                "speaker_label": "spk_1"
            },
            {
                "id": 27,
                "type": "punctuation",
                "alternatives": [
                    {
                        "confidence": "0.0",
                        "content": ","
                    }
                ],
                "speaker_label": "spk_1"
            },
            {
                "id": 28,
                "type": "pronunciation",
                "alternatives": [
                    {
                        "confidence": "0.996",
                        "content": "um"
                    }
                ],
                "start_time": "247.789",
                "end_time": "248.38",
                "speaker_label": "spk_1"
            },
            {
                "id": 29,
                "type": "punctuation",
                "alternatives": [
                    {
                        "confidence": "0.0",
                        "content": ","
                    }
                ],
                "speaker_label": "spk_1"
            },
            {
                "id": 30,
                "type": "pronunciation",
                "alternatives": [
                    {
                        "confidence": "0.999",
                        "content": "I"
                    }
                ],
                "start_time": "248.55",
                "end_time": "248.91",
                "speaker_label": "spk_1"
            },
            {
                "id": 31,
                "type": "pronunciation",
                "alternatives": [
                    {
                        "confidence": "0.998",
                        "content": "contacted"
                    }
                ],
                "start_time": "248.91",
                "end_time": "249.19",
                "speaker_label": "spk_1"
            },
            {
                "id": 32,
                "type": "pronunciation",
                "alternatives": [
                    {
                        "confidence": "0.998",
                        "content": "you"
                    }
                ],
                "start_time": "249.19",
                "end_time": "249.35",
                "speaker_label": "spk_1"
            },
            {
                "id": 33,
                "type": "pronunciation",
                "alternatives": [
                    {
                        "confidence": "0.996",
                        "content": "guys"
                    }
                ],
                "start_time": "249.35",
                "end_time": "249.529",
                "speaker_label": "spk_1"
            },
            {
                "id": 34,
                "type": "pronunciation",
                "alternatives": [
                    {
                        "confidence": "0.999",
                        "content": "last"
                    }
                ],
                "start_time": "249.529",
                "end_time": "249.869",
                "speaker_label": "spk_1"
            },
            {
                "id": 35,
                "type": "pronunciation",
                "alternatives": [
                    {
                        "confidence": "0.999",
                        "content": "week"
                    }
                ],
                "start_time": "249.869",
                "end_time": "250.179",
                "speaker_label": "spk_1"
            },
            {
                "id": 36,
                "type": "pronunciation",
                "alternatives": [
                    {
                        "confidence": "0.999",
                        "content": "to"
                    }
                ],
                "start_time": "250.179",
                "end_time": "250.35",
                "speaker_label": "spk_1"
            },
            {
                "id": 37,
                "type": "pronunciation",
                "alternatives": [
                    {
                        "confidence": "0.999",
                        "content": "book"
                    }
                ],
                "start_time": "250.35",
                "end_time": "250.47",
                "speaker_label": "spk_1"
            },
            {
                "id": 38,
                "type": "pronunciation",
                "alternatives": [
                    {
                        "confidence": "0.999",
                        "content": "an"
                    }
                ],
                "start_time": "250.47",
                "end_time": "250.619",
                "speaker_label": "spk_1"
            },
            {
                "id": 39,
                "type": "pronunciation",
                "alternatives": [
                    {
                        "confidence": "0.998",
                        "content": "appointment"
                    }
                ],
                "start_time": "250.619",
                "end_time": "251.1",
                "speaker_label": "spk_1"
            },
            {
                "id": 40,
                "type": "pronunciation",
                "alternatives": [
                    {
                        "confidence": "0.998",
                        "content": "for"
                    }
                ],
                "start_time": "251.1",
                "end_time": "251.229",
                "speaker_label": "spk_1"
            },
            {
                "id": 41,
                "type": "pronunciation",
                "alternatives": [
                    {
                        "confidence": "0.997",
                        "content": "an"
                    }
                ],
                "start_time": "251.229",
                "end_time": "251.309",
                "speaker_label": "spk_1"
            },
            {
                "id": 42,
                "type": "pronunciation",
                "alternatives": [
                    {
                        "confidence": "0.995",
                        "content": "MRI"
                    }
                ],
                "start_time": "251.309",
                "end_time": "251.929",
                "speaker_label": "spk_1"
            },
            {
                "id": 43,
                "type": "punctuation",
                "alternatives": [
                    {
                        "confidence": "0.0",
                        "content": "."
                    }
                ],
                "speaker_label": "spk_1"
            },
            {
                "id": 44,
                "type": "pronunciation",
                "alternatives": [
                    {
                        "confidence": "0.706",
                        "content": "Uh"
                    }
                ],
                "start_time": "252.11",
                "end_time": "252.119",
                "speaker_label": "spk_1"
            },
            {
                "id": 45,
                "type": "punctuation",
                "alternatives": [
                    {
                        "confidence": "0.0",
                        "content": ","
                    }
                ],
                "speaker_label": "spk_1"
            },
            {
                "id": 46,
                "type": "pronunciation",
                "alternatives": [
                    {
                        "confidence": "0.999",
                        "content": "I"
                    }
                ],
                "start_time": "252.13",
                "end_time": "252.429",
                "speaker_label": "spk_1"
            },
            {
                "id": 47,
                "type": "pronunciation",
                "alternatives": [
                    {
                        "confidence": "0.998",
                        "content": "was"
                    }
                ],
                "start_time": "252.429",
                "end_time": "252.589",
                "speaker_label": "spk_1"
            },
            {
                "id": 48,
                "type": "pronunciation",
                "alternatives": [
                    {
                        "confidence": "0.998",
                        "content": "told"
                    }
                ],
                "start_time": "252.589",
                "end_time": "252.789",
                "speaker_label": "spk_1"
            },
            {
                "id": 49,
                "type": "pronunciation",
                "alternatives": [
                    {
                        "confidence": "0.999",
                        "content": "that"
                    }
                ],
                "start_time": "252.789",
                "end_time": "253.309",
                "speaker_label": "spk_1"
            },
            {
                "id": 50,
                "type": "pronunciation",
                "alternatives": [
                    {
                        "confidence": "0.999",
                        "content": "someone"
                    }
                ],
                "start_time": "253.309",
                "end_time": "253.55",
                "speaker_label": "spk_1"
            },
            {
                "id": 51,
                "type": "pronunciation",
                "alternatives": [
                    {
                        "confidence": "0.997",
                        "content": "is"
                    }
                ],
                "start_time": "253.55",
                "end_time": "253.669",
                "speaker_label": "spk_1"
            },
            {
                "id": 52,
                "type": "pronunciation",
                "alternatives": [
                    {
                        "confidence": "0.997",
                        "content": "gonna"
                    }
                ],
                "start_time": "253.669",
                "end_time": "254.07",
                "speaker_label": "spk_1"
            },
            {
                "id": 53,
                "type": "pronunciation",
                "alternatives": [
                    {
                        "confidence": "0.998",
                        "content": "contact"
                    }
                ],
                "start_time": "254.07",
                "end_time": "254.309",
                "speaker_label": "spk_1"
            },
            {
                "id": 54,
                "type": "pronunciation",
                "alternatives": [
                    {
                        "confidence": "0.999",
                        "content": "me"
                    }
                ],
                "start_time": "254.309",
                "end_time": "254.509",
                "speaker_label": "spk_1"
            },
            {
                "id": 55,
                "type": "pronunciation",
                "alternatives": [
                    {
                        "confidence": "0.999",
                        "content": "to"
                    }
                ],
                "start_time": "254.509",
                "end_time": "254.789",
                "speaker_label": "spk_1"
            },
            {
                "id": 56,
                "type": "pronunciation",
                "alternatives": [
                    {
                        "confidence": "0.999",
                        "content": "schedule"
                    }
                ],
                "start_time": "254.789",
                "end_time": "254.99",
                "speaker_label": "spk_1"
            },
            {
                "id": 57,
                "type": "pronunciation",
                "alternatives": [
                    {
                        "confidence": "0.998",
                        "content": "an"
                    }
                ],
                "start_time": "254.99",
                "end_time": "255.08",
                "speaker_label": "spk_1"
            },
            {
                "id": 58,
                "type": "pronunciation",
                "alternatives": [
                    {
                        "confidence": "0.999",
                        "content": "appointment"
                    }
                ],
                "start_time": "255.08",
                "end_time": "255.589",
                "speaker_label": "spk_1"
            },
            {
                "id": 59,
                "type": "punctuation",
                "alternatives": [
                    {
                        "confidence": "0.0",
                        "content": ","
                    }
                ],
                "speaker_label": "spk_1"
            },
            {
                "id": 60,
                "type": "pronunciation",
                "alternatives": [
                    {
                        "confidence": "0.997",
                        "content": "but"
                    }
                ],
                "start_time": "255.669",
                "end_time": "255.869",
                "speaker_label": "spk_1"
            },
            {
                "id": 61,
                "type": "punctuation",
                "alternatives": [
                    {
                        "confidence": "0.0",
                        "content": "."
                    }
                ],
                "speaker_label": "spk_1"
            },
            {
                "id": 62,
                "type": "pronunciation",
                "alternatives": [
                    {
                        "confidence": "0.996",
                        "content": "Uh"
                    }
                ],
                "start_time": "256.729",
                "end_time": "256.949",
                "speaker_label": "spk_1"
            },
            {
                "id": 63,
                "type": "punctuation",
                "alternatives": [
                    {
                        "confidence": "0.0",
                        "content": ","
                    }
                ],
                "speaker_label": "spk_1"
            },
            {
                "id": 64,
                "type": "pronunciation",
                "alternatives": [
                    {
                        "confidence": "0.998",
                        "content": "I"
                    }
                ],
                "start_time": "256.989",
                "end_time": "257.118",
                "speaker_label": "spk_1"
            },
            {
                "id": 65,
                "type": "pronunciation",
                "alternatives": [
                    {
                        "confidence": "0.994",
                        "content": "didn't"
                    }
                ],
                "start_time": "257.118",
                "end_time": "257.468",
                "speaker_label": "spk_1"
            },
            {
                "id": 66,
                "type": "pronunciation",
                "alternatives": [
                    {
                        "confidence": "0.997",
                        "content": "receive"
                    }
                ],
                "start_time": "257.468",
                "end_time": "257.898",
                "speaker_label": "spk_1"
            },
            {
                "id": 67,
                "type": "pronunciation",
                "alternatives": [
                    {
                        "confidence": "0.997",
                        "content": "anything"
                    }
                ],
                "start_time": "257.898",
                "end_time": "258.419",
                "speaker_label": "spk_1"
            },
            {
                "id": 68,
                "type": "punctuation",
                "alternatives": [
                    {
                        "confidence": "0.0",
                        "content": "."
                    }
                ],
                "speaker_label": "spk_1"
            },
            {
                "id": 69,
                "type": "pronunciation",
                "alternatives": [
                    {
                        "confidence": "0.997",
                        "content": "I"
                    }
                ],
                "start_time": "258.878",
                "end_time": "259.269",
                "speaker_label": "spk_0"
            },
            {
                "id": 70,
                "type": "pronunciation",
                "alternatives": [
                    {
                        "confidence": "0.998",
                        "content": "see"
                    }
                ],
                "start_time": "259.269",
                "end_time": "259.618",
                "speaker_label": "spk_0"
            },
            {
                "id": 71,
                "type": "punctuation",
                "alternatives": [
                    {
                        "confidence": "0.0",
                        "content": ","
                    }
                ],
                "speaker_label": "spk_0"
            },
            {
                "id": 72,
                "type": "pronunciation",
                "alternatives": [
                    {
                        "confidence": "0.996",
                        "content": "um"
                    }
                ],
                "start_time": "259.628",
                "end_time": "260.289",
                "speaker_label": "spk_0"
            },
            {
                "id": 73,
                "type": "punctuation",
                "alternatives": [
                    {
                        "confidence": "0.0",
                        "content": ","
                    }
                ],
                "speaker_label": "spk_0"
            },
            {
                "id": 74,
                "type": "pronunciation",
                "alternatives": [
                    {
                        "confidence": "0.999",
                        "content": "I"
                    }
                ],
                "start_time": "260.628",
                "end_time": "260.979",
                "speaker_label": "spk_0"
            },
            {
                "id": 75,
                "type": "pronunciation",
                "alternatives": [
                    {
                        "confidence": "0.999",
                        "content": "think"
                    }
                ],
                "start_time": "260.979",
                "end_time": "261.178",
                "speaker_label": "spk_0"
            },
            {
                "id": 76,
                "type": "pronunciation",
                "alternatives": [
                    {
                        "confidence": "0.998",
                        "content": "you"
                    }
                ],
                "start_time": "261.178",
                "end_time": "261.308",
                "speaker_label": "spk_0"
            },
            {
                "id": 77,
                "type": "pronunciation",
                "alternatives": [
                    {
                        "confidence": "0.998",
                        "content": "also"
                    }
                ],
                "start_time": "261.308",
                "end_time": "261.618",
                "speaker_label": "spk_0"
            },
            {
                "id": 78,
                "type": "pronunciation",
                "alternatives": [
                    {
                        "confidence": "0.997",
                        "content": "got"
                    }
                ],
                "start_time": "261.618",
                "end_time": "261.789",
                "speaker_label": "spk_0"
            },
            {
                "id": 79,
                "type": "pronunciation",
                "alternatives": [
                    {
                        "confidence": "0.999",
                        "content": "the"
                    }
                ],
                "start_time": "261.789",
                "end_time": "262.069",
                "speaker_label": "spk_0"
            },
            {
                "id": 80,
                "type": "pronunciation",
                "alternatives": [
                    {
                        "confidence": "0.999",
                        "content": "wrong"
                    }
                ],
                "start_time": "262.069",
                "end_time": "262.289",
                "speaker_label": "spk_0"
            },
            {
                "id": 81,
                "type": "pronunciation",
                "alternatives": [
                    {
                        "confidence": "0.999",
                        "content": "number"
                    }
                ],
                "start_time": "262.289",
                "end_time": "262.789",
                "speaker_label": "spk_0"
            },
            {
                "id": 82,
                "type": "pronunciation",
                "alternatives": [
                    {
                        "confidence": "0.996",
                        "content": "because"
                    }
                ],
                "start_time": "262.789",
                "end_time": "262.949",
                "speaker_label": "spk_0"
            },
            {
                "id": 83,
                "type": "punctuation",
                "alternatives": [
                    {
                        "confidence": "0.0",
                        "content": ","
                    }
                ],
                "speaker_label": "spk_0"
            },
            {
                "id": 84,
                "type": "pronunciation",
                "alternatives": [
                    {
                        "confidence": "0.997",
                        "content": "um"
                    }
                ],
                "start_time": "262.989",
                "end_time": "263.319",
                "speaker_label": "spk_0"
            },
            {
                "id": 85,
                "type": "punctuation",
                "alternatives": [
                    {
                        "confidence": "0.0",
                        "content": ","
                    }
                ],
                "speaker_label": "spk_0"
            },
            {
                "id": 86,
                "type": "pronunciation",
                "alternatives": [
                    {
                        "confidence": "0.998",
                        "content": "this"
                    }
                ],
                "start_time": "263.348",
                "end_time": "263.468",
                "speaker_label": "spk_0"
            },
            {
                "id": 87,
                "type": "pronunciation",
                "alternatives": [
                    {
                        "confidence": "0.997",
                        "content": "is"
                    }
                ],
                "start_time": "263.468",
                "end_time": "263.669",
                "speaker_label": "spk_0"
            },
            {
                "id": 88,
                "type": "pronunciation",
                "alternatives": [
                    {
                        "confidence": "0.716",
                        "content": "mostly"
                    }
                ],
                "start_time": "263.669",
                "end_time": "263.799",
                "speaker_label": "spk_0"
            },
            {
                "id": 89,
                "type": "pronunciation",
                "alternatives": [
                    {
                        "confidence": "0.969",
                        "content": "the"
                    }
                ],
                "start_time": "263.799",
                "end_time": "263.808",
                "speaker_label": "spk_0"
            },
            {
                "id": 90,
                "type": "pronunciation",
                "alternatives": [
                    {
                        "confidence": "0.914",
                        "content": "diagnostics"
                    }
                ],
                "start_time": "263.808",
                "end_time": "264.868",
                "speaker_label": "spk_0"
            },
            {
                "id": 91,
                "type": "pronunciation",
                "alternatives": [
                    {
                        "confidence": "0.997",
                        "content": "and"
                    }
                ],
                "start_time": "264.868",
                "end_time": "265.028",
                "speaker_label": "spk_0"
            },
            {
                "id": 92,
                "type": "pronunciation",
                "alternatives": [
                    {
                        "confidence": "0.989",
                        "content": "we"
                    }
                ],
                "start_time": "265.028",
                "end_time": "265.229",
                "speaker_label": "spk_0"
            },
            {
                "id": 93,
                "type": "pronunciation",
                "alternatives": [
                    {
                        "confidence": "0.992",
                        "content": "don't"
                    }
                ],
                "start_time": "265.229",
                "end_time": "265.628",
                "speaker_label": "spk_0"
            },
            {
                "id": 94,
                "type": "pronunciation",
                "alternatives": [
                    {
                        "confidence": "0.997",
                        "content": "do"
                    }
                ],
                "start_time": "265.628",
                "end_time": "265.868",
                "speaker_label": "spk_0"
            },
            {
                "id": 95,
                "type": "pronunciation",
                "alternatives": [
                    {
                        "confidence": "0.995",
                        "content": "MRI"
                    }
                ],
                "start_time": "265.868",
                "end_time": "266.748",
                "speaker_label": "spk_0"
            },
            {
                "id": 96,
                "type": "punctuation",
                "alternatives": [
                    {
                        "confidence": "0.0",
                        "content": "."
                    }
                ],
                "speaker_label": "spk_0"
            },
            {
                "id": 97,
                "type": "pronunciation",
                "alternatives": [
                    {
                        "confidence": "0.998",
                        "content": "Oh"
                    }
                ],
                "start_time": "269.07",
                "end_time": "269.35",
                "speaker_label": "spk_1"
            },
            {
                "id": 98,
                "type": "punctuation",
                "alternatives": [
                    {
                        "confidence": "0.0",
                        "content": ","
                    }
                ],
                "speaker_label": "spk_1"
            },
            {
                "id": 99,
                "type": "pronunciation",
                "alternatives": [
                    {
                        "confidence": "0.999",
                        "content": "OK"
                    }
                ],
                "start_time": "269.42",
                "end_time": "269.809",
                "speaker_label": "spk_1"
            },
            {
                "id": 100,
                "type": "punctuation",
                "alternatives": [
                    {
                        "confidence": "0.0",
                        "content": ","
                    }
                ],
                "speaker_label": "spk_1"
            },
            {
                "id": 101,
                "type": "pronunciation",
                "alternatives": [
                    {
                        "confidence": "0.996",
                        "content": "uh"
                    }
                ],
                "start_time": "269.94",
                "end_time": "270.579",
                "speaker_label": "spk_1"
            },
            {
                "id": 102,
                "type": "punctuation",
                "alternatives": [
                    {
                        "confidence": "0.0",
                        "content": ","
                    }
                ],
                "speaker_label": "spk_1"
            },
            {
                "id": 103,
                "type": "pronunciation",
                "alternatives": [
                    {
                        "confidence": "0.998",
                        "content": "this"
                    }
                ],
                "start_time": "270.88",
                "end_time": "271.019",
                "speaker_label": "spk_1"
            },
            {
                "id": 104,
                "type": "pronunciation",
                "alternatives": [
                    {
                        "confidence": "0.997",
                        "content": "is"
                    }
                ],
                "start_time": "271.019",
                "end_time": "271.22",
                "speaker_label": "spk_1"
            },
            {
                "id": 105,
                "type": "pronunciation",
                "alternatives": [
                    {
                        "confidence": "0.998",
                        "content": "the"
                    }
                ],
                "start_time": "271.22",
                "end_time": "272.13",
                "speaker_label": "spk_1"
            },
            {
                "id": 106,
                "type": "pronunciation",
                "alternatives": [
                    {
                        "confidence": "0.998",
                        "content": "Canadian"
                    }
                ],
                "start_time": "272.54",
                "end_time": "272.799",
                "speaker_label": "spk_1"
            },
            {
                "id": 107,
                "type": "pronunciation",
                "alternatives": [
                    {
                        "confidence": "0.989",
                        "content": "Diagnostic"
                    }
                ],
                "start_time": "272.799",
                "end_time": "273.26",
                "speaker_label": "spk_1"
            },
            {
                "id": 108,
                "type": "pronunciation",
                "alternatives": [
                    {
                        "confidence": "0.717",
                        "content": "Center"
                    }
                ],
                "start_time": "273.26",
                "end_time": "273.619",
                "speaker_label": "spk_1"
            },
            {
                "id": 109,
                "type": "punctuation",
                "alternatives": [
                    {
                        "confidence": "0.0",
                        "content": ","
                    }
                ],
                "speaker_label": "spk_1"
            },
            {
                "id": 110,
                "type": "pronunciation",
                "alternatives": [
                    {
                        "confidence": "0.997",
                        "content": "right"
                    }
                ],
                "start_time": "273.73",
                "end_time": "274.019",
                "speaker_label": "spk_1"
            },
            {
                "id": 111,
                "type": "punctuation",
                "alternatives": [
                    {
                        "confidence": "0.0",
                        "content": "?"
                    }
                ],
                "speaker_label": "spk_1"
            },
            {
                "id": 112,
                "type": "pronunciation",
                "alternatives": [
                    {
                        "confidence": "0.996",
                        "content": "Uh"
                    }
                ],
                "start_time": "274.25",
                "end_time": "274.42",
                "speaker_label": "spk_0"
            },
            {
                "id": 113,
                "type": "punctuation",
                "alternatives": [
                    {
                        "confidence": "0.0",
                        "content": ","
                    }
                ],
                "speaker_label": "spk_0"
            },
            {
                "id": 114,
                "type": "pronunciation",
                "alternatives": [
                    {
                        "confidence": "0.997",
                        "content": "no"
                    }
                ],
                "start_time": "274.579",
                "end_time": "274.66",
                "speaker_label": "spk_0"
            },
            {
                "id": 115,
                "type": "punctuation",
                "alternatives": [
                    {
                        "confidence": "0.0",
                        "content": ","
                    }
                ],
                "speaker_label": "spk_0"
            },
            {
                "id": 116,
                "type": "pronunciation",
                "alternatives": [
                    {
                        "confidence": "0.996",
                        "content": "this"
                    }
                ],
                "start_time": "274.82",
                "end_time": "274.95",
                "speaker_label": "spk_0"
            },
            {
                "id": 117,
                "type": "pronunciation",
                "alternatives": [
                    {
                        "confidence": "0.997",
                        "content": "is"
                    }
                ],
                "start_time": "274.95",
                "end_time": "275.179",
                "speaker_label": "spk_0"
            },
            {
                "id": 118,
                "type": "pronunciation",
                "alternatives": [
                    {
                        "confidence": "0.439",
                        "content": "for"
                    }
                ],
                "start_time": "275.179",
                "end_time": "275.47",
                "speaker_label": "spk_0"
            },
            {
                "id": 119,
                "type": "pronunciation",
                "alternatives": [
                    {
                        "confidence": "0.281",
                        "content": "the"
                    }
                ],
                "start_time": "275.47",
                "end_time": "275.48",
                "speaker_label": "spk_0"
            },
            {
                "id": 120,
                "type": "pronunciation",
                "alternatives": [
                    {
                        "confidence": "0.093",
                        "content": "diagnostics"
                    }
                ],
                "start_time": "275.48",
                "end_time": "276.329",
                "speaker_label": "spk_0"
            },
            {
                "id": 121,
                "type": "pronunciation",
                "alternatives": [
                    {
                        "confidence": "0.963",
                        "content": "in"
                    }
                ],
                "start_time": "276.329",
                "end_time": "276.51",
                "speaker_label": "spk_0"
            },
            {
                "id": 122,
                "type": "punctuation",
                "alternatives": [
                    {
                        "confidence": "0.0",
                        "content": "."
                    }
                ],
                "speaker_label": "spk_0"
            },
            {
                "id": 123,
                "type": "pronunciation",
                "alternatives": [
                    {
                        "confidence": "0.996",
                        "content": "Oh"
                    }
                ],
                "start_time": "276.519",
                "end_time": "276.529",
                "speaker_label": "spk_1"
            },
            {
                "id": 124,
                "type": "punctuation",
                "alternatives": [
                    {
                        "confidence": "0.0",
                        "content": ","
                    }
                ],
                "speaker_label": "spk_1"
            },
            {
                "id": 125,
                "type": "pronunciation",
                "alternatives": [
                    {
                        "confidence": "0.997",
                        "content": "OK"
                    }
                ],
                "start_time": "276.54",
                "end_time": "276.549",
                "speaker_label": "spk_1"
            },
            {
                "id": 126,
                "type": "punctuation",
                "alternatives": [
                    {
                        "confidence": "0.0",
                        "content": ","
                    }
                ],
                "speaker_label": "spk_1"
            },
            {
                "id": 127,
                "type": "pronunciation",
                "alternatives": [
                    {
                        "confidence": "0.997",
                        "content": "OK"
                    }
                ],
                "start_time": "278.339",
                "end_time": "279.299",
                "speaker_label": "spk_1"
            },
            {
                "id": 128,
                "type": "punctuation",
                "alternatives": [
                    {
                        "confidence": "0.0",
                        "content": ","
                    }
                ],
                "speaker_label": "spk_1"
            },
            {
                "id": 129,
                "type": "pronunciation",
                "alternatives": [
                    {
                        "confidence": "0.197",
                        "content": "sorry"
                    }
                ],
                "start_time": "279.459",
                "end_time": "279.809",
                "speaker_label": "spk_1"
            },
            {
                "id": 130,
                "type": "pronunciation",
                "alternatives": [
                    {
                        "confidence": "0.996",
                        "content": "for"
                    }
                ],
                "start_time": "279.809",
                "end_time": "279.82",
                "speaker_label": "spk_1"
            },
            {
                "id": 131,
                "type": "pronunciation",
                "alternatives": [
                    {
                        "confidence": "0.996",
                        "content": "that"
                    }
                ],
                "start_time": "279.82",
                "end_time": "279.98",
                "speaker_label": "spk_1"
            },
            {
                "id": 132,
                "type": "punctuation",
                "alternatives": [
                    {
                        "confidence": "0.0",
                        "content": ","
                    }
                ],
                "speaker_label": "spk_1"
            },
            {
                "id": 133,
                "type": "pronunciation",
                "alternatives": [
                    {
                        "confidence": "0.996",
                        "content": "thank"
                    }
                ],
                "start_time": "280.019",
                "end_time": "280.17",
                "speaker_label": "spk_1"
            },
            {
                "id": 134,
                "type": "pronunciation",
                "alternatives": [
                    {
                        "confidence": "0.998",
                        "content": "you"
                    }
                ],
                "start_time": "280.17",
                "end_time": "280.45",
                "speaker_label": "spk_1"
            },
            {
                "id": 135,
                "type": "punctuation",
                "alternatives": [
                    {
                        "confidence": "0.0",
                        "content": "."
                    }
                ],
                "speaker_label": "spk_1"
            },
            {
                "id": 136,
                "type": "pronunciation",
                "alternatives": [
                    {
                        "confidence": "0.996",
                        "content": "No"
                    }
                ],
                "start_time": "280.66",
                "end_time": "280.859",
                "speaker_label": "spk_0"
            },
            {
                "id": 137,
                "type": "pronunciation",
                "alternatives": [
                    {
                        "confidence": "0.998",
                        "content": "problem"
                    }
                ],
                "start_time": "280.859",
                "end_time": "281.2",
                "speaker_label": "spk_0"
            },
            {
                "id": 138,
                "type": "punctuation",
                "alternatives": [
                    {
                        "confidence": "0.0",
                        "content": "."
                    }
                ],
                "speaker_label": "spk_0"
            },
            {
                "id": 139,
                "type": "pronunciation",
                "alternatives": [
                    {
                        "confidence": "0.997",
                        "content": "OK"
                    }
                ],
                "start_time": "281.23",
                "end_time": "281.5",
                "speaker_label": "spk_0"
            },
            {
                "id": 140,
                "type": "punctuation",
                "alternatives": [
                    {
                        "confidence": "0.0",
                        "content": ","
                    }
                ],
                "speaker_label": "spk_0"
            },
            {
                "id": 141,
                "type": "pronunciation",
                "alternatives": [
                    {
                        "confidence": "0.993",
                        "content": "bye"
                    }
                ],
                "start_time": "281.619",
                "end_time": "281.739",
                "speaker_label": "spk_0"
            },
            {
                "id": 142,
                "type": "pronunciation",
                "alternatives": [
                    {
                        "confidence": "0.994",
                        "content": "bye"
                    }
                ],
                "start_time": "281.739",
                "end_time": "281.94",
                "speaker_label": "spk_0"
            },
            {
                "id": 143,
                "type": "punctuation",
                "alternatives": [
                    {
                        "confidence": "0.0",
                        "content": "."
                    }
                ],
                "speaker_label": "spk_0"
            }
        ],
        "audio_segments": [
            {
                "id": 0,
                "transcript": "What's your diagnostic skun",
                "start_time": "0.67",
                "end_time": "3.079",
                "speaker_label": "spk_0",
                "items": [
                    0,
                    1,
                    2,
                    3
                ]
            },
            {
                "id": 1,
                "transcript": "code please?",
                "start_time": "3.079",
                "end_time": "3.92",
                "speaker_label": "spk_1",
                "items": [
                    4,
                    5,
                    6
                ]
            },
            {
                "id": 2,
                "transcript": "Yes,",
                "start_time": "4.739",
                "end_time": "5.25",
                "speaker_label": "spk_1",
                "items": [
                    7,
                    8
                ]
            },
            {
                "id": 3,
                "transcript": "thank you.",
                "start_time": "5.48",
                "end_time": "6.03",
                "speaker_label": "spk_0",
                "items": [
                    9,
                    10,
                    11
                ]
            },
            {
                "id": 4,
                "transcript": "Hi there. Was your diagnostics. How can I help",
                "start_time": "242.97",
                "end_time": "245.279",
                "speaker_label": "spk_0",
                "items": [
                    12,
                    13,
                    14,
                    15,
                    16,
                    17,
                    18,
                    19,
                    20,
                    21,
                    22
                ]
            },
            {
                "id": 5,
                "transcript": "you?",
                "start_time": "245.279",
                "end_time": "245.699",
                "speaker_label": "spk_1",
                "items": [
                    23,
                    24
                ]
            },
            {
                "id": 6,
                "transcript": "Hi there, um, I",
                "start_time": "247.11",
                "end_time": "248.91",
                "speaker_label": "spk_1",
                "items": [
                    25,
                    26,
                    27,
                    28,
                    29,
                    30
                ]
            },
            {
                "id": 7,
                "transcript": "contacted",
                "start_time": "248.91",
                "end_time": "249.19",
                "speaker_label": "spk_1",
                "items": [
                    31
                ]
            },
            {
                "id": 8,
                "transcript": "you guys last week to book an appointment for an MRI. Uh, I was told that someone is gonna contact me to schedule an appointment, but.",
                "start_time": "249.19",
                "end_time": "255.979",
                "speaker_label": "spk_1",
                "items": [
                    32,
                    33,
                    34,
                    35,
                    36,
                    37,
                    38,
                    39,
                    40,
                    41,
                    42,
                    43,
                    44,
                    45,
                    46,
                    47,
                    48,
                    49,
                    50,
                    51,
                    52,
                    53,
                    54,
                    55,
                    56,
                    57,
                    58,
                    59,
                    60,
                    61
                ]
            },
            {
                "id": 9,
                "transcript": "Uh, I didn't receive anything.",
                "start_time": "256.709",
                "end_time": "258.419",
                "speaker_label": "spk_1",
                "items": [
                    62,
                    63,
                    64,
                    65,
                    66,
                    67,
                    68
                ]
            },
            {
                "id": 10,
                "transcript": "I see, um, I think you also got the wrong number because, um, this is mostly the diagnostics and we don't do MRI.",
                "start_time": "258.878",
                "end_time": "266.959",
                "speaker_label": "spk_0",
                "items": [
                    69,
                    70,
                    71,
                    72,
                    73,
                    74,
                    75,
                    76,
                    77,
                    78,
                    79,
                    80,
                    81,
                    82,
                    83,
                    84,
                    85,
                    86,
                    87,
                    88,
                    89,
                    90,
                    91,
                    92,
                    93,
                    94,
                    95,
                    96
                ]
            },
            {
                "id": 11,
                "transcript": "Oh, OK, uh, this is the Canadian Diagnostic Center, right?",
                "start_time": "269.059",
                "end_time": "274.019",
                "speaker_label": "spk_1",
                "items": [
                    97,
                    98,
                    99,
                    100,
                    101,
                    102,
                    103,
                    104,
                    105,
                    106,
                    107,
                    108,
                    109,
                    110,
                    111
                ]
            },
            {
                "id": 12,
                "transcript": "Uh, no, this is for the diagnostics in.",
                "start_time": "274.25",
                "end_time": "276.51",
                "speaker_label": "spk_0",
                "items": [
                    112,
                    113,
                    114,
                    115,
                    116,
                    117,
                    118,
                    119,
                    120,
                    121,
                    122
                ]
            },
            {
                "id": 13,
                "transcript": "Oh, OK, OK, sorry for that, thank you.",
                "start_time": "276.519",
                "end_time": "280.45",
                "speaker_label": "spk_1",
                "items": [
                    123,
                    124,
                    125,
                    126,
                    127,
                    128,
                    129,
                    130,
                    131,
                    132,
                    133,
                    134,
                    135
                ]
            },
            {
                "id": 14,
                "transcript": "No problem. OK, bye bye.",
                "start_time": "280.66",
                "end_time": "282.059",
                "speaker_label": "spk_0",
                "items": [
                    136,
                    137,
                    138,
                    139,
                    140,
                    141,
                    142,
                    143
                ]
            }
        ]
    }
}