{
    "jobName": "transcription-job-2024-03-25T16-45-28Z-call-881632a8-3049-467a-8bc5-6cf354e9c2a9-1734642872",
    "accountId": "199040315413",
    "isRedacted": true,
    "status": "COMPLETED",
    "results": {
        "transcripts": [
            {
                "transcript": "What's your diagnostic skin opportunity code please? Yes, thank you. Hi there, Wadiagnostics. How can I help you? Hi there, um, I contacted you guys last week to book an appointment for an MRI. Uh, I was told that someone is gonna contact me to schedule an appointment, but. Uh, I didn't receive anything. I see, um, I think you also got the wrong number because, um, this is mostly the agnostics and we don't do MRI. Oh, OK, uh, this is the Canadian diagnostic centers, right? Uh, no, this is for the agnostics in black. Oh, OK, OK, thank for that thank you. No problem. OK, bye bye."
            }
        ],
        "speaker_labels": {
            "segments": [
                {
                    "start_time": "13.0",
                    "end_time": "16.25",
                    "speaker_label": "spk_0",
                    "items": [
                        {
                            "speaker_label": "spk_0",
                            "start_time": "13.279",
                            "end_time": "13.52"
                        },
                        {
                            "speaker_label": "spk_0",
                            "start_time": "13.52",
                            "end_time": "13.68"
                        },
                        {
                            "speaker_label": "spk_0",
                            "start_time": "13.68",
                            "end_time": "14.26"
                        },
                        {
                            "speaker_label": "spk_0",
                            "start_time": "14.26",
                            "end_time": "14.779"
                        },
                        {
                            "speaker_label": "spk_0",
                            "start_time": "14.779",
                            "end_time": "15.329"
                        },
                        {
                            "speaker_label": "spk_0",
                            "start_time": "15.329",
                            "end_time": "15.68"
                        },
                        {
                            "speaker_label": "spk_0",
                            "start_time": "15.68",
                            "end_time": "16.11"
                        }
                    ]
                },
                {
                    "start_time": "17.059",
                    "end_time": "17.569",
                    "speaker_label": "spk_1",
                    "items": [
                        {
                            "speaker_label": "spk_1",
                            "start_time": "17.159",
                            "end_time": "17.569"
                        }
                    ]
                },
                {
                    "start_time": "17.739",
                    "end_time": "18.34",
                    "speaker_label": "spk_0",
                    "items": [
                        {
                            "speaker_label": "spk_0",
                            "start_time": "17.739",
                            "end_time": "18.01"
                        },
                        {
                            "speaker_label": "spk_0",
                            "start_time": "18.01",
                            "end_time": "18.26"
                        }
                    ]
                },
                {
                    "start_time": "255.19",
                    "end_time": "258.0",
                    "speaker_label": "spk_0",
                    "items": [
                        {
                            "speaker_label": "spk_0",
                            "start_time": "255.47",
                            "end_time": "255.669"
                        },
                        {
                            "speaker_label": "spk_0",
                            "start_time": "255.669",
                            "end_time": "255.8"
                        },
                        {
                            "speaker_label": "spk_0",
                            "start_time": "256.179",
                            "end_time": "256.94"
                        },
                        {
                            "speaker_label": "spk_0",
                            "start_time": "256.95",
                            "end_time": "257.07"
                        },
                        {
                            "speaker_label": "spk_0",
                            "start_time": "257.07",
                            "end_time": "257.19"
                        },
                        {
                            "speaker_label": "spk_0",
                            "start_time": "257.19",
                            "end_time": "257.309"
                        },
                        {
                            "speaker_label": "spk_0",
                            "start_time": "257.309",
                            "end_time": "257.5"
                        },
                        {
                            "speaker_label": "spk_0",
                            "start_time": "257.5",
                            "end_time": "257.859"
                        }
                    ]
                },
                {
                    "start_time": "259.279",
                    "end_time": "261.119",
                    "speaker_label": "spk_1",
                    "items": [
                        {
                            "speaker_label": "spk_1",
                            "start_time": "259.44",
                            "end_time": "259.679"
                        },
                        {
                            "speaker_label": "spk_1",
                            "start_time": "259.679",
                            "end_time": "259.809"
                        },
                        {
                            "speaker_label": "spk_1",
                            "start_time": "260.0",
                            "end_time": "260.619"
                        },
                        {
                            "speaker_label": "spk_1",
                            "start_time": "260.76",
                            "end_time": "261.119"
                        }
                    ]
                },
                {
                    "start_time": "261.119",
                    "end_time": "262.04",
                    "speaker_label": "spk_0",
                    "items": [
                        {
                            "speaker_label": "spk_0",
                            "start_time": "261.119",
                            "end_time": "261.359"
                        },
                        {
                            "speaker_label": "spk_0",
                            "start_time": "261.359",
                            "end_time": "261.519"
                        },
                        {
                            "speaker_label": "spk_0",
                            "start_time": "261.519",
                            "end_time": "261.709"
                        },
                        {
                            "speaker_label": "spk_0",
                            "start_time": "261.709",
                            "end_time": "262.04"
                        }
                    ]
                },
                {
                    "start_time": "262.04",
                    "end_time": "268.19",
                    "speaker_label": "spk_1",
                    "items": [
                        {
                            "speaker_label": "spk_1",
                            "start_time": "262.04",
                            "end_time": "262.359"
                        },
                        {
                            "speaker_label": "spk_1",
                            "start_time": "262.359",
                            "end_time": "262.519"
                        },
                        {
                            "speaker_label": "spk_1",
                            "start_time": "262.519",
                            "end_time": "262.649"
                        },
                        {
                            "speaker_label": "spk_1",
                            "start_time": "262.649",
                            "end_time": "262.799"
                        },
                        {
                            "speaker_label": "spk_1",
                            "start_time": "262.799",
                            "end_time": "263.279"
                        },
                        {
                            "speaker_label": "spk_1",
                            "start_time": "263.279",
                            "end_time": "263.399"
                        },
                        {
                            "speaker_label": "spk_1",
                            "start_time": "263.399",
                            "end_time": "263.519"
                        },
                        {
                            "speaker_label": "spk_1",
                            "start_time": "263.519",
                            "end_time": "264.149"
                        },
                        {
                            "speaker_label": "spk_1",
                            "start_time": "264.279",
                            "end_time": "264.29"
                        },
                        {
                            "speaker_label": "spk_1",
                            "start_time": "264.299",
                            "end_time": "264.6"
                        },
                        {
                            "speaker_label": "spk_1",
                            "start_time": "264.6",
                            "end_time": "264.76"
                        },
                        {
                            "speaker_label": "spk_1",
                            "start_time": "264.76",
                            "end_time": "264.989"
                        },
                        {
                            "speaker_label": "spk_1",
                            "start_time": "264.989",
                            "end_time": "265.48"
                        },
                        {
                            "speaker_label": "spk_1",
                            "start_time": "265.48",
                            "end_time": "265.72"
                        },
                        {
                            "speaker_label": "spk_1",
                            "start_time": "265.72",
                            "end_time": "265.88"
                        },
                        {
                            "speaker_label": "spk_1",
                            "start_time": "265.88",
                            "end_time": "266.25"
                        },
                        {
                            "speaker_label": "spk_1",
                            "start_time": "266.25",
                            "end_time": "266.5"
                        },
                        {
                            "speaker_label": "spk_1",
                            "start_time": "266.5",
                            "end_time": "266.709"
                        },
                        {
                            "speaker_label": "spk_1",
                            "start_time": "266.709",
                            "end_time": "266.959"
                        },
                        {
                            "speaker_label": "spk_1",
                            "start_time": "266.959",
                            "end_time": "267.2"
                        },
                        {
                            "speaker_label": "spk_1",
                            "start_time": "267.2",
                            "end_time": "267.279"
                        },
                        {
                            "speaker_label": "spk_1",
                            "start_time": "267.279",
                            "end_time": "267.829"
                        },
                        {
                            "speaker_label": "spk_1",
                            "start_time": "267.859",
                            "end_time": "268.079"
                        }
                    ]
                },
                {
                    "start_time": "268.88",
                    "end_time": "270.63",
                    "speaker_label": "spk_1",
                    "items": [
                        {
                            "speaker_label": "spk_1",
                            "start_time": "268.899",
                            "end_time": "269.119"
                        },
                        {
                            "speaker_label": "spk_1",
                            "start_time": "269.16",
                            "end_time": "269.32"
                        },
                        {
                            "speaker_label": "spk_1",
                            "start_time": "269.32",
                            "end_time": "269.67"
                        },
                        {
                            "speaker_label": "spk_1",
                            "start_time": "269.67",
                            "end_time": "270.109"
                        },
                        {
                            "speaker_label": "spk_1",
                            "start_time": "270.109",
                            "end_time": "270.63"
                        }
                    ]
                },
                {
                    "start_time": "271.119",
                    "end_time": "279.23",
                    "speaker_label": "spk_0",
                    "items": [
                        {
                            "speaker_label": "spk_0",
                            "start_time": "271.119",
                            "end_time": "271.48"
                        },
                        {
                            "speaker_label": "spk_0",
                            "start_time": "271.48",
                            "end_time": "271.829"
                        },
                        {
                            "speaker_label": "spk_0",
                            "start_time": "271.839",
                            "end_time": "272.51"
                        },
                        {
                            "speaker_label": "spk_0",
                            "start_time": "272.88",
                            "end_time": "273.23"
                        },
                        {
                            "speaker_label": "spk_0",
                            "start_time": "273.23",
                            "end_time": "273.399"
                        },
                        {
                            "speaker_label": "spk_0",
                            "start_time": "273.399",
                            "end_time": "273.559"
                        },
                        {
                            "speaker_label": "spk_0",
                            "start_time": "273.559",
                            "end_time": "273.88"
                        },
                        {
                            "speaker_label": "spk_0",
                            "start_time": "273.88",
                            "end_time": "274.04"
                        },
                        {
                            "speaker_label": "spk_0",
                            "start_time": "274.04",
                            "end_time": "274.32"
                        },
                        {
                            "speaker_label": "spk_0",
                            "start_time": "274.32",
                            "end_time": "274.54"
                        },
                        {
                            "speaker_label": "spk_0",
                            "start_time": "274.54",
                            "end_time": "275.04"
                        },
                        {
                            "speaker_label": "spk_0",
                            "start_time": "275.04",
                            "end_time": "275.2"
                        },
                        {
                            "speaker_label": "spk_0",
                            "start_time": "275.209",
                            "end_time": "275.57"
                        },
                        {
                            "speaker_label": "spk_0",
                            "start_time": "275.6",
                            "end_time": "275.72"
                        },
                        {
                            "speaker_label": "spk_0",
                            "start_time": "275.72",
                            "end_time": "275.88"
                        },
                        {
                            "speaker_label": "spk_0",
                            "start_time": "275.88",
                            "end_time": "276.049"
                        },
                        {
                            "speaker_label": "spk_0",
                            "start_time": "276.049",
                            "end_time": "276.059"
                        },
                        {
                            "speaker_label": "spk_0",
                            "start_time": "276.059",
                            "end_time": "277.079"
                        },
                        {
                            "speaker_label": "spk_0",
                            "start_time": "277.079",
                            "end_time": "277.239"
                        },
                        {
                            "speaker_label": "spk_0",
                            "start_time": "277.239",
                            "end_time": "277.44"
                        },
                        {
                            "speaker_label": "spk_0",
                            "start_time": "277.44",
                            "end_time": "277.839"
                        },
                        {
                            "speaker_label": "spk_0",
                            "start_time": "277.839",
                            "end_time": "278.119"
                        },
                        {
                            "speaker_label": "spk_0",
                            "start_time": "278.119",
                            "end_time": "279.0"
                        }
                    ]
                },
                {
                    "start_time": "281.22",
                    "end_time": "286.29",
                    "speaker_label": "spk_1",
                    "items": [
                        {
                            "speaker_label": "spk_1",
                            "start_time": "281.23",
                            "end_time": "281.54"
                        },
                        {
                            "speaker_label": "spk_1",
                            "start_time": "281.619",
                            "end_time": "281.95"
                        },
                        {
                            "speaker_label": "spk_1",
                            "start_time": "282.14",
                            "end_time": "282.809"
                        },
                        {
                            "speaker_label": "spk_1",
                            "start_time": "283.059",
                            "end_time": "283.22"
                        },
                        {
                            "speaker_label": "spk_1",
                            "start_time": "283.22",
                            "end_time": "283.38"
                        },
                        {
                            "speaker_label": "spk_1",
                            "start_time": "283.38",
                            "end_time": "284.309"
                        },
                        {
                            "speaker_label": "spk_1",
                            "start_time": "284.739",
                            "end_time": "284.94"
                        },
                        {
                            "speaker_label": "spk_1",
                            "start_time": "284.94",
                            "end_time": "285.48"
                        },
                        {
                            "speaker_label": "spk_1",
                            "start_time": "285.48",
                            "end_time": "285.859"
                        },
                        {
                            "speaker_label": "spk_1",
                            "start_time": "285.899",
                            "end_time": "286.29"
                        }
                    ]
                },
                {
                    "start_time": "286.459",
                    "end_time": "288.75",
                    "speaker_label": "spk_0",
                    "items": [
                        {
                            "speaker_label": "spk_0",
                            "start_time": "286.459",
                            "end_time": "286.66"
                        },
                        {
                            "speaker_label": "spk_0",
                            "start_time": "286.82",
                            "end_time": "286.899"
                        },
                        {
                            "speaker_label": "spk_0",
                            "start_time": "287.059",
                            "end_time": "287.22"
                        },
                        {
                            "speaker_label": "spk_0",
                            "start_time": "287.22",
                            "end_time": "287.42"
                        },
                        {
                            "speaker_label": "spk_0",
                            "start_time": "287.42",
                            "end_time": "287.589"
                        },
                        {
                            "speaker_label": "spk_0",
                            "start_time": "287.589",
                            "end_time": "287.609"
                        },
                        {
                            "speaker_label": "spk_0",
                            "start_time": "287.609",
                            "end_time": "288.57"
                        },
                        {
                            "speaker_label": "spk_0",
                            "start_time": "288.57",
                            "end_time": "288.7"
                        },
                        {
                            "speaker_label": "spk_0",
                            "start_time": "288.7",
                            "end_time": "288.709"
                        },
                        {
                            "speaker_label": "spk_0",
                            "start_time": "288.72",
                            "end_time": "288.73"
                        },
                        {
                            "speaker_label": "spk_0",
                            "start_time": "288.739",
                            "end_time": "288.75"
                        }
                    ]
                },
                {
                    "start_time": "290.54",
                    "end_time": "292.69",
                    "speaker_label": "spk_1",
                    "items": [
                        {
                            "speaker_label": "spk_1",
                            "start_time": "290.54",
                            "end_time": "291.459"
                        },
                        {
                            "speaker_label": "spk_1",
                            "start_time": "291.799",
                            "end_time": "291.809"
                        },
                        {
                            "speaker_label": "spk_1",
                            "start_time": "291.809",
                            "end_time": "291.98"
                        },
                        {
                            "speaker_label": "spk_1",
                            "start_time": "291.98",
                            "end_time": "292.179"
                        },
                        {
                            "speaker_label": "spk_1",
                            "start_time": "292.179",
                            "end_time": "292.359"
                        },
                        {
                            "speaker_label": "spk_1",
                            "start_time": "292.359",
                            "end_time": "292.69"
                        }
                    ]
                },
                {
                    "start_time": "292.899",
                    "end_time": "294.309",
                    "speaker_label": "spk_0",
                    "items": [
                        {
                            "speaker_label": "spk_0",
                            "start_time": "292.899",
                            "end_time": "293.1"
                        },
                        {
                            "speaker_label": "spk_0",
                            "start_time": "293.1",
                            "end_time": "293.45"
                        },
                        {
                            "speaker_label": "spk_0",
                            "start_time": "293.5",
                            "end_time": "293.739"
                        },
                        {
                            "speaker_label": "spk_0",
                            "start_time": "293.869",
                            "end_time": "294.019"
                        },
                        {
                            "speaker_label": "spk_0",
                            "start_time": "294.019",
                            "end_time": "294.179"
                        }
                    ]
                }
            ],
            "channel_label": "ch_0",
            "speakers": 2
        },
        "items": [
            {
                "id": 0,
                "type": "pronunciation",
                "alternatives": [
                    {
                        "confidence": "0.991",
                        "content": "What's"
                    }
                ],
                "start_time": "13.279",
                "end_time": "13.52",
                "speaker_label": "spk_0"
            },
            {
                "id": 1,
                "type": "pronunciation",
                "alternatives": [
                    {
                        "confidence": "0.997",
                        "content": "your"
                    }
                ],
                "start_time": "13.52",
                "end_time": "13.68",
                "speaker_label": "spk_0"
            },
            {
                "id": 2,
                "type": "pronunciation",
                "alternatives": [
                    {
                        "confidence": "0.985",
                        "content": "diagnostic"
                    }
                ],
                "start_time": "13.68",
                "end_time": "14.26",
                "speaker_label": "spk_0"
            },
            {
                "id": 3,
                "type": "pronunciation",
                "alternatives": [
                    {
                        "confidence": "0.868",
                        "content": "skin"
                    }
                ],
                "start_time": "14.26",
                "end_time": "14.779",
                "speaker_label": "spk_0"
            },
            {
                "id": 4,
                "type": "pronunciation",
                "alternatives": [
                    {
                        "confidence": "0.996",
                        "content": "opportunity"
                    }
                ],
                "start_time": "14.779",
                "end_time": "15.329",
                "speaker_label": "spk_0"
            },
            {
                "id": 5,
                "type": "pronunciation",
                "alternatives": [
                    {
                        "confidence": "0.979",
                        "content": "code"
                    }
                ],
                "start_time": "15.329",
                "end_time": "15.68",
                "speaker_label": "spk_0"
            },
            {
                "id": 6,
                "type": "pronunciation",
                "alternatives": [
                    {
                        "confidence": "0.997",
                        "content": "please"
                    }
                ],
                "start_time": "15.68",
                "end_time": "16.11",
                "speaker_label": "spk_0"
            },
            {
                "id": 7,
                "type": "punctuation",
                "alternatives": [
                    {
                        "confidence": "0.0",
                        "content": "?"
                    }
                ],
                "speaker_label": "spk_0"
            },
            {
                "id": 8,
                "type": "pronunciation",
                "alternatives": [
                    {
                        "confidence": "0.972",
                        "content": "Yes"
                    }
                ],
                "start_time": "17.159",
                "end_time": "17.569",
                "speaker_label": "spk_1"
            },
            {
                "id": 9,
                "type": "punctuation",
                "alternatives": [
                    {
                        "confidence": "0.0",
                        "content": ","
                    }
                ],
                "speaker_label": "spk_1"
            },
            {
                "id": 10,
                "type": "pronunciation",
                "alternatives": [
                    {
                        "confidence": "0.997",
                        "content": "thank"
                    }
                ],
                "start_time": "17.739",
                "end_time": "18.01",
                "speaker_label": "spk_0"
            },
            {
                "id": 11,
                "type": "pronunciation",
                "alternatives": [
                    {
                        "confidence": "0.997",
                        "content": "you"
                    }
                ],
                "start_time": "18.01",
                "end_time": "18.26",
                "speaker_label": "spk_0"
            },
            {
                "id": 12,
                "type": "punctuation",
                "alternatives": [
                    {
                        "confidence": "0.0",
                        "content": "."
                    }
                ],
                "speaker_label": "spk_0"
            },
            {
                "id": 13,
                "type": "pronunciation",
                "alternatives": [
                    {
                        "confidence": "0.997",
                        "content": "Hi"
                    }
                ],
                "start_time": "255.47",
                "end_time": "255.669",
                "speaker_label": "spk_0"
            },
            {
                "id": 14,
                "type": "pronunciation",
                "alternatives": [
                    {
                        "confidence": "0.653",
                        "content": "there"
                    }
                ],
                "start_time": "255.669",
                "end_time": "255.8",
                "speaker_label": "spk_0"
            },
            {
                "id": 15,
                "type": "punctuation",
                "alternatives": [
                    {
                        "confidence": "0.0",
                        "content": ","
                    }
                ],
                "speaker_label": "spk_0"
            },
            {
                "id": 16,
                "type": "pronunciation",
                "alternatives": [
                    {
                        "confidence": "0.839",
                        "content": "Wadiagnostics"
                    }
                ],
                "start_time": "256.179",
                "end_time": "256.94",
                "speaker_label": "spk_0"
            },
            {
                "id": 17,
                "type": "punctuation",
                "alternatives": [
                    {
                        "confidence": "0.0",
                        "content": "."
                    }
                ],
                "speaker_label": "spk_0"
            },
            {
                "id": 18,
                "type": "pronunciation",
                "alternatives": [
                    {
                        "confidence": "0.943",
                        "content": "How"
                    }
                ],
                "start_time": "256.95",
                "end_time": "257.07",
                "speaker_label": "spk_0"
            },
            {
                "id": 19,
                "type": "pronunciation",
                "alternatives": [
                    {
                        "confidence": "0.999",
                        "content": "can"
                    }
                ],
                "start_time": "257.07",
                "end_time": "257.19",
                "speaker_label": "spk_0"
            },
            {
                "id": 20,
                "type": "pronunciation",
                "alternatives": [
                    {
                        "confidence": "0.999",
                        "content": "I"
                    }
                ],
                "start_time": "257.19",
                "end_time": "257.309",
                "speaker_label": "spk_0"
            },
            {
                "id": 21,
                "type": "pronunciation",
                "alternatives": [
                    {
                        "confidence": "0.999",
                        "content": "help"
                    }
                ],
                "start_time": "257.309",
                "end_time": "257.5",
                "speaker_label": "spk_0"
            },
            {
                "id": 22,
                "type": "pronunciation",
                "alternatives": [
                    {
                        "confidence": "0.999",
                        "content": "you"
                    }
                ],
                "start_time": "257.5",
                "end_time": "257.859",
                "speaker_label": "spk_0"
            },
            {
                "id": 23,
                "type": "punctuation",
                "alternatives": [
                    {
                        "confidence": "0.0",
                        "content": "?"
                    }
                ],
                "speaker_label": "spk_0"
            },
            {
                "id": 24,
                "type": "pronunciation",
                "alternatives": [
                    {
                        "confidence": "0.997",
                        "content": "Hi"
                    }
                ],
                "start_time": "259.44",
                "end_time": "259.679",
                "speaker_label": "spk_1"
            },
            {
                "id": 25,
                "type": "pronunciation",
                "alternatives": [
                    {
                        "confidence": "0.997",
                        "content": "there"
                    }
                ],
                "start_time": "259.679",
                "end_time": "259.809",
                "speaker_label": "spk_1"
            },
            {
                "id": 26,
                "type": "punctuation",
                "alternatives": [
                    {
                        "confidence": "0.0",
                        "content": ","
                    }
                ],
                "speaker_label": "spk_1"
            },
            {
                "id": 27,
                "type": "pronunciation",
                "alternatives": [
                    {
                        "confidence": "0.996",
                        "content": "um"
                    }
                ],
                "start_time": "260.0",
                "end_time": "260.619",
                "speaker_label": "spk_1"
            },
            {
                "id": 28,
                "type": "punctuation",
                "alternatives": [
                    {
                        "confidence": "0.0",
                        "content": ","
                    }
                ],
                "speaker_label": "spk_1"
            },
            {
                "id": 29,
                "type": "pronunciation",
                "alternatives": [
                    {
                        "confidence": "0.999",
                        "content": "I"
                    }
                ],
                "start_time": "260.76",
                "end_time": "261.119",
                "speaker_label": "spk_1"
            },
            {
                "id": 30,
                "type": "pronunciation",
                "alternatives": [
                    {
                        "confidence": "0.996",
                        "content": "contacted"
                    }
                ],
                "start_time": "261.119",
                "end_time": "261.359",
                "speaker_label": "spk_0"
            },
            {
                "id": 31,
                "type": "pronunciation",
                "alternatives": [
                    {
                        "confidence": "0.998",
                        "content": "you"
                    }
                ],
                "start_time": "261.359",
                "end_time": "261.519",
                "speaker_label": "spk_0"
            },
            {
                "id": 32,
                "type": "pronunciation",
                "alternatives": [
                    {
                        "confidence": "0.996",
                        "content": "guys"
                    }
                ],
                "start_time": "261.519",
                "end_time": "261.709",
                "speaker_label": "spk_0"
            },
            {
                "id": 33,
                "type": "pronunciation",
                "alternatives": [
                    {
                        "confidence": "0.999",
                        "content": "last"
                    }
                ],
                "start_time": "261.709",
                "end_time": "262.04",
                "speaker_label": "spk_0"
            },
            {
                "id": 34,
                "type": "pronunciation",
                "alternatives": [
                    {
                        "confidence": "0.999",
                        "content": "week"
                    }
                ],
                "start_time": "262.04",
                "end_time": "262.359",
                "speaker_label": "spk_1"
            },
            {
                "id": 35,
                "type": "pronunciation",
                "alternatives": [
                    {
                        "confidence": "0.999",
                        "content": "to"
                    }
                ],
                "start_time": "262.359",
                "end_time": "262.519",
                "speaker_label": "spk_1"
            },
            {
                "id": 36,
                "type": "pronunciation",
                "alternatives": [
                    {
                        "confidence": "0.999",
                        "content": "book"
                    }
                ],
                "start_time": "262.519",
                "end_time": "262.649",
                "speaker_label": "spk_1"
            },
            {
                "id": 37,
                "type": "pronunciation",
                "alternatives": [
                    {
                        "confidence": "0.999",
                        "content": "an"
                    }
                ],
                "start_time": "262.649",
                "end_time": "262.799",
                "speaker_label": "spk_1"
            },
            {
                "id": 38,
                "type": "pronunciation",
                "alternatives": [
                    {
                        "confidence": "0.997",
                        "content": "appointment"
                    }
                ],
                "start_time": "262.799",
                "end_time": "263.279",
                "speaker_label": "spk_1"
            },
            {
                "id": 39,
                "type": "pronunciation",
                "alternatives": [
                    {
                        "confidence": "0.999",
                        "content": "for"
                    }
                ],
                "start_time": "263.279",
                "end_time": "263.399",
                "speaker_label": "spk_1"
            },
            {
                "id": 40,
                "type": "pronunciation",
                "alternatives": [
                    {
                        "confidence": "0.997",
                        "content": "an"
                    }
                ],
                "start_time": "263.399",
                "end_time": "263.519",
                "speaker_label": "spk_1"
            },
            {
                "id": 41,
                "type": "pronunciation",
                "alternatives": [
                    {
                        "confidence": "0.996",
                        "content": "MRI"
                    }
                ],
                "start_time": "263.519",
                "end_time": "264.149",
                "speaker_label": "spk_1"
            },
            {
                "id": 42,
                "type": "punctuation",
                "alternatives": [
                    {
                        "confidence": "0.0",
                        "content": "."
                    }
                ],
                "speaker_label": "spk_1"
            },
            {
                "id": 43,
                "type": "pronunciation",
                "alternatives": [
                    {
                        "confidence": "0.651",
                        "content": "Uh"
                    }
                ],
                "start_time": "264.279",
                "end_time": "264.29",
                "speaker_label": "spk_1"
            },
            {
                "id": 44,
                "type": "punctuation",
                "alternatives": [
                    {
                        "confidence": "0.0",
                        "content": ","
                    }
                ],
                "speaker_label": "spk_1"
            },
            {
                "id": 45,
                "type": "pronunciation",
                "alternatives": [
                    {
                        "confidence": "0.999",
                        "content": "I"
                    }
                ],
                "start_time": "264.299",
                "end_time": "264.6",
                "speaker_label": "spk_1"
            },
            {
                "id": 46,
                "type": "pronunciation",
                "alternatives": [
                    {
                        "confidence": "0.998",
                        "content": "was"
                    }
                ],
                "start_time": "264.6",
                "end_time": "264.76",
                "speaker_label": "spk_1"
            },
            {
                "id": 47,
                "type": "pronunciation",
                "alternatives": [
                    {
                        "confidence": "0.998",
                        "content": "told"
                    }
                ],
                "start_time": "264.76",
                "end_time": "264.989",
                "speaker_label": "spk_1"
            },
            {
                "id": 48,
                "type": "pronunciation",
                "alternatives": [
                    {
                        "confidence": "0.998",
                        "content": "that"
                    }
                ],
                "start_time": "264.989",
                "end_time": "265.48",
                "speaker_label": "spk_1"
            },
            {
                "id": 49,
                "type": "pronunciation",
                "alternatives": [
                    {
                        "confidence": "0.999",
                        "content": "someone"
                    }
                ],
                "start_time": "265.48",
                "end_time": "265.72",
                "speaker_label": "spk_1"
            },
            {
                "id": 50,
                "type": "pronunciation",
                "alternatives": [
                    {
                        "confidence": "0.996",
                        "content": "is"
                    }
                ],
                "start_time": "265.72",
                "end_time": "265.88",
                "speaker_label": "spk_1"
            },
            {
                "id": 51,
                "type": "pronunciation",
                "alternatives": [
                    {
                        "confidence": "0.997",
                        "content": "gonna"
                    }
                ],
                "start_time": "265.88",
                "end_time": "266.25",
                "speaker_label": "spk_1"
            },
            {
                "id": 52,
                "type": "pronunciation",
                "alternatives": [
                    {
                        "confidence": "0.999",
                        "content": "contact"
                    }
                ],
                "start_time": "266.25",
                "end_time": "266.5",
                "speaker_label": "spk_1"
            },
            {
                "id": 53,
                "type": "pronunciation",
                "alternatives": [
                    {
                        "confidence": "0.999",
                        "content": "me"
                    }
                ],
                "start_time": "266.5",
                "end_time": "266.709",
                "speaker_label": "spk_1"
            },
            {
                "id": 54,
                "type": "pronunciation",
                "alternatives": [
                    {
                        "confidence": "0.999",
                        "content": "to"
                    }
                ],
                "start_time": "266.709",
                "end_time": "266.959",
                "speaker_label": "spk_1"
            },
            {
                "id": 55,
                "type": "pronunciation",
                "alternatives": [
                    {
                        "confidence": "0.998",
                        "content": "schedule"
                    }
                ],
                "start_time": "266.959",
                "end_time": "267.2",
                "speaker_label": "spk_1"
            },
            {
                "id": 56,
                "type": "pronunciation",
                "alternatives": [
                    {
                        "confidence": "0.998",
                        "content": "an"
                    }
                ],
                "start_time": "267.2",
                "end_time": "267.279",
                "speaker_label": "spk_1"
            },
            {
                "id": 57,
                "type": "pronunciation",
                "alternatives": [
                    {
                        "confidence": "0.998",
                        "content": "appointment"
                    }
                ],
                "start_time": "267.279",
                "end_time": "267.829",
                "speaker_label": "spk_1"
            },
            {
                "id": 58,
                "type": "punctuation",
                "alternatives": [
                    {
                        "confidence": "0.0",
                        "content": ","
                    }
                ],
                "speaker_label": "spk_1"
            },
            {
                "id": 59,
                "type": "pronunciation",
                "alternatives": [
                    {
                        "confidence": "0.997",
                        "content": "but"
                    }
                ],
                "start_time": "267.859",
                "end_time": "268.079",
                "speaker_label": "spk_1"
            },
            {
                "id": 60,
                "type": "punctuation",
                "alternatives": [
                    {
                        "confidence": "0.0",
                        "content": "."
                    }
                ],
                "speaker_label": "spk_1"
            },
            {
                "id": 61,
                "type": "pronunciation",
                "alternatives": [
                    {
                        "confidence": "0.996",
                        "content": "Uh"
                    }
                ],
                "start_time": "268.899",
                "end_time": "269.119",
                "speaker_label": "spk_1"
            },
            {
                "id": 62,
                "type": "punctuation",
                "alternatives": [
                    {
                        "confidence": "0.0",
                        "content": ","
                    }
                ],
                "speaker_label": "spk_1"
            },
            {
                "id": 63,
                "type": "pronunciation",
                "alternatives": [
                    {
                        "confidence": "0.997",
                        "content": "I"
                    }
                ],
                "start_time": "269.16",
                "end_time": "269.32",
                "speaker_label": "spk_1"
            },
            {
                "id": 64,
                "type": "pronunciation",
                "alternatives": [
                    {
                        "confidence": "0.993",
                        "content": "didn't"
                    }
                ],
                "start_time": "269.32",
                "end_time": "269.67",
                "speaker_label": "spk_1"
            },
            {
                "id": 65,
                "type": "pronunciation",
                "alternatives": [
                    {
                        "confidence": "0.997",
                        "content": "receive"
                    }
                ],
                "start_time": "269.67",
                "end_time": "270.109",
                "speaker_label": "spk_1"
            },
            {
                "id": 66,
                "type": "pronunciation",
                "alternatives": [
                    {
                        "confidence": "0.997",
                        "content": "anything"
                    }
                ],
                "start_time": "270.109",
                "end_time": "270.63",
                "speaker_label": "spk_1"
            },
            {
                "id": 67,
                "type": "punctuation",
                "alternatives": [
                    {
                        "confidence": "0.0",
                        "content": "."
                    }
                ],
                "speaker_label": "spk_1"
            },
            {
                "id": 68,
                "type": "pronunciation",
                "alternatives": [
                    {
                        "confidence": "0.997",
                        "content": "I"
                    }
                ],
                "start_time": "271.119",
                "end_time": "271.48",
                "speaker_label": "spk_0"
            },
            {
                "id": 69,
                "type": "pronunciation",
                "alternatives": [
                    {
                        "confidence": "0.997",
                        "content": "see"
                    }
                ],
                "start_time": "271.48",
                "end_time": "271.829",
                "speaker_label": "spk_0"
            },
            {
                "id": 70,
                "type": "punctuation",
                "alternatives": [
                    {
                        "confidence": "0.0",
                        "content": ","
                    }
                ],
                "speaker_label": "spk_0"
            },
            {
                "id": 71,
                "type": "pronunciation",
                "alternatives": [
                    {
                        "confidence": "0.996",
                        "content": "um"
                    }
                ],
                "start_time": "271.839",
                "end_time": "272.51",
                "speaker_label": "spk_0"
            },
            {
                "id": 72,
                "type": "punctuation",
                "alternatives": [
                    {
                        "confidence": "0.0",
                        "content": ","
                    }
                ],
                "speaker_label": "spk_0"
            },
            {
                "id": 73,
                "type": "pronunciation",
                "alternatives": [
                    {
                        "confidence": "0.998",
                        "content": "I"
                    }
                ],
                "start_time": "272.88",
                "end_time": "273.23",
                "speaker_label": "spk_0"
            },
            {
                "id": 74,
                "type": "pronunciation",
                "alternatives": [
                    {
                        "confidence": "0.999",
                        "content": "think"
                    }
                ],
                "start_time": "273.23",
                "end_time": "273.399",
                "speaker_label": "spk_0"
            },
            {
                "id": 75,
                "type": "pronunciation",
                "alternatives": [
                    {
                        "confidence": "0.998",
                        "content": "you"
                    }
                ],
                "start_time": "273.399",
                "end_time": "273.559",
                "speaker_label": "spk_0"
            },
            {
                "id": 76,
                "type": "pronunciation",
                "alternatives": [
                    {
                        "confidence": "0.998",
                        "content": "also"
                    }
                ],
                "start_time": "273.559",
                "end_time": "273.88",
                "speaker_label": "spk_0"
            },
            {
                "id": 77,
                "type": "pronunciation",
                "alternatives": [
                    {
                        "confidence": "0.997",
                        "content": "got"
                    }
                ],
                "start_time": "273.88",
                "end_time": "274.04",
                "speaker_label": "spk_0"
            },
            {
                "id": 78,
                "type": "pronunciation",
                "alternatives": [
                    {
                        "confidence": "0.999",
                        "content": "the"
                    }
                ],
                "start_time": "274.04",
                "end_time": "274.32",
                "speaker_label": "spk_0"
            },
            {
                "id": 79,
                "type": "pronunciation",
                "alternatives": [
                    {
                        "confidence": "0.999",
                        "content": "wrong"
                    }
                ],
                "start_time": "274.32",
                "end_time": "274.54",
                "speaker_label": "spk_0"
            },
            {
                "id": 80,
                "type": "pronunciation",
                "alternatives": [
                    {
                        "confidence": "0.998",
                        "content": "number"
                    }
                ],
                "start_time": "274.54",
                "end_time": "275.04",
                "speaker_label": "spk_0"
            },
            {
                "id": 81,
                "type": "pronunciation",
                "alternatives": [
                    {
                        "confidence": "0.996",
                        "content": "because"
                    }
                ],
                "start_time": "275.04",
                "end_time": "275.2",
                "speaker_label": "spk_0"
            },
            {
                "id": 82,
                "type": "punctuation",
                "alternatives": [
                    {
                        "confidence": "0.0",
                        "content": ","
                    }
                ],
                "speaker_label": "spk_0"
            },
            {
                "id": 83,
                "type": "pronunciation",
                "alternatives": [
                    {
                        "confidence": "0.997",
                        "content": "um"
                    }
                ],
                "start_time": "275.209",
                "end_time": "275.57",
                "speaker_label": "spk_0"
            },
            {
                "id": 84,
                "type": "punctuation",
                "alternatives": [
                    {
                        "confidence": "0.0",
                        "content": ","
                    }
                ],
                "speaker_label": "spk_0"
            },
            {
                "id": 85,
                "type": "pronunciation",
                "alternatives": [
                    {
                        "confidence": "0.998",
                        "content": "this"
                    }
                ],
                "start_time": "275.6",
                "end_time": "275.72",
                "speaker_label": "spk_0"
            },
            {
                "id": 86,
                "type": "pronunciation",
                "alternatives": [
                    {
                        "confidence": "0.997",
                        "content": "is"
                    }
                ],
                "start_time": "275.72",
                "end_time": "275.88",
                "speaker_label": "spk_0"
            },
            {
                "id": 87,
                "type": "pronunciation",
                "alternatives": [
                    {
                        "confidence": "0.976",
                        "content": "mostly"
                    }
                ],
                "start_time": "275.88",
                "end_time": "276.049",
                "speaker_label": "spk_0"
            },
            {
                "id": 88,
                "type": "pronunciation",
                "alternatives": [
                    {
                        "confidence": "0.982",
                        "content": "the"
                    }
                ],
                "start_time": "276.049",
                "end_time": "276.059",
                "speaker_label": "spk_0"
            },
            {
                "id": 89,
                "type": "pronunciation",
                "alternatives": [
                    {
                        "confidence": "0.981",
                        "content": "agnostics"
                    }
                ],
                "start_time": "276.059",
                "end_time": "277.079",
                "speaker_label": "spk_0"
            },
            {
                "id": 90,
                "type": "pronunciation",
                "alternatives": [
                    {
                        "confidence": "0.997",
                        "content": "and"
                    }
                ],
                "start_time": "277.079",
                "end_time": "277.239",
                "speaker_label": "spk_0"
            },
            {
                "id": 91,
                "type": "pronunciation",
                "alternatives": [
                    {
                        "confidence": "0.971",
                        "content": "we"
                    }
                ],
                "start_time": "277.239",
                "end_time": "277.44",
                "speaker_label": "spk_0"
            },
            {
                "id": 92,
                "type": "pronunciation",
                "alternatives": [
                    {
                        "confidence": "0.993",
                        "content": "don't"
                    }
                ],
                "start_time": "277.44",
                "end_time": "277.839",
                "speaker_label": "spk_0"
            },
            {
                "id": 93,
                "type": "pronunciation",
                "alternatives": [
                    {
                        "confidence": "0.997",
                        "content": "do"
                    }
                ],
                "start_time": "277.839",
                "end_time": "278.119",
                "speaker_label": "spk_0"
            },
            {
                "id": 94,
                "type": "pronunciation",
                "alternatives": [
                    {
                        "confidence": "0.995",
                        "content": "MRI"
                    }
                ],
                "start_time": "278.119",
                "end_time": "279.0",
                "speaker_label": "spk_0"
            },
            {
                "id": 95,
                "type": "punctuation",
                "alternatives": [
                    {
                        "confidence": "0.0",
                        "content": "."
                    }
                ],
                "speaker_label": "spk_0"
            },
            {
                "id": 96,
                "type": "pronunciation",
                "alternatives": [
                    {
                        "confidence": "0.997",
                        "content": "Oh"
                    }
                ],
                "start_time": "281.23",
                "end_time": "281.54",
                "speaker_label": "spk_1"
            },
            {
                "id": 97,
                "type": "punctuation",
                "alternatives": [
                    {
                        "confidence": "0.0",
                        "content": ","
                    }
                ],
                "speaker_label": "spk_1"
            },
            {
                "id": 98,
                "type": "pronunciation",
                "alternatives": [
                    {
                        "confidence": "0.999",
                        "content": "OK"
                    }
                ],
                "start_time": "281.619",
                "end_time": "281.95",
                "speaker_label": "spk_1"
            },
            {
                "id": 99,
                "type": "punctuation",
                "alternatives": [
                    {
                        "confidence": "0.0",
                        "content": ","
                    }
                ],
                "speaker_label": "spk_1"
            },
            {
                "id": 100,
                "type": "pronunciation",
                "alternatives": [
                    {
                        "confidence": "0.996",
                        "content": "uh"
                    }
                ],
                "start_time": "282.14",
                "end_time": "282.809",
                "speaker_label": "spk_1"
            },
            {
                "id": 101,
                "type": "punctuation",
                "alternatives": [
                    {
                        "confidence": "0.0",
                        "content": ","
                    }
                ],
                "speaker_label": "spk_1"
            },
            {
                "id": 102,
                "type": "pronunciation",
                "alternatives": [
                    {
                        "confidence": "0.998",
                        "content": "this"
                    }
                ],
                "start_time": "283.059",
                "end_time": "283.22",
                "speaker_label": "spk_1"
            },
            {
                "id": 103,
                "type": "pronunciation",
                "alternatives": [
                    {
                        "confidence": "0.997",
                        "content": "is"
                    }
                ],
                "start_time": "283.22",
                "end_time": "283.38",
                "speaker_label": "spk_1"
            },
            {
                "id": 104,
                "type": "pronunciation",
                "alternatives": [
                    {
                        "confidence": "0.997",
                        "content": "the"
                    }
                ],
                "start_time": "283.38",
                "end_time": "284.309",
                "speaker_label": "spk_1"
            },
            {
                "id": 105,
                "type": "pronunciation",
                "alternatives": [
                    {
                        "confidence": "0.997",
                        "content": "Canadian"
                    }
                ],
                "start_time": "284.739",
                "end_time": "284.94",
                "speaker_label": "spk_1"
            },
            {
                "id": 106,
                "type": "pronunciation",
                "alternatives": [
                    {
                        "confidence": "0.432",
                        "content": "diagnostic"
                    }
                ],
                "start_time": "284.94",
                "end_time": "285.48",
                "speaker_label": "spk_1"
            },
            {
                "id": 107,
                "type": "pronunciation",
                "alternatives": [
                    {
                        "confidence": "0.814",
                        "content": "centers"
                    }
                ],
                "start_time": "285.48",
                "end_time": "285.859",
                "speaker_label": "spk_1"
            },
            {
                "id": 108,
                "type": "punctuation",
                "alternatives": [
                    {
                        "confidence": "0.0",
                        "content": ","
                    }
                ],
                "speaker_label": "spk_1"
            },
            {
                "id": 109,
                "type": "pronunciation",
                "alternatives": [
                    {
                        "confidence": "0.998",
                        "content": "right"
                    }
                ],
                "start_time": "285.899",
                "end_time": "286.29",
                "speaker_label": "spk_1"
            },
            {
                "id": 110,
                "type": "punctuation",
                "alternatives": [
                    {
                        "confidence": "0.0",
                        "content": "?"
                    }
                ],
                "speaker_label": "spk_1"
            },
            {
                "id": 111,
                "type": "pronunciation",
                "alternatives": [
                    {
                        "confidence": "0.996",
                        "content": "Uh"
                    }
                ],
                "start_time": "286.459",
                "end_time": "286.66",
                "speaker_label": "spk_0"
            },
            {
                "id": 112,
                "type": "punctuation",
                "alternatives": [
                    {
                        "confidence": "0.0",
                        "content": ","
                    }
                ],
                "speaker_label": "spk_0"
            },
            {
                "id": 113,
                "type": "pronunciation",
                "alternatives": [
                    {
                        "confidence": "0.997",
                        "content": "no"
                    }
                ],
                "start_time": "286.82",
                "end_time": "286.899",
                "speaker_label": "spk_0"
            },
            {
                "id": 114,
                "type": "punctuation",
                "alternatives": [
                    {
                        "confidence": "0.0",
                        "content": ","
                    }
                ],
                "speaker_label": "spk_0"
            },
            {
                "id": 115,
                "type": "pronunciation",
                "alternatives": [
                    {
                        "confidence": "0.997",
                        "content": "this"
                    }
                ],
                "start_time": "287.059",
                "end_time": "287.22",
                "speaker_label": "spk_0"
            },
            {
                "id": 116,
                "type": "pronunciation",
                "alternatives": [
                    {
                        "confidence": "0.997",
                        "content": "is"
                    }
                ],
                "start_time": "287.22",
                "end_time": "287.42",
                "speaker_label": "spk_0"
            },
            {
                "id": 117,
                "type": "pronunciation",
                "alternatives": [
                    {
                        "confidence": "0.441",
                        "content": "for"
                    }
                ],
                "start_time": "287.42",
                "end_time": "287.589",
                "speaker_label": "spk_0"
            },
            {
                "id": 118,
                "type": "pronunciation",
                "alternatives": [
                    {
                        "confidence": "0.465",
                        "content": "the"
                    }
                ],
                "start_time": "287.589",
                "end_time": "287.609",
                "speaker_label": "spk_0"
            },
            {
                "id": 119,
                "type": "pronunciation",
                "alternatives": [
                    {
                        "confidence": "0.693",
                        "content": "agnostics"
                    }
                ],
                "start_time": "287.609",
                "end_time": "288.57",
                "speaker_label": "spk_0"
            },
            {
                "id": 120,
                "type": "pronunciation",
                "alternatives": [
                    {
                        "confidence": "0.962",
                        "content": "in"
                    }
                ],
                "start_time": "288.57",
                "end_time": "288.7",
                "speaker_label": "spk_0"
            },
            {
                "id": 121,
                "type": "pronunciation",
                "alternatives": [
                    {
                        "confidence": "0.397",
                        "content": "black"
                    }
                ],
                "start_time": "288.7",
                "end_time": "288.709",
                "speaker_label": "spk_0"
            },
            {
                "id": 122,
                "type": "punctuation",
                "alternatives": [
                    {
                        "confidence": "0.0",
                        "content": "."
                    }
                ],
                "speaker_label": "spk_0"
            },
            {
                "id": 123,
                "type": "pronunciation",
                "alternatives": [
                    {
                        "confidence": "0.996",
                        "content": "Oh"
                    }
                ],
                "start_time": "288.72",
                "end_time": "288.73",
                "speaker_label": "spk_0"
            },
            {
                "id": 124,
                "type": "punctuation",
                "alternatives": [
                    {
                        "confidence": "0.0",
                        "content": ","
                    }
                ],
                "speaker_label": "spk_0"
            },
            {
                "id": 125,
                "type": "pronunciation",
                "alternatives": [
                    {
                        "confidence": "0.998",
                        "content": "OK"
                    }
                ],
                "start_time": "288.739",
                "end_time": "288.75",
                "speaker_label": "spk_0"
            },
            {
                "id": 126,
                "type": "punctuation",
                "alternatives": [
                    {
                        "confidence": "0.0",
                        "content": ","
                    }
                ],
                "speaker_label": "spk_0"
            },
            {
                "id": 127,
                "type": "pronunciation",
                "alternatives": [
                    {
                        "confidence": "0.997",
                        "content": "OK"
                    }
                ],
                "start_time": "290.54",
                "end_time": "291.459",
                "speaker_label": "spk_1"
            },
            {
                "id": 128,
                "type": "punctuation",
                "alternatives": [
                    {
                        "confidence": "0.0",
                        "content": ","
                    }
                ],
                "speaker_label": "spk_1"
            },
            {
                "id": 129,
                "type": "pronunciation",
                "alternatives": [
                    {
                        "confidence": "0.613",
                        "content": "thank"
                    }
                ],
                "start_time": "291.799",
                "end_time": "291.809",
                "speaker_label": "spk_1"
            },
            {
                "id": 130,
                "type": "pronunciation",
                "alternatives": [
                    {
                        "confidence": "0.996",
                        "content": "for"
                    }
                ],
                "start_time": "291.809",
                "end_time": "291.98",
                "speaker_label": "spk_1"
            },
            {
                "id": 131,
                "type": "pronunciation",
                "alternatives": [
                    {
                        "confidence": "0.997",
                        "content": "that"
                    }
                ],
                "start_time": "291.98",
                "end_time": "292.179",
                "speaker_label": "spk_1"
            },
            {
                "id": 132,
                "type": "pronunciation",
                "alternatives": [
                    {
                        "confidence": "0.996",
                        "content": "thank"
                    }
                ],
                "start_time": "292.179",
                "end_time": "292.359",
                "speaker_label": "spk_1"
            },
            {
                "id": 133,
                "type": "pronunciation",
                "alternatives": [
                    {
                        "confidence": "0.998",
                        "content": "you"
                    }
                ],
                "start_time": "292.359",
                "end_time": "292.69",
                "speaker_label": "spk_1"
            },
            {
                "id": 134,
                "type": "punctuation",
                "alternatives": [
                    {
                        "confidence": "0.0",
                        "content": "."
                    }
                ],
                "speaker_label": "spk_1"
            },
            {
                "id": 135,
                "type": "pronunciation",
                "alternatives": [
                    {
                        "confidence": "0.997",
                        "content": "No"
                    }
                ],
                "start_time": "292.899",
                "end_time": "293.1",
                "speaker_label": "spk_0"
            },
            {
                "id": 136,
                "type": "pronunciation",
                "alternatives": [
                    {
                        "confidence": "0.999",
                        "content": "problem"
                    }
                ],
                "start_time": "293.1",
                "end_time": "293.45",
                "speaker_label": "spk_0"
            },
            {
                "id": 137,
                "type": "punctuation",
                "alternatives": [
                    {
                        "confidence": "0.0",
                        "content": "."
                    }
                ],
                "speaker_label": "spk_0"
            },
            {
                "id": 138,
                "type": "pronunciation",
                "alternatives": [
                    {
                        "confidence": "0.997",
                        "content": "OK"
                    }
                ],
                "start_time": "293.5",
                "end_time": "293.739",
                "speaker_label": "spk_0"
            },
            {
                "id": 139,
                "type": "punctuation",
                "alternatives": [
                    {
                        "confidence": "0.0",
                        "content": ","
                    }
                ],
                "speaker_label": "spk_0"
            },
            {
                "id": 140,
                "type": "pronunciation",
                "alternatives": [
                    {
                        "confidence": "0.993",
                        "content": "bye"
                    }
                ],
                "start_time": "293.869",
                "end_time": "294.019",
                "speaker_label": "spk_0"
            },
            {
                "id": 141,
                "type": "pronunciation",
                "alternatives": [
                    {
                        "confidence": "0.994",
                        "content": "bye"
                    }
                ],
                "start_time": "294.019",
                "end_time": "294.179",
                "speaker_label": "spk_0"
            },
            {
                "id": 142,
                "type": "punctuation",
                "alternatives": [
                    {
                        "confidence": "0.0",
                        "content": "."
                    }
                ],
                "speaker_label": "spk_0"
            }
        ],
        "audio_segments": [
            {
                "id": 0,
                "transcript": "What's your diagnostic skin opportunity code please?",
                "start_time": "13.0",
                "end_time": "16.25",
                "speaker_label": "spk_0",
                "items": [
                    0,
                    1,
                    2,
                    3,
                    4,
                    5,
                    6,
                    7
                ]
            },
            {
                "id": 1,
                "transcript": "Yes,",
                "start_time": "17.059",
                "end_time": "17.569",
                "speaker_label": "spk_1",
                "items": [
                    8,
                    9
                ]
            },
            {
                "id": 2,
                "transcript": "thank you.",
                "start_time": "17.739",
                "end_time": "18.34",
                "speaker_label": "spk_0",
                "items": [
                    10,
                    11,
                    12
                ]
            },
            {
                "id": 3,
                "transcript": "Hi there, Wadiagnostics. How can I help you?",
                "start_time": "255.19",
                "end_time": "258.0",
                "speaker_label": "spk_0",
                "items": [
                    13,
                    14,
                    15,
                    16,
                    17,
                    18,
                    19,
                    20,
                    21,
                    22,
                    23
                ]
            },
            {
                "id": 4,
                "transcript": "Hi there, um, I",
                "start_time": "259.279",
                "end_time": "261.119",
                "speaker_label": "spk_1",
                "items": [
                    24,
                    25,
                    26,
                    27,
                    28,
                    29
                ]
            },
            {
                "id": 5,
                "transcript": "contacted you guys last",
                "start_time": "261.119",
                "end_time": "262.04",
                "speaker_label": "spk_0",
                "items": [
                    30,
                    31,
                    32,
                    33
                ]
            },
            {
                "id": 6,
                "transcript": "week to book an appointment for an MRI. Uh, I was told that someone is gonna contact me to schedule an appointment, but.",
                "start_time": "262.04",
                "end_time": "268.19",
                "speaker_label": "spk_1",
                "items": [
                    34,
                    35,
                    36,
                    37,
                    38,
                    39,
                    40,
                    41,
                    42,
                    43,
                    44,
                    45,
                    46,
                    47,
                    48,
                    49,
                    50,
                    51,
                    52,
                    53,
                    54,
                    55,
                    56,
                    57,
                    58,
                    59,
                    60
                ]
            },
            {
                "id": 7,
                "transcript": "Uh, I didn't receive anything.",
                "start_time": "268.88",
                "end_time": "270.63",
                "speaker_label": "spk_1",
                "items": [
                    61,
                    62,
                    63,
                    64,
                    65,
                    66,
                    67
                ]
            },
            {
                "id": 8,
                "transcript": "I see, um, I think you also got the wrong number because, um, this is mostly the agnostics and we don't do MRI.",
                "start_time": "271.119",
                "end_time": "279.23",
                "speaker_label": "spk_0",
                "items": [
                    68,
                    69,
                    70,
                    71,
                    72,
                    73,
                    74,
                    75,
                    76,
                    77,
                    78,
                    79,
                    80,
                    81,
                    82,
                    83,
                    84,
                    85,
                    86,
                    87,
                    88,
                    89,
                    90,
                    91,
                    92,
                    93,
                    94,
                    95
                ]
            },
            {
                "id": 9,
                "transcript": "Oh, OK, uh, this is the Canadian diagnostic centers, right?",
                "start_time": "281.22",
                "end_time": "286.29",
                "speaker_label": "spk_1",
                "items": [
                    96,
                    97,
                    98,
                    99,
                    100,
                    101,
                    102,
                    103,
                    104,
                    105,
                    106,
                    107,
                    108,
                    109,
                    110
                ]
            },
            {
                "id": 10,
                "transcript": "Uh, no, this is for the agnostics in black. Oh, OK,",
                "start_time": "286.459",
                "end_time": "288.75",
                "speaker_label": "spk_0",
                "items": [
                    111,
                    112,
                    113,
                    114,
                    115,
                    116,
                    117,
                    118,
                    119,
                    120,
                    121,
                    122,
                    123,
                    124,
                    125,
                    126
                ]
            },
            {
                "id": 11,
                "transcript": "OK, thank for that thank you.",
                "start_time": "290.54",
                "end_time": "292.69",
                "speaker_label": "spk_1",
                "items": [
                    127,
                    128,
                    129,
                    130,
                    131,
                    132,
                    133,
                    134
                ]
            },
            {
                "id": 12,
                "transcript": "No problem. OK, bye bye.",
                "start_time": "292.899",
                "end_time": "294.309",
                "speaker_label": "spk_0",
                "items": [
                    135,
                    136,
                    137,
                    138,
                    139,
                    140,
                    141,
                    142
                ]
            }
        ]
    }
}