{
    "jobName": "transcription-job-2024-03-25T17-26-14Z-call-ba905ff2-e816-4bf5-95de-32e67cd32a22-1734643442",
    "accountId": "199040315413",
    "isRedacted": true,
    "status": "COMPLETED",
    "results": {
        "transcripts": [
            {
                "transcript": "Was diagnostic [PII] speaking how may I help you? Oh hi um I was just hoping to book an appointment for a pregnancy ultrasound. And which location ma'am? Sorry? In which location is it in [PII], yeah. OK and. OK, and do you have the requisition? I don't do I need one? Yes, yes, ma'am, you need the requisition, so when you will have the requisition you can give us a call and we will book your appointment. OK, that's the requisition from the doctor? Yes, yes. OK, OK thank you bye."
            }
        ],
        "speaker_labels": {
            "segments": [
                {
                    "start_time": "2.309",
                    "end_time": "5.179",
                    "speaker_label": "spk_0",
                    "items": [
                        {
                            "speaker_label": "spk_0",
                            "start_time": "2.5",
                            "end_time": "2.71"
                        },
                        {
                            "speaker_label": "spk_0",
                            "start_time": "2.71",
                            "end_time": "3.43"
                        },
                        {
                            "speaker_label": "spk_0",
                            "start_time": "3.43",
                            "end_time": "3.91"
                        },
                        {
                            "speaker_label": "spk_0",
                            "start_time": "3.91",
                            "end_time": "4.269"
                        },
                        {
                            "speaker_label": "spk_0",
                            "start_time": "4.269",
                            "end_time": "4.429"
                        },
                        {
                            "speaker_label": "spk_0",
                            "start_time": "4.429",
                            "end_time": "4.51"
                        },
                        {
                            "speaker_label": "spk_0",
                            "start_time": "4.51",
                            "end_time": "4.63"
                        },
                        {
                            "speaker_label": "spk_0",
                            "start_time": "4.63",
                            "end_time": "4.82"
                        },
                        {
                            "speaker_label": "spk_0",
                            "start_time": "4.82",
                            "end_time": "5.179"
                        }
                    ]
                },
                {
                    "start_time": "5.829",
                    "end_time": "6.699",
                    "speaker_label": "spk_1",
                    "items": [
                        {
                            "speaker_label": "spk_1",
                            "start_time": "5.829",
                            "end_time": "6.07"
                        },
                        {
                            "speaker_label": "spk_1",
                            "start_time": "6.07",
                            "end_time": "6.469"
                        },
                        {
                            "speaker_label": "spk_1",
                            "start_time": "6.469",
                            "end_time": "6.699"
                        }
                    ]
                },
                {
                    "start_time": "6.699",
                    "end_time": "6.909",
                    "speaker_label": "spk_1",
                    "items": [
                        {
                            "speaker_label": "spk_1",
                            "start_time": "6.699",
                            "end_time": "6.829"
                        },
                        {
                            "speaker_label": "spk_1",
                            "start_time": "6.829",
                            "end_time": "6.909"
                        }
                    ]
                },
                {
                    "start_time": "6.909",
                    "end_time": "9.67",
                    "speaker_label": "spk_1",
                    "items": [
                        {
                            "speaker_label": "spk_1",
                            "start_time": "6.909",
                            "end_time": "7.07"
                        },
                        {
                            "speaker_label": "spk_1",
                            "start_time": "7.07",
                            "end_time": "7.429"
                        },
                        {
                            "speaker_label": "spk_1",
                            "start_time": "7.429",
                            "end_time": "7.829"
                        },
                        {
                            "speaker_label": "spk_1",
                            "start_time": "7.829",
                            "end_time": "7.989"
                        },
                        {
                            "speaker_label": "spk_1",
                            "start_time": "7.989",
                            "end_time": "8.149"
                        },
                        {
                            "speaker_label": "spk_1",
                            "start_time": "8.149",
                            "end_time": "8.739"
                        },
                        {
                            "speaker_label": "spk_1",
                            "start_time": "8.739",
                            "end_time": "9.029"
                        },
                        {
                            "speaker_label": "spk_1",
                            "start_time": "9.029",
                            "end_time": "9.189"
                        },
                        {
                            "speaker_label": "spk_1",
                            "start_time": "9.189",
                            "end_time": "9.67"
                        }
                    ]
                },
                {
                    "start_time": "9.67",
                    "end_time": "10.619",
                    "speaker_label": "spk_1",
                    "items": [
                        {
                            "speaker_label": "spk_1",
                            "start_time": "9.67",
                            "end_time": "10.619"
                        }
                    ]
                },
                {
                    "start_time": "11.029",
                    "end_time": "12.84",
                    "speaker_label": "spk_0",
                    "items": [
                        {
                            "speaker_label": "spk_0",
                            "start_time": "11.029",
                            "end_time": "11.64"
                        },
                        {
                            "speaker_label": "spk_0",
                            "start_time": "12.399",
                            "end_time": "12.409"
                        },
                        {
                            "speaker_label": "spk_0",
                            "start_time": "12.409",
                            "end_time": "12.52"
                        },
                        {
                            "speaker_label": "spk_0",
                            "start_time": "12.52",
                            "end_time": "12.71"
                        }
                    ]
                },
                {
                    "start_time": "13.729",
                    "end_time": "13.75",
                    "speaker_label": "spk_1",
                    "items": [
                        {
                            "speaker_label": "spk_1",
                            "start_time": "13.739",
                            "end_time": "13.75"
                        }
                    ]
                },
                {
                    "start_time": "14.93",
                    "end_time": "20.209",
                    "speaker_label": "spk_0",
                    "items": [
                        {
                            "speaker_label": "spk_0",
                            "start_time": "14.93",
                            "end_time": "15.09"
                        },
                        {
                            "speaker_label": "spk_0",
                            "start_time": "15.09",
                            "end_time": "15.479"
                        },
                        {
                            "speaker_label": "spk_0",
                            "start_time": "15.479",
                            "end_time": "15.96"
                        },
                        {
                            "speaker_label": "spk_0",
                            "start_time": "15.96",
                            "end_time": "16.17"
                        },
                        {
                            "speaker_label": "spk_0",
                            "start_time": "16.17",
                            "end_time": "16.36"
                        },
                        {
                            "speaker_label": "spk_0",
                            "start_time": "16.36",
                            "end_time": "16.639"
                        },
                        {
                            "speaker_label": "spk_0",
                            "start_time": "16.639",
                            "end_time": "16.78"
                        },
                        {
                            "speaker_label": "spk_0",
                            "start_time": "16.79",
                            "end_time": "16.799"
                        },
                        {
                            "speaker_label": "spk_0",
                            "start_time": "19.329",
                            "end_time": "19.729"
                        },
                        {
                            "speaker_label": "spk_0",
                            "start_time": "19.729",
                            "end_time": "20.049"
                        }
                    ]
                },
                {
                    "start_time": "21.219",
                    "end_time": "23.299",
                    "speaker_label": "spk_0",
                    "items": [
                        {
                            "speaker_label": "spk_0",
                            "start_time": "21.229",
                            "end_time": "21.659"
                        },
                        {
                            "speaker_label": "spk_0",
                            "start_time": "21.739",
                            "end_time": "21.94"
                        },
                        {
                            "speaker_label": "spk_0",
                            "start_time": "21.94",
                            "end_time": "22.01"
                        },
                        {
                            "speaker_label": "spk_0",
                            "start_time": "22.01",
                            "end_time": "22.18"
                        },
                        {
                            "speaker_label": "spk_0",
                            "start_time": "22.18",
                            "end_time": "22.379"
                        },
                        {
                            "speaker_label": "spk_0",
                            "start_time": "22.379",
                            "end_time": "22.5"
                        },
                        {
                            "speaker_label": "spk_0",
                            "start_time": "22.5",
                            "end_time": "23.209"
                        }
                    ]
                },
                {
                    "start_time": "24.28",
                    "end_time": "25.909",
                    "speaker_label": "spk_1",
                    "items": [
                        {
                            "speaker_label": "spk_1",
                            "start_time": "24.36",
                            "end_time": "24.69"
                        },
                        {
                            "speaker_label": "spk_1",
                            "start_time": "24.69",
                            "end_time": "25.079"
                        },
                        {
                            "speaker_label": "spk_1",
                            "start_time": "25.079",
                            "end_time": "25.159"
                        },
                        {
                            "speaker_label": "spk_1",
                            "start_time": "25.159",
                            "end_time": "25.29"
                        },
                        {
                            "speaker_label": "spk_1",
                            "start_time": "25.29",
                            "end_time": "25.479"
                        },
                        {
                            "speaker_label": "spk_1",
                            "start_time": "25.479",
                            "end_time": "25.909"
                        }
                    ]
                },
                {
                    "start_time": "26.28",
                    "end_time": "34.169",
                    "speaker_label": "spk_0",
                    "items": [
                        {
                            "speaker_label": "spk_0",
                            "start_time": "26.28",
                            "end_time": "26.76"
                        },
                        {
                            "speaker_label": "spk_0",
                            "start_time": "26.84",
                            "end_time": "27.309"
                        },
                        {
                            "speaker_label": "spk_0",
                            "start_time": "27.319",
                            "end_time": "27.479"
                        },
                        {
                            "speaker_label": "spk_0",
                            "start_time": "27.559",
                            "end_time": "27.719"
                        },
                        {
                            "speaker_label": "spk_0",
                            "start_time": "27.719",
                            "end_time": "27.92"
                        },
                        {
                            "speaker_label": "spk_0",
                            "start_time": "27.92",
                            "end_time": "28.079"
                        },
                        {
                            "speaker_label": "spk_0",
                            "start_time": "28.079",
                            "end_time": "28.909"
                        },
                        {
                            "speaker_label": "spk_0",
                            "start_time": "28.92",
                            "end_time": "29.2"
                        },
                        {
                            "speaker_label": "spk_0",
                            "start_time": "29.2",
                            "end_time": "29.399"
                        },
                        {
                            "speaker_label": "spk_0",
                            "start_time": "29.399",
                            "end_time": "29.559"
                        },
                        {
                            "speaker_label": "spk_0",
                            "start_time": "29.559",
                            "end_time": "30.28"
                        },
                        {
                            "speaker_label": "spk_0",
                            "start_time": "30.28",
                            "end_time": "30.68"
                        },
                        {
                            "speaker_label": "spk_0",
                            "start_time": "30.68",
                            "end_time": "30.84"
                        },
                        {
                            "speaker_label": "spk_0",
                            "start_time": "30.84",
                            "end_time": "31.399"
                        },
                        {
                            "speaker_label": "spk_0",
                            "start_time": "31.399",
                            "end_time": "31.559"
                        },
                        {
                            "speaker_label": "spk_0",
                            "start_time": "31.559",
                            "end_time": "31.719"
                        },
                        {
                            "speaker_label": "spk_0",
                            "start_time": "31.719",
                            "end_time": "31.879"
                        },
                        {
                            "speaker_label": "spk_0",
                            "start_time": "31.879",
                            "end_time": "32.04"
                        },
                        {
                            "speaker_label": "spk_0",
                            "start_time": "32.04",
                            "end_time": "32.24"
                        },
                        {
                            "speaker_label": "spk_0",
                            "start_time": "32.24",
                            "end_time": "32.43"
                        },
                        {
                            "speaker_label": "spk_0",
                            "start_time": "32.43",
                            "end_time": "32.599"
                        },
                        {
                            "speaker_label": "spk_0",
                            "start_time": "32.599",
                            "end_time": "32.759"
                        },
                        {
                            "speaker_label": "spk_0",
                            "start_time": "32.759",
                            "end_time": "32.959"
                        },
                        {
                            "speaker_label": "spk_0",
                            "start_time": "32.959",
                            "end_time": "33.159"
                        },
                        {
                            "speaker_label": "spk_0",
                            "start_time": "33.159",
                            "end_time": "33.349"
                        },
                        {
                            "speaker_label": "spk_0",
                            "start_time": "33.349",
                            "end_time": "34.169"
                        }
                    ]
                },
                {
                    "start_time": "34.68",
                    "end_time": "36.349",
                    "speaker_label": "spk_1",
                    "items": [
                        {
                            "speaker_label": "spk_1",
                            "start_time": "34.68",
                            "end_time": "34.88"
                        },
                        {
                            "speaker_label": "spk_1",
                            "start_time": "34.919",
                            "end_time": "35.06"
                        },
                        {
                            "speaker_label": "spk_1",
                            "start_time": "35.06",
                            "end_time": "35.159"
                        },
                        {
                            "speaker_label": "spk_1",
                            "start_time": "35.159",
                            "end_time": "35.52"
                        },
                        {
                            "speaker_label": "spk_1",
                            "start_time": "35.52",
                            "end_time": "35.639"
                        },
                        {
                            "speaker_label": "spk_1",
                            "start_time": "35.639",
                            "end_time": "35.799"
                        },
                        {
                            "speaker_label": "spk_1",
                            "start_time": "35.799",
                            "end_time": "36.349"
                        }
                    ]
                },
                {
                    "start_time": "36.56",
                    "end_time": "38.99",
                    "speaker_label": "spk_0",
                    "items": [
                        {
                            "speaker_label": "spk_0",
                            "start_time": "36.56",
                            "end_time": "37.11"
                        },
                        {
                            "speaker_label": "spk_0",
                            "start_time": "37.24",
                            "end_time": "37.79"
                        },
                        {
                            "speaker_label": "spk_0",
                            "start_time": "38.2",
                            "end_time": "38.99"
                        }
                    ]
                },
                {
                    "start_time": "39.439",
                    "end_time": "40.11",
                    "speaker_label": "spk_1",
                    "items": [
                        {
                            "speaker_label": "spk_1",
                            "start_time": "39.439",
                            "end_time": "40.11"
                        }
                    ]
                },
                {
                    "start_time": "40.84",
                    "end_time": "40.88",
                    "speaker_label": "spk_1",
                    "items": [
                        {
                            "speaker_label": "spk_1",
                            "start_time": "40.84",
                            "end_time": "40.88"
                        }
                    ]
                },
                {
                    "start_time": "40.88",
                    "end_time": "42.279",
                    "speaker_label": "spk_1",
                    "items": [
                        {
                            "speaker_label": "spk_1",
                            "start_time": "40.88",
                            "end_time": "41.409"
                        },
                        {
                            "speaker_label": "spk_1",
                            "start_time": "41.88",
                            "end_time": "42.119"
                        }
                    ]
                }
            ],
            "channel_label": "ch_0",
            "speakers": 2
        },
        "items": [
            {
                "id": 0,
                "type": "pronunciation",
                "alternatives": [
                    {
                        "confidence": "0.059",
                        "content": "Was"
                    }
                ],
                "start_time": "2.5",
                "end_time": "2.71",
                "speaker_label": "spk_0"
            },
            {
                "id": 1,
                "type": "pronunciation",
                "alternatives": [
                    {
                        "confidence": "0.37",
                        "content": "diagnostic"
                    }
                ],
                "start_time": "2.71",
                "end_time": "3.43",
                "speaker_label": "spk_0"
            },
            {
                "id": 2,
                "type": "pronunciation",
                "alternatives": [
                    {
                        "content": "[PII]",
                        "redactions": [
                            {
                                "confidence": "1.0",
                                "type": "NAME",
                                "category": "PII"
                            }
                        ]
                    }
                ],
                "start_time": "3.43",
                "end_time": "3.91"
            },
            {
                "id": 3,
                "type": "pronunciation",
                "alternatives": [
                    {
                        "confidence": "0.998",
                        "content": "speaking"
                    }
                ],
                "start_time": "3.91",
                "end_time": "4.269",
                "speaker_label": "spk_0"
            },
            {
                "id": 4,
                "type": "pronunciation",
                "alternatives": [
                    {
                        "confidence": "0.989",
                        "content": "how"
                    }
                ],
                "start_time": "4.269",
                "end_time": "4.429",
                "speaker_label": "spk_0"
            },
            {
                "id": 5,
                "type": "pronunciation",
                "alternatives": [
                    {
                        "confidence": "0.999",
                        "content": "may"
                    }
                ],
                "start_time": "4.429",
                "end_time": "4.51",
                "speaker_label": "spk_0"
            },
            {
                "id": 6,
                "type": "pronunciation",
                "alternatives": [
                    {
                        "confidence": "0.998",
                        "content": "I"
                    }
                ],
                "start_time": "4.51",
                "end_time": "4.63",
                "speaker_label": "spk_0"
            },
            {
                "id": 7,
                "type": "pronunciation",
                "alternatives": [
                    {
                        "confidence": "0.999",
                        "content": "help"
                    }
                ],
                "start_time": "4.63",
                "end_time": "4.82",
                "speaker_label": "spk_0"
            },
            {
                "id": 8,
                "type": "pronunciation",
                "alternatives": [
                    {
                        "confidence": "0.999",
                        "content": "you"
                    }
                ],
                "start_time": "4.82",
                "end_time": "5.179",
                "speaker_label": "spk_0"
            },
            {
                "id": 9,
                "type": "punctuation",
                "alternatives": [
                    {
                        "confidence": "0.0",
                        "content": "?"
                    }
                ],
                "speaker_label": "spk_0"
            },
            {
                "id": 10,
                "type": "pronunciation",
                "alternatives": [
                    {
                        "confidence": "0.998",
                        "content": "Oh"
                    }
                ],
                "start_time": "5.829",
                "end_time": "6.07",
                "speaker_label": "spk_1"
            },
            {
                "id": 11,
                "type": "pronunciation",
                "alternatives": [
                    {
                        "confidence": "0.999",
                        "content": "hi"
                    }
                ],
                "start_time": "6.07",
                "end_time": "6.469",
                "speaker_label": "spk_1"
            },
            {
                "id": 12,
                "type": "pronunciation",
                "alternatives": [
                    {
                        "confidence": "0.996",
                        "content": "um"
                    }
                ],
                "start_time": "6.469",
                "end_time": "6.699",
                "speaker_label": "spk_1"
            },
            {
                "id": 13,
                "type": "pronunciation",
                "alternatives": [
                    {
                        "confidence": "0.999",
                        "content": "I"
                    }
                ],
                "start_time": "6.699",
                "end_time": "6.829",
                "speaker_label": "spk_1"
            },
            {
                "id": 14,
                "type": "pronunciation",
                "alternatives": [
                    {
                        "confidence": "0.997",
                        "content": "was"
                    }
                ],
                "start_time": "6.829",
                "end_time": "6.909",
                "speaker_label": "spk_1"
            },
            {
                "id": 15,
                "type": "pronunciation",
                "alternatives": [
                    {
                        "confidence": "0.997",
                        "content": "just"
                    }
                ],
                "start_time": "6.909",
                "end_time": "7.07",
                "speaker_label": "spk_1"
            },
            {
                "id": 16,
                "type": "pronunciation",
                "alternatives": [
                    {
                        "confidence": "0.994",
                        "content": "hoping"
                    }
                ],
                "start_time": "7.07",
                "end_time": "7.429",
                "speaker_label": "spk_1"
            },
            {
                "id": 17,
                "type": "pronunciation",
                "alternatives": [
                    {
                        "confidence": "0.999",
                        "content": "to"
                    }
                ],
                "start_time": "7.429",
                "end_time": "7.829",
                "speaker_label": "spk_1"
            },
            {
                "id": 18,
                "type": "pronunciation",
                "alternatives": [
                    {
                        "confidence": "0.999",
                        "content": "book"
                    }
                ],
                "start_time": "7.829",
                "end_time": "7.989",
                "speaker_label": "spk_1"
            },
            {
                "id": 19,
                "type": "pronunciation",
                "alternatives": [
                    {
                        "confidence": "0.998",
                        "content": "an"
                    }
                ],
                "start_time": "7.989",
                "end_time": "8.149",
                "speaker_label": "spk_1"
            },
            {
                "id": 20,
                "type": "pronunciation",
                "alternatives": [
                    {
                        "confidence": "0.999",
                        "content": "appointment"
                    }
                ],
                "start_time": "8.149",
                "end_time": "8.739",
                "speaker_label": "spk_1"
            },
            {
                "id": 21,
                "type": "pronunciation",
                "alternatives": [
                    {
                        "confidence": "0.999",
                        "content": "for"
                    }
                ],
                "start_time": "8.739",
                "end_time": "9.029",
                "speaker_label": "spk_1"
            },
            {
                "id": 22,
                "type": "pronunciation",
                "alternatives": [
                    {
                        "confidence": "0.996",
                        "content": "a"
                    }
                ],
                "start_time": "9.029",
                "end_time": "9.189",
                "speaker_label": "spk_1"
            },
            {
                "id": 23,
                "type": "pronunciation",
                "alternatives": [
                    {
                        "confidence": "0.996",
                        "content": "pregnancy"
                    }
                ],
                "start_time": "9.189",
                "end_time": "9.67",
                "speaker_label": "spk_1"
            },
            {
                "id": 24,
                "type": "pronunciation",
                "alternatives": [
                    {
                        "confidence": "0.99",
                        "content": "ultrasound"
                    }
                ],
                "start_time": "9.67",
                "end_time": "10.619",
                "speaker_label": "spk_1"
            },
            {
                "id": 25,
                "type": "punctuation",
                "alternatives": [
                    {
                        "confidence": "0.0",
                        "content": "."
                    }
                ],
                "speaker_label": "spk_1"
            },
            {
                "id": 26,
                "type": "pronunciation",
                "alternatives": [
                    {
                        "confidence": "0.996",
                        "content": "And"
                    }
                ],
                "start_time": "11.029",
                "end_time": "11.64",
                "speaker_label": "spk_0"
            },
            {
                "id": 27,
                "type": "pronunciation",
                "alternatives": [
                    {
                        "confidence": "0.263",
                        "content": "which"
                    }
                ],
                "start_time": "12.399",
                "end_time": "12.409",
                "speaker_label": "spk_0"
            },
            {
                "id": 28,
                "type": "pronunciation",
                "alternatives": [
                    {
                        "confidence": "0.73",
                        "content": "location"
                    }
                ],
                "start_time": "12.409",
                "end_time": "12.52",
                "speaker_label": "spk_0"
            },
            {
                "id": 29,
                "type": "pronunciation",
                "alternatives": [
                    {
                        "confidence": "0.988",
                        "content": "ma'am"
                    }
                ],
                "start_time": "12.52",
                "end_time": "12.71",
                "speaker_label": "spk_0"
            },
            {
                "id": 30,
                "type": "punctuation",
                "alternatives": [
                    {
                        "confidence": "0.0",
                        "content": "?"
                    }
                ],
                "speaker_label": "spk_0"
            },
            {
                "id": 31,
                "type": "pronunciation",
                "alternatives": [
                    {
                        "confidence": "0.986",
                        "content": "Sorry"
                    }
                ],
                "start_time": "13.739",
                "end_time": "13.75",
                "speaker_label": "spk_1"
            },
            {
                "id": 32,
                "type": "punctuation",
                "alternatives": [
                    {
                        "confidence": "0.0",
                        "content": "?"
                    }
                ],
                "speaker_label": "spk_1"
            },
            {
                "id": 33,
                "type": "pronunciation",
                "alternatives": [
                    {
                        "confidence": "0.998",
                        "content": "In"
                    }
                ],
                "start_time": "14.93",
                "end_time": "15.09",
                "speaker_label": "spk_0"
            },
            {
                "id": 34,
                "type": "pronunciation",
                "alternatives": [
                    {
                        "confidence": "0.998",
                        "content": "which"
                    }
                ],
                "start_time": "15.09",
                "end_time": "15.479",
                "speaker_label": "spk_0"
            },
            {
                "id": 35,
                "type": "pronunciation",
                "alternatives": [
                    {
                        "confidence": "0.998",
                        "content": "location"
                    }
                ],
                "start_time": "15.479",
                "end_time": "15.96",
                "speaker_label": "spk_0"
            },
            {
                "id": 36,
                "type": "pronunciation",
                "alternatives": [
                    {
                        "confidence": "0.995",
                        "content": "is"
                    }
                ],
                "start_time": "15.96",
                "end_time": "16.17",
                "speaker_label": "spk_0"
            },
            {
                "id": 37,
                "type": "pronunciation",
                "alternatives": [
                    {
                        "confidence": "0.996",
                        "content": "it"
                    }
                ],
                "start_time": "16.17",
                "end_time": "16.36",
                "speaker_label": "spk_0"
            },
            {
                "id": 38,
                "type": "pronunciation",
                "alternatives": [
                    {
                        "confidence": "0.984",
                        "content": "in"
                    }
                ],
                "start_time": "16.36",
                "end_time": "16.639",
                "speaker_label": "spk_0"
            },
            {
                "id": 39,
                "type": "pronunciation",
                "alternatives": [
                    {
                        "content": "[PII]",
                        "redactions": [
                            {
                                "confidence": "0.8471",
                                "type": "ADDRESS",
                                "category": "PII"
                            }
                        ]
                    }
                ],
                "start_time": "16.639",
                "end_time": "16.78"
            },
            {
                "id": 40,
                "type": "punctuation",
                "alternatives": [
                    {
                        "confidence": "0.0",
                        "content": ","
                    }
                ]
            },
            {
                "id": 41,
                "type": "pronunciation",
                "alternatives": [
                    {
                        "confidence": "0.99",
                        "content": "yeah"
                    }
                ],
                "start_time": "16.79",
                "end_time": "16.799",
                "speaker_label": "spk_0"
            },
            {
                "id": 42,
                "type": "punctuation",
                "alternatives": [
                    {
                        "confidence": "0.0",
                        "content": "."
                    }
                ],
                "speaker_label": "spk_0"
            },
            {
                "id": 43,
                "type": "pronunciation",
                "alternatives": [
                    {
                        "confidence": "0.998",
                        "content": "OK"
                    }
                ],
                "start_time": "19.329",
                "end_time": "19.729",
                "speaker_label": "spk_0"
            },
            {
                "id": 44,
                "type": "pronunciation",
                "alternatives": [
                    {
                        "confidence": "0.996",
                        "content": "and"
                    }
                ],
                "start_time": "19.729",
                "end_time": "20.049",
                "speaker_label": "spk_0"
            },
            {
                "id": 45,
                "type": "punctuation",
                "alternatives": [
                    {
                        "confidence": "0.0",
                        "content": "."
                    }
                ],
                "speaker_label": "spk_0"
            },
            {
                "id": 46,
                "type": "pronunciation",
                "alternatives": [
                    {
                        "confidence": "0.996",
                        "content": "OK"
                    }
                ],
                "start_time": "21.229",
                "end_time": "21.659",
                "speaker_label": "spk_0"
            },
            {
                "id": 47,
                "type": "punctuation",
                "alternatives": [
                    {
                        "confidence": "0.0",
                        "content": ","
                    }
                ],
                "speaker_label": "spk_0"
            },
            {
                "id": 48,
                "type": "pronunciation",
                "alternatives": [
                    {
                        "confidence": "0.997",
                        "content": "and"
                    }
                ],
                "start_time": "21.739",
                "end_time": "21.94",
                "speaker_label": "spk_0"
            },
            {
                "id": 49,
                "type": "pronunciation",
                "alternatives": [
                    {
                        "confidence": "0.997",
                        "content": "do"
                    }
                ],
                "start_time": "21.94",
                "end_time": "22.01",
                "speaker_label": "spk_0"
            },
            {
                "id": 50,
                "type": "pronunciation",
                "alternatives": [
                    {
                        "confidence": "0.999",
                        "content": "you"
                    }
                ],
                "start_time": "22.01",
                "end_time": "22.18",
                "speaker_label": "spk_0"
            },
            {
                "id": 51,
                "type": "pronunciation",
                "alternatives": [
                    {
                        "confidence": "0.999",
                        "content": "have"
                    }
                ],
                "start_time": "22.18",
                "end_time": "22.379",
                "speaker_label": "spk_0"
            },
            {
                "id": 52,
                "type": "pronunciation",
                "alternatives": [
                    {
                        "confidence": "0.997",
                        "content": "the"
                    }
                ],
                "start_time": "22.379",
                "end_time": "22.5",
                "speaker_label": "spk_0"
            },
            {
                "id": 53,
                "type": "pronunciation",
                "alternatives": [
                    {
                        "confidence": "0.974",
                        "content": "requisition"
                    }
                ],
                "start_time": "22.5",
                "end_time": "23.209",
                "speaker_label": "spk_0"
            },
            {
                "id": 54,
                "type": "punctuation",
                "alternatives": [
                    {
                        "confidence": "0.0",
                        "content": "?"
                    }
                ],
                "speaker_label": "spk_0"
            },
            {
                "id": 55,
                "type": "pronunciation",
                "alternatives": [
                    {
                        "confidence": "0.998",
                        "content": "I"
                    }
                ],
                "start_time": "24.36",
                "end_time": "24.69",
                "speaker_label": "spk_1"
            },
            {
                "id": 56,
                "type": "pronunciation",
                "alternatives": [
                    {
                        "confidence": "0.994",
                        "content": "don't"
                    }
                ],
                "start_time": "24.69",
                "end_time": "25.079",
                "speaker_label": "spk_1"
            },
            {
                "id": 57,
                "type": "pronunciation",
                "alternatives": [
                    {
                        "confidence": "0.996",
                        "content": "do"
                    }
                ],
                "start_time": "25.079",
                "end_time": "25.159",
                "speaker_label": "spk_1"
            },
            {
                "id": 58,
                "type": "pronunciation",
                "alternatives": [
                    {
                        "confidence": "0.998",
                        "content": "I"
                    }
                ],
                "start_time": "25.159",
                "end_time": "25.29",
                "speaker_label": "spk_1"
            },
            {
                "id": 59,
                "type": "pronunciation",
                "alternatives": [
                    {
                        "confidence": "0.999",
                        "content": "need"
                    }
                ],
                "start_time": "25.29",
                "end_time": "25.479",
                "speaker_label": "spk_1"
            },
            {
                "id": 60,
                "type": "pronunciation",
                "alternatives": [
                    {
                        "confidence": "0.998",
                        "content": "one"
                    }
                ],
                "start_time": "25.479",
                "end_time": "25.909",
                "speaker_label": "spk_1"
            },
            {
                "id": 61,
                "type": "punctuation",
                "alternatives": [
                    {
                        "confidence": "0.0",
                        "content": "?"
                    }
                ],
                "speaker_label": "spk_1"
            },
            {
                "id": 62,
                "type": "pronunciation",
                "alternatives": [
                    {
                        "confidence": "0.999",
                        "content": "Yes"
                    }
                ],
                "start_time": "26.28",
                "end_time": "26.76",
                "speaker_label": "spk_0"
            },
            {
                "id": 63,
                "type": "punctuation",
                "alternatives": [
                    {
                        "confidence": "0.0",
                        "content": ","
                    }
                ],
                "speaker_label": "spk_0"
            },
            {
                "id": 64,
                "type": "pronunciation",
                "alternatives": [
                    {
                        "confidence": "0.998",
                        "content": "yes"
                    }
                ],
                "start_time": "26.84",
                "end_time": "27.309",
                "speaker_label": "spk_0"
            },
            {
                "id": 65,
                "type": "punctuation",
                "alternatives": [
                    {
                        "confidence": "0.0",
                        "content": ","
                    }
                ],
                "speaker_label": "spk_0"
            },
            {
                "id": 66,
                "type": "pronunciation",
                "alternatives": [
                    {
                        "confidence": "0.99",
                        "content": "ma'am"
                    }
                ],
                "start_time": "27.319",
                "end_time": "27.479",
                "speaker_label": "spk_0"
            },
            {
                "id": 67,
                "type": "punctuation",
                "alternatives": [
                    {
                        "confidence": "0.0",
                        "content": ","
                    }
                ],
                "speaker_label": "spk_0"
            },
            {
                "id": 68,
                "type": "pronunciation",
                "alternatives": [
                    {
                        "confidence": "0.997",
                        "content": "you"
                    }
                ],
                "start_time": "27.559",
                "end_time": "27.719",
                "speaker_label": "spk_0"
            },
            {
                "id": 69,
                "type": "pronunciation",
                "alternatives": [
                    {
                        "confidence": "0.999",
                        "content": "need"
                    }
                ],
                "start_time": "27.719",
                "end_time": "27.92",
                "speaker_label": "spk_0"
            },
            {
                "id": 70,
                "type": "pronunciation",
                "alternatives": [
                    {
                        "confidence": "0.996",
                        "content": "the"
                    }
                ],
                "start_time": "27.92",
                "end_time": "28.079",
                "speaker_label": "spk_0"
            },
            {
                "id": 71,
                "type": "pronunciation",
                "alternatives": [
                    {
                        "confidence": "0.966",
                        "content": "requisition"
                    }
                ],
                "start_time": "28.079",
                "end_time": "28.909",
                "speaker_label": "spk_0"
            },
            {
                "id": 72,
                "type": "punctuation",
                "alternatives": [
                    {
                        "confidence": "0.0",
                        "content": ","
                    }
                ],
                "speaker_label": "spk_0"
            },
            {
                "id": 73,
                "type": "pronunciation",
                "alternatives": [
                    {
                        "confidence": "0.996",
                        "content": "so"
                    }
                ],
                "start_time": "28.92",
                "end_time": "29.2",
                "speaker_label": "spk_0"
            },
            {
                "id": 74,
                "type": "pronunciation",
                "alternatives": [
                    {
                        "confidence": "0.998",
                        "content": "when"
                    }
                ],
                "start_time": "29.2",
                "end_time": "29.399",
                "speaker_label": "spk_0"
            },
            {
                "id": 75,
                "type": "pronunciation",
                "alternatives": [
                    {
                        "confidence": "0.998",
                        "content": "you"
                    }
                ],
                "start_time": "29.399",
                "end_time": "29.559",
                "speaker_label": "spk_0"
            },
            {
                "id": 76,
                "type": "pronunciation",
                "alternatives": [
                    {
                        "confidence": "0.997",
                        "content": "will"
                    }
                ],
                "start_time": "29.559",
                "end_time": "30.28",
                "speaker_label": "spk_0"
            },
            {
                "id": 77,
                "type": "pronunciation",
                "alternatives": [
                    {
                        "confidence": "0.997",
                        "content": "have"
                    }
                ],
                "start_time": "30.28",
                "end_time": "30.68",
                "speaker_label": "spk_0"
            },
            {
                "id": 78,
                "type": "pronunciation",
                "alternatives": [
                    {
                        "confidence": "0.997",
                        "content": "the"
                    }
                ],
                "start_time": "30.68",
                "end_time": "30.84",
                "speaker_label": "spk_0"
            },
            {
                "id": 79,
                "type": "pronunciation",
                "alternatives": [
                    {
                        "confidence": "0.983",
                        "content": "requisition"
                    }
                ],
                "start_time": "30.84",
                "end_time": "31.399",
                "speaker_label": "spk_0"
            },
            {
                "id": 80,
                "type": "pronunciation",
                "alternatives": [
                    {
                        "confidence": "0.998",
                        "content": "you"
                    }
                ],
                "start_time": "31.399",
                "end_time": "31.559",
                "speaker_label": "spk_0"
            },
            {
                "id": 81,
                "type": "pronunciation",
                "alternatives": [
                    {
                        "confidence": "0.998",
                        "content": "can"
                    }
                ],
                "start_time": "31.559",
                "end_time": "31.719",
                "speaker_label": "spk_0"
            },
            {
                "id": 82,
                "type": "pronunciation",
                "alternatives": [
                    {
                        "confidence": "0.998",
                        "content": "give"
                    }
                ],
                "start_time": "31.719",
                "end_time": "31.879",
                "speaker_label": "spk_0"
            },
            {
                "id": 83,
                "type": "pronunciation",
                "alternatives": [
                    {
                        "confidence": "0.999",
                        "content": "us"
                    }
                ],
                "start_time": "31.879",
                "end_time": "32.04",
                "speaker_label": "spk_0"
            },
            {
                "id": 84,
                "type": "pronunciation",
                "alternatives": [
                    {
                        "confidence": "0.998",
                        "content": "a"
                    }
                ],
                "start_time": "32.04",
                "end_time": "32.24",
                "speaker_label": "spk_0"
            },
            {
                "id": 85,
                "type": "pronunciation",
                "alternatives": [
                    {
                        "confidence": "0.999",
                        "content": "call"
                    }
                ],
                "start_time": "32.24",
                "end_time": "32.43",
                "speaker_label": "spk_0"
            },
            {
                "id": 86,
                "type": "pronunciation",
                "alternatives": [
                    {
                        "confidence": "0.999",
                        "content": "and"
                    }
                ],
                "start_time": "32.43",
                "end_time": "32.599",
                "speaker_label": "spk_0"
            },
            {
                "id": 87,
                "type": "pronunciation",
                "alternatives": [
                    {
                        "confidence": "0.996",
                        "content": "we"
                    }
                ],
                "start_time": "32.599",
                "end_time": "32.759",
                "speaker_label": "spk_0"
            },
            {
                "id": 88,
                "type": "pronunciation",
                "alternatives": [
                    {
                        "confidence": "0.997",
                        "content": "will"
                    }
                ],
                "start_time": "32.759",
                "end_time": "32.959",
                "speaker_label": "spk_0"
            },
            {
                "id": 89,
                "type": "pronunciation",
                "alternatives": [
                    {
                        "confidence": "0.997",
                        "content": "book"
                    }
                ],
                "start_time": "32.959",
                "end_time": "33.159",
                "speaker_label": "spk_0"
            },
            {
                "id": 90,
                "type": "pronunciation",
                "alternatives": [
                    {
                        "confidence": "0.997",
                        "content": "your"
                    }
                ],
                "start_time": "33.159",
                "end_time": "33.349",
                "speaker_label": "spk_0"
            },
            {
                "id": 91,
                "type": "pronunciation",
                "alternatives": [
                    {
                        "confidence": "0.994",
                        "content": "appointment"
                    }
                ],
                "start_time": "33.349",
                "end_time": "34.169",
                "speaker_label": "spk_0"
            },
            {
                "id": 92,
                "type": "punctuation",
                "alternatives": [
                    {
                        "confidence": "0.0",
                        "content": "."
                    }
                ],
                "speaker_label": "spk_0"
            },
            {
                "id": 93,
                "type": "pronunciation",
                "alternatives": [
                    {
                        "confidence": "0.998",
                        "content": "OK"
                    }
                ],
                "start_time": "34.68",
                "end_time": "34.88",
                "speaker_label": "spk_1"
            },
            {
                "id": 94,
                "type": "punctuation",
                "alternatives": [
                    {
                        "confidence": "0.0",
                        "content": ","
                    }
                ],
                "speaker_label": "spk_1"
            },
            {
                "id": 95,
                "type": "pronunciation",
                "alternatives": [
                    {
                        "confidence": "0.716",
                        "content": "that's"
                    }
                ],
                "start_time": "34.919",
                "end_time": "35.06",
                "speaker_label": "spk_1"
            },
            {
                "id": 96,
                "type": "pronunciation",
                "alternatives": [
                    {
                        "confidence": "0.828",
                        "content": "the"
                    }
                ],
                "start_time": "35.06",
                "end_time": "35.159",
                "speaker_label": "spk_1"
            },
            {
                "id": 97,
                "type": "pronunciation",
                "alternatives": [
                    {
                        "confidence": "0.519",
                        "content": "requisition"
                    }
                ],
                "start_time": "35.159",
                "end_time": "35.52",
                "speaker_label": "spk_1"
            },
            {
                "id": 98,
                "type": "pronunciation",
                "alternatives": [
                    {
                        "confidence": "0.997",
                        "content": "from"
                    }
                ],
                "start_time": "35.52",
                "end_time": "35.639",
                "speaker_label": "spk_1"
            },
            {
                "id": 99,
                "type": "pronunciation",
                "alternatives": [
                    {
                        "confidence": "0.994",
                        "content": "the"
                    }
                ],
                "start_time": "35.639",
                "end_time": "35.799",
                "speaker_label": "spk_1"
            },
            {
                "id": 100,
                "type": "pronunciation",
                "alternatives": [
                    {
                        "confidence": "0.998",
                        "content": "doctor"
                    }
                ],
                "start_time": "35.799",
                "end_time": "36.349",
                "speaker_label": "spk_1"
            },
            {
                "id": 101,
                "type": "punctuation",
                "alternatives": [
                    {
                        "confidence": "0.0",
                        "content": "?"
                    }
                ],
                "speaker_label": "spk_1"
            },
            {
                "id": 102,
                "type": "pronunciation",
                "alternatives": [
                    {
                        "confidence": "0.996",
                        "content": "Yes"
                    }
                ],
                "start_time": "36.56",
                "end_time": "37.11",
                "speaker_label": "spk_0"
            },
            {
                "id": 103,
                "type": "punctuation",
                "alternatives": [
                    {
                        "confidence": "0.0",
                        "content": ","
                    }
                ],
                "speaker_label": "spk_0"
            },
            {
                "id": 104,
                "type": "pronunciation",
                "alternatives": [
                    {
                        "confidence": "0.997",
                        "content": "yes"
                    }
                ],
                "start_time": "37.24",
                "end_time": "37.79",
                "speaker_label": "spk_0"
            },
            {
                "id": 105,
                "type": "punctuation",
                "alternatives": [
                    {
                        "confidence": "0.0",
                        "content": "."
                    }
                ],
                "speaker_label": "spk_0"
            },
            {
                "id": 106,
                "type": "pronunciation",
                "alternatives": [
                    {
                        "confidence": "0.998",
                        "content": "OK"
                    }
                ],
                "start_time": "38.2",
                "end_time": "38.99",
                "speaker_label": "spk_0"
            },
            {
                "id": 107,
                "type": "punctuation",
                "alternatives": [
                    {
                        "confidence": "0.0",
                        "content": ","
                    }
                ],
                "speaker_label": "spk_0"
            },
            {
                "id": 108,
                "type": "pronunciation",
                "alternatives": [
                    {
                        "confidence": "0.998",
                        "content": "OK"
                    }
                ],
                "start_time": "39.439",
                "end_time": "40.11",
                "speaker_label": "spk_1"
            },
            {
                "id": 109,
                "type": "pronunciation",
                "alternatives": [
                    {
                        "confidence": "0.996",
                        "content": "thank"
                    }
                ],
                "start_time": "40.84",
                "end_time": "40.88",
                "speaker_label": "spk_1"
            },
            {
                "id": 110,
                "type": "pronunciation",
                "alternatives": [
                    {
                        "confidence": "0.996",
                        "content": "you"
                    }
                ],
                "start_time": "40.88",
                "end_time": "41.409",
                "speaker_label": "spk_1"
            },
            {
                "id": 111,
                "type": "pronunciation",
                "alternatives": [
                    {
                        "confidence": "0.992",
                        "content": "bye"
                    }
                ],
                "start_time": "41.88",
                "end_time": "42.119",
                "speaker_label": "spk_1"
            },
            {
                "id": 112,
                "type": "punctuation",
                "alternatives": [
                    {
                        "confidence": "0.0",
                        "content": "."
                    }
                ],
                "speaker_label": "spk_1"
            }
        ],
        "audio_segments": [
            {
                "id": 0,
                "transcript": "Was diagnostic [PII] speaking how may I help you?",
                "start_time": "2.309",
                "end_time": "5.179",
                "speaker_label": "spk_0",
                "items": [
                    0,
                    1,
                    2,
                    3,
                    4,
                    5,
                    6,
                    7,
                    8,
                    9
                ]
            },
            {
                "id": 1,
                "transcript": "Oh hi um",
                "start_time": "5.829",
                "end_time": "6.699",
                "speaker_label": "spk_1",
                "items": [
                    10,
                    11,
                    12
                ]
            },
            {
                "id": 2,
                "transcript": "I was",
                "start_time": "6.699",
                "end_time": "6.909",
                "speaker_label": "spk_1",
                "items": [
                    13,
                    14
                ]
            },
            {
                "id": 3,
                "transcript": "just hoping to book an appointment for a pregnancy",
                "start_time": "6.909",
                "end_time": "9.67",
                "speaker_label": "spk_1",
                "items": [
                    15,
                    16,
                    17,
                    18,
                    19,
                    20,
                    21,
                    22,
                    23
                ]
            },
            {
                "id": 4,
                "transcript": "ultrasound.",
                "start_time": "9.67",
                "end_time": "10.619",
                "speaker_label": "spk_1",
                "items": [
                    24,
                    25
                ]
            },
            {
                "id": 5,
                "transcript": "And which location ma'am?",
                "start_time": "11.029",
                "end_time": "12.84",
                "speaker_label": "spk_0",
                "items": [
                    26,
                    27,
                    28,
                    29,
                    30
                ]
            },
            {
                "id": 6,
                "transcript": "Sorry?",
                "start_time": "13.729",
                "end_time": "13.75",
                "speaker_label": "spk_1",
                "items": [
                    31,
                    32
                ]
            },
            {
                "id": 7,
                "transcript": "In which location is it in [PII], yeah. OK and.",
                "start_time": "14.93",
                "end_time": "20.209",
                "speaker_label": "spk_0",
                "items": [
                    33,
                    34,
                    35,
                    36,
                    37,
                    38,
                    39,
                    40,
                    41,
                    42,
                    43,
                    44,
                    45
                ]
            },
            {
                "id": 8,
                "transcript": "OK, and do you have the requisition?",
                "start_time": "21.219",
                "end_time": "23.299",
                "speaker_label": "spk_0",
                "items": [
                    46,
                    47,
                    48,
                    49,
                    50,
                    51,
                    52,
                    53,
                    54
                ]
            },
            {
                "id": 9,
                "transcript": "I don't do I need one?",
                "start_time": "24.28",
                "end_time": "25.909",
                "speaker_label": "spk_1",
                "items": [
                    55,
                    56,
                    57,
                    58,
                    59,
                    60,
                    61
                ]
            },
            {
                "id": 10,
                "transcript": "Yes, yes, ma'am, you need the requisition, so when you will have the requisition you can give us a call and we will book your appointment.",
                "start_time": "26.28",
                "end_time": "34.169",
                "speaker_label": "spk_0",
                "items": [
                    62,
                    63,
                    64,
                    65,
                    66,
                    67,
                    68,
                    69,
                    70,
                    71,
                    72,
                    73,
                    74,
                    75,
                    76,
                    77,
                    78,
                    79,
                    80,
                    81,
                    82,
                    83,
                    84,
                    85,
                    86,
                    87,
                    88,
                    89,
                    90,
                    91,
                    92
                ]
            },
            {
                "id": 11,
                "transcript": "OK, that's the requisition from the doctor?",
                "start_time": "34.68",
                "end_time": "36.349",
                "speaker_label": "spk_1",
                "items": [
                    93,
                    94,
                    95,
                    96,
                    97,
                    98,
                    99,
                    100,
                    101
                ]
            },
            {
                "id": 12,
                "transcript": "Yes, yes. OK,",
                "start_time": "36.56",
                "end_time": "38.99",
                "speaker_label": "spk_0",
                "items": [
                    102,
                    103,
                    104,
                    105,
                    106,
                    107
                ]
            },
            {
                "id": 13,
                "transcript": "OK",
                "start_time": "39.439",
                "end_time": "40.11",
                "speaker_label": "spk_1",
                "items": [
                    108
                ]
            },
            {
                "id": 14,
                "transcript": "thank",
                "start_time": "40.84",
                "end_time": "40.88",
                "speaker_label": "spk_1",
                "items": [
                    109
                ]
            },
            {
                "id": 15,
                "transcript": "you bye.",
                "start_time": "40.88",
                "end_time": "42.279",
                "speaker_label": "spk_1",
                "items": [
                    110,
                    111,
                    112
                ]
            }
        ]
    }
}