{
    "jobName": "transcription-job-2024-03-25T17-02-31Z-call-e3034df1-0b88-4e16-bf19-95a3d12912c8-1734643177",
    "accountId": "199040315413",
    "isRedacted": true,
    "status": "COMPLETED",
    "results": {
        "transcripts": [
            {
                "transcript": "Was diagnostics. How may I help you? Uh, yes, are you a, uh, X-ray place on, uh, in [PII]. [PII]. Um, we don't have a clinic in [PII]. Just you're, uh, calling Waer Diagnostics located in [PII]. Oh, OK, thank you. That, that's all I need to know. Thanks. OK, no problem."
            }
        ],
        "speaker_labels": {
            "segments": [
                {
                    "start_time": "0.629",
                    "end_time": "2.9",
                    "speaker_label": "spk_0",
                    "items": [
                        {
                            "speaker_label": "spk_0",
                            "start_time": "0.91",
                            "end_time": "1.19"
                        },
                        {
                            "speaker_label": "spk_0",
                            "start_time": "1.19",
                            "end_time": "1.99"
                        },
                        {
                            "speaker_label": "spk_0",
                            "start_time": "2.029",
                            "end_time": "2.16"
                        },
                        {
                            "speaker_label": "spk_0",
                            "start_time": "2.16",
                            "end_time": "2.259"
                        },
                        {
                            "speaker_label": "spk_0",
                            "start_time": "2.259",
                            "end_time": "2.269"
                        },
                        {
                            "speaker_label": "spk_0",
                            "start_time": "2.269",
                            "end_time": "2.47"
                        },
                        {
                            "speaker_label": "spk_0",
                            "start_time": "2.47",
                            "end_time": "2.819"
                        }
                    ]
                },
                {
                    "start_time": "3.91",
                    "end_time": "4.329",
                    "speaker_label": "spk_1",
                    "items": [
                        {
                            "speaker_label": "spk_1",
                            "start_time": "3.92",
                            "end_time": "4.329"
                        }
                    ]
                },
                {
                    "start_time": "4.349",
                    "end_time": "10.369",
                    "speaker_label": "spk_1",
                    "items": [
                        {
                            "speaker_label": "spk_1",
                            "start_time": "4.349",
                            "end_time": "4.82"
                        },
                        {
                            "speaker_label": "spk_1",
                            "start_time": "4.829",
                            "end_time": "4.989"
                        },
                        {
                            "speaker_label": "spk_1",
                            "start_time": "4.989",
                            "end_time": "5.469"
                        },
                        {
                            "speaker_label": "spk_1",
                            "start_time": "5.469",
                            "end_time": "5.719"
                        },
                        {
                            "speaker_label": "spk_1",
                            "start_time": "5.73",
                            "end_time": "6.019"
                        },
                        {
                            "speaker_label": "spk_1",
                            "start_time": "6.03",
                            "end_time": "7.079"
                        },
                        {
                            "speaker_label": "spk_1",
                            "start_time": "7.079",
                            "end_time": "7.539"
                        },
                        {
                            "speaker_label": "spk_1",
                            "start_time": "7.539",
                            "end_time": "7.9"
                        },
                        {
                            "speaker_label": "spk_1",
                            "start_time": "7.909",
                            "end_time": "8.34"
                        },
                        {
                            "speaker_label": "spk_1",
                            "start_time": "8.39",
                            "end_time": "8.829"
                        },
                        {
                            "speaker_label": "spk_1",
                            "start_time": "8.829",
                            "end_time": "10.26"
                        }
                    ]
                },
                {
                    "start_time": "11.149",
                    "end_time": "13.21",
                    "speaker_label": "spk_1",
                    "items": [
                        {
                            "speaker_label": "spk_1",
                            "start_time": "11.239",
                            "end_time": "13.069"
                        }
                    ]
                },
                {
                    "start_time": "13.829",
                    "end_time": "20.829",
                    "speaker_label": "spk_0",
                    "items": [
                        {
                            "speaker_label": "spk_0",
                            "start_time": "13.85",
                            "end_time": "14.189"
                        },
                        {
                            "speaker_label": "spk_0",
                            "start_time": "14.27",
                            "end_time": "14.47"
                        },
                        {
                            "speaker_label": "spk_0",
                            "start_time": "14.47",
                            "end_time": "14.77"
                        },
                        {
                            "speaker_label": "spk_0",
                            "start_time": "14.77",
                            "end_time": "15.029"
                        },
                        {
                            "speaker_label": "spk_0",
                            "start_time": "15.029",
                            "end_time": "15.069"
                        },
                        {
                            "speaker_label": "spk_0",
                            "start_time": "15.069",
                            "end_time": "15.51"
                        },
                        {
                            "speaker_label": "spk_0",
                            "start_time": "15.51",
                            "end_time": "15.71"
                        },
                        {
                            "speaker_label": "spk_0",
                            "start_time": "15.71",
                            "end_time": "16.44"
                        },
                        {
                            "speaker_label": "spk_0",
                            "start_time": "16.469",
                            "end_time": "16.59"
                        },
                        {
                            "speaker_label": "spk_0",
                            "start_time": "16.59",
                            "end_time": "16.85"
                        },
                        {
                            "speaker_label": "spk_0",
                            "start_time": "16.87",
                            "end_time": "17.1"
                        },
                        {
                            "speaker_label": "spk_0",
                            "start_time": "17.149",
                            "end_time": "17.639"
                        },
                        {
                            "speaker_label": "spk_0",
                            "start_time": "17.639",
                            "end_time": "18.03"
                        },
                        {
                            "speaker_label": "spk_0",
                            "start_time": "18.03",
                            "end_time": "18.829"
                        },
                        {
                            "speaker_label": "spk_0",
                            "start_time": "18.829",
                            "end_time": "19.34"
                        },
                        {
                            "speaker_label": "spk_0",
                            "start_time": "19.34",
                            "end_time": "19.59"
                        },
                        {
                            "speaker_label": "spk_0",
                            "start_time": "19.59",
                            "end_time": "20.829"
                        }
                    ]
                },
                {
                    "start_time": "21.709",
                    "end_time": "24.899",
                    "speaker_label": "spk_1",
                    "items": [
                        {
                            "speaker_label": "spk_1",
                            "start_time": "21.709",
                            "end_time": "21.879"
                        },
                        {
                            "speaker_label": "spk_1",
                            "start_time": "21.959",
                            "end_time": "22.239"
                        },
                        {
                            "speaker_label": "spk_1",
                            "start_time": "22.35",
                            "end_time": "22.62"
                        },
                        {
                            "speaker_label": "spk_1",
                            "start_time": "22.62",
                            "end_time": "22.75"
                        },
                        {
                            "speaker_label": "spk_1",
                            "start_time": "22.829",
                            "end_time": "23.059"
                        },
                        {
                            "speaker_label": "spk_1",
                            "start_time": "23.149",
                            "end_time": "23.43"
                        },
                        {
                            "speaker_label": "spk_1",
                            "start_time": "23.43",
                            "end_time": "23.59"
                        },
                        {
                            "speaker_label": "spk_1",
                            "start_time": "23.59",
                            "end_time": "23.709"
                        },
                        {
                            "speaker_label": "spk_1",
                            "start_time": "23.709",
                            "end_time": "23.87"
                        },
                        {
                            "speaker_label": "spk_1",
                            "start_time": "23.87",
                            "end_time": "24.069"
                        },
                        {
                            "speaker_label": "spk_1",
                            "start_time": "24.069",
                            "end_time": "24.229"
                        },
                        {
                            "speaker_label": "spk_1",
                            "start_time": "24.309",
                            "end_time": "24.899"
                        }
                    ]
                },
                {
                    "start_time": "25.069",
                    "end_time": "26.389",
                    "speaker_label": "spk_0",
                    "items": [
                        {
                            "speaker_label": "spk_0",
                            "start_time": "25.069",
                            "end_time": "25.5"
                        },
                        {
                            "speaker_label": "spk_0",
                            "start_time": "25.59",
                            "end_time": "25.79"
                        },
                        {
                            "speaker_label": "spk_0",
                            "start_time": "25.79",
                            "end_time": "26.229"
                        }
                    ]
                }
            ],
            "channel_label": "ch_0",
            "speakers": 2
        },
        "items": [
            {
                "id": 0,
                "type": "pronunciation",
                "alternatives": [
                    {
                        "confidence": "0.447",
                        "content": "Was"
                    }
                ],
                "start_time": "0.91",
                "end_time": "1.19",
                "speaker_label": "spk_0"
            },
            {
                "id": 1,
                "type": "pronunciation",
                "alternatives": [
                    {
                        "confidence": "0.372",
                        "content": "diagnostics"
                    }
                ],
                "start_time": "1.19",
                "end_time": "1.99",
                "speaker_label": "spk_0"
            },
            {
                "id": 2,
                "type": "punctuation",
                "alternatives": [
                    {
                        "confidence": "0.0",
                        "content": "."
                    }
                ],
                "speaker_label": "spk_0"
            },
            {
                "id": 3,
                "type": "pronunciation",
                "alternatives": [
                    {
                        "confidence": "0.879",
                        "content": "How"
                    }
                ],
                "start_time": "2.029",
                "end_time": "2.16",
                "speaker_label": "spk_0"
            },
            {
                "id": 4,
                "type": "pronunciation",
                "alternatives": [
                    {
                        "confidence": "0.997",
                        "content": "may"
                    }
                ],
                "start_time": "2.16",
                "end_time": "2.259",
                "speaker_label": "spk_0"
            },
            {
                "id": 5,
                "type": "pronunciation",
                "alternatives": [
                    {
                        "confidence": "0.06",
                        "content": "I"
                    }
                ],
                "start_time": "2.259",
                "end_time": "2.269",
                "speaker_label": "spk_0"
            },
            {
                "id": 6,
                "type": "pronunciation",
                "alternatives": [
                    {
                        "confidence": "0.996",
                        "content": "help"
                    }
                ],
                "start_time": "2.269",
                "end_time": "2.47",
                "speaker_label": "spk_0"
            },
            {
                "id": 7,
                "type": "pronunciation",
                "alternatives": [
                    {
                        "confidence": "0.998",
                        "content": "you"
                    }
                ],
                "start_time": "2.47",
                "end_time": "2.819",
                "speaker_label": "spk_0"
            },
            {
                "id": 8,
                "type": "punctuation",
                "alternatives": [
                    {
                        "confidence": "0.0",
                        "content": "?"
                    }
                ],
                "speaker_label": "spk_0"
            },
            {
                "id": 9,
                "type": "pronunciation",
                "alternatives": [
                    {
                        "confidence": "0.997",
                        "content": "Uh"
                    }
                ],
                "start_time": "3.92",
                "end_time": "4.329",
                "speaker_label": "spk_1"
            },
            {
                "id": 10,
                "type": "punctuation",
                "alternatives": [
                    {
                        "confidence": "0.0",
                        "content": ","
                    }
                ],
                "speaker_label": "spk_1"
            },
            {
                "id": 11,
                "type": "pronunciation",
                "alternatives": [
                    {
                        "confidence": "0.997",
                        "content": "yes"
                    }
                ],
                "start_time": "4.349",
                "end_time": "4.82",
                "speaker_label": "spk_1"
            },
            {
                "id": 12,
                "type": "punctuation",
                "alternatives": [
                    {
                        "confidence": "0.0",
                        "content": ","
                    }
                ],
                "speaker_label": "spk_1"
            },
            {
                "id": 13,
                "type": "pronunciation",
                "alternatives": [
                    {
                        "confidence": "0.996",
                        "content": "are"
                    }
                ],
                "start_time": "4.829",
                "end_time": "4.989",
                "speaker_label": "spk_1"
            },
            {
                "id": 14,
                "type": "pronunciation",
                "alternatives": [
                    {
                        "confidence": "0.996",
                        "content": "you"
                    }
                ],
                "start_time": "4.989",
                "end_time": "5.469",
                "speaker_label": "spk_1"
            },
            {
                "id": 15,
                "type": "pronunciation",
                "alternatives": [
                    {
                        "confidence": "0.961",
                        "content": "a"
                    }
                ],
                "start_time": "5.469",
                "end_time": "5.719",
                "speaker_label": "spk_1"
            },
            {
                "id": 16,
                "type": "punctuation",
                "alternatives": [
                    {
                        "confidence": "0.0",
                        "content": ","
                    }
                ],
                "speaker_label": "spk_1"
            },
            {
                "id": 17,
                "type": "pronunciation",
                "alternatives": [
                    {
                        "confidence": "0.996",
                        "content": "uh"
                    }
                ],
                "start_time": "5.73",
                "end_time": "6.019",
                "speaker_label": "spk_1"
            },
            {
                "id": 18,
                "type": "punctuation",
                "alternatives": [
                    {
                        "confidence": "0.0",
                        "content": ","
                    }
                ],
                "speaker_label": "spk_1"
            },
            {
                "id": 19,
                "type": "pronunciation",
                "alternatives": [
                    {
                        "confidence": "0.988",
                        "content": "X-ray"
                    }
                ],
                "start_time": "6.03",
                "end_time": "7.079",
                "speaker_label": "spk_1"
            },
            {
                "id": 20,
                "type": "pronunciation",
                "alternatives": [
                    {
                        "confidence": "0.997",
                        "content": "place"
                    }
                ],
                "start_time": "7.079",
                "end_time": "7.539",
                "speaker_label": "spk_1"
            },
            {
                "id": 21,
                "type": "pronunciation",
                "alternatives": [
                    {
                        "confidence": "0.998",
                        "content": "on"
                    }
                ],
                "start_time": "7.539",
                "end_time": "7.9",
                "speaker_label": "spk_1"
            },
            {
                "id": 22,
                "type": "punctuation",
                "alternatives": [
                    {
                        "confidence": "0.0",
                        "content": ","
                    }
                ],
                "speaker_label": "spk_1"
            },
            {
                "id": 23,
                "type": "pronunciation",
                "alternatives": [
                    {
                        "confidence": "0.996",
                        "content": "uh"
                    }
                ],
                "start_time": "7.909",
                "end_time": "8.34",
                "speaker_label": "spk_1"
            },
            {
                "id": 24,
                "type": "punctuation",
                "alternatives": [
                    {
                        "confidence": "0.0",
                        "content": ","
                    }
                ],
                "speaker_label": "spk_1"
            },
            {
                "id": 25,
                "type": "pronunciation",
                "alternatives": [
                    {
                        "confidence": "0.996",
                        "content": "in"
                    }
                ],
                "start_time": "8.39",
                "end_time": "8.829",
                "speaker_label": "spk_1"
            },
            {
                "id": 26,
                "type": "pronunciation",
                "alternatives": [
                    {
                        "content": "[PII]",
                        "redactions": [
                            {
                                "confidence": "0.9999",
                                "type": "ADDRESS",
                                "category": "PII"
                            }
                        ]
                    }
                ],
                "start_time": "8.829",
                "end_time": "10.26"
            },
            {
                "id": 27,
                "type": "punctuation",
                "alternatives": [
                    {
                        "confidence": "0.0",
                        "content": "."
                    }
                ]
            },
            {
                "id": 28,
                "type": "pronunciation",
                "alternatives": [
                    {
                        "content": "[PII]",
                        "redactions": [
                            {
                                "confidence": "0.9999",
                                "type": "ADDRESS",
                                "category": "PII"
                            }
                        ]
                    }
                ],
                "start_time": "11.239",
                "end_time": "13.069"
            },
            {
                "id": 29,
                "type": "punctuation",
                "alternatives": [
                    {
                        "confidence": "0.0",
                        "content": "."
                    }
                ]
            },
            {
                "id": 30,
                "type": "pronunciation",
                "alternatives": [
                    {
                        "confidence": "0.997",
                        "content": "Um"
                    }
                ],
                "start_time": "13.85",
                "end_time": "14.189",
                "speaker_label": "spk_0"
            },
            {
                "id": 31,
                "type": "punctuation",
                "alternatives": [
                    {
                        "confidence": "0.0",
                        "content": ","
                    }
                ],
                "speaker_label": "spk_0"
            },
            {
                "id": 32,
                "type": "pronunciation",
                "alternatives": [
                    {
                        "confidence": "0.998",
                        "content": "we"
                    }
                ],
                "start_time": "14.27",
                "end_time": "14.47",
                "speaker_label": "spk_0"
            },
            {
                "id": 33,
                "type": "pronunciation",
                "alternatives": [
                    {
                        "confidence": "0.998",
                        "content": "don't"
                    }
                ],
                "start_time": "14.47",
                "end_time": "14.77",
                "speaker_label": "spk_0"
            },
            {
                "id": 34,
                "type": "pronunciation",
                "alternatives": [
                    {
                        "confidence": "0.999",
                        "content": "have"
                    }
                ],
                "start_time": "14.77",
                "end_time": "15.029",
                "speaker_label": "spk_0"
            },
            {
                "id": 35,
                "type": "pronunciation",
                "alternatives": [
                    {
                        "confidence": "0.999",
                        "content": "a"
                    }
                ],
                "start_time": "15.029",
                "end_time": "15.069",
                "speaker_label": "spk_0"
            },
            {
                "id": 36,
                "type": "pronunciation",
                "alternatives": [
                    {
                        "confidence": "0.998",
                        "content": "clinic"
                    }
                ],
                "start_time": "15.069",
                "end_time": "15.51",
                "speaker_label": "spk_0"
            },
            {
                "id": 37,
                "type": "pronunciation",
                "alternatives": [
                    {
                        "confidence": "0.998",
                        "content": "in"
                    }
                ],
                "start_time": "15.51",
                "end_time": "15.71",
                "speaker_label": "spk_0"
            },
            {
                "id": 38,
                "type": "pronunciation",
                "alternatives": [
                    {
                        "content": "[PII]",
                        "redactions": [
                            {
                                "confidence": "1.0",
                                "type": "ADDRESS",
                                "category": "PII"
                            }
                        ]
                    }
                ],
                "start_time": "15.71",
                "end_time": "16.44"
            },
            {
                "id": 39,
                "type": "punctuation",
                "alternatives": [
                    {
                        "confidence": "0.0",
                        "content": "."
                    }
                ]
            },
            {
                "id": 40,
                "type": "pronunciation",
                "alternatives": [
                    {
                        "confidence": "0.513",
                        "content": "Just"
                    }
                ],
                "start_time": "16.469",
                "end_time": "16.59",
                "speaker_label": "spk_0"
            },
            {
                "id": 41,
                "type": "pronunciation",
                "alternatives": [
                    {
                        "confidence": "0.98",
                        "content": "you're"
                    }
                ],
                "start_time": "16.59",
                "end_time": "16.85",
                "speaker_label": "spk_0"
            },
            {
                "id": 42,
                "type": "punctuation",
                "alternatives": [
                    {
                        "confidence": "0.0",
                        "content": ","
                    }
                ],
                "speaker_label": "spk_0"
            },
            {
                "id": 43,
                "type": "pronunciation",
                "alternatives": [
                    {
                        "confidence": "0.996",
                        "content": "uh"
                    }
                ],
                "start_time": "16.87",
                "end_time": "17.1",
                "speaker_label": "spk_0"
            },
            {
                "id": 44,
                "type": "punctuation",
                "alternatives": [
                    {
                        "confidence": "0.0",
                        "content": ","
                    }
                ],
                "speaker_label": "spk_0"
            },
            {
                "id": 45,
                "type": "pronunciation",
                "alternatives": [
                    {
                        "confidence": "0.998",
                        "content": "calling"
                    }
                ],
                "start_time": "17.149",
                "end_time": "17.639",
                "speaker_label": "spk_0"
            },
            {
                "id": 46,
                "type": "pronunciation",
                "alternatives": [
                    {
                        "confidence": "0.822",
                        "content": "Waer"
                    }
                ],
                "start_time": "17.639",
                "end_time": "18.03",
                "speaker_label": "spk_0"
            },
            {
                "id": 47,
                "type": "pronunciation",
                "alternatives": [
                    {
                        "confidence": "0.768",
                        "content": "Diagnostics"
                    }
                ],
                "start_time": "18.03",
                "end_time": "18.829",
                "speaker_label": "spk_0"
            },
            {
                "id": 48,
                "type": "pronunciation",
                "alternatives": [
                    {
                        "confidence": "0.996",
                        "content": "located"
                    }
                ],
                "start_time": "18.829",
                "end_time": "19.34",
                "speaker_label": "spk_0"
            },
            {
                "id": 49,
                "type": "pronunciation",
                "alternatives": [
                    {
                        "confidence": "0.998",
                        "content": "in"
                    }
                ],
                "start_time": "19.34",
                "end_time": "19.59",
                "speaker_label": "spk_0"
            },
            {
                "id": 50,
                "type": "pronunciation",
                "alternatives": [
                    {
                        "content": "[PII]",
                        "redactions": [
                            {
                                "confidence": "1.0",
                                "type": "ADDRESS",
                                "category": "PII"
                            }
                        ]
                    }
                ],
                "start_time": "19.59",
                "end_time": "20.829"
            },
            {
                "id": 51,
                "type": "punctuation",
                "alternatives": [
                    {
                        "confidence": "0.0",
                        "content": "."
                    }
                ]
            },
            {
                "id": 52,
                "type": "pronunciation",
                "alternatives": [
                    {
                        "confidence": "0.996",
                        "content": "Oh"
                    }
                ],
                "start_time": "21.709",
                "end_time": "21.879",
                "speaker_label": "spk_1"
            },
            {
                "id": 53,
                "type": "punctuation",
                "alternatives": [
                    {
                        "confidence": "0.0",
                        "content": ","
                    }
                ],
                "speaker_label": "spk_1"
            },
            {
                "id": 54,
                "type": "pronunciation",
                "alternatives": [
                    {
                        "confidence": "0.997",
                        "content": "OK"
                    }
                ],
                "start_time": "21.959",
                "end_time": "22.239",
                "speaker_label": "spk_1"
            },
            {
                "id": 55,
                "type": "punctuation",
                "alternatives": [
                    {
                        "confidence": "0.0",
                        "content": ","
                    }
                ],
                "speaker_label": "spk_1"
            },
            {
                "id": 56,
                "type": "pronunciation",
                "alternatives": [
                    {
                        "confidence": "0.996",
                        "content": "thank"
                    }
                ],
                "start_time": "22.35",
                "end_time": "22.62",
                "speaker_label": "spk_1"
            },
            {
                "id": 57,
                "type": "pronunciation",
                "alternatives": [
                    {
                        "confidence": "0.999",
                        "content": "you"
                    }
                ],
                "start_time": "22.62",
                "end_time": "22.75",
                "speaker_label": "spk_1"
            },
            {
                "id": 58,
                "type": "punctuation",
                "alternatives": [
                    {
                        "confidence": "0.0",
                        "content": "."
                    }
                ],
                "speaker_label": "spk_1"
            },
            {
                "id": 59,
                "type": "pronunciation",
                "alternatives": [
                    {
                        "confidence": "0.994",
                        "content": "That"
                    }
                ],
                "start_time": "22.829",
                "end_time": "23.059",
                "speaker_label": "spk_1"
            },
            {
                "id": 60,
                "type": "punctuation",
                "alternatives": [
                    {
                        "confidence": "0.0",
                        "content": ","
                    }
                ],
                "speaker_label": "spk_1"
            },
            {
                "id": 61,
                "type": "pronunciation",
                "alternatives": [
                    {
                        "confidence": "0.995",
                        "content": "that's"
                    }
                ],
                "start_time": "23.149",
                "end_time": "23.43",
                "speaker_label": "spk_1"
            },
            {
                "id": 62,
                "type": "pronunciation",
                "alternatives": [
                    {
                        "confidence": "0.999",
                        "content": "all"
                    }
                ],
                "start_time": "23.43",
                "end_time": "23.59",
                "speaker_label": "spk_1"
            },
            {
                "id": 63,
                "type": "pronunciation",
                "alternatives": [
                    {
                        "confidence": "0.998",
                        "content": "I"
                    }
                ],
                "start_time": "23.59",
                "end_time": "23.709",
                "speaker_label": "spk_1"
            },
            {
                "id": 64,
                "type": "pronunciation",
                "alternatives": [
                    {
                        "confidence": "0.999",
                        "content": "need"
                    }
                ],
                "start_time": "23.709",
                "end_time": "23.87",
                "speaker_label": "spk_1"
            },
            {
                "id": 65,
                "type": "pronunciation",
                "alternatives": [
                    {
                        "confidence": "0.999",
                        "content": "to"
                    }
                ],
                "start_time": "23.87",
                "end_time": "24.069",
                "speaker_label": "spk_1"
            },
            {
                "id": 66,
                "type": "pronunciation",
                "alternatives": [
                    {
                        "confidence": "0.999",
                        "content": "know"
                    }
                ],
                "start_time": "24.069",
                "end_time": "24.229",
                "speaker_label": "spk_1"
            },
            {
                "id": 67,
                "type": "punctuation",
                "alternatives": [
                    {
                        "confidence": "0.0",
                        "content": "."
                    }
                ],
                "speaker_label": "spk_1"
            },
            {
                "id": 68,
                "type": "pronunciation",
                "alternatives": [
                    {
                        "confidence": "0.983",
                        "content": "Thanks"
                    }
                ],
                "start_time": "24.309",
                "end_time": "24.899",
                "speaker_label": "spk_1"
            },
            {
                "id": 69,
                "type": "punctuation",
                "alternatives": [
                    {
                        "confidence": "0.0",
                        "content": "."
                    }
                ],
                "speaker_label": "spk_1"
            },
            {
                "id": 70,
                "type": "pronunciation",
                "alternatives": [
                    {
                        "confidence": "0.997",
                        "content": "OK"
                    }
                ],
                "start_time": "25.069",
                "end_time": "25.5",
                "speaker_label": "spk_0"
            },
            {
                "id": 71,
                "type": "punctuation",
                "alternatives": [
                    {
                        "confidence": "0.0",
                        "content": ","
                    }
                ],
                "speaker_label": "spk_0"
            },
            {
                "id": 72,
                "type": "pronunciation",
                "alternatives": [
                    {
                        "confidence": "0.996",
                        "content": "no"
                    }
                ],
                "start_time": "25.59",
                "end_time": "25.79",
                "speaker_label": "spk_0"
            },
            {
                "id": 73,
                "type": "pronunciation",
                "alternatives": [
                    {
                        "confidence": "0.998",
                        "content": "problem"
                    }
                ],
                "start_time": "25.79",
                "end_time": "26.229",
                "speaker_label": "spk_0"
            },
            {
                "id": 74,
                "type": "punctuation",
                "alternatives": [
                    {
                        "confidence": "0.0",
                        "content": "."
                    }
                ],
                "speaker_label": "spk_0"
            }
        ],
        "audio_segments": [
            {
                "id": 0,
                "transcript": "Was diagnostics. How may I help you?",
                "start_time": "0.629",
                "end_time": "2.9",
                "speaker_label": "spk_0",
                "items": [
                    0,
                    1,
                    2,
                    3,
                    4,
                    5,
                    6,
                    7,
                    8
                ]
            },
            {
                "id": 1,
                "transcript": "Uh,",
                "start_time": "3.91",
                "end_time": "4.329",
                "speaker_label": "spk_1",
                "items": [
                    9,
                    10
                ]
            },
            {
                "id": 2,
                "transcript": "yes, are you a, uh, X-ray place on, uh, in [PII].",
                "start_time": "4.349",
                "end_time": "10.369",
                "speaker_label": "spk_1",
                "items": [
                    11,
                    12,
                    13,
                    14,
                    15,
                    16,
                    17,
                    18,
                    19,
                    20,
                    21,
                    22,
                    23,
                    24,
                    25,
                    26,
                    27
                ]
            },
            {
                "id": 3,
                "transcript": "[PII].",
                "start_time": "11.149",
                "end_time": "13.21",
                "items": [
                    28,
                    29
                ]
            },
            {
                "id": 4,
                "transcript": "Um, we don't have a clinic in [PII]. Just you're, uh, calling Waer Diagnostics located in [PII].",
                "start_time": "13.829",
                "end_time": "20.829",
                "speaker_label": "spk_0",
                "items": [
                    30,
                    31,
                    32,
                    33,
                    34,
                    35,
                    36,
                    37,
                    38,
                    39,
                    40,
                    41,
                    42,
                    43,
                    44,
                    45,
                    46,
                    47,
                    48,
                    49,
                    50,
                    51
                ]
            },
            {
                "id": 5,
                "transcript": "Oh, OK, thank you. That, that's all I need to know. Thanks.",
                "start_time": "21.709",
                "end_time": "24.899",
                "speaker_label": "spk_1",
                "items": [
                    52,
                    53,
                    54,
                    55,
                    56,
                    57,
                    58,
                    59,
                    60,
                    61,
                    62,
                    63,
                    64,
                    65,
                    66,
                    67,
                    68,
                    69
                ]
            },
            {
                "id": 6,
                "transcript": "OK, no problem.",
                "start_time": "25.069",
                "end_time": "26.389",
                "speaker_label": "spk_0",
                "items": [
                    70,
                    71,
                    72,
                    73,
                    74
                ]
            }
        ]
    }
}