{
    "jobName": "transcription-job-2024-03-25T13-39-51Z-call-89e31fb9-de06-42a3-a8c3-6c9744c2000c-1734640871",
    "accountId": "199040315413",
    "isRedacted": true,
    "status": "COMPLETED",
    "results": {
        "transcripts": [
            {
                "transcript": "Hello? OK, this is a test call. My name is [PII] and my last name is [PII]. My health card number is 1,289,705,330. Date of birth is 1987 October 30th. Thank you."
            }
        ],
        "speaker_labels": {
            "segments": [
                {
                    "start_time": "3.68",
                    "end_time": "6.57",
                    "speaker_label": "spk_0",
                    "items": [
                        {
                            "speaker_label": "spk_0",
                            "start_time": "3.69",
                            "end_time": "4.48"
                        },
                        {
                            "speaker_label": "spk_0",
                            "start_time": "4.96",
                            "end_time": "5.17"
                        },
                        {
                            "speaker_label": "spk_0",
                            "start_time": "5.28",
                            "end_time": "5.4"
                        },
                        {
                            "speaker_label": "spk_0",
                            "start_time": "5.4",
                            "end_time": "5.519"
                        },
                        {
                            "speaker_label": "spk_0",
                            "start_time": "5.519",
                            "end_time": "5.75"
                        },
                        {
                            "speaker_label": "spk_0",
                            "start_time": "5.75",
                            "end_time": "6.079"
                        },
                        {
                            "speaker_label": "spk_0",
                            "start_time": "6.079",
                            "end_time": "6.44"
                        }
                    ]
                },
                {
                    "start_time": "7.199",
                    "end_time": "20.329",
                    "speaker_label": "spk_0",
                    "items": [
                        {
                            "speaker_label": "spk_0",
                            "start_time": "7.38",
                            "end_time": "7.639"
                        },
                        {
                            "speaker_label": "spk_0",
                            "start_time": "7.639",
                            "end_time": "7.8"
                        },
                        {
                            "speaker_label": "spk_0",
                            "start_time": "7.8",
                            "end_time": "7.96"
                        },
                        {
                            "speaker_label": "spk_0",
                            "start_time": "7.96",
                            "end_time": "8.399"
                        },
                        {
                            "speaker_label": "spk_0",
                            "start_time": "8.399",
                            "end_time": "9.0"
                        },
                        {
                            "speaker_label": "spk_0",
                            "start_time": "9.0",
                            "end_time": "9.529"
                        },
                        {
                            "speaker_label": "spk_0",
                            "start_time": "9.88",
                            "end_time": "10.079"
                        },
                        {
                            "speaker_label": "spk_0",
                            "start_time": "10.079",
                            "end_time": "10.199"
                        },
                        {
                            "speaker_label": "spk_0",
                            "start_time": "10.199",
                            "end_time": "10.399"
                        },
                        {
                            "speaker_label": "spk_0",
                            "start_time": "10.399",
                            "end_time": "11.039"
                        },
                        {
                            "speaker_label": "spk_0",
                            "start_time": "11.8",
                            "end_time": "11.96"
                        },
                        {
                            "speaker_label": "spk_0",
                            "start_time": "11.96",
                            "end_time": "12.159"
                        },
                        {
                            "speaker_label": "spk_0",
                            "start_time": "12.159",
                            "end_time": "12.359"
                        },
                        {
                            "speaker_label": "spk_0",
                            "start_time": "12.359",
                            "end_time": "12.55"
                        },
                        {
                            "speaker_label": "spk_0",
                            "start_time": "12.55",
                            "end_time": "12.739"
                        },
                        {
                            "speaker_label": "spk_0",
                            "start_time": "12.739",
                            "end_time": "16.35"
                        },
                        {
                            "speaker_label": "spk_0",
                            "start_time": "16.62",
                            "end_time": "16.84"
                        },
                        {
                            "speaker_label": "spk_0",
                            "start_time": "16.84",
                            "end_time": "16.92"
                        },
                        {
                            "speaker_label": "spk_0",
                            "start_time": "16.92",
                            "end_time": "17.35"
                        },
                        {
                            "speaker_label": "spk_0",
                            "start_time": "17.35",
                            "end_time": "17.559"
                        },
                        {
                            "speaker_label": "spk_0",
                            "start_time": "17.559",
                            "end_time": "18.709"
                        },
                        {
                            "speaker_label": "spk_0",
                            "start_time": "18.709",
                            "end_time": "19.309"
                        },
                        {
                            "speaker_label": "spk_0",
                            "start_time": "19.309",
                            "end_time": "20.079"
                        }
                    ]
                },
                {
                    "start_time": "20.95",
                    "end_time": "21.989",
                    "speaker_label": "spk_0",
                    "items": [
                        {
                            "speaker_label": "spk_0",
                            "start_time": "21.049",
                            "end_time": "21.299"
                        },
                        {
                            "speaker_label": "spk_0",
                            "start_time": "21.299",
                            "end_time": "21.85"
                        }
                    ]
                }
            ],
            "channel_label": "ch_0",
            "speakers": 1
        },
        "items": [
            {
                "id": 0,
                "type": "pronunciation",
                "alternatives": [
                    {
                        "confidence": "0.998",
                        "content": "Hello"
                    }
                ],
                "start_time": "3.69",
                "end_time": "4.48",
                "speaker_label": "spk_0"
            },
            {
                "id": 1,
                "type": "punctuation",
                "alternatives": [
                    {
                        "confidence": "0.0",
                        "content": "?"
                    }
                ],
                "speaker_label": "spk_0"
            },
            {
                "id": 2,
                "type": "pronunciation",
                "alternatives": [
                    {
                        "confidence": "0.997",
                        "content": "OK"
                    }
                ],
                "start_time": "4.96",
                "end_time": "5.17",
                "speaker_label": "spk_0"
            },
            {
                "id": 3,
                "type": "punctuation",
                "alternatives": [
                    {
                        "confidence": "0.0",
                        "content": ","
                    }
                ],
                "speaker_label": "spk_0"
            },
            {
                "id": 4,
                "type": "pronunciation",
                "alternatives": [
                    {
                        "confidence": "0.997",
                        "content": "this"
                    }
                ],
                "start_time": "5.28",
                "end_time": "5.4",
                "speaker_label": "spk_0"
            },
            {
                "id": 5,
                "type": "pronunciation",
                "alternatives": [
                    {
                        "confidence": "0.999",
                        "content": "is"
                    }
                ],
                "start_time": "5.4",
                "end_time": "5.519",
                "speaker_label": "spk_0"
            },
            {
                "id": 6,
                "type": "pronunciation",
                "alternatives": [
                    {
                        "confidence": "0.996",
                        "content": "a"
                    }
                ],
                "start_time": "5.519",
                "end_time": "5.75",
                "speaker_label": "spk_0"
            },
            {
                "id": 7,
                "type": "pronunciation",
                "alternatives": [
                    {
                        "confidence": "0.997",
                        "content": "test"
                    }
                ],
                "start_time": "5.75",
                "end_time": "6.079",
                "speaker_label": "spk_0"
            },
            {
                "id": 8,
                "type": "pronunciation",
                "alternatives": [
                    {
                        "confidence": "0.997",
                        "content": "call"
                    }
                ],
                "start_time": "6.079",
                "end_time": "6.44",
                "speaker_label": "spk_0"
            },
            {
                "id": 9,
                "type": "punctuation",
                "alternatives": [
                    {
                        "confidence": "0.0",
                        "content": "."
                    }
                ],
                "speaker_label": "spk_0"
            },
            {
                "id": 10,
                "type": "pronunciation",
                "alternatives": [
                    {
                        "confidence": "0.999",
                        "content": "My"
                    }
                ],
                "start_time": "7.38",
                "end_time": "7.639",
                "speaker_label": "spk_0"
            },
            {
                "id": 11,
                "type": "pronunciation",
                "alternatives": [
                    {
                        "confidence": "0.999",
                        "content": "name"
                    }
                ],
                "start_time": "7.639",
                "end_time": "7.8",
                "speaker_label": "spk_0"
            },
            {
                "id": 12,
                "type": "pronunciation",
                "alternatives": [
                    {
                        "confidence": "0.999",
                        "content": "is"
                    }
                ],
                "start_time": "7.8",
                "end_time": "7.96",
                "speaker_label": "spk_0"
            },
            {
                "id": 13,
                "type": "pronunciation",
                "alternatives": [
                    {
                        "content": "[PII]",
                        "redactions": [
                            {
                                "confidence": "0.9999",
                                "type": "NAME",
                                "category": "PII"
                            }
                        ]
                    }
                ],
                "start_time": "7.96",
                "end_time": "8.399"
            },
            {
                "id": 14,
                "type": "pronunciation",
                "alternatives": [
                    {
                        "confidence": "0.998",
                        "content": "and"
                    }
                ],
                "start_time": "8.399",
                "end_time": "9.0",
                "speaker_label": "spk_0"
            },
            {
                "id": 15,
                "type": "pronunciation",
                "alternatives": [
                    {
                        "confidence": "0.999",
                        "content": "my"
                    }
                ],
                "start_time": "9.0",
                "end_time": "9.529",
                "speaker_label": "spk_0"
            },
            {
                "id": 16,
                "type": "pronunciation",
                "alternatives": [
                    {
                        "confidence": "0.999",
                        "content": "last"
                    }
                ],
                "start_time": "9.88",
                "end_time": "10.079",
                "speaker_label": "spk_0"
            },
            {
                "id": 17,
                "type": "pronunciation",
                "alternatives": [
                    {
                        "confidence": "0.999",
                        "content": "name"
                    }
                ],
                "start_time": "10.079",
                "end_time": "10.199",
                "speaker_label": "spk_0"
            },
            {
                "id": 18,
                "type": "pronunciation",
                "alternatives": [
                    {
                        "confidence": "0.999",
                        "content": "is"
                    }
                ],
                "start_time": "10.199",
                "end_time": "10.399",
                "speaker_label": "spk_0"
            },
            {
                "id": 19,
                "type": "pronunciation",
                "alternatives": [
                    {
                        "content": "[PII]",
                        "redactions": [
                            {
                                "confidence": "1.0",
                                "type": "NAME",
                                "category": "PII"
                            }
                        ]
                    }
                ],
                "start_time": "10.399",
                "end_time": "11.039"
            },
            {
                "id": 20,
                "type": "punctuation",
                "alternatives": [
                    {
                        "confidence": "0.0",
                        "content": "."
                    }
                ]
            },
            {
                "id": 21,
                "type": "pronunciation",
                "alternatives": [
                    {
                        "confidence": "0.995",
                        "content": "My"
                    }
                ],
                "start_time": "11.8",
                "end_time": "11.96",
                "speaker_label": "spk_0"
            },
            {
                "id": 22,
                "type": "pronunciation",
                "alternatives": [
                    {
                        "confidence": "0.998",
                        "content": "health"
                    }
                ],
                "start_time": "11.96",
                "end_time": "12.159",
                "speaker_label": "spk_0"
            },
            {
                "id": 23,
                "type": "pronunciation",
                "alternatives": [
                    {
                        "confidence": "0.998",
                        "content": "card"
                    }
                ],
                "start_time": "12.159",
                "end_time": "12.359",
                "speaker_label": "spk_0"
            },
            {
                "id": 24,
                "type": "pronunciation",
                "alternatives": [
                    {
                        "confidence": "0.999",
                        "content": "number"
                    }
                ],
                "start_time": "12.359",
                "end_time": "12.55",
                "speaker_label": "spk_0"
            },
            {
                "id": 25,
                "type": "pronunciation",
                "alternatives": [
                    {
                        "confidence": "0.999",
                        "content": "is"
                    }
                ],
                "start_time": "12.55",
                "end_time": "12.739",
                "speaker_label": "spk_0"
            },
            {
                "id": 26,
                "type": "pronunciation",
                "alternatives": [
                    {
                        "confidence": "0.986",
                        "content": "1,289,705,330"
                    }
                ],
                "start_time": "12.739",
                "end_time": "16.35",
                "speaker_label": "spk_0"
            },
            {
                "id": 27,
                "type": "punctuation",
                "alternatives": [
                    {
                        "confidence": "0.0",
                        "content": "."
                    }
                ],
                "speaker_label": "spk_0"
            },
            {
                "id": 28,
                "type": "pronunciation",
                "alternatives": [
                    {
                        "confidence": "0.981",
                        "content": "Date"
                    }
                ],
                "start_time": "16.62",
                "end_time": "16.84",
                "speaker_label": "spk_0"
            },
            {
                "id": 29,
                "type": "pronunciation",
                "alternatives": [
                    {
                        "confidence": "0.998",
                        "content": "of"
                    }
                ],
                "start_time": "16.84",
                "end_time": "16.92",
                "speaker_label": "spk_0"
            },
            {
                "id": 30,
                "type": "pronunciation",
                "alternatives": [
                    {
                        "confidence": "0.998",
                        "content": "birth"
                    }
                ],
                "start_time": "16.92",
                "end_time": "17.35",
                "speaker_label": "spk_0"
            },
            {
                "id": 31,
                "type": "pronunciation",
                "alternatives": [
                    {
                        "confidence": "0.999",
                        "content": "is"
                    }
                ],
                "start_time": "17.35",
                "end_time": "17.559",
                "speaker_label": "spk_0"
            },
            {
                "id": 32,
                "type": "pronunciation",
                "alternatives": [
                    {
                        "confidence": "0.983",
                        "content": "1987"
                    }
                ],
                "start_time": "17.559",
                "end_time": "18.709",
                "speaker_label": "spk_0"
            },
            {
                "id": 33,
                "type": "pronunciation",
                "alternatives": [
                    {
                        "confidence": "0.989",
                        "content": "October"
                    }
                ],
                "start_time": "18.709",
                "end_time": "19.309",
                "speaker_label": "spk_0"
            },
            {
                "id": 34,
                "type": "pronunciation",
                "alternatives": [
                    {
                        "confidence": "0.963",
                        "content": "30th"
                    }
                ],
                "start_time": "19.309",
                "end_time": "20.079",
                "speaker_label": "spk_0"
            },
            {
                "id": 35,
                "type": "punctuation",
                "alternatives": [
                    {
                        "confidence": "0.0",
                        "content": "."
                    }
                ],
                "speaker_label": "spk_0"
            },
            {
                "id": 36,
                "type": "pronunciation",
                "alternatives": [
                    {
                        "confidence": "0.999",
                        "content": "Thank"
                    }
                ],
                "start_time": "21.049",
                "end_time": "21.299",
                "speaker_label": "spk_0"
            },
            {
                "id": 37,
                "type": "pronunciation",
                "alternatives": [
                    {
                        "confidence": "0.999",
                        "content": "you"
                    }
                ],
                "start_time": "21.299",
                "end_time": "21.85",
                "speaker_label": "spk_0"
            },
            {
                "id": 38,
                "type": "punctuation",
                "alternatives": [
                    {
                        "confidence": "0.0",
                        "content": "."
                    }
                ],
                "speaker_label": "spk_0"
            }
        ],
        "audio_segments": [
            {
                "id": 0,
                "transcript": "Hello? OK, this is a test call.",
                "start_time": "3.68",
                "end_time": "6.57",
                "speaker_label": "spk_0",
                "items": [
                    0,
                    1,
                    2,
                    3,
                    4,
                    5,
                    6,
                    7,
                    8,
                    9
                ]
            },
            {
                "id": 1,
                "transcript": "My name is [PII] and my last name is [PII]. My health card number is 1,289,705,330. Date of birth is 1987 October 30th.",
                "start_time": "7.199",
                "end_time": "20.329",
                "speaker_label": "spk_0",
                "items": [
                    10,
                    11,
                    12,
                    13,
                    14,
                    15,
                    16,
                    17,
                    18,
                    19,
                    20,
                    21,
                    22,
                    23,
                    24,
                    25,
                    26,
                    27,
                    28,
                    29,
                    30,
                    31,
                    32,
                    33,
                    34,
                    35
                ]
            },
            {
                "id": 2,
                "transcript": "Thank you.",
                "start_time": "20.95",
                "end_time": "21.989",
                "speaker_label": "spk_0",
                "items": [
                    36,
                    37,
                    38
                ]
            }
        ]
    }
}