{
    "jobName": "transcription-job-2024-03-25T15-03-55Z-call-9cd59633-099d-428c-a897-17f4676dee8a-1734641075",
    "accountId": "199040315413",
    "isRedacted": true,
    "status": "COMPLETED",
    "results": {
        "transcripts": [
            {
                "transcript": "We diagnostic [PII] speaking. How may I help you? Uh, yeah, sorry, uh, I'm actually, um, calling from Water Techno technology itself, uh, uh, I was just testing call recording, um, who, who am I speaking with? [PII]. Yeah, hi. Sorry, uh, this is [PII] from Water Tech. Uh, I will got the call. We just added a new, uh, call, so where we are sending a message before they, it comes to your queue that you'll be recording the call and the call will be recorded for, for training. So yeah, it's, it's gonna start from today. I was just testing it, so thank you for picking the call. OK, have a good day. OK, bye bye bye bye."
            }
        ],
        "speaker_labels": {
            "segments": [
                {
                    "start_time": "0.819",
                    "end_time": "4.09",
                    "speaker_label": "spk_0",
                    "items": [
                        {
                            "speaker_label": "spk_0",
                            "start_time": "1.23",
                            "end_time": "1.24"
                        },
                        {
                            "speaker_label": "spk_0",
                            "start_time": "1.24",
                            "end_time": "2.67"
                        },
                        {
                            "speaker_label": "spk_0",
                            "start_time": "2.67",
                            "end_time": "2.7"
                        },
                        {
                            "speaker_label": "spk_0",
                            "start_time": "2.7",
                            "end_time": "2.98"
                        },
                        {
                            "speaker_label": "spk_0",
                            "start_time": "3.019",
                            "end_time": "3.22"
                        },
                        {
                            "speaker_label": "spk_0",
                            "start_time": "3.22",
                            "end_time": "3.339"
                        },
                        {
                            "speaker_label": "spk_0",
                            "start_time": "3.339",
                            "end_time": "3.46"
                        },
                        {
                            "speaker_label": "spk_0",
                            "start_time": "3.46",
                            "end_time": "3.68"
                        },
                        {
                            "speaker_label": "spk_0",
                            "start_time": "3.68",
                            "end_time": "3.94"
                        }
                    ]
                },
                {
                    "start_time": "4.929",
                    "end_time": "5.42",
                    "speaker_label": "spk_1",
                    "items": [
                        {
                            "speaker_label": "spk_1",
                            "start_time": "4.94",
                            "end_time": "5.42"
                        }
                    ]
                },
                {
                    "start_time": "5.449",
                    "end_time": "14.489",
                    "speaker_label": "spk_1",
                    "items": [
                        {
                            "speaker_label": "spk_1",
                            "start_time": "5.449",
                            "end_time": "5.76"
                        },
                        {
                            "speaker_label": "spk_1",
                            "start_time": "6.05",
                            "end_time": "6.3"
                        },
                        {
                            "speaker_label": "spk_1",
                            "start_time": "6.409",
                            "end_time": "6.57"
                        },
                        {
                            "speaker_label": "spk_1",
                            "start_time": "6.61",
                            "end_time": "6.769"
                        },
                        {
                            "speaker_label": "spk_1",
                            "start_time": "6.769",
                            "end_time": "7.219"
                        },
                        {
                            "speaker_label": "spk_1",
                            "start_time": "7.369",
                            "end_time": "8.079"
                        },
                        {
                            "speaker_label": "spk_1",
                            "start_time": "8.09",
                            "end_time": "8.329"
                        },
                        {
                            "speaker_label": "spk_1",
                            "start_time": "8.329",
                            "end_time": "8.609"
                        },
                        {
                            "speaker_label": "spk_1",
                            "start_time": "8.609",
                            "end_time": "8.97"
                        },
                        {
                            "speaker_label": "spk_1",
                            "start_time": "8.97",
                            "end_time": "9.289"
                        },
                        {
                            "speaker_label": "spk_1",
                            "start_time": "9.289",
                            "end_time": "9.569"
                        },
                        {
                            "speaker_label": "spk_1",
                            "start_time": "9.569",
                            "end_time": "9.59"
                        },
                        {
                            "speaker_label": "spk_1",
                            "start_time": "10.25",
                            "end_time": "10.52"
                        },
                        {
                            "speaker_label": "spk_1",
                            "start_time": "10.529",
                            "end_time": "10.77"
                        },
                        {
                            "speaker_label": "spk_1",
                            "start_time": "10.779",
                            "end_time": "10.89"
                        },
                        {
                            "speaker_label": "spk_1",
                            "start_time": "10.89",
                            "end_time": "11.01"
                        },
                        {
                            "speaker_label": "spk_1",
                            "start_time": "11.01",
                            "end_time": "11.25"
                        },
                        {
                            "speaker_label": "spk_1",
                            "start_time": "11.25",
                            "end_time": "11.77"
                        },
                        {
                            "speaker_label": "spk_1",
                            "start_time": "11.77",
                            "end_time": "12.01"
                        },
                        {
                            "speaker_label": "spk_1",
                            "start_time": "12.01",
                            "end_time": "12.489"
                        },
                        {
                            "speaker_label": "spk_1",
                            "start_time": "12.609",
                            "end_time": "12.989"
                        },
                        {
                            "speaker_label": "spk_1",
                            "start_time": "13.13",
                            "end_time": "13.52"
                        },
                        {
                            "speaker_label": "spk_1",
                            "start_time": "13.619",
                            "end_time": "13.97"
                        },
                        {
                            "speaker_label": "spk_1",
                            "start_time": "13.97",
                            "end_time": "14.09"
                        },
                        {
                            "speaker_label": "spk_1",
                            "start_time": "14.09",
                            "end_time": "14.22"
                        },
                        {
                            "speaker_label": "spk_1",
                            "start_time": "14.22",
                            "end_time": "14.489"
                        }
                    ]
                },
                {
                    "start_time": "14.489",
                    "end_time": "14.8",
                    "speaker_label": "spk_1",
                    "items": [
                        {
                            "speaker_label": "spk_1",
                            "start_time": "14.489",
                            "end_time": "14.8"
                        }
                    ]
                },
                {
                    "start_time": "15.13",
                    "end_time": "16.059",
                    "speaker_label": "spk_0",
                    "items": [
                        {
                            "speaker_label": "spk_0",
                            "start_time": "15.13",
                            "end_time": "15.52"
                        }
                    ]
                },
                {
                    "start_time": "16.67",
                    "end_time": "37.33",
                    "speaker_label": "spk_1",
                    "items": [
                        {
                            "speaker_label": "spk_1",
                            "start_time": "16.78",
                            "end_time": "17.19"
                        },
                        {
                            "speaker_label": "spk_1",
                            "start_time": "17.35",
                            "end_time": "17.559"
                        },
                        {
                            "speaker_label": "spk_1",
                            "start_time": "17.969",
                            "end_time": "18.139"
                        },
                        {
                            "speaker_label": "spk_1",
                            "start_time": "18.27",
                            "end_time": "18.43"
                        },
                        {
                            "speaker_label": "spk_1",
                            "start_time": "18.469",
                            "end_time": "18.549"
                        },
                        {
                            "speaker_label": "spk_1",
                            "start_time": "18.549",
                            "end_time": "18.79"
                        },
                        {
                            "speaker_label": "spk_1",
                            "start_time": "18.79",
                            "end_time": "19.069"
                        },
                        {
                            "speaker_label": "spk_1",
                            "start_time": "19.069",
                            "end_time": "19.469"
                        },
                        {
                            "speaker_label": "spk_1",
                            "start_time": "19.469",
                            "end_time": "19.829"
                        },
                        {
                            "speaker_label": "spk_1",
                            "start_time": "19.829",
                            "end_time": "20.03"
                        },
                        {
                            "speaker_label": "spk_1",
                            "start_time": "20.19",
                            "end_time": "20.27"
                        },
                        {
                            "speaker_label": "spk_1",
                            "start_time": "20.35",
                            "end_time": "20.549"
                        },
                        {
                            "speaker_label": "spk_1",
                            "start_time": "20.549",
                            "end_time": "20.649"
                        },
                        {
                            "speaker_label": "spk_1",
                            "start_time": "20.649",
                            "end_time": "20.829"
                        },
                        {
                            "speaker_label": "spk_1",
                            "start_time": "20.829",
                            "end_time": "21.04"
                        },
                        {
                            "speaker_label": "spk_1",
                            "start_time": "21.04",
                            "end_time": "21.459"
                        },
                        {
                            "speaker_label": "spk_1",
                            "start_time": "21.79",
                            "end_time": "21.95"
                        },
                        {
                            "speaker_label": "spk_1",
                            "start_time": "21.95",
                            "end_time": "22.229"
                        },
                        {
                            "speaker_label": "spk_1",
                            "start_time": "22.229",
                            "end_time": "22.469"
                        },
                        {
                            "speaker_label": "spk_1",
                            "start_time": "22.469",
                            "end_time": "22.67"
                        },
                        {
                            "speaker_label": "spk_1",
                            "start_time": "22.67",
                            "end_time": "22.94"
                        },
                        {
                            "speaker_label": "spk_1",
                            "start_time": "23.03",
                            "end_time": "23.299"
                        },
                        {
                            "speaker_label": "spk_1",
                            "start_time": "23.309",
                            "end_time": "23.54"
                        },
                        {
                            "speaker_label": "spk_1",
                            "start_time": "23.549",
                            "end_time": "23.75"
                        },
                        {
                            "speaker_label": "spk_1",
                            "start_time": "23.75",
                            "end_time": "24.11"
                        },
                        {
                            "speaker_label": "spk_1",
                            "start_time": "24.11",
                            "end_time": "24.27"
                        },
                        {
                            "speaker_label": "spk_1",
                            "start_time": "24.27",
                            "end_time": "24.399"
                        },
                        {
                            "speaker_label": "spk_1",
                            "start_time": "24.399",
                            "end_time": "24.67"
                        },
                        {
                            "speaker_label": "spk_1",
                            "start_time": "24.67",
                            "end_time": "24.79"
                        },
                        {
                            "speaker_label": "spk_1",
                            "start_time": "24.79",
                            "end_time": "25.459"
                        },
                        {
                            "speaker_label": "spk_1",
                            "start_time": "25.87",
                            "end_time": "26.049"
                        },
                        {
                            "speaker_label": "spk_1",
                            "start_time": "26.049",
                            "end_time": "26.059"
                        },
                        {
                            "speaker_label": "spk_1",
                            "start_time": "26.069",
                            "end_time": "26.62"
                        },
                        {
                            "speaker_label": "spk_1",
                            "start_time": "26.62",
                            "end_time": "26.85"
                        },
                        {
                            "speaker_label": "spk_1",
                            "start_time": "26.85",
                            "end_time": "26.95"
                        },
                        {
                            "speaker_label": "spk_1",
                            "start_time": "26.95",
                            "end_time": "27.11"
                        },
                        {
                            "speaker_label": "spk_1",
                            "start_time": "27.11",
                            "end_time": "27.54"
                        },
                        {
                            "speaker_label": "spk_1",
                            "start_time": "27.54",
                            "end_time": "27.87"
                        },
                        {
                            "speaker_label": "spk_1",
                            "start_time": "27.87",
                            "end_time": "28.03"
                        },
                        {
                            "speaker_label": "spk_1",
                            "start_time": "28.03",
                            "end_time": "28.309"
                        },
                        {
                            "speaker_label": "spk_1",
                            "start_time": "28.309",
                            "end_time": "28.549"
                        },
                        {
                            "speaker_label": "spk_1",
                            "start_time": "28.549",
                            "end_time": "28.75"
                        },
                        {
                            "speaker_label": "spk_1",
                            "start_time": "28.75",
                            "end_time": "29.059"
                        },
                        {
                            "speaker_label": "spk_1",
                            "start_time": "29.059",
                            "end_time": "29.229"
                        },
                        {
                            "speaker_label": "spk_1",
                            "start_time": "29.229",
                            "end_time": "29.43"
                        },
                        {
                            "speaker_label": "spk_1",
                            "start_time": "29.43",
                            "end_time": "29.67"
                        },
                        {
                            "speaker_label": "spk_1",
                            "start_time": "29.67",
                            "end_time": "29.829"
                        },
                        {
                            "speaker_label": "spk_1",
                            "start_time": "29.829",
                            "end_time": "30.049"
                        },
                        {
                            "speaker_label": "spk_1",
                            "start_time": "30.049",
                            "end_time": "30.54"
                        },
                        {
                            "speaker_label": "spk_1",
                            "start_time": "30.54",
                            "end_time": "31.03"
                        },
                        {
                            "speaker_label": "spk_1",
                            "start_time": "31.239",
                            "end_time": "31.51"
                        },
                        {
                            "speaker_label": "spk_1",
                            "start_time": "31.51",
                            "end_time": "31.85"
                        },
                        {
                            "speaker_label": "spk_1",
                            "start_time": "31.87",
                            "end_time": "32.319"
                        },
                        {
                            "speaker_label": "spk_1",
                            "start_time": "32.95",
                            "end_time": "33.11"
                        },
                        {
                            "speaker_label": "spk_1",
                            "start_time": "33.27",
                            "end_time": "33.509"
                        },
                        {
                            "speaker_label": "spk_1",
                            "start_time": "33.549",
                            "end_time": "33.75"
                        },
                        {
                            "speaker_label": "spk_1",
                            "start_time": "33.75",
                            "end_time": "33.95"
                        },
                        {
                            "speaker_label": "spk_1",
                            "start_time": "33.95",
                            "end_time": "34.15"
                        },
                        {
                            "speaker_label": "spk_1",
                            "start_time": "34.15",
                            "end_time": "34.38"
                        },
                        {
                            "speaker_label": "spk_1",
                            "start_time": "34.38",
                            "end_time": "34.47"
                        },
                        {
                            "speaker_label": "spk_1",
                            "start_time": "34.549",
                            "end_time": "34.63"
                        },
                        {
                            "speaker_label": "spk_1",
                            "start_time": "34.63",
                            "end_time": "34.75"
                        },
                        {
                            "speaker_label": "spk_1",
                            "start_time": "34.75",
                            "end_time": "35.11"
                        },
                        {
                            "speaker_label": "spk_1",
                            "start_time": "35.11",
                            "end_time": "35.43"
                        },
                        {
                            "speaker_label": "spk_1",
                            "start_time": "35.43",
                            "end_time": "35.619"
                        },
                        {
                            "speaker_label": "spk_1",
                            "start_time": "35.7",
                            "end_time": "36.029"
                        },
                        {
                            "speaker_label": "spk_1",
                            "start_time": "36.029",
                            "end_time": "36.15"
                        },
                        {
                            "speaker_label": "spk_1",
                            "start_time": "36.15",
                            "end_time": "36.349"
                        },
                        {
                            "speaker_label": "spk_1",
                            "start_time": "36.349",
                            "end_time": "36.549"
                        },
                        {
                            "speaker_label": "spk_1",
                            "start_time": "36.549",
                            "end_time": "36.83"
                        },
                        {
                            "speaker_label": "spk_1",
                            "start_time": "36.83",
                            "end_time": "36.99"
                        },
                        {
                            "speaker_label": "spk_1",
                            "start_time": "36.99",
                            "end_time": "37.33"
                        }
                    ]
                },
                {
                    "start_time": "38.259",
                    "end_time": "38.63",
                    "speaker_label": "spk_0",
                    "items": [
                        {
                            "speaker_label": "spk_0",
                            "start_time": "38.259",
                            "end_time": "38.63"
                        }
                    ]
                },
                {
                    "start_time": "38.689",
                    "end_time": "39.369",
                    "speaker_label": "spk_1",
                    "items": [
                        {
                            "speaker_label": "spk_1",
                            "start_time": "38.689",
                            "end_time": "38.79"
                        },
                        {
                            "speaker_label": "spk_1",
                            "start_time": "38.79",
                            "end_time": "38.869"
                        },
                        {
                            "speaker_label": "spk_1",
                            "start_time": "38.869",
                            "end_time": "39.069"
                        },
                        {
                            "speaker_label": "spk_1",
                            "start_time": "39.069",
                            "end_time": "39.369"
                        }
                    ]
                },
                {
                    "start_time": "39.669",
                    "end_time": "40.759",
                    "speaker_label": "spk_0",
                    "items": [
                        {
                            "speaker_label": "spk_0",
                            "start_time": "39.669",
                            "end_time": "39.95"
                        },
                        {
                            "speaker_label": "spk_0",
                            "start_time": "40.11",
                            "end_time": "40.31"
                        },
                        {
                            "speaker_label": "spk_0",
                            "start_time": "40.31",
                            "end_time": "40.759"
                        }
                    ]
                },
                {
                    "start_time": "41.209",
                    "end_time": "41.68",
                    "speaker_label": "spk_1",
                    "items": [
                        {
                            "speaker_label": "spk_1",
                            "start_time": "41.209",
                            "end_time": "41.319"
                        },
                        {
                            "speaker_label": "spk_1",
                            "start_time": "41.319",
                            "end_time": "41.549"
                        }
                    ]
                }
            ],
            "channel_label": "ch_0",
            "speakers": 2
        },
        "items": [
            {
                "id": 0,
                "type": "pronunciation",
                "alternatives": [
                    {
                        "confidence": "0.344",
                        "content": "We"
                    }
                ],
                "start_time": "1.23",
                "end_time": "1.24",
                "speaker_label": "spk_0"
            },
            {
                "id": 1,
                "type": "pronunciation",
                "alternatives": [
                    {
                        "confidence": "0.499",
                        "content": "diagnostic"
                    }
                ],
                "start_time": "1.24",
                "end_time": "2.67",
                "speaker_label": "spk_0"
            },
            {
                "id": 2,
                "type": "pronunciation",
                "alternatives": [
                    {
                        "content": "[PII]",
                        "redactions": [
                            {
                                "confidence": "1.0",
                                "type": "NAME",
                                "category": "PII"
                            }
                        ]
                    }
                ],
                "start_time": "2.67",
                "end_time": "2.7"
            },
            {
                "id": 3,
                "type": "pronunciation",
                "alternatives": [
                    {
                        "confidence": "0.998",
                        "content": "speaking"
                    }
                ],
                "start_time": "2.7",
                "end_time": "2.98",
                "speaker_label": "spk_0"
            },
            {
                "id": 4,
                "type": "punctuation",
                "alternatives": [
                    {
                        "confidence": "0.0",
                        "content": "."
                    }
                ],
                "speaker_label": "spk_0"
            },
            {
                "id": 5,
                "type": "pronunciation",
                "alternatives": [
                    {
                        "confidence": "0.988",
                        "content": "How"
                    }
                ],
                "start_time": "3.019",
                "end_time": "3.22",
                "speaker_label": "spk_0"
            },
            {
                "id": 6,
                "type": "pronunciation",
                "alternatives": [
                    {
                        "confidence": "0.999",
                        "content": "may"
                    }
                ],
                "start_time": "3.22",
                "end_time": "3.339",
                "speaker_label": "spk_0"
            },
            {
                "id": 7,
                "type": "pronunciation",
                "alternatives": [
                    {
                        "confidence": "0.998",
                        "content": "I"
                    }
                ],
                "start_time": "3.339",
                "end_time": "3.46",
                "speaker_label": "spk_0"
            },
            {
                "id": 8,
                "type": "pronunciation",
                "alternatives": [
                    {
                        "confidence": "0.999",
                        "content": "help"
                    }
                ],
                "start_time": "3.46",
                "end_time": "3.68",
                "speaker_label": "spk_0"
            },
            {
                "id": 9,
                "type": "pronunciation",
                "alternatives": [
                    {
                        "confidence": "0.999",
                        "content": "you"
                    }
                ],
                "start_time": "3.68",
                "end_time": "3.94",
                "speaker_label": "spk_0"
            },
            {
                "id": 10,
                "type": "punctuation",
                "alternatives": [
                    {
                        "confidence": "0.0",
                        "content": "?"
                    }
                ],
                "speaker_label": "spk_0"
            },
            {
                "id": 11,
                "type": "pronunciation",
                "alternatives": [
                    {
                        "confidence": "0.997",
                        "content": "Uh"
                    }
                ],
                "start_time": "4.94",
                "end_time": "5.42",
                "speaker_label": "spk_1"
            },
            {
                "id": 12,
                "type": "punctuation",
                "alternatives": [
                    {
                        "confidence": "0.0",
                        "content": ","
                    }
                ],
                "speaker_label": "spk_1"
            },
            {
                "id": 13,
                "type": "pronunciation",
                "alternatives": [
                    {
                        "confidence": "0.996",
                        "content": "yeah"
                    }
                ],
                "start_time": "5.449",
                "end_time": "5.76",
                "speaker_label": "spk_1"
            },
            {
                "id": 14,
                "type": "punctuation",
                "alternatives": [
                    {
                        "confidence": "0.0",
                        "content": ","
                    }
                ],
                "speaker_label": "spk_1"
            },
            {
                "id": 15,
                "type": "pronunciation",
                "alternatives": [
                    {
                        "confidence": "0.997",
                        "content": "sorry"
                    }
                ],
                "start_time": "6.05",
                "end_time": "6.3",
                "speaker_label": "spk_1"
            },
            {
                "id": 16,
                "type": "punctuation",
                "alternatives": [
                    {
                        "confidence": "0.0",
                        "content": ","
                    }
                ],
                "speaker_label": "spk_1"
            },
            {
                "id": 17,
                "type": "pronunciation",
                "alternatives": [
                    {
                        "confidence": "0.996",
                        "content": "uh"
                    }
                ],
                "start_time": "6.409",
                "end_time": "6.57",
                "speaker_label": "spk_1"
            },
            {
                "id": 18,
                "type": "punctuation",
                "alternatives": [
                    {
                        "confidence": "0.0",
                        "content": ","
                    }
                ],
                "speaker_label": "spk_1"
            },
            {
                "id": 19,
                "type": "pronunciation",
                "alternatives": [
                    {
                        "confidence": "0.995",
                        "content": "I'm"
                    }
                ],
                "start_time": "6.61",
                "end_time": "6.769",
                "speaker_label": "spk_1"
            },
            {
                "id": 20,
                "type": "pronunciation",
                "alternatives": [
                    {
                        "confidence": "0.999",
                        "content": "actually"
                    }
                ],
                "start_time": "6.769",
                "end_time": "7.219",
                "speaker_label": "spk_1"
            },
            {
                "id": 21,
                "type": "punctuation",
                "alternatives": [
                    {
                        "confidence": "0.0",
                        "content": ","
                    }
                ],
                "speaker_label": "spk_1"
            },
            {
                "id": 22,
                "type": "pronunciation",
                "alternatives": [
                    {
                        "confidence": "0.997",
                        "content": "um"
                    }
                ],
                "start_time": "7.369",
                "end_time": "8.079",
                "speaker_label": "spk_1"
            },
            {
                "id": 23,
                "type": "punctuation",
                "alternatives": [
                    {
                        "confidence": "0.0",
                        "content": ","
                    }
                ],
                "speaker_label": "spk_1"
            },
            {
                "id": 24,
                "type": "pronunciation",
                "alternatives": [
                    {
                        "confidence": "0.999",
                        "content": "calling"
                    }
                ],
                "start_time": "8.09",
                "end_time": "8.329",
                "speaker_label": "spk_1"
            },
            {
                "id": 25,
                "type": "pronunciation",
                "alternatives": [
                    {
                        "confidence": "0.999",
                        "content": "from"
                    }
                ],
                "start_time": "8.329",
                "end_time": "8.609",
                "speaker_label": "spk_1"
            },
            {
                "id": 26,
                "type": "pronunciation",
                "alternatives": [
                    {
                        "confidence": "0.163",
                        "content": "Water"
                    }
                ],
                "start_time": "8.609",
                "end_time": "8.97",
                "speaker_label": "spk_1"
            },
            {
                "id": 27,
                "type": "pronunciation",
                "alternatives": [
                    {
                        "confidence": "0.898",
                        "content": "Techno"
                    }
                ],
                "start_time": "8.97",
                "end_time": "9.289",
                "speaker_label": "spk_1"
            },
            {
                "id": 28,
                "type": "pronunciation",
                "alternatives": [
                    {
                        "confidence": "0.988",
                        "content": "technology"
                    }
                ],
                "start_time": "9.289",
                "end_time": "9.569",
                "speaker_label": "spk_1"
            },
            {
                "id": 29,
                "type": "pronunciation",
                "alternatives": [
                    {
                        "confidence": "0.68",
                        "content": "itself"
                    }
                ],
                "start_time": "9.569",
                "end_time": "9.59",
                "speaker_label": "spk_1"
            },
            {
                "id": 30,
                "type": "punctuation",
                "alternatives": [
                    {
                        "confidence": "0.0",
                        "content": ","
                    }
                ],
                "speaker_label": "spk_1"
            },
            {
                "id": 31,
                "type": "pronunciation",
                "alternatives": [
                    {
                        "confidence": "0.986",
                        "content": "uh"
                    }
                ],
                "start_time": "10.25",
                "end_time": "10.52",
                "speaker_label": "spk_1"
            },
            {
                "id": 32,
                "type": "punctuation",
                "alternatives": [
                    {
                        "confidence": "0.0",
                        "content": ","
                    }
                ],
                "speaker_label": "spk_1"
            },
            {
                "id": 33,
                "type": "pronunciation",
                "alternatives": [
                    {
                        "confidence": "0.961",
                        "content": "uh"
                    }
                ],
                "start_time": "10.529",
                "end_time": "10.77",
                "speaker_label": "spk_1"
            },
            {
                "id": 34,
                "type": "punctuation",
                "alternatives": [
                    {
                        "confidence": "0.0",
                        "content": ","
                    }
                ],
                "speaker_label": "spk_1"
            },
            {
                "id": 35,
                "type": "pronunciation",
                "alternatives": [
                    {
                        "confidence": "0.999",
                        "content": "I"
                    }
                ],
                "start_time": "10.779",
                "end_time": "10.89",
                "speaker_label": "spk_1"
            },
            {
                "id": 36,
                "type": "pronunciation",
                "alternatives": [
                    {
                        "confidence": "0.999",
                        "content": "was"
                    }
                ],
                "start_time": "10.89",
                "end_time": "11.01",
                "speaker_label": "spk_1"
            },
            {
                "id": 37,
                "type": "pronunciation",
                "alternatives": [
                    {
                        "confidence": "0.998",
                        "content": "just"
                    }
                ],
                "start_time": "11.01",
                "end_time": "11.25",
                "speaker_label": "spk_1"
            },
            {
                "id": 38,
                "type": "pronunciation",
                "alternatives": [
                    {
                        "confidence": "0.997",
                        "content": "testing"
                    }
                ],
                "start_time": "11.25",
                "end_time": "11.77",
                "speaker_label": "spk_1"
            },
            {
                "id": 39,
                "type": "pronunciation",
                "alternatives": [
                    {
                        "confidence": "0.998",
                        "content": "call"
                    }
                ],
                "start_time": "11.77",
                "end_time": "12.01",
                "speaker_label": "spk_1"
            },
            {
                "id": 40,
                "type": "pronunciation",
                "alternatives": [
                    {
                        "confidence": "0.998",
                        "content": "recording"
                    }
                ],
                "start_time": "12.01",
                "end_time": "12.489",
                "speaker_label": "spk_1"
            },
            {
                "id": 41,
                "type": "punctuation",
                "alternatives": [
                    {
                        "confidence": "0.0",
                        "content": ","
                    }
                ],
                "speaker_label": "spk_1"
            },
            {
                "id": 42,
                "type": "pronunciation",
                "alternatives": [
                    {
                        "confidence": "0.995",
                        "content": "um"
                    }
                ],
                "start_time": "12.609",
                "end_time": "12.989",
                "speaker_label": "spk_1"
            },
            {
                "id": 43,
                "type": "punctuation",
                "alternatives": [
                    {
                        "confidence": "0.0",
                        "content": ","
                    }
                ],
                "speaker_label": "spk_1"
            },
            {
                "id": 44,
                "type": "pronunciation",
                "alternatives": [
                    {
                        "confidence": "0.997",
                        "content": "who"
                    }
                ],
                "start_time": "13.13",
                "end_time": "13.52",
                "speaker_label": "spk_1"
            },
            {
                "id": 45,
                "type": "punctuation",
                "alternatives": [
                    {
                        "confidence": "0.0",
                        "content": ","
                    }
                ],
                "speaker_label": "spk_1"
            },
            {
                "id": 46,
                "type": "pronunciation",
                "alternatives": [
                    {
                        "confidence": "0.998",
                        "content": "who"
                    }
                ],
                "start_time": "13.619",
                "end_time": "13.97",
                "speaker_label": "spk_1"
            },
            {
                "id": 47,
                "type": "pronunciation",
                "alternatives": [
                    {
                        "confidence": "0.997",
                        "content": "am"
                    }
                ],
                "start_time": "13.97",
                "end_time": "14.09",
                "speaker_label": "spk_1"
            },
            {
                "id": 48,
                "type": "pronunciation",
                "alternatives": [
                    {
                        "confidence": "0.998",
                        "content": "I"
                    }
                ],
                "start_time": "14.09",
                "end_time": "14.22",
                "speaker_label": "spk_1"
            },
            {
                "id": 49,
                "type": "pronunciation",
                "alternatives": [
                    {
                        "confidence": "0.999",
                        "content": "speaking"
                    }
                ],
                "start_time": "14.22",
                "end_time": "14.489",
                "speaker_label": "spk_1"
            },
            {
                "id": 50,
                "type": "pronunciation",
                "alternatives": [
                    {
                        "confidence": "0.998",
                        "content": "with"
                    }
                ],
                "start_time": "14.489",
                "end_time": "14.8",
                "speaker_label": "spk_1"
            },
            {
                "id": 51,
                "type": "punctuation",
                "alternatives": [
                    {
                        "confidence": "0.0",
                        "content": "?"
                    }
                ],
                "speaker_label": "spk_1"
            },
            {
                "id": 52,
                "type": "pronunciation",
                "alternatives": [
                    {
                        "content": "[PII]",
                        "redactions": [
                            {
                                "confidence": "1.0",
                                "type": "NAME",
                                "category": "PII"
                            }
                        ]
                    }
                ],
                "start_time": "15.13",
                "end_time": "15.52"
            },
            {
                "id": 53,
                "type": "punctuation",
                "alternatives": [
                    {
                        "confidence": "0.0",
                        "content": "."
                    }
                ]
            },
            {
                "id": 54,
                "type": "pronunciation",
                "alternatives": [
                    {
                        "confidence": "0.997",
                        "content": "Yeah"
                    }
                ],
                "start_time": "16.78",
                "end_time": "17.19",
                "speaker_label": "spk_1"
            },
            {
                "id": 55,
                "type": "punctuation",
                "alternatives": [
                    {
                        "confidence": "0.0",
                        "content": ","
                    }
                ],
                "speaker_label": "spk_1"
            },
            {
                "id": 56,
                "type": "pronunciation",
                "alternatives": [
                    {
                        "confidence": "0.997",
                        "content": "hi"
                    }
                ],
                "start_time": "17.35",
                "end_time": "17.559",
                "speaker_label": "spk_1"
            },
            {
                "id": 57,
                "type": "punctuation",
                "alternatives": [
                    {
                        "confidence": "0.0",
                        "content": "."
                    }
                ],
                "speaker_label": "spk_1"
            },
            {
                "id": 58,
                "type": "pronunciation",
                "alternatives": [
                    {
                        "confidence": "0.852",
                        "content": "Sorry"
                    }
                ],
                "start_time": "17.969",
                "end_time": "18.139",
                "speaker_label": "spk_1"
            },
            {
                "id": 59,
                "type": "punctuation",
                "alternatives": [
                    {
                        "confidence": "0.0",
                        "content": ","
                    }
                ],
                "speaker_label": "spk_1"
            },
            {
                "id": 60,
                "type": "pronunciation",
                "alternatives": [
                    {
                        "confidence": "0.996",
                        "content": "uh"
                    }
                ],
                "start_time": "18.27",
                "end_time": "18.43",
                "speaker_label": "spk_1"
            },
            {
                "id": 61,
                "type": "punctuation",
                "alternatives": [
                    {
                        "confidence": "0.0",
                        "content": ","
                    }
                ],
                "speaker_label": "spk_1"
            },
            {
                "id": 62,
                "type": "pronunciation",
                "alternatives": [
                    {
                        "confidence": "0.999",
                        "content": "this"
                    }
                ],
                "start_time": "18.469",
                "end_time": "18.549",
                "speaker_label": "spk_1"
            },
            {
                "id": 63,
                "type": "pronunciation",
                "alternatives": [
                    {
                        "confidence": "0.998",
                        "content": "is"
                    }
                ],
                "start_time": "18.549",
                "end_time": "18.79",
                "speaker_label": "spk_1"
            },
            {
                "id": 64,
                "type": "pronunciation",
                "alternatives": [
                    {
                        "content": "[PII]",
                        "redactions": [
                            {
                                "confidence": "1.0",
                                "type": "NAME",
                                "category": "PII"
                            }
                        ]
                    }
                ],
                "start_time": "18.79",
                "end_time": "19.069"
            },
            {
                "id": 65,
                "type": "pronunciation",
                "alternatives": [
                    {
                        "confidence": "0.998",
                        "content": "from"
                    }
                ],
                "start_time": "19.069",
                "end_time": "19.469",
                "speaker_label": "spk_1"
            },
            {
                "id": 66,
                "type": "pronunciation",
                "alternatives": [
                    {
                        "confidence": "0.731",
                        "content": "Water"
                    }
                ],
                "start_time": "19.469",
                "end_time": "19.829",
                "speaker_label": "spk_1"
            },
            {
                "id": 67,
                "type": "pronunciation",
                "alternatives": [
                    {
                        "confidence": "0.793",
                        "content": "Tech"
                    }
                ],
                "start_time": "19.829",
                "end_time": "20.03",
                "speaker_label": "spk_1"
            },
            {
                "id": 68,
                "type": "punctuation",
                "alternatives": [
                    {
                        "confidence": "0.0",
                        "content": "."
                    }
                ],
                "speaker_label": "spk_1"
            },
            {
                "id": 69,
                "type": "pronunciation",
                "alternatives": [
                    {
                        "confidence": "0.996",
                        "content": "Uh"
                    }
                ],
                "start_time": "20.19",
                "end_time": "20.27",
                "speaker_label": "spk_1"
            },
            {
                "id": 70,
                "type": "punctuation",
                "alternatives": [
                    {
                        "confidence": "0.0",
                        "content": ","
                    }
                ],
                "speaker_label": "spk_1"
            },
            {
                "id": 71,
                "type": "pronunciation",
                "alternatives": [
                    {
                        "confidence": "0.999",
                        "content": "I"
                    }
                ],
                "start_time": "20.35",
                "end_time": "20.549",
                "speaker_label": "spk_1"
            },
            {
                "id": 72,
                "type": "pronunciation",
                "alternatives": [
                    {
                        "confidence": "0.982",
                        "content": "will"
                    }
                ],
                "start_time": "20.549",
                "end_time": "20.649",
                "speaker_label": "spk_1"
            },
            {
                "id": 73,
                "type": "pronunciation",
                "alternatives": [
                    {
                        "confidence": "0.932",
                        "content": "got"
                    }
                ],
                "start_time": "20.649",
                "end_time": "20.829",
                "speaker_label": "spk_1"
            },
            {
                "id": 74,
                "type": "pronunciation",
                "alternatives": [
                    {
                        "confidence": "0.996",
                        "content": "the"
                    }
                ],
                "start_time": "20.829",
                "end_time": "21.04",
                "speaker_label": "spk_1"
            },
            {
                "id": 75,
                "type": "pronunciation",
                "alternatives": [
                    {
                        "confidence": "0.999",
                        "content": "call"
                    }
                ],
                "start_time": "21.04",
                "end_time": "21.459",
                "speaker_label": "spk_1"
            },
            {
                "id": 76,
                "type": "punctuation",
                "alternatives": [
                    {
                        "confidence": "0.0",
                        "content": "."
                    }
                ],
                "speaker_label": "spk_1"
            },
            {
                "id": 77,
                "type": "pronunciation",
                "alternatives": [
                    {
                        "confidence": "0.996",
                        "content": "We"
                    }
                ],
                "start_time": "21.79",
                "end_time": "21.95",
                "speaker_label": "spk_1"
            },
            {
                "id": 78,
                "type": "pronunciation",
                "alternatives": [
                    {
                        "confidence": "0.999",
                        "content": "just"
                    }
                ],
                "start_time": "21.95",
                "end_time": "22.229",
                "speaker_label": "spk_1"
            },
            {
                "id": 79,
                "type": "pronunciation",
                "alternatives": [
                    {
                        "confidence": "0.999",
                        "content": "added"
                    }
                ],
                "start_time": "22.229",
                "end_time": "22.469",
                "speaker_label": "spk_1"
            },
            {
                "id": 80,
                "type": "pronunciation",
                "alternatives": [
                    {
                        "confidence": "0.998",
                        "content": "a"
                    }
                ],
                "start_time": "22.469",
                "end_time": "22.67",
                "speaker_label": "spk_1"
            },
            {
                "id": 81,
                "type": "pronunciation",
                "alternatives": [
                    {
                        "confidence": "0.999",
                        "content": "new"
                    }
                ],
                "start_time": "22.67",
                "end_time": "22.94",
                "speaker_label": "spk_1"
            },
            {
                "id": 82,
                "type": "punctuation",
                "alternatives": [
                    {
                        "confidence": "0.0",
                        "content": ","
                    }
                ],
                "speaker_label": "spk_1"
            },
            {
                "id": 83,
                "type": "pronunciation",
                "alternatives": [
                    {
                        "confidence": "0.997",
                        "content": "uh"
                    }
                ],
                "start_time": "23.03",
                "end_time": "23.299",
                "speaker_label": "spk_1"
            },
            {
                "id": 84,
                "type": "punctuation",
                "alternatives": [
                    {
                        "confidence": "0.0",
                        "content": ","
                    }
                ],
                "speaker_label": "spk_1"
            },
            {
                "id": 85,
                "type": "pronunciation",
                "alternatives": [
                    {
                        "confidence": "0.997",
                        "content": "call"
                    }
                ],
                "start_time": "23.309",
                "end_time": "23.54",
                "speaker_label": "spk_1"
            },
            {
                "id": 86,
                "type": "punctuation",
                "alternatives": [
                    {
                        "confidence": "0.0",
                        "content": ","
                    }
                ],
                "speaker_label": "spk_1"
            },
            {
                "id": 87,
                "type": "pronunciation",
                "alternatives": [
                    {
                        "confidence": "0.925",
                        "content": "so"
                    }
                ],
                "start_time": "23.549",
                "end_time": "23.75",
                "speaker_label": "spk_1"
            },
            {
                "id": 88,
                "type": "pronunciation",
                "alternatives": [
                    {
                        "confidence": "0.997",
                        "content": "where"
                    }
                ],
                "start_time": "23.75",
                "end_time": "24.11",
                "speaker_label": "spk_1"
            },
            {
                "id": 89,
                "type": "pronunciation",
                "alternatives": [
                    {
                        "confidence": "0.997",
                        "content": "we"
                    }
                ],
                "start_time": "24.11",
                "end_time": "24.27",
                "speaker_label": "spk_1"
            },
            {
                "id": 90,
                "type": "pronunciation",
                "alternatives": [
                    {
                        "confidence": "0.996",
                        "content": "are"
                    }
                ],
                "start_time": "24.27",
                "end_time": "24.399",
                "speaker_label": "spk_1"
            },
            {
                "id": 91,
                "type": "pronunciation",
                "alternatives": [
                    {
                        "confidence": "0.999",
                        "content": "sending"
                    }
                ],
                "start_time": "24.399",
                "end_time": "24.67",
                "speaker_label": "spk_1"
            },
            {
                "id": 92,
                "type": "pronunciation",
                "alternatives": [
                    {
                        "confidence": "0.999",
                        "content": "a"
                    }
                ],
                "start_time": "24.67",
                "end_time": "24.79",
                "speaker_label": "spk_1"
            },
            {
                "id": 93,
                "type": "pronunciation",
                "alternatives": [
                    {
                        "confidence": "0.999",
                        "content": "message"
                    }
                ],
                "start_time": "24.79",
                "end_time": "25.459",
                "speaker_label": "spk_1"
            },
            {
                "id": 94,
                "type": "pronunciation",
                "alternatives": [
                    {
                        "confidence": "0.999",
                        "content": "before"
                    }
                ],
                "start_time": "25.87",
                "end_time": "26.049",
                "speaker_label": "spk_1"
            },
            {
                "id": 95,
                "type": "pronunciation",
                "alternatives": [
                    {
                        "confidence": "0.981",
                        "content": "they"
                    }
                ],
                "start_time": "26.049",
                "end_time": "26.059",
                "speaker_label": "spk_1"
            },
            {
                "id": 96,
                "type": "punctuation",
                "alternatives": [
                    {
                        "confidence": "0.0",
                        "content": ","
                    }
                ],
                "speaker_label": "spk_1"
            },
            {
                "id": 97,
                "type": "pronunciation",
                "alternatives": [
                    {
                        "confidence": "0.996",
                        "content": "it"
                    }
                ],
                "start_time": "26.069",
                "end_time": "26.62",
                "speaker_label": "spk_1"
            },
            {
                "id": 98,
                "type": "pronunciation",
                "alternatives": [
                    {
                        "confidence": "0.999",
                        "content": "comes"
                    }
                ],
                "start_time": "26.62",
                "end_time": "26.85",
                "speaker_label": "spk_1"
            },
            {
                "id": 99,
                "type": "pronunciation",
                "alternatives": [
                    {
                        "confidence": "0.999",
                        "content": "to"
                    }
                ],
                "start_time": "26.85",
                "end_time": "26.95",
                "speaker_label": "spk_1"
            },
            {
                "id": 100,
                "type": "pronunciation",
                "alternatives": [
                    {
                        "confidence": "0.999",
                        "content": "your"
                    }
                ],
                "start_time": "26.95",
                "end_time": "27.11",
                "speaker_label": "spk_1"
            },
            {
                "id": 101,
                "type": "pronunciation",
                "alternatives": [
                    {
                        "confidence": "0.991",
                        "content": "queue"
                    }
                ],
                "start_time": "27.11",
                "end_time": "27.54",
                "speaker_label": "spk_1"
            },
            {
                "id": 102,
                "type": "pronunciation",
                "alternatives": [
                    {
                        "confidence": "0.999",
                        "content": "that"
                    }
                ],
                "start_time": "27.54",
                "end_time": "27.87",
                "speaker_label": "spk_1"
            },
            {
                "id": 103,
                "type": "pronunciation",
                "alternatives": [
                    {
                        "confidence": "0.988",
                        "content": "you'll"
                    }
                ],
                "start_time": "27.87",
                "end_time": "28.03",
                "speaker_label": "spk_1"
            },
            {
                "id": 104,
                "type": "pronunciation",
                "alternatives": [
                    {
                        "confidence": "0.999",
                        "content": "be"
                    }
                ],
                "start_time": "28.03",
                "end_time": "28.309",
                "speaker_label": "spk_1"
            },
            {
                "id": 105,
                "type": "pronunciation",
                "alternatives": [
                    {
                        "confidence": "0.999",
                        "content": "recording"
                    }
                ],
                "start_time": "28.309",
                "end_time": "28.549",
                "speaker_label": "spk_1"
            },
            {
                "id": 106,
                "type": "pronunciation",
                "alternatives": [
                    {
                        "confidence": "0.999",
                        "content": "the"
                    }
                ],
                "start_time": "28.549",
                "end_time": "28.75",
                "speaker_label": "spk_1"
            },
            {
                "id": 107,
                "type": "pronunciation",
                "alternatives": [
                    {
                        "confidence": "0.999",
                        "content": "call"
                    }
                ],
                "start_time": "28.75",
                "end_time": "29.059",
                "speaker_label": "spk_1"
            },
            {
                "id": 108,
                "type": "pronunciation",
                "alternatives": [
                    {
                        "confidence": "0.998",
                        "content": "and"
                    }
                ],
                "start_time": "29.059",
                "end_time": "29.229",
                "speaker_label": "spk_1"
            },
            {
                "id": 109,
                "type": "pronunciation",
                "alternatives": [
                    {
                        "confidence": "0.998",
                        "content": "the"
                    }
                ],
                "start_time": "29.229",
                "end_time": "29.43",
                "speaker_label": "spk_1"
            },
            {
                "id": 110,
                "type": "pronunciation",
                "alternatives": [
                    {
                        "confidence": "0.999",
                        "content": "call"
                    }
                ],
                "start_time": "29.43",
                "end_time": "29.67",
                "speaker_label": "spk_1"
            },
            {
                "id": 111,
                "type": "pronunciation",
                "alternatives": [
                    {
                        "confidence": "0.998",
                        "content": "will"
                    }
                ],
                "start_time": "29.67",
                "end_time": "29.829",
                "speaker_label": "spk_1"
            },
            {
                "id": 112,
                "type": "pronunciation",
                "alternatives": [
                    {
                        "confidence": "0.999",
                        "content": "be"
                    }
                ],
                "start_time": "29.829",
                "end_time": "30.049",
                "speaker_label": "spk_1"
            },
            {
                "id": 113,
                "type": "pronunciation",
                "alternatives": [
                    {
                        "confidence": "0.997",
                        "content": "recorded"
                    }
                ],
                "start_time": "30.049",
                "end_time": "30.54",
                "speaker_label": "spk_1"
            },
            {
                "id": 114,
                "type": "pronunciation",
                "alternatives": [
                    {
                        "confidence": "0.998",
                        "content": "for"
                    }
                ],
                "start_time": "30.54",
                "end_time": "31.03",
                "speaker_label": "spk_1"
            },
            {
                "id": 115,
                "type": "punctuation",
                "alternatives": [
                    {
                        "confidence": "0.0",
                        "content": ","
                    }
                ],
                "speaker_label": "spk_1"
            },
            {
                "id": 116,
                "type": "pronunciation",
                "alternatives": [
                    {
                        "confidence": "0.997",
                        "content": "for"
                    }
                ],
                "start_time": "31.239",
                "end_time": "31.51",
                "speaker_label": "spk_1"
            },
            {
                "id": 117,
                "type": "pronunciation",
                "alternatives": [
                    {
                        "confidence": "0.999",
                        "content": "training"
                    }
                ],
                "start_time": "31.51",
                "end_time": "31.85",
                "speaker_label": "spk_1"
            },
            {
                "id": 118,
                "type": "punctuation",
                "alternatives": [
                    {
                        "confidence": "0.0",
                        "content": "."
                    }
                ],
                "speaker_label": "spk_1"
            },
            {
                "id": 119,
                "type": "pronunciation",
                "alternatives": [
                    {
                        "confidence": "0.996",
                        "content": "So"
                    }
                ],
                "start_time": "31.87",
                "end_time": "32.319",
                "speaker_label": "spk_1"
            },
            {
                "id": 120,
                "type": "pronunciation",
                "alternatives": [
                    {
                        "confidence": "0.998",
                        "content": "yeah"
                    }
                ],
                "start_time": "32.95",
                "end_time": "33.11",
                "speaker_label": "spk_1"
            },
            {
                "id": 121,
                "type": "punctuation",
                "alternatives": [
                    {
                        "confidence": "0.0",
                        "content": ","
                    }
                ],
                "speaker_label": "spk_1"
            },
            {
                "id": 122,
                "type": "pronunciation",
                "alternatives": [
                    {
                        "confidence": "0.992",
                        "content": "it's"
                    }
                ],
                "start_time": "33.27",
                "end_time": "33.509",
                "speaker_label": "spk_1"
            },
            {
                "id": 123,
                "type": "punctuation",
                "alternatives": [
                    {
                        "confidence": "0.0",
                        "content": ","
                    }
                ],
                "speaker_label": "spk_1"
            },
            {
                "id": 124,
                "type": "pronunciation",
                "alternatives": [
                    {
                        "confidence": "0.995",
                        "content": "it's"
                    }
                ],
                "start_time": "33.549",
                "end_time": "33.75",
                "speaker_label": "spk_1"
            },
            {
                "id": 125,
                "type": "pronunciation",
                "alternatives": [
                    {
                        "confidence": "0.997",
                        "content": "gonna"
                    }
                ],
                "start_time": "33.75",
                "end_time": "33.95",
                "speaker_label": "spk_1"
            },
            {
                "id": 126,
                "type": "pronunciation",
                "alternatives": [
                    {
                        "confidence": "0.998",
                        "content": "start"
                    }
                ],
                "start_time": "33.95",
                "end_time": "34.15",
                "speaker_label": "spk_1"
            },
            {
                "id": 127,
                "type": "pronunciation",
                "alternatives": [
                    {
                        "confidence": "0.998",
                        "content": "from"
                    }
                ],
                "start_time": "34.15",
                "end_time": "34.38",
                "speaker_label": "spk_1"
            },
            {
                "id": 128,
                "type": "pronunciation",
                "alternatives": [
                    {
                        "confidence": "0.999",
                        "content": "today"
                    }
                ],
                "start_time": "34.38",
                "end_time": "34.47",
                "speaker_label": "spk_1"
            },
            {
                "id": 129,
                "type": "punctuation",
                "alternatives": [
                    {
                        "confidence": "0.0",
                        "content": "."
                    }
                ],
                "speaker_label": "spk_1"
            },
            {
                "id": 130,
                "type": "pronunciation",
                "alternatives": [
                    {
                        "confidence": "0.998",
                        "content": "I"
                    }
                ],
                "start_time": "34.549",
                "end_time": "34.63",
                "speaker_label": "spk_1"
            },
            {
                "id": 131,
                "type": "pronunciation",
                "alternatives": [
                    {
                        "confidence": "0.999",
                        "content": "was"
                    }
                ],
                "start_time": "34.63",
                "end_time": "34.75",
                "speaker_label": "spk_1"
            },
            {
                "id": 132,
                "type": "pronunciation",
                "alternatives": [
                    {
                        "confidence": "0.999",
                        "content": "just"
                    }
                ],
                "start_time": "34.75",
                "end_time": "35.11",
                "speaker_label": "spk_1"
            },
            {
                "id": 133,
                "type": "pronunciation",
                "alternatives": [
                    {
                        "confidence": "0.995",
                        "content": "testing"
                    }
                ],
                "start_time": "35.11",
                "end_time": "35.43",
                "speaker_label": "spk_1"
            },
            {
                "id": 134,
                "type": "pronunciation",
                "alternatives": [
                    {
                        "confidence": "0.999",
                        "content": "it"
                    }
                ],
                "start_time": "35.43",
                "end_time": "35.619",
                "speaker_label": "spk_1"
            },
            {
                "id": 135,
                "type": "punctuation",
                "alternatives": [
                    {
                        "confidence": "0.0",
                        "content": ","
                    }
                ],
                "speaker_label": "spk_1"
            },
            {
                "id": 136,
                "type": "pronunciation",
                "alternatives": [
                    {
                        "confidence": "0.996",
                        "content": "so"
                    }
                ],
                "start_time": "35.7",
                "end_time": "36.029",
                "speaker_label": "spk_1"
            },
            {
                "id": 137,
                "type": "pronunciation",
                "alternatives": [
                    {
                        "confidence": "0.999",
                        "content": "thank"
                    }
                ],
                "start_time": "36.029",
                "end_time": "36.15",
                "speaker_label": "spk_1"
            },
            {
                "id": 138,
                "type": "pronunciation",
                "alternatives": [
                    {
                        "confidence": "0.999",
                        "content": "you"
                    }
                ],
                "start_time": "36.15",
                "end_time": "36.349",
                "speaker_label": "spk_1"
            },
            {
                "id": 139,
                "type": "pronunciation",
                "alternatives": [
                    {
                        "confidence": "0.999",
                        "content": "for"
                    }
                ],
                "start_time": "36.349",
                "end_time": "36.549",
                "speaker_label": "spk_1"
            },
            {
                "id": 140,
                "type": "pronunciation",
                "alternatives": [
                    {
                        "confidence": "0.994",
                        "content": "picking"
                    }
                ],
                "start_time": "36.549",
                "end_time": "36.83",
                "speaker_label": "spk_1"
            },
            {
                "id": 141,
                "type": "pronunciation",
                "alternatives": [
                    {
                        "confidence": "0.998",
                        "content": "the"
                    }
                ],
                "start_time": "36.83",
                "end_time": "36.99",
                "speaker_label": "spk_1"
            },
            {
                "id": 142,
                "type": "pronunciation",
                "alternatives": [
                    {
                        "confidence": "0.998",
                        "content": "call"
                    }
                ],
                "start_time": "36.99",
                "end_time": "37.33",
                "speaker_label": "spk_1"
            },
            {
                "id": 143,
                "type": "punctuation",
                "alternatives": [
                    {
                        "confidence": "0.0",
                        "content": "."
                    }
                ],
                "speaker_label": "spk_1"
            },
            {
                "id": 144,
                "type": "pronunciation",
                "alternatives": [
                    {
                        "confidence": "0.997",
                        "content": "OK"
                    }
                ],
                "start_time": "38.259",
                "end_time": "38.63",
                "speaker_label": "spk_0"
            },
            {
                "id": 145,
                "type": "punctuation",
                "alternatives": [
                    {
                        "confidence": "0.0",
                        "content": ","
                    }
                ],
                "speaker_label": "spk_0"
            },
            {
                "id": 146,
                "type": "pronunciation",
                "alternatives": [
                    {
                        "confidence": "0.996",
                        "content": "have"
                    }
                ],
                "start_time": "38.689",
                "end_time": "38.79",
                "speaker_label": "spk_1"
            },
            {
                "id": 147,
                "type": "pronunciation",
                "alternatives": [
                    {
                        "confidence": "0.998",
                        "content": "a"
                    }
                ],
                "start_time": "38.79",
                "end_time": "38.869",
                "speaker_label": "spk_1"
            },
            {
                "id": 148,
                "type": "pronunciation",
                "alternatives": [
                    {
                        "confidence": "0.998",
                        "content": "good"
                    }
                ],
                "start_time": "38.869",
                "end_time": "39.069",
                "speaker_label": "spk_1"
            },
            {
                "id": 149,
                "type": "pronunciation",
                "alternatives": [
                    {
                        "confidence": "0.997",
                        "content": "day"
                    }
                ],
                "start_time": "39.069",
                "end_time": "39.369",
                "speaker_label": "spk_1"
            },
            {
                "id": 150,
                "type": "punctuation",
                "alternatives": [
                    {
                        "confidence": "0.0",
                        "content": "."
                    }
                ],
                "speaker_label": "spk_1"
            },
            {
                "id": 151,
                "type": "pronunciation",
                "alternatives": [
                    {
                        "confidence": "0.996",
                        "content": "OK"
                    }
                ],
                "start_time": "39.669",
                "end_time": "39.95",
                "speaker_label": "spk_0"
            },
            {
                "id": 152,
                "type": "punctuation",
                "alternatives": [
                    {
                        "confidence": "0.0",
                        "content": ","
                    }
                ],
                "speaker_label": "spk_0"
            },
            {
                "id": 153,
                "type": "pronunciation",
                "alternatives": [
                    {
                        "confidence": "0.984",
                        "content": "bye"
                    }
                ],
                "start_time": "40.11",
                "end_time": "40.31",
                "speaker_label": "spk_0"
            },
            {
                "id": 154,
                "type": "pronunciation",
                "alternatives": [
                    {
                        "confidence": "0.994",
                        "content": "bye"
                    }
                ],
                "start_time": "40.31",
                "end_time": "40.759",
                "speaker_label": "spk_0"
            },
            {
                "id": 155,
                "type": "pronunciation",
                "alternatives": [
                    {
                        "confidence": "0.979",
                        "content": "bye"
                    }
                ],
                "start_time": "41.209",
                "end_time": "41.319",
                "speaker_label": "spk_1"
            },
            {
                "id": 156,
                "type": "pronunciation",
                "alternatives": [
                    {
                        "confidence": "0.994",
                        "content": "bye"
                    }
                ],
                "start_time": "41.319",
                "end_time": "41.549",
                "speaker_label": "spk_1"
            },
            {
                "id": 157,
                "type": "punctuation",
                "alternatives": [
                    {
                        "confidence": "0.0",
                        "content": "."
                    }
                ],
                "speaker_label": "spk_1"
            }
        ],
        "audio_segments": [
            {
                "id": 0,
                "transcript": "We diagnostic [PII] speaking. How may I help you?",
                "start_time": "0.819",
                "end_time": "4.09",
                "speaker_label": "spk_0",
                "items": [
                    0,
                    1,
                    2,
                    3,
                    4,
                    5,
                    6,
                    7,
                    8,
                    9,
                    10
                ]
            },
            {
                "id": 1,
                "transcript": "Uh,",
                "start_time": "4.929",
                "end_time": "5.42",
                "speaker_label": "spk_1",
                "items": [
                    11,
                    12
                ]
            },
            {
                "id": 2,
                "transcript": "yeah, sorry, uh, I'm actually, um, calling from Water Techno technology itself, uh, uh, I was just testing call recording, um, who, who am I speaking",
                "start_time": "5.449",
                "end_time": "14.489",
                "speaker_label": "spk_1",
                "items": [
                    13,
                    14,
                    15,
                    16,
                    17,
                    18,
                    19,
                    20,
                    21,
                    22,
                    23,
                    24,
                    25,
                    26,
                    27,
                    28,
                    29,
                    30,
                    31,
                    32,
                    33,
                    34,
                    35,
                    36,
                    37,
                    38,
                    39,
                    40,
                    41,
                    42,
                    43,
                    44,
                    45,
                    46,
                    47,
                    48,
                    49
                ]
            },
            {
                "id": 3,
                "transcript": "with?",
                "start_time": "14.489",
                "end_time": "14.8",
                "speaker_label": "spk_1",
                "items": [
                    50,
                    51
                ]
            },
            {
                "id": 4,
                "transcript": "[PII].",
                "start_time": "15.13",
                "end_time": "16.059",
                "items": [
                    52,
                    53
                ]
            },
            {
                "id": 5,
                "transcript": "Yeah, hi. Sorry, uh, this is [PII] from Water Tech. Uh, I will got the call. We just added a new, uh, call, so where we are sending a message before they, it comes to your queue that you'll be recording the call and the call will be recorded for, for training. So yeah, it's, it's gonna start from today. I was just testing it, so thank you for picking the call.",
                "start_time": "16.67",
                "end_time": "37.33",
                "speaker_label": "spk_1",
                "items": [
                    54,
                    55,
                    56,
                    57,
                    58,
                    59,
                    60,
                    61,
                    62,
                    63,
                    64,
                    65,
                    66,
                    67,
                    68,
                    69,
                    70,
                    71,
                    72,
                    73,
                    74,
                    75,
                    76,
                    77,
                    78,
                    79,
                    80,
                    81,
                    82,
                    83,
                    84,
                    85,
                    86,
                    87,
                    88,
                    89,
                    90,
                    91,
                    92,
                    93,
                    94,
                    95,
                    96,
                    97,
                    98,
                    99,
                    100,
                    101,
                    102,
                    103,
                    104,
                    105,
                    106,
                    107,
                    108,
                    109,
                    110,
                    111,
                    112,
                    113,
                    114,
                    115,
                    116,
                    117,
                    118,
                    119,
                    120,
                    121,
                    122,
                    123,
                    124,
                    125,
                    126,
                    127,
                    128,
                    129,
                    130,
                    131,
                    132,
                    133,
                    134,
                    135,
                    136,
                    137,
                    138,
                    139,
                    140,
                    141,
                    142,
                    143
                ]
            },
            {
                "id": 6,
                "transcript": "OK,",
                "start_time": "38.259",
                "end_time": "38.63",
                "speaker_label": "spk_0",
                "items": [
                    144,
                    145
                ]
            },
            {
                "id": 7,
                "transcript": "have a good day.",
                "start_time": "38.689",
                "end_time": "39.369",
                "speaker_label": "spk_1",
                "items": [
                    146,
                    147,
                    148,
                    149,
                    150
                ]
            },
            {
                "id": 8,
                "transcript": "OK, bye bye",
                "start_time": "39.669",
                "end_time": "40.759",
                "speaker_label": "spk_0",
                "items": [
                    151,
                    152,
                    153,
                    154
                ]
            },
            {
                "id": 9,
                "transcript": "bye bye.",
                "start_time": "41.209",
                "end_time": "41.68",
                "speaker_label": "spk_1",
                "items": [
                    155,
                    156,
                    157
                ]
            }
        ]
    }
}