{
    "jobName": "transcription-job-2024-03-25T15-52-51Z-call-8a1dc6bc-c6fd-4a18-9a78-9f51b525af65-1734641838",
    "accountId": "199040315413",
    "isRedacted": true,
    "status": "COMPLETED",
    "results": {
        "transcripts": [
            {
                "transcript": "Yeah. Also the agnostic [PII] speaking how may I help you? Hi there, I'm just looking to book an appointment for a chest X-ray. Do you have any openings today? Uh, yeah, you can come with the booking anytime, uh, from, uh, yeah, till 4 p.m. OK awesome thank you so much. You're welcome bye. Bye."
            }
        ],
        "speaker_labels": {
            "segments": [
                {
                    "start_time": "0.0",
                    "end_time": "0.259",
                    "speaker_label": "spk_0",
                    "items": [
                        {
                            "speaker_label": "spk_0",
                            "start_time": "0.009",
                            "end_time": "0.019"
                        }
                    ]
                },
                {
                    "start_time": "3.559",
                    "end_time": "6.789",
                    "speaker_label": "spk_0",
                    "items": [
                        {
                            "speaker_label": "spk_0",
                            "start_time": "3.99",
                            "end_time": "4.0"
                        },
                        {
                            "speaker_label": "spk_0",
                            "start_time": "4.0",
                            "end_time": "4.199"
                        },
                        {
                            "speaker_label": "spk_0",
                            "start_time": "4.199",
                            "end_time": "5.03"
                        },
                        {
                            "speaker_label": "spk_0",
                            "start_time": "5.03",
                            "end_time": "5.289"
                        },
                        {
                            "speaker_label": "spk_0",
                            "start_time": "5.289",
                            "end_time": "5.719"
                        },
                        {
                            "speaker_label": "spk_0",
                            "start_time": "5.719",
                            "end_time": "5.88"
                        },
                        {
                            "speaker_label": "spk_0",
                            "start_time": "5.88",
                            "end_time": "6.039"
                        },
                        {
                            "speaker_label": "spk_0",
                            "start_time": "6.039",
                            "end_time": "6.159"
                        },
                        {
                            "speaker_label": "spk_0",
                            "start_time": "6.159",
                            "end_time": "6.36"
                        },
                        {
                            "speaker_label": "spk_0",
                            "start_time": "6.36",
                            "end_time": "6.789"
                        }
                    ]
                },
                {
                    "start_time": "7.4",
                    "end_time": "11.75",
                    "speaker_label": "spk_1",
                    "items": [
                        {
                            "speaker_label": "spk_1",
                            "start_time": "7.4",
                            "end_time": "7.559"
                        },
                        {
                            "speaker_label": "spk_1",
                            "start_time": "7.559",
                            "end_time": "7.679"
                        },
                        {
                            "speaker_label": "spk_1",
                            "start_time": "7.719",
                            "end_time": "7.96"
                        },
                        {
                            "speaker_label": "spk_1",
                            "start_time": "7.96",
                            "end_time": "8.079"
                        },
                        {
                            "speaker_label": "spk_1",
                            "start_time": "8.079",
                            "end_time": "8.399"
                        },
                        {
                            "speaker_label": "spk_1",
                            "start_time": "8.399",
                            "end_time": "8.539"
                        },
                        {
                            "speaker_label": "spk_1",
                            "start_time": "8.539",
                            "end_time": "8.68"
                        },
                        {
                            "speaker_label": "spk_1",
                            "start_time": "8.68",
                            "end_time": "8.8"
                        },
                        {
                            "speaker_label": "spk_1",
                            "start_time": "8.8",
                            "end_time": "9.319"
                        },
                        {
                            "speaker_label": "spk_1",
                            "start_time": "9.319",
                            "end_time": "9.479"
                        },
                        {
                            "speaker_label": "spk_1",
                            "start_time": "9.479",
                            "end_time": "9.6"
                        },
                        {
                            "speaker_label": "spk_1",
                            "start_time": "9.6",
                            "end_time": "10.0"
                        },
                        {
                            "speaker_label": "spk_1",
                            "start_time": "10.0",
                            "end_time": "10.399"
                        },
                        {
                            "speaker_label": "spk_1",
                            "start_time": "10.479",
                            "end_time": "10.489"
                        },
                        {
                            "speaker_label": "spk_1",
                            "start_time": "10.489",
                            "end_time": "10.64"
                        },
                        {
                            "speaker_label": "spk_1",
                            "start_time": "10.64",
                            "end_time": "10.8"
                        },
                        {
                            "speaker_label": "spk_1",
                            "start_time": "10.8",
                            "end_time": "10.96"
                        },
                        {
                            "speaker_label": "spk_1",
                            "start_time": "10.96",
                            "end_time": "11.439"
                        },
                        {
                            "speaker_label": "spk_1",
                            "start_time": "11.439",
                            "end_time": "11.75"
                        }
                    ]
                },
                {
                    "start_time": "12.239",
                    "end_time": "14.71",
                    "speaker_label": "spk_0",
                    "items": [
                        {
                            "speaker_label": "spk_0",
                            "start_time": "12.239",
                            "end_time": "12.51"
                        },
                        {
                            "speaker_label": "spk_0",
                            "start_time": "12.52",
                            "end_time": "12.64"
                        },
                        {
                            "speaker_label": "spk_0",
                            "start_time": "12.72",
                            "end_time": "12.88"
                        },
                        {
                            "speaker_label": "spk_0",
                            "start_time": "12.88",
                            "end_time": "13.079"
                        },
                        {
                            "speaker_label": "spk_0",
                            "start_time": "13.079",
                            "end_time": "13.239"
                        },
                        {
                            "speaker_label": "spk_0",
                            "start_time": "13.239",
                            "end_time": "13.359"
                        },
                        {
                            "speaker_label": "spk_0",
                            "start_time": "13.359",
                            "end_time": "13.479"
                        },
                        {
                            "speaker_label": "spk_0",
                            "start_time": "13.479",
                            "end_time": "13.84"
                        },
                        {
                            "speaker_label": "spk_0",
                            "start_time": "13.84",
                            "end_time": "14.289"
                        },
                        {
                            "speaker_label": "spk_0",
                            "start_time": "14.479",
                            "end_time": "14.71"
                        }
                    ]
                },
                {
                    "start_time": "14.72",
                    "end_time": "15.729",
                    "speaker_label": "spk_1",
                    "items": [
                        {
                            "speaker_label": "spk_1",
                            "start_time": "14.72",
                            "end_time": "15.25"
                        },
                        {
                            "speaker_label": "spk_1",
                            "start_time": "15.359",
                            "end_time": "15.729"
                        }
                    ]
                },
                {
                    "start_time": "15.92",
                    "end_time": "17.68",
                    "speaker_label": "spk_0",
                    "items": [
                        {
                            "speaker_label": "spk_0",
                            "start_time": "15.92",
                            "end_time": "16.12"
                        },
                        {
                            "speaker_label": "spk_0",
                            "start_time": "16.36",
                            "end_time": "16.6"
                        },
                        {
                            "speaker_label": "spk_0",
                            "start_time": "16.6",
                            "end_time": "17.18"
                        },
                        {
                            "speaker_label": "spk_0",
                            "start_time": "17.18",
                            "end_time": "17.68"
                        }
                    ]
                },
                {
                    "start_time": "18.159",
                    "end_time": "19.43",
                    "speaker_label": "spk_1",
                    "items": [
                        {
                            "speaker_label": "spk_1",
                            "start_time": "18.159",
                            "end_time": "18.399"
                        },
                        {
                            "speaker_label": "spk_1",
                            "start_time": "18.399",
                            "end_time": "18.7"
                        },
                        {
                            "speaker_label": "spk_1",
                            "start_time": "18.7",
                            "end_time": "18.84"
                        },
                        {
                            "speaker_label": "spk_1",
                            "start_time": "18.84",
                            "end_time": "19.0"
                        },
                        {
                            "speaker_label": "spk_1",
                            "start_time": "19.0",
                            "end_time": "19.01"
                        },
                        {
                            "speaker_label": "spk_1",
                            "start_time": "19.01",
                            "end_time": "19.43"
                        }
                    ]
                },
                {
                    "start_time": "19.84",
                    "end_time": "20.79",
                    "speaker_label": "spk_0",
                    "items": [
                        {
                            "speaker_label": "spk_0",
                            "start_time": "19.84",
                            "end_time": "20.0"
                        },
                        {
                            "speaker_label": "spk_0",
                            "start_time": "20.0",
                            "end_time": "20.36"
                        },
                        {
                            "speaker_label": "spk_0",
                            "start_time": "20.36",
                            "end_time": "20.79"
                        }
                    ]
                },
                {
                    "start_time": "21.03",
                    "end_time": "21.34",
                    "speaker_label": "spk_1",
                    "items": [
                        {
                            "speaker_label": "spk_1",
                            "start_time": "21.03",
                            "end_time": "21.28"
                        }
                    ]
                }
            ],
            "channel_label": "ch_0",
            "speakers": 2
        },
        "items": [
            {
                "id": 0,
                "type": "pronunciation",
                "alternatives": [
                    {
                        "confidence": "0.003",
                        "content": "Yeah"
                    }
                ],
                "start_time": "0.009",
                "end_time": "0.019",
                "speaker_label": "spk_0"
            },
            {
                "id": 1,
                "type": "punctuation",
                "alternatives": [
                    {
                        "confidence": "0.0",
                        "content": "."
                    }
                ],
                "speaker_label": "spk_0"
            },
            {
                "id": 2,
                "type": "pronunciation",
                "alternatives": [
                    {
                        "confidence": "0.074",
                        "content": "Also"
                    }
                ],
                "start_time": "3.99",
                "end_time": "4.0",
                "speaker_label": "spk_0"
            },
            {
                "id": 3,
                "type": "pronunciation",
                "alternatives": [
                    {
                        "confidence": "0.821",
                        "content": "the"
                    }
                ],
                "start_time": "4.0",
                "end_time": "4.199",
                "speaker_label": "spk_0"
            },
            {
                "id": 4,
                "type": "pronunciation",
                "alternatives": [
                    {
                        "confidence": "0.121",
                        "content": "agnostic"
                    }
                ],
                "start_time": "4.199",
                "end_time": "5.03",
                "speaker_label": "spk_0"
            },
            {
                "id": 5,
                "type": "pronunciation",
                "alternatives": [
                    {
                        "content": "[PII]",
                        "redactions": [
                            {
                                "confidence": "1.0",
                                "type": "NAME",
                                "category": "PII"
                            }
                        ]
                    }
                ],
                "start_time": "5.03",
                "end_time": "5.289"
            },
            {
                "id": 6,
                "type": "pronunciation",
                "alternatives": [
                    {
                        "confidence": "0.998",
                        "content": "speaking"
                    }
                ],
                "start_time": "5.289",
                "end_time": "5.719",
                "speaker_label": "spk_0"
            },
            {
                "id": 7,
                "type": "pronunciation",
                "alternatives": [
                    {
                        "confidence": "0.995",
                        "content": "how"
                    }
                ],
                "start_time": "5.719",
                "end_time": "5.88",
                "speaker_label": "spk_0"
            },
            {
                "id": 8,
                "type": "pronunciation",
                "alternatives": [
                    {
                        "confidence": "0.999",
                        "content": "may"
                    }
                ],
                "start_time": "5.88",
                "end_time": "6.039",
                "speaker_label": "spk_0"
            },
            {
                "id": 9,
                "type": "pronunciation",
                "alternatives": [
                    {
                        "confidence": "0.999",
                        "content": "I"
                    }
                ],
                "start_time": "6.039",
                "end_time": "6.159",
                "speaker_label": "spk_0"
            },
            {
                "id": 10,
                "type": "pronunciation",
                "alternatives": [
                    {
                        "confidence": "0.999",
                        "content": "help"
                    }
                ],
                "start_time": "6.159",
                "end_time": "6.36",
                "speaker_label": "spk_0"
            },
            {
                "id": 11,
                "type": "pronunciation",
                "alternatives": [
                    {
                        "confidence": "0.999",
                        "content": "you"
                    }
                ],
                "start_time": "6.36",
                "end_time": "6.789",
                "speaker_label": "spk_0"
            },
            {
                "id": 12,
                "type": "punctuation",
                "alternatives": [
                    {
                        "confidence": "0.0",
                        "content": "?"
                    }
                ],
                "speaker_label": "spk_0"
            },
            {
                "id": 13,
                "type": "pronunciation",
                "alternatives": [
                    {
                        "confidence": "0.998",
                        "content": "Hi"
                    }
                ],
                "start_time": "7.4",
                "end_time": "7.559",
                "speaker_label": "spk_1"
            },
            {
                "id": 14,
                "type": "pronunciation",
                "alternatives": [
                    {
                        "confidence": "0.997",
                        "content": "there"
                    }
                ],
                "start_time": "7.559",
                "end_time": "7.679",
                "speaker_label": "spk_1"
            },
            {
                "id": 15,
                "type": "punctuation",
                "alternatives": [
                    {
                        "confidence": "0.0",
                        "content": ","
                    }
                ],
                "speaker_label": "spk_1"
            },
            {
                "id": 16,
                "type": "pronunciation",
                "alternatives": [
                    {
                        "confidence": "0.994",
                        "content": "I'm"
                    }
                ],
                "start_time": "7.719",
                "end_time": "7.96",
                "speaker_label": "spk_1"
            },
            {
                "id": 17,
                "type": "pronunciation",
                "alternatives": [
                    {
                        "confidence": "0.996",
                        "content": "just"
                    }
                ],
                "start_time": "7.96",
                "end_time": "8.079",
                "speaker_label": "spk_1"
            },
            {
                "id": 18,
                "type": "pronunciation",
                "alternatives": [
                    {
                        "confidence": "0.998",
                        "content": "looking"
                    }
                ],
                "start_time": "8.079",
                "end_time": "8.399",
                "speaker_label": "spk_1"
            },
            {
                "id": 19,
                "type": "pronunciation",
                "alternatives": [
                    {
                        "confidence": "0.999",
                        "content": "to"
                    }
                ],
                "start_time": "8.399",
                "end_time": "8.539",
                "speaker_label": "spk_1"
            },
            {
                "id": 20,
                "type": "pronunciation",
                "alternatives": [
                    {
                        "confidence": "0.999",
                        "content": "book"
                    }
                ],
                "start_time": "8.539",
                "end_time": "8.68",
                "speaker_label": "spk_1"
            },
            {
                "id": 21,
                "type": "pronunciation",
                "alternatives": [
                    {
                        "confidence": "0.998",
                        "content": "an"
                    }
                ],
                "start_time": "8.68",
                "end_time": "8.8",
                "speaker_label": "spk_1"
            },
            {
                "id": 22,
                "type": "pronunciation",
                "alternatives": [
                    {
                        "confidence": "0.994",
                        "content": "appointment"
                    }
                ],
                "start_time": "8.8",
                "end_time": "9.319",
                "speaker_label": "spk_1"
            },
            {
                "id": 23,
                "type": "pronunciation",
                "alternatives": [
                    {
                        "confidence": "0.999",
                        "content": "for"
                    }
                ],
                "start_time": "9.319",
                "end_time": "9.479",
                "speaker_label": "spk_1"
            },
            {
                "id": 24,
                "type": "pronunciation",
                "alternatives": [
                    {
                        "confidence": "0.996",
                        "content": "a"
                    }
                ],
                "start_time": "9.479",
                "end_time": "9.6",
                "speaker_label": "spk_1"
            },
            {
                "id": 25,
                "type": "pronunciation",
                "alternatives": [
                    {
                        "confidence": "0.993",
                        "content": "chest"
                    }
                ],
                "start_time": "9.6",
                "end_time": "10.0",
                "speaker_label": "spk_1"
            },
            {
                "id": 26,
                "type": "pronunciation",
                "alternatives": [
                    {
                        "confidence": "0.988",
                        "content": "X-ray"
                    }
                ],
                "start_time": "10.0",
                "end_time": "10.399",
                "speaker_label": "spk_1"
            },
            {
                "id": 27,
                "type": "punctuation",
                "alternatives": [
                    {
                        "confidence": "0.0",
                        "content": "."
                    }
                ],
                "speaker_label": "spk_1"
            },
            {
                "id": 28,
                "type": "pronunciation",
                "alternatives": [
                    {
                        "confidence": "0.963",
                        "content": "Do"
                    }
                ],
                "start_time": "10.479",
                "end_time": "10.489",
                "speaker_label": "spk_1"
            },
            {
                "id": 29,
                "type": "pronunciation",
                "alternatives": [
                    {
                        "confidence": "0.997",
                        "content": "you"
                    }
                ],
                "start_time": "10.489",
                "end_time": "10.64",
                "speaker_label": "spk_1"
            },
            {
                "id": 30,
                "type": "pronunciation",
                "alternatives": [
                    {
                        "confidence": "0.808",
                        "content": "have"
                    }
                ],
                "start_time": "10.64",
                "end_time": "10.8",
                "speaker_label": "spk_1"
            },
            {
                "id": 31,
                "type": "pronunciation",
                "alternatives": [
                    {
                        "confidence": "0.941",
                        "content": "any"
                    }
                ],
                "start_time": "10.8",
                "end_time": "10.96",
                "speaker_label": "spk_1"
            },
            {
                "id": 32,
                "type": "pronunciation",
                "alternatives": [
                    {
                        "confidence": "0.842",
                        "content": "openings"
                    }
                ],
                "start_time": "10.96",
                "end_time": "11.439",
                "speaker_label": "spk_1"
            },
            {
                "id": 33,
                "type": "pronunciation",
                "alternatives": [
                    {
                        "confidence": "0.999",
                        "content": "today"
                    }
                ],
                "start_time": "11.439",
                "end_time": "11.75",
                "speaker_label": "spk_1"
            },
            {
                "id": 34,
                "type": "punctuation",
                "alternatives": [
                    {
                        "confidence": "0.0",
                        "content": "?"
                    }
                ],
                "speaker_label": "spk_1"
            },
            {
                "id": 35,
                "type": "pronunciation",
                "alternatives": [
                    {
                        "confidence": "0.996",
                        "content": "Uh"
                    }
                ],
                "start_time": "12.239",
                "end_time": "12.51",
                "speaker_label": "spk_0"
            },
            {
                "id": 36,
                "type": "punctuation",
                "alternatives": [
                    {
                        "confidence": "0.0",
                        "content": ","
                    }
                ],
                "speaker_label": "spk_0"
            },
            {
                "id": 37,
                "type": "pronunciation",
                "alternatives": [
                    {
                        "confidence": "0.997",
                        "content": "yeah"
                    }
                ],
                "start_time": "12.52",
                "end_time": "12.64",
                "speaker_label": "spk_0"
            },
            {
                "id": 38,
                "type": "punctuation",
                "alternatives": [
                    {
                        "confidence": "0.0",
                        "content": ","
                    }
                ],
                "speaker_label": "spk_0"
            },
            {
                "id": 39,
                "type": "pronunciation",
                "alternatives": [
                    {
                        "confidence": "0.998",
                        "content": "you"
                    }
                ],
                "start_time": "12.72",
                "end_time": "12.88",
                "speaker_label": "spk_0"
            },
            {
                "id": 40,
                "type": "pronunciation",
                "alternatives": [
                    {
                        "confidence": "0.999",
                        "content": "can"
                    }
                ],
                "start_time": "12.88",
                "end_time": "13.079",
                "speaker_label": "spk_0"
            },
            {
                "id": 41,
                "type": "pronunciation",
                "alternatives": [
                    {
                        "confidence": "0.999",
                        "content": "come"
                    }
                ],
                "start_time": "13.079",
                "end_time": "13.239",
                "speaker_label": "spk_0"
            },
            {
                "id": 42,
                "type": "pronunciation",
                "alternatives": [
                    {
                        "confidence": "0.997",
                        "content": "with"
                    }
                ],
                "start_time": "13.239",
                "end_time": "13.359",
                "speaker_label": "spk_0"
            },
            {
                "id": 43,
                "type": "pronunciation",
                "alternatives": [
                    {
                        "confidence": "0.996",
                        "content": "the"
                    }
                ],
                "start_time": "13.359",
                "end_time": "13.479",
                "speaker_label": "spk_0"
            },
            {
                "id": 44,
                "type": "pronunciation",
                "alternatives": [
                    {
                        "confidence": "0.997",
                        "content": "booking"
                    }
                ],
                "start_time": "13.479",
                "end_time": "13.84",
                "speaker_label": "spk_0"
            },
            {
                "id": 45,
                "type": "pronunciation",
                "alternatives": [
                    {
                        "confidence": "0.969",
                        "content": "anytime"
                    }
                ],
                "start_time": "13.84",
                "end_time": "14.289",
                "speaker_label": "spk_0"
            },
            {
                "id": 46,
                "type": "punctuation",
                "alternatives": [
                    {
                        "confidence": "0.0",
                        "content": ","
                    }
                ],
                "speaker_label": "spk_0"
            },
            {
                "id": 47,
                "type": "pronunciation",
                "alternatives": [
                    {
                        "confidence": "0.989",
                        "content": "uh"
                    }
                ],
                "start_time": "14.479",
                "end_time": "14.71",
                "speaker_label": "spk_0"
            },
            {
                "id": 48,
                "type": "punctuation",
                "alternatives": [
                    {
                        "confidence": "0.0",
                        "content": ","
                    }
                ],
                "speaker_label": "spk_0"
            },
            {
                "id": 49,
                "type": "pronunciation",
                "alternatives": [
                    {
                        "confidence": "0.996",
                        "content": "from"
                    }
                ],
                "start_time": "14.72",
                "end_time": "15.25",
                "speaker_label": "spk_1"
            },
            {
                "id": 50,
                "type": "punctuation",
                "alternatives": [
                    {
                        "confidence": "0.0",
                        "content": ","
                    }
                ],
                "speaker_label": "spk_1"
            },
            {
                "id": 51,
                "type": "pronunciation",
                "alternatives": [
                    {
                        "confidence": "0.991",
                        "content": "uh"
                    }
                ],
                "start_time": "15.359",
                "end_time": "15.729",
                "speaker_label": "spk_1"
            },
            {
                "id": 52,
                "type": "punctuation",
                "alternatives": [
                    {
                        "confidence": "0.0",
                        "content": ","
                    }
                ],
                "speaker_label": "spk_1"
            },
            {
                "id": 53,
                "type": "pronunciation",
                "alternatives": [
                    {
                        "confidence": "0.997",
                        "content": "yeah"
                    }
                ],
                "start_time": "15.92",
                "end_time": "16.12",
                "speaker_label": "spk_0"
            },
            {
                "id": 54,
                "type": "punctuation",
                "alternatives": [
                    {
                        "confidence": "0.0",
                        "content": ","
                    }
                ],
                "speaker_label": "spk_0"
            },
            {
                "id": 55,
                "type": "pronunciation",
                "alternatives": [
                    {
                        "confidence": "0.449",
                        "content": "till"
                    }
                ],
                "start_time": "16.36",
                "end_time": "16.6",
                "speaker_label": "spk_0"
            },
            {
                "id": 56,
                "type": "pronunciation",
                "alternatives": [
                    {
                        "confidence": "0.996",
                        "content": "4"
                    }
                ],
                "start_time": "16.6",
                "end_time": "17.18",
                "speaker_label": "spk_0"
            },
            {
                "id": 57,
                "type": "pronunciation",
                "alternatives": [
                    {
                        "confidence": "0.994",
                        "content": "p.m."
                    }
                ],
                "start_time": "17.18",
                "end_time": "17.68",
                "speaker_label": "spk_0"
            },
            {
                "id": 58,
                "type": "pronunciation",
                "alternatives": [
                    {
                        "confidence": "0.999",
                        "content": "OK"
                    }
                ],
                "start_time": "18.159",
                "end_time": "18.399",
                "speaker_label": "spk_1"
            },
            {
                "id": 59,
                "type": "pronunciation",
                "alternatives": [
                    {
                        "confidence": "0.995",
                        "content": "awesome"
                    }
                ],
                "start_time": "18.399",
                "end_time": "18.7",
                "speaker_label": "spk_1"
            },
            {
                "id": 60,
                "type": "pronunciation",
                "alternatives": [
                    {
                        "confidence": "0.997",
                        "content": "thank"
                    }
                ],
                "start_time": "18.7",
                "end_time": "18.84",
                "speaker_label": "spk_1"
            },
            {
                "id": 61,
                "type": "pronunciation",
                "alternatives": [
                    {
                        "confidence": "0.999",
                        "content": "you"
                    }
                ],
                "start_time": "18.84",
                "end_time": "19.0",
                "speaker_label": "spk_1"
            },
            {
                "id": 62,
                "type": "pronunciation",
                "alternatives": [
                    {
                        "confidence": "0.997",
                        "content": "so"
                    }
                ],
                "start_time": "19.0",
                "end_time": "19.01",
                "speaker_label": "spk_1"
            },
            {
                "id": 63,
                "type": "pronunciation",
                "alternatives": [
                    {
                        "confidence": "0.999",
                        "content": "much"
                    }
                ],
                "start_time": "19.01",
                "end_time": "19.43",
                "speaker_label": "spk_1"
            },
            {
                "id": 64,
                "type": "punctuation",
                "alternatives": [
                    {
                        "confidence": "0.0",
                        "content": "."
                    }
                ],
                "speaker_label": "spk_1"
            },
            {
                "id": 65,
                "type": "pronunciation",
                "alternatives": [
                    {
                        "confidence": "0.991",
                        "content": "You're"
                    }
                ],
                "start_time": "19.84",
                "end_time": "20.0",
                "speaker_label": "spk_0"
            },
            {
                "id": 66,
                "type": "pronunciation",
                "alternatives": [
                    {
                        "confidence": "0.998",
                        "content": "welcome"
                    }
                ],
                "start_time": "20.0",
                "end_time": "20.36",
                "speaker_label": "spk_0"
            },
            {
                "id": 67,
                "type": "pronunciation",
                "alternatives": [
                    {
                        "confidence": "0.993",
                        "content": "bye"
                    }
                ],
                "start_time": "20.36",
                "end_time": "20.79",
                "speaker_label": "spk_0"
            },
            {
                "id": 68,
                "type": "punctuation",
                "alternatives": [
                    {
                        "confidence": "0.0",
                        "content": "."
                    }
                ],
                "speaker_label": "spk_0"
            },
            {
                "id": 69,
                "type": "pronunciation",
                "alternatives": [
                    {
                        "confidence": "0.996",
                        "content": "Bye"
                    }
                ],
                "start_time": "21.03",
                "end_time": "21.28",
                "speaker_label": "spk_1"
            },
            {
                "id": 70,
                "type": "punctuation",
                "alternatives": [
                    {
                        "confidence": "0.0",
                        "content": "."
                    }
                ],
                "speaker_label": "spk_1"
            }
        ],
        "audio_segments": [
            {
                "id": 0,
                "transcript": "Yeah.",
                "start_time": "0.0",
                "end_time": "0.259",
                "speaker_label": "spk_0",
                "items": [
                    0,
                    1
                ]
            },
            {
                "id": 1,
                "transcript": "Also the agnostic [PII] speaking how may I help you?",
                "start_time": "3.559",
                "end_time": "6.789",
                "speaker_label": "spk_0",
                "items": [
                    2,
                    3,
                    4,
                    5,
                    6,
                    7,
                    8,
                    9,
                    10,
                    11,
                    12
                ]
            },
            {
                "id": 2,
                "transcript": "Hi there, I'm just looking to book an appointment for a chest X-ray. Do you have any openings today?",
                "start_time": "7.4",
                "end_time": "11.75",
                "speaker_label": "spk_1",
                "items": [
                    13,
                    14,
                    15,
                    16,
                    17,
                    18,
                    19,
                    20,
                    21,
                    22,
                    23,
                    24,
                    25,
                    26,
                    27,
                    28,
                    29,
                    30,
                    31,
                    32,
                    33,
                    34
                ]
            },
            {
                "id": 3,
                "transcript": "Uh, yeah, you can come with the booking anytime, uh,",
                "start_time": "12.239",
                "end_time": "14.71",
                "speaker_label": "spk_0",
                "items": [
                    35,
                    36,
                    37,
                    38,
                    39,
                    40,
                    41,
                    42,
                    43,
                    44,
                    45,
                    46,
                    47,
                    48
                ]
            },
            {
                "id": 4,
                "transcript": "from, uh,",
                "start_time": "14.72",
                "end_time": "15.729",
                "speaker_label": "spk_1",
                "items": [
                    49,
                    50,
                    51,
                    52
                ]
            },
            {
                "id": 5,
                "transcript": "yeah, till 4 p.m.",
                "start_time": "15.92",
                "end_time": "17.68",
                "speaker_label": "spk_0",
                "items": [
                    53,
                    54,
                    55,
                    56,
                    57
                ]
            },
            {
                "id": 6,
                "transcript": "OK awesome thank you so much.",
                "start_time": "18.159",
                "end_time": "19.43",
                "speaker_label": "spk_1",
                "items": [
                    58,
                    59,
                    60,
                    61,
                    62,
                    63,
                    64
                ]
            },
            {
                "id": 7,
                "transcript": "You're welcome bye.",
                "start_time": "19.84",
                "end_time": "20.79",
                "speaker_label": "spk_0",
                "items": [
                    65,
                    66,
                    67,
                    68
                ]
            },
            {
                "id": 8,
                "transcript": "Bye.",
                "start_time": "21.03",
                "end_time": "21.34",
                "speaker_label": "spk_1",
                "items": [
                    69,
                    70
                ]
            }
        ]
    }
}