{
    "jobName": "transcription-job-2024-03-25T15-50-30Z-call-463b21ad-ee1f-4b47-b5e2-95ff63f6951f-1734641756",
    "accountId": "199040315413",
    "isRedacted": true,
    "status": "COMPLETED",
    "results": {
        "transcripts": [
            {
                "transcript": "[PII] speaking. How may I help you? Uh, yes, I'm calling for my son [PII]. He needs an appointment to have X-rays done on his back. OK, so do you, do you have his position? Yes I do. Uh, so what you said on the requisition, uh, I'll find he's fine. Or is this like complete um. It just says X-ray lumbar is fine. OK, sounds fine. OK, so when do you think uh he can come? Oh you can just go in any time? Yes, yes, any time we are doing uh walking, so anytime. Oh, OK, that sounds good thank you very much. Yes, from 9 to 4. 9 to 4? OK, thanks OK bye bye."
            }
        ],
        "speaker_labels": {
            "segments": [
                {
                    "start_time": "0.93",
                    "end_time": "4.769",
                    "speaker_label": "spk_0",
                    "items": [
                        {
                            "speaker_label": "spk_0",
                            "start_time": "2.75",
                            "end_time": "2.769"
                        },
                        {
                            "speaker_label": "spk_0",
                            "start_time": "2.769",
                            "end_time": "3.13"
                        },
                        {
                            "speaker_label": "spk_0",
                            "start_time": "3.17",
                            "end_time": "3.329"
                        },
                        {
                            "speaker_label": "spk_0",
                            "start_time": "3.329",
                            "end_time": "3.45"
                        },
                        {
                            "speaker_label": "spk_0",
                            "start_time": "3.45",
                            "end_time": "3.569"
                        },
                        {
                            "speaker_label": "spk_0",
                            "start_time": "3.569",
                            "end_time": "3.759"
                        },
                        {
                            "speaker_label": "spk_0",
                            "start_time": "3.759",
                            "end_time": "4.079"
                        },
                        {
                            "speaker_label": "spk_0",
                            "start_time": "4.67",
                            "end_time": "4.769"
                        }
                    ]
                },
                {
                    "start_time": "4.809",
                    "end_time": "12.369",
                    "speaker_label": "spk_1",
                    "items": [
                        {
                            "speaker_label": "spk_1",
                            "start_time": "4.809",
                            "end_time": "5.05"
                        },
                        {
                            "speaker_label": "spk_1",
                            "start_time": "5.21",
                            "end_time": "5.53"
                        },
                        {
                            "speaker_label": "spk_1",
                            "start_time": "5.53",
                            "end_time": "5.789"
                        },
                        {
                            "speaker_label": "spk_1",
                            "start_time": "5.789",
                            "end_time": "6.179"
                        },
                        {
                            "speaker_label": "spk_1",
                            "start_time": "6.179",
                            "end_time": "6.34"
                        },
                        {
                            "speaker_label": "spk_1",
                            "start_time": "6.34",
                            "end_time": "6.809"
                        },
                        {
                            "speaker_label": "spk_1",
                            "start_time": "6.809",
                            "end_time": "7.48"
                        },
                        {
                            "speaker_label": "spk_1",
                            "start_time": "7.769",
                            "end_time": "7.949"
                        },
                        {
                            "speaker_label": "spk_1",
                            "start_time": "7.949",
                            "end_time": "8.25"
                        },
                        {
                            "speaker_label": "spk_1",
                            "start_time": "8.25",
                            "end_time": "8.539"
                        },
                        {
                            "speaker_label": "spk_1",
                            "start_time": "8.539",
                            "end_time": "9.329"
                        },
                        {
                            "speaker_label": "spk_1",
                            "start_time": "9.329",
                            "end_time": "9.729"
                        },
                        {
                            "speaker_label": "spk_1",
                            "start_time": "9.729",
                            "end_time": "10.159"
                        },
                        {
                            "speaker_label": "spk_1",
                            "start_time": "10.159",
                            "end_time": "10.97"
                        },
                        {
                            "speaker_label": "spk_1",
                            "start_time": "10.97",
                            "end_time": "11.21"
                        },
                        {
                            "speaker_label": "spk_1",
                            "start_time": "11.21",
                            "end_time": "11.409"
                        },
                        {
                            "speaker_label": "spk_1",
                            "start_time": "11.409",
                            "end_time": "11.689"
                        },
                        {
                            "speaker_label": "spk_1",
                            "start_time": "11.689",
                            "end_time": "12.199"
                        }
                    ]
                },
                {
                    "start_time": "13.35",
                    "end_time": "18.29",
                    "speaker_label": "spk_0",
                    "items": [
                        {
                            "speaker_label": "spk_0",
                            "start_time": "13.529",
                            "end_time": "13.949"
                        },
                        {
                            "speaker_label": "spk_0",
                            "start_time": "14.109",
                            "end_time": "14.689"
                        },
                        {
                            "speaker_label": "spk_0",
                            "start_time": "14.689",
                            "end_time": "14.829"
                        },
                        {
                            "speaker_label": "spk_0",
                            "start_time": "14.829",
                            "end_time": "15.59"
                        },
                        {
                            "speaker_label": "spk_0",
                            "start_time": "16.26",
                            "end_time": "16.27"
                        },
                        {
                            "speaker_label": "spk_0",
                            "start_time": "16.27",
                            "end_time": "16.549"
                        },
                        {
                            "speaker_label": "spk_0",
                            "start_time": "16.549",
                            "end_time": "16.899"
                        },
                        {
                            "speaker_label": "spk_0",
                            "start_time": "16.899",
                            "end_time": "17.149"
                        },
                        {
                            "speaker_label": "spk_0",
                            "start_time": "17.149",
                            "end_time": "18.219"
                        }
                    ]
                },
                {
                    "start_time": "18.979",
                    "end_time": "20.129",
                    "speaker_label": "spk_1",
                    "items": [
                        {
                            "speaker_label": "spk_1",
                            "start_time": "19.2",
                            "end_time": "19.5"
                        },
                        {
                            "speaker_label": "spk_1",
                            "start_time": "19.5",
                            "end_time": "19.659"
                        },
                        {
                            "speaker_label": "spk_1",
                            "start_time": "19.659",
                            "end_time": "20.129"
                        }
                    ]
                },
                {
                    "start_time": "20.659",
                    "end_time": "26.049",
                    "speaker_label": "spk_0",
                    "items": [
                        {
                            "speaker_label": "spk_0",
                            "start_time": "20.659",
                            "end_time": "21.0"
                        },
                        {
                            "speaker_label": "spk_0",
                            "start_time": "21.02",
                            "end_time": "21.299"
                        },
                        {
                            "speaker_label": "spk_0",
                            "start_time": "21.299",
                            "end_time": "21.459"
                        },
                        {
                            "speaker_label": "spk_0",
                            "start_time": "21.459",
                            "end_time": "21.62"
                        },
                        {
                            "speaker_label": "spk_0",
                            "start_time": "21.62",
                            "end_time": "21.76"
                        },
                        {
                            "speaker_label": "spk_0",
                            "start_time": "21.76",
                            "end_time": "21.899"
                        },
                        {
                            "speaker_label": "spk_0",
                            "start_time": "21.899",
                            "end_time": "21.989"
                        },
                        {
                            "speaker_label": "spk_0",
                            "start_time": "21.989",
                            "end_time": "22.829"
                        },
                        {
                            "speaker_label": "spk_0",
                            "start_time": "22.979",
                            "end_time": "23.77"
                        },
                        {
                            "speaker_label": "spk_0",
                            "start_time": "24.299",
                            "end_time": "24.579"
                        },
                        {
                            "speaker_label": "spk_0",
                            "start_time": "24.579",
                            "end_time": "24.59"
                        },
                        {
                            "speaker_label": "spk_0",
                            "start_time": "24.59",
                            "end_time": "24.7"
                        },
                        {
                            "speaker_label": "spk_0",
                            "start_time": "24.7",
                            "end_time": "25.969"
                        }
                    ]
                },
                {
                    "start_time": "26.969",
                    "end_time": "29.1",
                    "speaker_label": "spk_0",
                    "items": [
                        {
                            "speaker_label": "spk_0",
                            "start_time": "27.17",
                            "end_time": "27.409"
                        },
                        {
                            "speaker_label": "spk_0",
                            "start_time": "27.409",
                            "end_time": "27.68"
                        },
                        {
                            "speaker_label": "spk_0",
                            "start_time": "27.68",
                            "end_time": "27.69"
                        },
                        {
                            "speaker_label": "spk_0",
                            "start_time": "27.69",
                            "end_time": "28.17"
                        },
                        {
                            "speaker_label": "spk_0",
                            "start_time": "28.17",
                            "end_time": "28.61"
                        },
                        {
                            "speaker_label": "spk_0",
                            "start_time": "28.61",
                            "end_time": "28.969"
                        }
                    ]
                },
                {
                    "start_time": "29.959",
                    "end_time": "30.799",
                    "speaker_label": "spk_1",
                    "items": [
                        {
                            "speaker_label": "spk_1",
                            "start_time": "30.079",
                            "end_time": "30.28"
                        },
                        {
                            "speaker_label": "spk_1",
                            "start_time": "30.28",
                            "end_time": "30.6"
                        },
                        {
                            "speaker_label": "spk_1",
                            "start_time": "30.6",
                            "end_time": "30.799"
                        }
                    ]
                },
                {
                    "start_time": "30.799",
                    "end_time": "31.45",
                    "speaker_label": "spk_0",
                    "items": [
                        {
                            "speaker_label": "spk_0",
                            "start_time": "30.799",
                            "end_time": "31.45"
                        }
                    ]
                },
                {
                    "start_time": "31.45",
                    "end_time": "32.75",
                    "speaker_label": "spk_1",
                    "items": [
                        {
                            "speaker_label": "spk_1",
                            "start_time": "31.45",
                            "end_time": "32.08"
                        },
                        {
                            "speaker_label": "spk_1",
                            "start_time": "32.08",
                            "end_time": "32.27"
                        },
                        {
                            "speaker_label": "spk_1",
                            "start_time": "32.27",
                            "end_time": "32.75"
                        }
                    ]
                },
                {
                    "start_time": "33.0",
                    "end_time": "34.54",
                    "speaker_label": "spk_0",
                    "items": [
                        {
                            "speaker_label": "spk_0",
                            "start_time": "33.0",
                            "end_time": "33.59"
                        },
                        {
                            "speaker_label": "spk_0",
                            "start_time": "33.729",
                            "end_time": "34.0"
                        },
                        {
                            "speaker_label": "spk_0",
                            "start_time": "34.0",
                            "end_time": "34.43"
                        }
                    ]
                },
                {
                    "start_time": "35.049",
                    "end_time": "38.659",
                    "speaker_label": "spk_0",
                    "items": [
                        {
                            "speaker_label": "spk_0",
                            "start_time": "35.36",
                            "end_time": "36.009"
                        },
                        {
                            "speaker_label": "spk_0",
                            "start_time": "36.33",
                            "end_time": "36.689"
                        },
                        {
                            "speaker_label": "spk_0",
                            "start_time": "36.689",
                            "end_time": "36.86"
                        },
                        {
                            "speaker_label": "spk_0",
                            "start_time": "36.86",
                            "end_time": "36.869"
                        },
                        {
                            "speaker_label": "spk_0",
                            "start_time": "36.869",
                            "end_time": "37.09"
                        },
                        {
                            "speaker_label": "spk_0",
                            "start_time": "37.09",
                            "end_time": "37.56"
                        },
                        {
                            "speaker_label": "spk_0",
                            "start_time": "37.56",
                            "end_time": "37.849"
                        },
                        {
                            "speaker_label": "spk_0",
                            "start_time": "37.849",
                            "end_time": "38.009"
                        },
                        {
                            "speaker_label": "spk_0",
                            "start_time": "38.009",
                            "end_time": "38.24"
                        },
                        {
                            "speaker_label": "spk_0",
                            "start_time": "38.24",
                            "end_time": "38.58"
                        }
                    ]
                },
                {
                    "start_time": "40.409",
                    "end_time": "42.639",
                    "speaker_label": "spk_1",
                    "items": [
                        {
                            "speaker_label": "spk_1",
                            "start_time": "40.419",
                            "end_time": "40.77"
                        },
                        {
                            "speaker_label": "spk_1",
                            "start_time": "40.77",
                            "end_time": "40.97"
                        },
                        {
                            "speaker_label": "spk_1",
                            "start_time": "40.97",
                            "end_time": "41.13"
                        },
                        {
                            "speaker_label": "spk_1",
                            "start_time": "41.13",
                            "end_time": "41.419"
                        },
                        {
                            "speaker_label": "spk_1",
                            "start_time": "41.419",
                            "end_time": "41.569"
                        },
                        {
                            "speaker_label": "spk_1",
                            "start_time": "41.569",
                            "end_time": "41.849"
                        },
                        {
                            "speaker_label": "spk_1",
                            "start_time": "41.849",
                            "end_time": "42.169"
                        },
                        {
                            "speaker_label": "spk_1",
                            "start_time": "42.169",
                            "end_time": "42.639"
                        }
                    ]
                },
                {
                    "start_time": "42.97",
                    "end_time": "47.529",
                    "speaker_label": "spk_0",
                    "items": [
                        {
                            "speaker_label": "spk_0",
                            "start_time": "42.97",
                            "end_time": "43.22"
                        },
                        {
                            "speaker_label": "spk_0",
                            "start_time": "43.279",
                            "end_time": "43.72"
                        },
                        {
                            "speaker_label": "spk_0",
                            "start_time": "43.729",
                            "end_time": "43.97"
                        },
                        {
                            "speaker_label": "spk_0",
                            "start_time": "43.97",
                            "end_time": "44.2"
                        },
                        {
                            "speaker_label": "spk_0",
                            "start_time": "44.2",
                            "end_time": "44.729"
                        },
                        {
                            "speaker_label": "spk_0",
                            "start_time": "44.729",
                            "end_time": "44.97"
                        },
                        {
                            "speaker_label": "spk_0",
                            "start_time": "44.97",
                            "end_time": "45.5"
                        },
                        {
                            "speaker_label": "spk_0",
                            "start_time": "45.5",
                            "end_time": "45.77"
                        },
                        {
                            "speaker_label": "spk_0",
                            "start_time": "45.77",
                            "end_time": "46.33"
                        },
                        {
                            "speaker_label": "spk_0",
                            "start_time": "46.34",
                            "end_time": "46.819"
                        },
                        {
                            "speaker_label": "spk_0",
                            "start_time": "47.13",
                            "end_time": "47.529"
                        }
                    ]
                },
                {
                    "start_time": "47.77",
                    "end_time": "51.169",
                    "speaker_label": "spk_1",
                    "items": [
                        {
                            "speaker_label": "spk_1",
                            "start_time": "47.77",
                            "end_time": "48.08"
                        },
                        {
                            "speaker_label": "spk_1",
                            "start_time": "48.61",
                            "end_time": "49.02"
                        },
                        {
                            "speaker_label": "spk_1",
                            "start_time": "49.13",
                            "end_time": "49.369"
                        },
                        {
                            "speaker_label": "spk_1",
                            "start_time": "49.369",
                            "end_time": "49.77"
                        },
                        {
                            "speaker_label": "spk_1",
                            "start_time": "49.77",
                            "end_time": "50.049"
                        },
                        {
                            "speaker_label": "spk_1",
                            "start_time": "50.049",
                            "end_time": "50.29"
                        },
                        {
                            "speaker_label": "spk_1",
                            "start_time": "50.29",
                            "end_time": "50.409"
                        },
                        {
                            "speaker_label": "spk_1",
                            "start_time": "50.409",
                            "end_time": "50.72"
                        },
                        {
                            "speaker_label": "spk_1",
                            "start_time": "50.72",
                            "end_time": "51.169"
                        }
                    ]
                },
                {
                    "start_time": "51.33",
                    "end_time": "53.279",
                    "speaker_label": "spk_0",
                    "items": [
                        {
                            "speaker_label": "spk_0",
                            "start_time": "51.33",
                            "end_time": "51.47"
                        },
                        {
                            "speaker_label": "spk_0",
                            "start_time": "51.65",
                            "end_time": "51.81"
                        },
                        {
                            "speaker_label": "spk_0",
                            "start_time": "51.81",
                            "end_time": "52.25"
                        },
                        {
                            "speaker_label": "spk_0",
                            "start_time": "52.25",
                            "end_time": "52.729"
                        },
                        {
                            "speaker_label": "spk_0",
                            "start_time": "52.729",
                            "end_time": "53.279"
                        }
                    ]
                },
                {
                    "start_time": "53.709",
                    "end_time": "56.9",
                    "speaker_label": "spk_1",
                    "items": [
                        {
                            "speaker_label": "spk_1",
                            "start_time": "53.709",
                            "end_time": "54.0"
                        },
                        {
                            "speaker_label": "spk_1",
                            "start_time": "54.0",
                            "end_time": "54.09"
                        },
                        {
                            "speaker_label": "spk_1",
                            "start_time": "54.09",
                            "end_time": "54.549"
                        },
                        {
                            "speaker_label": "spk_1",
                            "start_time": "54.56",
                            "end_time": "54.849"
                        },
                        {
                            "speaker_label": "spk_1",
                            "start_time": "54.93",
                            "end_time": "55.529"
                        },
                        {
                            "speaker_label": "spk_1",
                            "start_time": "56.799",
                            "end_time": "56.81"
                        },
                        {
                            "speaker_label": "spk_1",
                            "start_time": "56.81",
                            "end_time": "56.9"
                        }
                    ]
                },
                {
                    "start_time": "56.9",
                    "end_time": "57.779",
                    "speaker_label": "spk_1",
                    "items": [
                        {
                            "speaker_label": "spk_1",
                            "start_time": "56.9",
                            "end_time": "57.52"
                        }
                    ]
                }
            ],
            "channel_label": "ch_0",
            "speakers": 2
        },
        "items": [
            {
                "id": 0,
                "type": "pronunciation",
                "alternatives": [
                    {
                        "content": "[PII]",
                        "redactions": [
                            {
                                "confidence": "1.0",
                                "type": "NAME",
                                "category": "PII"
                            }
                        ]
                    }
                ],
                "start_time": "2.75",
                "end_time": "2.769"
            },
            {
                "id": 1,
                "type": "pronunciation",
                "alternatives": [
                    {
                        "confidence": "0.997",
                        "content": "speaking"
                    }
                ],
                "start_time": "2.769",
                "end_time": "3.13",
                "speaker_label": "spk_0"
            },
            {
                "id": 2,
                "type": "punctuation",
                "alternatives": [
                    {
                        "confidence": "0.0",
                        "content": "."
                    }
                ],
                "speaker_label": "spk_0"
            },
            {
                "id": 3,
                "type": "pronunciation",
                "alternatives": [
                    {
                        "confidence": "0.992",
                        "content": "How"
                    }
                ],
                "start_time": "3.17",
                "end_time": "3.329",
                "speaker_label": "spk_0"
            },
            {
                "id": 4,
                "type": "pronunciation",
                "alternatives": [
                    {
                        "confidence": "0.997",
                        "content": "may"
                    }
                ],
                "start_time": "3.329",
                "end_time": "3.45",
                "speaker_label": "spk_0"
            },
            {
                "id": 5,
                "type": "pronunciation",
                "alternatives": [
                    {
                        "confidence": "0.997",
                        "content": "I"
                    }
                ],
                "start_time": "3.45",
                "end_time": "3.569",
                "speaker_label": "spk_0"
            },
            {
                "id": 6,
                "type": "pronunciation",
                "alternatives": [
                    {
                        "confidence": "0.998",
                        "content": "help"
                    }
                ],
                "start_time": "3.569",
                "end_time": "3.759",
                "speaker_label": "spk_0"
            },
            {
                "id": 7,
                "type": "pronunciation",
                "alternatives": [
                    {
                        "confidence": "0.997",
                        "content": "you"
                    }
                ],
                "start_time": "3.759",
                "end_time": "4.079",
                "speaker_label": "spk_0"
            },
            {
                "id": 8,
                "type": "punctuation",
                "alternatives": [
                    {
                        "confidence": "0.0",
                        "content": "?"
                    }
                ],
                "speaker_label": "spk_0"
            },
            {
                "id": 9,
                "type": "pronunciation",
                "alternatives": [
                    {
                        "confidence": "0.951",
                        "content": "Uh"
                    }
                ],
                "start_time": "4.67",
                "end_time": "4.769",
                "speaker_label": "spk_0"
            },
            {
                "id": 10,
                "type": "punctuation",
                "alternatives": [
                    {
                        "confidence": "0.0",
                        "content": ","
                    }
                ],
                "speaker_label": "spk_0"
            },
            {
                "id": 11,
                "type": "pronunciation",
                "alternatives": [
                    {
                        "confidence": "0.996",
                        "content": "yes"
                    }
                ],
                "start_time": "4.809",
                "end_time": "5.05",
                "speaker_label": "spk_1"
            },
            {
                "id": 12,
                "type": "punctuation",
                "alternatives": [
                    {
                        "confidence": "0.0",
                        "content": ","
                    }
                ],
                "speaker_label": "spk_1"
            },
            {
                "id": 13,
                "type": "pronunciation",
                "alternatives": [
                    {
                        "confidence": "0.993",
                        "content": "I'm"
                    }
                ],
                "start_time": "5.21",
                "end_time": "5.53",
                "speaker_label": "spk_1"
            },
            {
                "id": 14,
                "type": "pronunciation",
                "alternatives": [
                    {
                        "confidence": "0.995",
                        "content": "calling"
                    }
                ],
                "start_time": "5.53",
                "end_time": "5.789",
                "speaker_label": "spk_1"
            },
            {
                "id": 15,
                "type": "pronunciation",
                "alternatives": [
                    {
                        "confidence": "0.996",
                        "content": "for"
                    }
                ],
                "start_time": "5.789",
                "end_time": "6.179",
                "speaker_label": "spk_1"
            },
            {
                "id": 16,
                "type": "pronunciation",
                "alternatives": [
                    {
                        "confidence": "0.997",
                        "content": "my"
                    }
                ],
                "start_time": "6.179",
                "end_time": "6.34",
                "speaker_label": "spk_1"
            },
            {
                "id": 17,
                "type": "pronunciation",
                "alternatives": [
                    {
                        "confidence": "0.994",
                        "content": "son"
                    }
                ],
                "start_time": "6.34",
                "end_time": "6.809",
                "speaker_label": "spk_1"
            },
            {
                "id": 18,
                "type": "pronunciation",
                "alternatives": [
                    {
                        "content": "[PII]",
                        "redactions": [
                            {
                                "confidence": "1.0",
                                "type": "NAME",
                                "category": "PII"
                            }
                        ]
                    }
                ],
                "start_time": "6.809",
                "end_time": "7.48"
            },
            {
                "id": 19,
                "type": "punctuation",
                "alternatives": [
                    {
                        "confidence": "0.0",
                        "content": "."
                    }
                ]
            },
            {
                "id": 20,
                "type": "pronunciation",
                "alternatives": [
                    {
                        "confidence": "0.996",
                        "content": "He"
                    }
                ],
                "start_time": "7.769",
                "end_time": "7.949",
                "speaker_label": "spk_1"
            },
            {
                "id": 21,
                "type": "pronunciation",
                "alternatives": [
                    {
                        "confidence": "0.996",
                        "content": "needs"
                    }
                ],
                "start_time": "7.949",
                "end_time": "8.25",
                "speaker_label": "spk_1"
            },
            {
                "id": 22,
                "type": "pronunciation",
                "alternatives": [
                    {
                        "confidence": "0.996",
                        "content": "an"
                    }
                ],
                "start_time": "8.25",
                "end_time": "8.539",
                "speaker_label": "spk_1"
            },
            {
                "id": 23,
                "type": "pronunciation",
                "alternatives": [
                    {
                        "confidence": "0.994",
                        "content": "appointment"
                    }
                ],
                "start_time": "8.539",
                "end_time": "9.329",
                "speaker_label": "spk_1"
            },
            {
                "id": 24,
                "type": "pronunciation",
                "alternatives": [
                    {
                        "confidence": "0.997",
                        "content": "to"
                    }
                ],
                "start_time": "9.329",
                "end_time": "9.729",
                "speaker_label": "spk_1"
            },
            {
                "id": 25,
                "type": "pronunciation",
                "alternatives": [
                    {
                        "confidence": "0.997",
                        "content": "have"
                    }
                ],
                "start_time": "9.729",
                "end_time": "10.159",
                "speaker_label": "spk_1"
            },
            {
                "id": 26,
                "type": "pronunciation",
                "alternatives": [
                    {
                        "confidence": "0.99",
                        "content": "X-rays"
                    }
                ],
                "start_time": "10.159",
                "end_time": "10.97",
                "speaker_label": "spk_1"
            },
            {
                "id": 27,
                "type": "pronunciation",
                "alternatives": [
                    {
                        "confidence": "0.997",
                        "content": "done"
                    }
                ],
                "start_time": "10.97",
                "end_time": "11.21",
                "speaker_label": "spk_1"
            },
            {
                "id": 28,
                "type": "pronunciation",
                "alternatives": [
                    {
                        "confidence": "0.997",
                        "content": "on"
                    }
                ],
                "start_time": "11.21",
                "end_time": "11.409",
                "speaker_label": "spk_1"
            },
            {
                "id": 29,
                "type": "pronunciation",
                "alternatives": [
                    {
                        "confidence": "0.997",
                        "content": "his"
                    }
                ],
                "start_time": "11.409",
                "end_time": "11.689",
                "speaker_label": "spk_1"
            },
            {
                "id": 30,
                "type": "pronunciation",
                "alternatives": [
                    {
                        "confidence": "0.998",
                        "content": "back"
                    }
                ],
                "start_time": "11.689",
                "end_time": "12.199",
                "speaker_label": "spk_1"
            },
            {
                "id": 31,
                "type": "punctuation",
                "alternatives": [
                    {
                        "confidence": "0.0",
                        "content": "."
                    }
                ],
                "speaker_label": "spk_1"
            },
            {
                "id": 32,
                "type": "pronunciation",
                "alternatives": [
                    {
                        "confidence": "0.996",
                        "content": "OK"
                    }
                ],
                "start_time": "13.529",
                "end_time": "13.949",
                "speaker_label": "spk_0"
            },
            {
                "id": 33,
                "type": "punctuation",
                "alternatives": [
                    {
                        "confidence": "0.0",
                        "content": ","
                    }
                ],
                "speaker_label": "spk_0"
            },
            {
                "id": 34,
                "type": "pronunciation",
                "alternatives": [
                    {
                        "confidence": "0.997",
                        "content": "so"
                    }
                ],
                "start_time": "14.109",
                "end_time": "14.689",
                "speaker_label": "spk_0"
            },
            {
                "id": 35,
                "type": "pronunciation",
                "alternatives": [
                    {
                        "confidence": "0.996",
                        "content": "do"
                    }
                ],
                "start_time": "14.689",
                "end_time": "14.829",
                "speaker_label": "spk_0"
            },
            {
                "id": 36,
                "type": "pronunciation",
                "alternatives": [
                    {
                        "confidence": "0.996",
                        "content": "you"
                    }
                ],
                "start_time": "14.829",
                "end_time": "15.59",
                "speaker_label": "spk_0"
            },
            {
                "id": 37,
                "type": "punctuation",
                "alternatives": [
                    {
                        "confidence": "0.0",
                        "content": ","
                    }
                ],
                "speaker_label": "spk_0"
            },
            {
                "id": 38,
                "type": "pronunciation",
                "alternatives": [
                    {
                        "confidence": "0.868",
                        "content": "do"
                    }
                ],
                "start_time": "16.26",
                "end_time": "16.27",
                "speaker_label": "spk_0"
            },
            {
                "id": 39,
                "type": "pronunciation",
                "alternatives": [
                    {
                        "confidence": "0.997",
                        "content": "you"
                    }
                ],
                "start_time": "16.27",
                "end_time": "16.549",
                "speaker_label": "spk_0"
            },
            {
                "id": 40,
                "type": "pronunciation",
                "alternatives": [
                    {
                        "confidence": "0.999",
                        "content": "have"
                    }
                ],
                "start_time": "16.549",
                "end_time": "16.899",
                "speaker_label": "spk_0"
            },
            {
                "id": 41,
                "type": "pronunciation",
                "alternatives": [
                    {
                        "confidence": "0.996",
                        "content": "his"
                    }
                ],
                "start_time": "16.899",
                "end_time": "17.149",
                "speaker_label": "spk_0"
            },
            {
                "id": 42,
                "type": "pronunciation",
                "alternatives": [
                    {
                        "confidence": "0.914",
                        "content": "position"
                    }
                ],
                "start_time": "17.149",
                "end_time": "18.219",
                "speaker_label": "spk_0"
            },
            {
                "id": 43,
                "type": "punctuation",
                "alternatives": [
                    {
                        "confidence": "0.0",
                        "content": "?"
                    }
                ],
                "speaker_label": "spk_0"
            },
            {
                "id": 44,
                "type": "pronunciation",
                "alternatives": [
                    {
                        "confidence": "0.999",
                        "content": "Yes"
                    }
                ],
                "start_time": "19.2",
                "end_time": "19.5",
                "speaker_label": "spk_1"
            },
            {
                "id": 45,
                "type": "pronunciation",
                "alternatives": [
                    {
                        "confidence": "0.998",
                        "content": "I"
                    }
                ],
                "start_time": "19.5",
                "end_time": "19.659",
                "speaker_label": "spk_1"
            },
            {
                "id": 46,
                "type": "pronunciation",
                "alternatives": [
                    {
                        "confidence": "0.999",
                        "content": "do"
                    }
                ],
                "start_time": "19.659",
                "end_time": "20.129",
                "speaker_label": "spk_1"
            },
            {
                "id": 47,
                "type": "punctuation",
                "alternatives": [
                    {
                        "confidence": "0.0",
                        "content": "."
                    }
                ],
                "speaker_label": "spk_1"
            },
            {
                "id": 48,
                "type": "pronunciation",
                "alternatives": [
                    {
                        "confidence": "0.996",
                        "content": "Uh"
                    }
                ],
                "start_time": "20.659",
                "end_time": "21.0",
                "speaker_label": "spk_0"
            },
            {
                "id": 49,
                "type": "punctuation",
                "alternatives": [
                    {
                        "confidence": "0.0",
                        "content": ","
                    }
                ],
                "speaker_label": "spk_0"
            },
            {
                "id": 50,
                "type": "pronunciation",
                "alternatives": [
                    {
                        "confidence": "0.997",
                        "content": "so"
                    }
                ],
                "start_time": "21.02",
                "end_time": "21.299",
                "speaker_label": "spk_0"
            },
            {
                "id": 51,
                "type": "pronunciation",
                "alternatives": [
                    {
                        "confidence": "0.998",
                        "content": "what"
                    }
                ],
                "start_time": "21.299",
                "end_time": "21.459",
                "speaker_label": "spk_0"
            },
            {
                "id": 52,
                "type": "pronunciation",
                "alternatives": [
                    {
                        "confidence": "0.996",
                        "content": "you"
                    }
                ],
                "start_time": "21.459",
                "end_time": "21.62",
                "speaker_label": "spk_0"
            },
            {
                "id": 53,
                "type": "pronunciation",
                "alternatives": [
                    {
                        "confidence": "0.996",
                        "content": "said"
                    }
                ],
                "start_time": "21.62",
                "end_time": "21.76",
                "speaker_label": "spk_0"
            },
            {
                "id": 54,
                "type": "pronunciation",
                "alternatives": [
                    {
                        "confidence": "0.998",
                        "content": "on"
                    }
                ],
                "start_time": "21.76",
                "end_time": "21.899",
                "speaker_label": "spk_0"
            },
            {
                "id": 55,
                "type": "pronunciation",
                "alternatives": [
                    {
                        "confidence": "0.998",
                        "content": "the"
                    }
                ],
                "start_time": "21.899",
                "end_time": "21.989",
                "speaker_label": "spk_0"
            },
            {
                "id": 56,
                "type": "pronunciation",
                "alternatives": [
                    {
                        "confidence": "0.987",
                        "content": "requisition"
                    }
                ],
                "start_time": "21.989",
                "end_time": "22.829",
                "speaker_label": "spk_0"
            },
            {
                "id": 57,
                "type": "punctuation",
                "alternatives": [
                    {
                        "confidence": "0.0",
                        "content": ","
                    }
                ],
                "speaker_label": "spk_0"
            },
            {
                "id": 58,
                "type": "pronunciation",
                "alternatives": [
                    {
                        "confidence": "0.943",
                        "content": "uh"
                    }
                ],
                "start_time": "22.979",
                "end_time": "23.77",
                "speaker_label": "spk_0"
            },
            {
                "id": 59,
                "type": "punctuation",
                "alternatives": [
                    {
                        "confidence": "0.0",
                        "content": ","
                    }
                ],
                "speaker_label": "spk_0"
            },
            {
                "id": 60,
                "type": "pronunciation",
                "alternatives": [
                    {
                        "confidence": "0.989",
                        "content": "I'll"
                    }
                ],
                "start_time": "24.299",
                "end_time": "24.579",
                "speaker_label": "spk_0"
            },
            {
                "id": 61,
                "type": "pronunciation",
                "alternatives": [
                    {
                        "confidence": "0.974",
                        "content": "find"
                    }
                ],
                "start_time": "24.579",
                "end_time": "24.59",
                "speaker_label": "spk_0"
            },
            {
                "id": 62,
                "type": "pronunciation",
                "alternatives": [
                    {
                        "confidence": "0.285",
                        "content": "he's"
                    }
                ],
                "start_time": "24.59",
                "end_time": "24.7",
                "speaker_label": "spk_0"
            },
            {
                "id": 63,
                "type": "pronunciation",
                "alternatives": [
                    {
                        "confidence": "0.996",
                        "content": "fine"
                    }
                ],
                "start_time": "24.7",
                "end_time": "25.969",
                "speaker_label": "spk_0"
            },
            {
                "id": 64,
                "type": "punctuation",
                "alternatives": [
                    {
                        "confidence": "0.0",
                        "content": "."
                    }
                ],
                "speaker_label": "spk_0"
            },
            {
                "id": 65,
                "type": "pronunciation",
                "alternatives": [
                    {
                        "confidence": "0.997",
                        "content": "Or"
                    }
                ],
                "start_time": "27.17",
                "end_time": "27.409",
                "speaker_label": "spk_0"
            },
            {
                "id": 66,
                "type": "pronunciation",
                "alternatives": [
                    {
                        "confidence": "0.997",
                        "content": "is"
                    }
                ],
                "start_time": "27.409",
                "end_time": "27.68",
                "speaker_label": "spk_0"
            },
            {
                "id": 67,
                "type": "pronunciation",
                "alternatives": [
                    {
                        "confidence": "0.946",
                        "content": "this"
                    }
                ],
                "start_time": "27.68",
                "end_time": "27.69",
                "speaker_label": "spk_0"
            },
            {
                "id": 68,
                "type": "pronunciation",
                "alternatives": [
                    {
                        "confidence": "0.997",
                        "content": "like"
                    }
                ],
                "start_time": "27.69",
                "end_time": "28.17",
                "speaker_label": "spk_0"
            },
            {
                "id": 69,
                "type": "pronunciation",
                "alternatives": [
                    {
                        "confidence": "0.999",
                        "content": "complete"
                    }
                ],
                "start_time": "28.17",
                "end_time": "28.61",
                "speaker_label": "spk_0"
            },
            {
                "id": 70,
                "type": "pronunciation",
                "alternatives": [
                    {
                        "confidence": "0.956",
                        "content": "um"
                    }
                ],
                "start_time": "28.61",
                "end_time": "28.969",
                "speaker_label": "spk_0"
            },
            {
                "id": 71,
                "type": "punctuation",
                "alternatives": [
                    {
                        "confidence": "0.0",
                        "content": "."
                    }
                ],
                "speaker_label": "spk_0"
            },
            {
                "id": 72,
                "type": "pronunciation",
                "alternatives": [
                    {
                        "confidence": "0.997",
                        "content": "It"
                    }
                ],
                "start_time": "30.079",
                "end_time": "30.28",
                "speaker_label": "spk_1"
            },
            {
                "id": 73,
                "type": "pronunciation",
                "alternatives": [
                    {
                        "confidence": "0.996",
                        "content": "just"
                    }
                ],
                "start_time": "30.28",
                "end_time": "30.6",
                "speaker_label": "spk_1"
            },
            {
                "id": 74,
                "type": "pronunciation",
                "alternatives": [
                    {
                        "confidence": "0.996",
                        "content": "says"
                    }
                ],
                "start_time": "30.6",
                "end_time": "30.799",
                "speaker_label": "spk_1"
            },
            {
                "id": 75,
                "type": "pronunciation",
                "alternatives": [
                    {
                        "confidence": "0.987",
                        "content": "X-ray"
                    }
                ],
                "start_time": "30.799",
                "end_time": "31.45",
                "speaker_label": "spk_0"
            },
            {
                "id": 76,
                "type": "pronunciation",
                "alternatives": [
                    {
                        "confidence": "0.872",
                        "content": "lumbar"
                    }
                ],
                "start_time": "31.45",
                "end_time": "32.08",
                "speaker_label": "spk_1"
            },
            {
                "id": 77,
                "type": "pronunciation",
                "alternatives": [
                    {
                        "confidence": "0.774",
                        "content": "is"
                    }
                ],
                "start_time": "32.08",
                "end_time": "32.27",
                "speaker_label": "spk_1"
            },
            {
                "id": 78,
                "type": "pronunciation",
                "alternatives": [
                    {
                        "confidence": "0.994",
                        "content": "fine"
                    }
                ],
                "start_time": "32.27",
                "end_time": "32.75",
                "speaker_label": "spk_1"
            },
            {
                "id": 79,
                "type": "punctuation",
                "alternatives": [
                    {
                        "confidence": "0.0",
                        "content": "."
                    }
                ],
                "speaker_label": "spk_1"
            },
            {
                "id": 80,
                "type": "pronunciation",
                "alternatives": [
                    {
                        "confidence": "0.997",
                        "content": "OK"
                    }
                ],
                "start_time": "33.0",
                "end_time": "33.59",
                "speaker_label": "spk_0"
            },
            {
                "id": 81,
                "type": "punctuation",
                "alternatives": [
                    {
                        "confidence": "0.0",
                        "content": ","
                    }
                ],
                "speaker_label": "spk_0"
            },
            {
                "id": 82,
                "type": "pronunciation",
                "alternatives": [
                    {
                        "confidence": "0.898",
                        "content": "sounds"
                    }
                ],
                "start_time": "33.729",
                "end_time": "34.0",
                "speaker_label": "spk_0"
            },
            {
                "id": 83,
                "type": "pronunciation",
                "alternatives": [
                    {
                        "confidence": "0.997",
                        "content": "fine"
                    }
                ],
                "start_time": "34.0",
                "end_time": "34.43",
                "speaker_label": "spk_0"
            },
            {
                "id": 84,
                "type": "punctuation",
                "alternatives": [
                    {
                        "confidence": "0.0",
                        "content": "."
                    }
                ],
                "speaker_label": "spk_0"
            },
            {
                "id": 85,
                "type": "pronunciation",
                "alternatives": [
                    {
                        "confidence": "0.997",
                        "content": "OK"
                    }
                ],
                "start_time": "35.36",
                "end_time": "36.009",
                "speaker_label": "spk_0"
            },
            {
                "id": 86,
                "type": "punctuation",
                "alternatives": [
                    {
                        "confidence": "0.0",
                        "content": ","
                    }
                ],
                "speaker_label": "spk_0"
            },
            {
                "id": 87,
                "type": "pronunciation",
                "alternatives": [
                    {
                        "confidence": "0.997",
                        "content": "so"
                    }
                ],
                "start_time": "36.33",
                "end_time": "36.689",
                "speaker_label": "spk_0"
            },
            {
                "id": 88,
                "type": "pronunciation",
                "alternatives": [
                    {
                        "confidence": "0.998",
                        "content": "when"
                    }
                ],
                "start_time": "36.689",
                "end_time": "36.86",
                "speaker_label": "spk_0"
            },
            {
                "id": 89,
                "type": "pronunciation",
                "alternatives": [
                    {
                        "confidence": "0.974",
                        "content": "do"
                    }
                ],
                "start_time": "36.86",
                "end_time": "36.869",
                "speaker_label": "spk_0"
            },
            {
                "id": 90,
                "type": "pronunciation",
                "alternatives": [
                    {
                        "confidence": "0.998",
                        "content": "you"
                    }
                ],
                "start_time": "36.869",
                "end_time": "37.09",
                "speaker_label": "spk_0"
            },
            {
                "id": 91,
                "type": "pronunciation",
                "alternatives": [
                    {
                        "confidence": "0.998",
                        "content": "think"
                    }
                ],
                "start_time": "37.09",
                "end_time": "37.56",
                "speaker_label": "spk_0"
            },
            {
                "id": 92,
                "type": "pronunciation",
                "alternatives": [
                    {
                        "confidence": "0.996",
                        "content": "uh"
                    }
                ],
                "start_time": "37.56",
                "end_time": "37.849",
                "speaker_label": "spk_0"
            },
            {
                "id": 93,
                "type": "pronunciation",
                "alternatives": [
                    {
                        "confidence": "0.996",
                        "content": "he"
                    }
                ],
                "start_time": "37.849",
                "end_time": "38.009",
                "speaker_label": "spk_0"
            },
            {
                "id": 94,
                "type": "pronunciation",
                "alternatives": [
                    {
                        "confidence": "0.999",
                        "content": "can"
                    }
                ],
                "start_time": "38.009",
                "end_time": "38.24",
                "speaker_label": "spk_0"
            },
            {
                "id": 95,
                "type": "pronunciation",
                "alternatives": [
                    {
                        "confidence": "0.999",
                        "content": "come"
                    }
                ],
                "start_time": "38.24",
                "end_time": "38.58",
                "speaker_label": "spk_0"
            },
            {
                "id": 96,
                "type": "punctuation",
                "alternatives": [
                    {
                        "confidence": "0.0",
                        "content": "?"
                    }
                ],
                "speaker_label": "spk_0"
            },
            {
                "id": 97,
                "type": "pronunciation",
                "alternatives": [
                    {
                        "confidence": "0.992",
                        "content": "Oh"
                    }
                ],
                "start_time": "40.419",
                "end_time": "40.77",
                "speaker_label": "spk_1"
            },
            {
                "id": 98,
                "type": "pronunciation",
                "alternatives": [
                    {
                        "confidence": "0.877",
                        "content": "you"
                    }
                ],
                "start_time": "40.77",
                "end_time": "40.97",
                "speaker_label": "spk_1"
            },
            {
                "id": 99,
                "type": "pronunciation",
                "alternatives": [
                    {
                        "confidence": "0.996",
                        "content": "can"
                    }
                ],
                "start_time": "40.97",
                "end_time": "41.13",
                "speaker_label": "spk_1"
            },
            {
                "id": 100,
                "type": "pronunciation",
                "alternatives": [
                    {
                        "confidence": "0.998",
                        "content": "just"
                    }
                ],
                "start_time": "41.13",
                "end_time": "41.419",
                "speaker_label": "spk_1"
            },
            {
                "id": 101,
                "type": "pronunciation",
                "alternatives": [
                    {
                        "confidence": "0.998",
                        "content": "go"
                    }
                ],
                "start_time": "41.419",
                "end_time": "41.569",
                "speaker_label": "spk_1"
            },
            {
                "id": 102,
                "type": "pronunciation",
                "alternatives": [
                    {
                        "confidence": "0.998",
                        "content": "in"
                    }
                ],
                "start_time": "41.569",
                "end_time": "41.849",
                "speaker_label": "spk_1"
            },
            {
                "id": 103,
                "type": "pronunciation",
                "alternatives": [
                    {
                        "confidence": "0.999",
                        "content": "any"
                    }
                ],
                "start_time": "41.849",
                "end_time": "42.169",
                "speaker_label": "spk_1"
            },
            {
                "id": 104,
                "type": "pronunciation",
                "alternatives": [
                    {
                        "confidence": "0.982",
                        "content": "time"
                    }
                ],
                "start_time": "42.169",
                "end_time": "42.639",
                "speaker_label": "spk_1"
            },
            {
                "id": 105,
                "type": "punctuation",
                "alternatives": [
                    {
                        "confidence": "0.0",
                        "content": "?"
                    }
                ],
                "speaker_label": "spk_1"
            },
            {
                "id": 106,
                "type": "pronunciation",
                "alternatives": [
                    {
                        "confidence": "0.996",
                        "content": "Yes"
                    }
                ],
                "start_time": "42.97",
                "end_time": "43.22",
                "speaker_label": "spk_0"
            },
            {
                "id": 107,
                "type": "punctuation",
                "alternatives": [
                    {
                        "confidence": "0.0",
                        "content": ","
                    }
                ],
                "speaker_label": "spk_0"
            },
            {
                "id": 108,
                "type": "pronunciation",
                "alternatives": [
                    {
                        "confidence": "0.997",
                        "content": "yes"
                    }
                ],
                "start_time": "43.279",
                "end_time": "43.72",
                "speaker_label": "spk_0"
            },
            {
                "id": 109,
                "type": "punctuation",
                "alternatives": [
                    {
                        "confidence": "0.0",
                        "content": ","
                    }
                ],
                "speaker_label": "spk_0"
            },
            {
                "id": 110,
                "type": "pronunciation",
                "alternatives": [
                    {
                        "confidence": "0.997",
                        "content": "any"
                    }
                ],
                "start_time": "43.729",
                "end_time": "43.97",
                "speaker_label": "spk_0"
            },
            {
                "id": 111,
                "type": "pronunciation",
                "alternatives": [
                    {
                        "confidence": "0.883",
                        "content": "time"
                    }
                ],
                "start_time": "43.97",
                "end_time": "44.2",
                "speaker_label": "spk_0"
            },
            {
                "id": 112,
                "type": "pronunciation",
                "alternatives": [
                    {
                        "confidence": "0.996",
                        "content": "we"
                    }
                ],
                "start_time": "44.2",
                "end_time": "44.729",
                "speaker_label": "spk_0"
            },
            {
                "id": 113,
                "type": "pronunciation",
                "alternatives": [
                    {
                        "confidence": "0.998",
                        "content": "are"
                    }
                ],
                "start_time": "44.729",
                "end_time": "44.97",
                "speaker_label": "spk_0"
            },
            {
                "id": 114,
                "type": "pronunciation",
                "alternatives": [
                    {
                        "confidence": "0.998",
                        "content": "doing"
                    }
                ],
                "start_time": "44.97",
                "end_time": "45.5",
                "speaker_label": "spk_0"
            },
            {
                "id": 115,
                "type": "pronunciation",
                "alternatives": [
                    {
                        "confidence": "0.993",
                        "content": "uh"
                    }
                ],
                "start_time": "45.5",
                "end_time": "45.77",
                "speaker_label": "spk_0"
            },
            {
                "id": 116,
                "type": "pronunciation",
                "alternatives": [
                    {
                        "confidence": "0.99",
                        "content": "walking"
                    }
                ],
                "start_time": "45.77",
                "end_time": "46.33",
                "speaker_label": "spk_0"
            },
            {
                "id": 117,
                "type": "punctuation",
                "alternatives": [
                    {
                        "confidence": "0.0",
                        "content": ","
                    }
                ],
                "speaker_label": "spk_0"
            },
            {
                "id": 118,
                "type": "pronunciation",
                "alternatives": [
                    {
                        "confidence": "0.996",
                        "content": "so"
                    }
                ],
                "start_time": "46.34",
                "end_time": "46.819",
                "speaker_label": "spk_0"
            },
            {
                "id": 119,
                "type": "pronunciation",
                "alternatives": [
                    {
                        "confidence": "0.873",
                        "content": "anytime"
                    }
                ],
                "start_time": "47.13",
                "end_time": "47.529",
                "speaker_label": "spk_0"
            },
            {
                "id": 120,
                "type": "punctuation",
                "alternatives": [
                    {
                        "confidence": "0.0",
                        "content": "."
                    }
                ],
                "speaker_label": "spk_0"
            },
            {
                "id": 121,
                "type": "pronunciation",
                "alternatives": [
                    {
                        "confidence": "0.996",
                        "content": "Oh"
                    }
                ],
                "start_time": "47.77",
                "end_time": "48.08",
                "speaker_label": "spk_1"
            },
            {
                "id": 122,
                "type": "punctuation",
                "alternatives": [
                    {
                        "confidence": "0.0",
                        "content": ","
                    }
                ],
                "speaker_label": "spk_1"
            },
            {
                "id": 123,
                "type": "pronunciation",
                "alternatives": [
                    {
                        "confidence": "0.999",
                        "content": "OK"
                    }
                ],
                "start_time": "48.61",
                "end_time": "49.02",
                "speaker_label": "spk_1"
            },
            {
                "id": 124,
                "type": "punctuation",
                "alternatives": [
                    {
                        "confidence": "0.0",
                        "content": ","
                    }
                ],
                "speaker_label": "spk_1"
            },
            {
                "id": 125,
                "type": "pronunciation",
                "alternatives": [
                    {
                        "confidence": "0.997",
                        "content": "that"
                    }
                ],
                "start_time": "49.13",
                "end_time": "49.369",
                "speaker_label": "spk_1"
            },
            {
                "id": 126,
                "type": "pronunciation",
                "alternatives": [
                    {
                        "confidence": "0.998",
                        "content": "sounds"
                    }
                ],
                "start_time": "49.369",
                "end_time": "49.77",
                "speaker_label": "spk_1"
            },
            {
                "id": 127,
                "type": "pronunciation",
                "alternatives": [
                    {
                        "confidence": "0.999",
                        "content": "good"
                    }
                ],
                "start_time": "49.77",
                "end_time": "50.049",
                "speaker_label": "spk_1"
            },
            {
                "id": 128,
                "type": "pronunciation",
                "alternatives": [
                    {
                        "confidence": "0.996",
                        "content": "thank"
                    }
                ],
                "start_time": "50.049",
                "end_time": "50.29",
                "speaker_label": "spk_1"
            },
            {
                "id": 129,
                "type": "pronunciation",
                "alternatives": [
                    {
                        "confidence": "0.999",
                        "content": "you"
                    }
                ],
                "start_time": "50.29",
                "end_time": "50.409",
                "speaker_label": "spk_1"
            },
            {
                "id": 130,
                "type": "pronunciation",
                "alternatives": [
                    {
                        "confidence": "0.999",
                        "content": "very"
                    }
                ],
                "start_time": "50.409",
                "end_time": "50.72",
                "speaker_label": "spk_1"
            },
            {
                "id": 131,
                "type": "pronunciation",
                "alternatives": [
                    {
                        "confidence": "0.999",
                        "content": "much"
                    }
                ],
                "start_time": "50.72",
                "end_time": "51.169",
                "speaker_label": "spk_1"
            },
            {
                "id": 132,
                "type": "punctuation",
                "alternatives": [
                    {
                        "confidence": "0.0",
                        "content": "."
                    }
                ],
                "speaker_label": "spk_1"
            },
            {
                "id": 133,
                "type": "pronunciation",
                "alternatives": [
                    {
                        "confidence": "0.997",
                        "content": "Yes"
                    }
                ],
                "start_time": "51.33",
                "end_time": "51.47",
                "speaker_label": "spk_0"
            },
            {
                "id": 134,
                "type": "punctuation",
                "alternatives": [
                    {
                        "confidence": "0.0",
                        "content": ","
                    }
                ],
                "speaker_label": "spk_0"
            },
            {
                "id": 135,
                "type": "pronunciation",
                "alternatives": [
                    {
                        "confidence": "0.997",
                        "content": "from"
                    }
                ],
                "start_time": "51.65",
                "end_time": "51.81",
                "speaker_label": "spk_0"
            },
            {
                "id": 136,
                "type": "pronunciation",
                "alternatives": [
                    {
                        "confidence": "0.996",
                        "content": "9"
                    }
                ],
                "start_time": "51.81",
                "end_time": "52.25",
                "speaker_label": "spk_0"
            },
            {
                "id": 137,
                "type": "pronunciation",
                "alternatives": [
                    {
                        "confidence": "0.997",
                        "content": "to"
                    }
                ],
                "start_time": "52.25",
                "end_time": "52.729",
                "speaker_label": "spk_0"
            },
            {
                "id": 138,
                "type": "pronunciation",
                "alternatives": [
                    {
                        "confidence": "0.993",
                        "content": "4"
                    }
                ],
                "start_time": "52.729",
                "end_time": "53.279",
                "speaker_label": "spk_0"
            },
            {
                "id": 139,
                "type": "punctuation",
                "alternatives": [
                    {
                        "confidence": "0.0",
                        "content": "."
                    }
                ],
                "speaker_label": "spk_0"
            },
            {
                "id": 140,
                "type": "pronunciation",
                "alternatives": [
                    {
                        "confidence": "0.982",
                        "content": "9"
                    }
                ],
                "start_time": "53.709",
                "end_time": "54.0",
                "speaker_label": "spk_1"
            },
            {
                "id": 141,
                "type": "pronunciation",
                "alternatives": [
                    {
                        "confidence": "0.996",
                        "content": "to"
                    }
                ],
                "start_time": "54.0",
                "end_time": "54.09",
                "speaker_label": "spk_1"
            },
            {
                "id": 142,
                "type": "pronunciation",
                "alternatives": [
                    {
                        "confidence": "0.993",
                        "content": "4"
                    }
                ],
                "start_time": "54.09",
                "end_time": "54.549",
                "speaker_label": "spk_1"
            },
            {
                "id": 143,
                "type": "punctuation",
                "alternatives": [
                    {
                        "confidence": "0.0",
                        "content": "?"
                    }
                ],
                "speaker_label": "spk_1"
            },
            {
                "id": 144,
                "type": "pronunciation",
                "alternatives": [
                    {
                        "confidence": "0.998",
                        "content": "OK"
                    }
                ],
                "start_time": "54.56",
                "end_time": "54.849",
                "speaker_label": "spk_1"
            },
            {
                "id": 145,
                "type": "punctuation",
                "alternatives": [
                    {
                        "confidence": "0.0",
                        "content": ","
                    }
                ],
                "speaker_label": "spk_1"
            },
            {
                "id": 146,
                "type": "pronunciation",
                "alternatives": [
                    {
                        "confidence": "0.993",
                        "content": "thanks"
                    }
                ],
                "start_time": "54.93",
                "end_time": "55.529",
                "speaker_label": "spk_1"
            },
            {
                "id": 147,
                "type": "pronunciation",
                "alternatives": [
                    {
                        "confidence": "0.996",
                        "content": "OK"
                    }
                ],
                "start_time": "56.799",
                "end_time": "56.81",
                "speaker_label": "spk_1"
            },
            {
                "id": 148,
                "type": "pronunciation",
                "alternatives": [
                    {
                        "confidence": "0.992",
                        "content": "bye"
                    }
                ],
                "start_time": "56.81",
                "end_time": "56.9",
                "speaker_label": "spk_1"
            },
            {
                "id": 149,
                "type": "pronunciation",
                "alternatives": [
                    {
                        "confidence": "0.457",
                        "content": "bye"
                    }
                ],
                "start_time": "56.9",
                "end_time": "57.52",
                "speaker_label": "spk_1"
            },
            {
                "id": 150,
                "type": "punctuation",
                "alternatives": [
                    {
                        "confidence": "0.0",
                        "content": "."
                    }
                ],
                "speaker_label": "spk_1"
            }
        ],
        "audio_segments": [
            {
                "id": 0,
                "transcript": "[PII] speaking. How may I help you? Uh,",
                "start_time": "0.93",
                "end_time": "4.769",
                "items": [
                    0,
                    1,
                    2,
                    3,
                    4,
                    5,
                    6,
                    7,
                    8,
                    9,
                    10
                ]
            },
            {
                "id": 1,
                "transcript": "yes, I'm calling for my son [PII]. He needs an appointment to have X-rays done on his back.",
                "start_time": "4.809",
                "end_time": "12.369",
                "speaker_label": "spk_1",
                "items": [
                    11,
                    12,
                    13,
                    14,
                    15,
                    16,
                    17,
                    18,
                    19,
                    20,
                    21,
                    22,
                    23,
                    24,
                    25,
                    26,
                    27,
                    28,
                    29,
                    30,
                    31
                ]
            },
            {
                "id": 2,
                "transcript": "OK, so do you, do you have his position?",
                "start_time": "13.35",
                "end_time": "18.29",
                "speaker_label": "spk_0",
                "items": [
                    32,
                    33,
                    34,
                    35,
                    36,
                    37,
                    38,
                    39,
                    40,
                    41,
                    42,
                    43
                ]
            },
            {
                "id": 3,
                "transcript": "Yes I do.",
                "start_time": "18.979",
                "end_time": "20.129",
                "speaker_label": "spk_1",
                "items": [
                    44,
                    45,
                    46,
                    47
                ]
            },
            {
                "id": 4,
                "transcript": "Uh, so what you said on the requisition, uh, I'll find he's fine.",
                "start_time": "20.659",
                "end_time": "26.049",
                "speaker_label": "spk_0",
                "items": [
                    48,
                    49,
                    50,
                    51,
                    52,
                    53,
                    54,
                    55,
                    56,
                    57,
                    58,
                    59,
                    60,
                    61,
                    62,
                    63,
                    64
                ]
            },
            {
                "id": 5,
                "transcript": "Or is this like complete um.",
                "start_time": "26.969",
                "end_time": "29.1",
                "speaker_label": "spk_0",
                "items": [
                    65,
                    66,
                    67,
                    68,
                    69,
                    70,
                    71
                ]
            },
            {
                "id": 6,
                "transcript": "It just says",
                "start_time": "29.959",
                "end_time": "30.799",
                "speaker_label": "spk_1",
                "items": [
                    72,
                    73,
                    74
                ]
            },
            {
                "id": 7,
                "transcript": "X-ray",
                "start_time": "30.799",
                "end_time": "31.45",
                "speaker_label": "spk_0",
                "items": [
                    75
                ]
            },
            {
                "id": 8,
                "transcript": "lumbar is fine.",
                "start_time": "31.45",
                "end_time": "32.75",
                "speaker_label": "spk_1",
                "items": [
                    76,
                    77,
                    78,
                    79
                ]
            },
            {
                "id": 9,
                "transcript": "OK, sounds fine.",
                "start_time": "33.0",
                "end_time": "34.54",
                "speaker_label": "spk_0",
                "items": [
                    80,
                    81,
                    82,
                    83,
                    84
                ]
            },
            {
                "id": 10,
                "transcript": "OK, so when do you think uh he can come?",
                "start_time": "35.049",
                "end_time": "38.659",
                "speaker_label": "spk_0",
                "items": [
                    85,
                    86,
                    87,
                    88,
                    89,
                    90,
                    91,
                    92,
                    93,
                    94,
                    95,
                    96
                ]
            },
            {
                "id": 11,
                "transcript": "Oh you can just go in any time?",
                "start_time": "40.409",
                "end_time": "42.639",
                "speaker_label": "spk_1",
                "items": [
                    97,
                    98,
                    99,
                    100,
                    101,
                    102,
                    103,
                    104,
                    105
                ]
            },
            {
                "id": 12,
                "transcript": "Yes, yes, any time we are doing uh walking, so anytime.",
                "start_time": "42.97",
                "end_time": "47.529",
                "speaker_label": "spk_0",
                "items": [
                    106,
                    107,
                    108,
                    109,
                    110,
                    111,
                    112,
                    113,
                    114,
                    115,
                    116,
                    117,
                    118,
                    119,
                    120
                ]
            },
            {
                "id": 13,
                "transcript": "Oh, OK, that sounds good thank you very much.",
                "start_time": "47.77",
                "end_time": "51.169",
                "speaker_label": "spk_1",
                "items": [
                    121,
                    122,
                    123,
                    124,
                    125,
                    126,
                    127,
                    128,
                    129,
                    130,
                    131,
                    132
                ]
            },
            {
                "id": 14,
                "transcript": "Yes, from 9 to 4.",
                "start_time": "51.33",
                "end_time": "53.279",
                "speaker_label": "spk_0",
                "items": [
                    133,
                    134,
                    135,
                    136,
                    137,
                    138,
                    139
                ]
            },
            {
                "id": 15,
                "transcript": "9 to 4? OK, thanks OK bye",
                "start_time": "53.709",
                "end_time": "56.9",
                "speaker_label": "spk_1",
                "items": [
                    140,
                    141,
                    142,
                    143,
                    144,
                    145,
                    146,
                    147,
                    148
                ]
            },
            {
                "id": 16,
                "transcript": "bye.",
                "start_time": "56.9",
                "end_time": "57.779",
                "speaker_label": "spk_1",
                "items": [
                    149,
                    150
                ]
            }
        ]
    }
}