{
    "jobName": "transcription-job-2024-03-25T17-26-48Z-call-f54077ad-2ece-4d7b-8cf5-4a7b2b675f15-1734643462",
    "accountId": "199040315413",
    "isRedacted": true,
    "status": "COMPLETED",
    "results": {
        "transcripts": [
            {
                "transcript": "We diagnostic [PII] speaking. How may I help you? Oh hi um I was just hoping to book an appointment for a pregnancy ultrasound. And in which location ma'am? Sorry? In which location is it in [PII] yeah. OK and. OK, and do you have the requisition? I don't do I need one? Yes, yes, ma'am, you need the requisition, so when you will have the requisition you can give us a call and we will book your appointment. OK, that's a resition from a doctor? Yes, yes. OK, OK thank you bye."
            }
        ],
        "speaker_labels": {
            "segments": [
                {
                    "start_time": "1.48",
                    "end_time": "4.369",
                    "speaker_label": "spk_0",
                    "items": [
                        {
                            "speaker_label": "spk_0",
                            "start_time": "1.87",
                            "end_time": "1.879"
                        },
                        {
                            "speaker_label": "spk_0",
                            "start_time": "1.879",
                            "end_time": "3.099"
                        },
                        {
                            "speaker_label": "spk_0",
                            "start_time": "3.099",
                            "end_time": "3.119"
                        },
                        {
                            "speaker_label": "spk_0",
                            "start_time": "3.119",
                            "end_time": "3.43"
                        },
                        {
                            "speaker_label": "spk_0",
                            "start_time": "3.48",
                            "end_time": "3.599"
                        },
                        {
                            "speaker_label": "spk_0",
                            "start_time": "3.599",
                            "end_time": "3.72"
                        },
                        {
                            "speaker_label": "spk_0",
                            "start_time": "3.72",
                            "end_time": "3.839"
                        },
                        {
                            "speaker_label": "spk_0",
                            "start_time": "3.839",
                            "end_time": "4.019"
                        },
                        {
                            "speaker_label": "spk_0",
                            "start_time": "4.019",
                            "end_time": "4.239"
                        }
                    ]
                },
                {
                    "start_time": "4.889",
                    "end_time": "5.699",
                    "speaker_label": "spk_1",
                    "items": [
                        {
                            "speaker_label": "spk_1",
                            "start_time": "5.09",
                            "end_time": "5.329"
                        },
                        {
                            "speaker_label": "spk_1",
                            "start_time": "5.329",
                            "end_time": "5.699"
                        }
                    ]
                },
                {
                    "start_time": "5.699",
                    "end_time": "6.05",
                    "speaker_label": "spk_1",
                    "items": [
                        {
                            "speaker_label": "spk_1",
                            "start_time": "5.699",
                            "end_time": "5.949"
                        },
                        {
                            "speaker_label": "spk_1",
                            "start_time": "5.949",
                            "end_time": "6.05"
                        }
                    ]
                },
                {
                    "start_time": "6.05",
                    "end_time": "6.21",
                    "speaker_label": "spk_0",
                    "items": [
                        {
                            "speaker_label": "spk_0",
                            "start_time": "6.05",
                            "end_time": "6.21"
                        }
                    ]
                },
                {
                    "start_time": "6.21",
                    "end_time": "6.75",
                    "speaker_label": "spk_1",
                    "items": [
                        {
                            "speaker_label": "spk_1",
                            "start_time": "6.21",
                            "end_time": "6.329"
                        },
                        {
                            "speaker_label": "spk_1",
                            "start_time": "6.329",
                            "end_time": "6.75"
                        }
                    ]
                },
                {
                    "start_time": "6.75",
                    "end_time": "8.93",
                    "speaker_label": "spk_1",
                    "items": [
                        {
                            "speaker_label": "spk_1",
                            "start_time": "6.75",
                            "end_time": "7.09"
                        },
                        {
                            "speaker_label": "spk_1",
                            "start_time": "7.09",
                            "end_time": "7.25"
                        },
                        {
                            "speaker_label": "spk_1",
                            "start_time": "7.25",
                            "end_time": "7.409"
                        },
                        {
                            "speaker_label": "spk_1",
                            "start_time": "7.409",
                            "end_time": "8.079"
                        },
                        {
                            "speaker_label": "spk_1",
                            "start_time": "8.079",
                            "end_time": "8.25"
                        },
                        {
                            "speaker_label": "spk_1",
                            "start_time": "8.25",
                            "end_time": "8.449"
                        },
                        {
                            "speaker_label": "spk_1",
                            "start_time": "8.449",
                            "end_time": "8.93"
                        }
                    ]
                },
                {
                    "start_time": "8.93",
                    "end_time": "9.859",
                    "speaker_label": "spk_1",
                    "items": [
                        {
                            "speaker_label": "spk_1",
                            "start_time": "8.93",
                            "end_time": "9.859"
                        }
                    ]
                },
                {
                    "start_time": "10.239",
                    "end_time": "12.05",
                    "speaker_label": "spk_0",
                    "items": [
                        {
                            "speaker_label": "spk_0",
                            "start_time": "10.239",
                            "end_time": "10.729"
                        },
                        {
                            "speaker_label": "spk_0",
                            "start_time": "10.729",
                            "end_time": "10.93"
                        },
                        {
                            "speaker_label": "spk_0",
                            "start_time": "10.93",
                            "end_time": "11.279"
                        },
                        {
                            "speaker_label": "spk_0",
                            "start_time": "11.279",
                            "end_time": "11.689"
                        },
                        {
                            "speaker_label": "spk_0",
                            "start_time": "11.689",
                            "end_time": "11.89"
                        }
                    ]
                },
                {
                    "start_time": "12.899",
                    "end_time": "19.379",
                    "speaker_label": "spk_0",
                    "items": [
                        {
                            "speaker_label": "spk_0",
                            "start_time": "13.14",
                            "end_time": "13.689"
                        },
                        {
                            "speaker_label": "spk_0",
                            "start_time": "14.1",
                            "end_time": "14.26"
                        },
                        {
                            "speaker_label": "spk_0",
                            "start_time": "14.26",
                            "end_time": "14.659"
                        },
                        {
                            "speaker_label": "spk_0",
                            "start_time": "14.659",
                            "end_time": "15.13"
                        },
                        {
                            "speaker_label": "spk_0",
                            "start_time": "15.13",
                            "end_time": "15.369"
                        },
                        {
                            "speaker_label": "spk_0",
                            "start_time": "15.369",
                            "end_time": "15.539"
                        },
                        {
                            "speaker_label": "spk_0",
                            "start_time": "15.539",
                            "end_time": "15.819"
                        },
                        {
                            "speaker_label": "spk_0",
                            "start_time": "15.819",
                            "end_time": "16.079"
                        },
                        {
                            "speaker_label": "spk_0",
                            "start_time": "16.079",
                            "end_time": "16.09"
                        },
                        {
                            "speaker_label": "spk_0",
                            "start_time": "18.559",
                            "end_time": "18.899"
                        },
                        {
                            "speaker_label": "spk_0",
                            "start_time": "18.899",
                            "end_time": "19.219"
                        }
                    ]
                },
                {
                    "start_time": "20.36",
                    "end_time": "22.489",
                    "speaker_label": "spk_0",
                    "items": [
                        {
                            "speaker_label": "spk_0",
                            "start_time": "20.37",
                            "end_time": "20.799"
                        },
                        {
                            "speaker_label": "spk_0",
                            "start_time": "20.879",
                            "end_time": "21.079"
                        },
                        {
                            "speaker_label": "spk_0",
                            "start_time": "21.079",
                            "end_time": "21.159"
                        },
                        {
                            "speaker_label": "spk_0",
                            "start_time": "21.159",
                            "end_time": "21.36"
                        },
                        {
                            "speaker_label": "spk_0",
                            "start_time": "21.36",
                            "end_time": "21.52"
                        },
                        {
                            "speaker_label": "spk_0",
                            "start_time": "21.52",
                            "end_time": "21.67"
                        },
                        {
                            "speaker_label": "spk_0",
                            "start_time": "21.67",
                            "end_time": "22.389"
                        }
                    ]
                },
                {
                    "start_time": "23.54",
                    "end_time": "25.1",
                    "speaker_label": "spk_1",
                    "items": [
                        {
                            "speaker_label": "spk_1",
                            "start_time": "23.559",
                            "end_time": "23.94"
                        },
                        {
                            "speaker_label": "spk_1",
                            "start_time": "23.94",
                            "end_time": "24.299"
                        },
                        {
                            "speaker_label": "spk_1",
                            "start_time": "24.299",
                            "end_time": "24.42"
                        },
                        {
                            "speaker_label": "spk_1",
                            "start_time": "24.42",
                            "end_time": "24.54"
                        },
                        {
                            "speaker_label": "spk_1",
                            "start_time": "24.54",
                            "end_time": "24.719"
                        },
                        {
                            "speaker_label": "spk_1",
                            "start_time": "24.719",
                            "end_time": "25.1"
                        }
                    ]
                },
                {
                    "start_time": "25.43",
                    "end_time": "33.38",
                    "speaker_label": "spk_0",
                    "items": [
                        {
                            "speaker_label": "spk_0",
                            "start_time": "25.43",
                            "end_time": "25.93"
                        },
                        {
                            "speaker_label": "spk_0",
                            "start_time": "26.01",
                            "end_time": "26.469"
                        },
                        {
                            "speaker_label": "spk_0",
                            "start_time": "26.489",
                            "end_time": "26.659"
                        },
                        {
                            "speaker_label": "spk_0",
                            "start_time": "26.729",
                            "end_time": "26.899"
                        },
                        {
                            "speaker_label": "spk_0",
                            "start_time": "26.899",
                            "end_time": "27.1"
                        },
                        {
                            "speaker_label": "spk_0",
                            "start_time": "27.1",
                            "end_time": "27.26"
                        },
                        {
                            "speaker_label": "spk_0",
                            "start_time": "27.26",
                            "end_time": "28.09"
                        },
                        {
                            "speaker_label": "spk_0",
                            "start_time": "28.1",
                            "end_time": "28.379"
                        },
                        {
                            "speaker_label": "spk_0",
                            "start_time": "28.379",
                            "end_time": "28.579"
                        },
                        {
                            "speaker_label": "spk_0",
                            "start_time": "28.579",
                            "end_time": "28.739"
                        },
                        {
                            "speaker_label": "spk_0",
                            "start_time": "28.739",
                            "end_time": "29.459"
                        },
                        {
                            "speaker_label": "spk_0",
                            "start_time": "29.459",
                            "end_time": "29.86"
                        },
                        {
                            "speaker_label": "spk_0",
                            "start_time": "29.86",
                            "end_time": "30.0"
                        },
                        {
                            "speaker_label": "spk_0",
                            "start_time": "30.0",
                            "end_time": "30.62"
                        },
                        {
                            "speaker_label": "spk_0",
                            "start_time": "30.62",
                            "end_time": "30.739"
                        },
                        {
                            "speaker_label": "spk_0",
                            "start_time": "30.739",
                            "end_time": "30.94"
                        },
                        {
                            "speaker_label": "spk_0",
                            "start_time": "30.94",
                            "end_time": "31.059"
                        },
                        {
                            "speaker_label": "spk_0",
                            "start_time": "31.059",
                            "end_time": "31.219"
                        },
                        {
                            "speaker_label": "spk_0",
                            "start_time": "31.219",
                            "end_time": "31.42"
                        },
                        {
                            "speaker_label": "spk_0",
                            "start_time": "31.42",
                            "end_time": "31.62"
                        },
                        {
                            "speaker_label": "spk_0",
                            "start_time": "31.62",
                            "end_time": "31.819"
                        },
                        {
                            "speaker_label": "spk_0",
                            "start_time": "31.819",
                            "end_time": "31.979"
                        },
                        {
                            "speaker_label": "spk_0",
                            "start_time": "31.979",
                            "end_time": "32.139"
                        },
                        {
                            "speaker_label": "spk_0",
                            "start_time": "32.139",
                            "end_time": "32.34"
                        },
                        {
                            "speaker_label": "spk_0",
                            "start_time": "32.34",
                            "end_time": "32.54"
                        },
                        {
                            "speaker_label": "spk_0",
                            "start_time": "32.54",
                            "end_time": "33.38"
                        }
                    ]
                },
                {
                    "start_time": "33.939",
                    "end_time": "35.61",
                    "speaker_label": "spk_1",
                    "items": [
                        {
                            "speaker_label": "spk_1",
                            "start_time": "33.939",
                            "end_time": "34.139"
                        },
                        {
                            "speaker_label": "spk_1",
                            "start_time": "34.18",
                            "end_time": "34.38"
                        },
                        {
                            "speaker_label": "spk_1",
                            "start_time": "34.38",
                            "end_time": "34.419"
                        },
                        {
                            "speaker_label": "spk_1",
                            "start_time": "34.419",
                            "end_time": "34.779"
                        },
                        {
                            "speaker_label": "spk_1",
                            "start_time": "34.779",
                            "end_time": "34.939"
                        },
                        {
                            "speaker_label": "spk_1",
                            "start_time": "34.939",
                            "end_time": "35.06"
                        },
                        {
                            "speaker_label": "spk_1",
                            "start_time": "35.06",
                            "end_time": "35.61"
                        }
                    ]
                },
                {
                    "start_time": "35.779",
                    "end_time": "38.209",
                    "speaker_label": "spk_0",
                    "items": [
                        {
                            "speaker_label": "spk_0",
                            "start_time": "35.779",
                            "end_time": "36.29"
                        },
                        {
                            "speaker_label": "spk_0",
                            "start_time": "36.459",
                            "end_time": "36.97"
                        },
                        {
                            "speaker_label": "spk_0",
                            "start_time": "37.5",
                            "end_time": "38.209"
                        }
                    ]
                },
                {
                    "start_time": "38.7",
                    "end_time": "40.59",
                    "speaker_label": "spk_1",
                    "items": [
                        {
                            "speaker_label": "spk_1",
                            "start_time": "38.7",
                            "end_time": "39.409"
                        },
                        {
                            "speaker_label": "spk_1",
                            "start_time": "40.08",
                            "end_time": "40.139"
                        },
                        {
                            "speaker_label": "spk_1",
                            "start_time": "40.139",
                            "end_time": "40.59"
                        }
                    ]
                },
                {
                    "start_time": "41.139",
                    "end_time": "41.529",
                    "speaker_label": "spk_0",
                    "items": [
                        {
                            "speaker_label": "spk_0",
                            "start_time": "41.139",
                            "end_time": "41.419"
                        }
                    ]
                }
            ],
            "channel_label": "ch_0",
            "speakers": 2
        },
        "items": [
            {
                "id": 0,
                "type": "pronunciation",
                "alternatives": [
                    {
                        "confidence": "0.83",
                        "content": "We"
                    }
                ],
                "start_time": "1.87",
                "end_time": "1.879",
                "speaker_label": "spk_0"
            },
            {
                "id": 1,
                "type": "pronunciation",
                "alternatives": [
                    {
                        "confidence": "0.32",
                        "content": "diagnostic"
                    }
                ],
                "start_time": "1.879",
                "end_time": "3.099",
                "speaker_label": "spk_0"
            },
            {
                "id": 2,
                "type": "pronunciation",
                "alternatives": [
                    {
                        "content": "[PII]",
                        "redactions": [
                            {
                                "confidence": "1.0",
                                "type": "NAME",
                                "category": "PII"
                            }
                        ]
                    }
                ],
                "start_time": "3.099",
                "end_time": "3.119"
            },
            {
                "id": 3,
                "type": "pronunciation",
                "alternatives": [
                    {
                        "confidence": "0.998",
                        "content": "speaking"
                    }
                ],
                "start_time": "3.119",
                "end_time": "3.43",
                "speaker_label": "spk_0"
            },
            {
                "id": 4,
                "type": "punctuation",
                "alternatives": [
                    {
                        "confidence": "0.0",
                        "content": "."
                    }
                ],
                "speaker_label": "spk_0"
            },
            {
                "id": 5,
                "type": "pronunciation",
                "alternatives": [
                    {
                        "confidence": "0.994",
                        "content": "How"
                    }
                ],
                "start_time": "3.48",
                "end_time": "3.599",
                "speaker_label": "spk_0"
            },
            {
                "id": 6,
                "type": "pronunciation",
                "alternatives": [
                    {
                        "confidence": "0.999",
                        "content": "may"
                    }
                ],
                "start_time": "3.599",
                "end_time": "3.72",
                "speaker_label": "spk_0"
            },
            {
                "id": 7,
                "type": "pronunciation",
                "alternatives": [
                    {
                        "confidence": "0.999",
                        "content": "I"
                    }
                ],
                "start_time": "3.72",
                "end_time": "3.839",
                "speaker_label": "spk_0"
            },
            {
                "id": 8,
                "type": "pronunciation",
                "alternatives": [
                    {
                        "confidence": "0.999",
                        "content": "help"
                    }
                ],
                "start_time": "3.839",
                "end_time": "4.019",
                "speaker_label": "spk_0"
            },
            {
                "id": 9,
                "type": "pronunciation",
                "alternatives": [
                    {
                        "confidence": "0.999",
                        "content": "you"
                    }
                ],
                "start_time": "4.019",
                "end_time": "4.239",
                "speaker_label": "spk_0"
            },
            {
                "id": 10,
                "type": "punctuation",
                "alternatives": [
                    {
                        "confidence": "0.0",
                        "content": "?"
                    }
                ],
                "speaker_label": "spk_0"
            },
            {
                "id": 11,
                "type": "pronunciation",
                "alternatives": [
                    {
                        "confidence": "0.998",
                        "content": "Oh"
                    }
                ],
                "start_time": "5.09",
                "end_time": "5.329",
                "speaker_label": "spk_1"
            },
            {
                "id": 12,
                "type": "pronunciation",
                "alternatives": [
                    {
                        "confidence": "0.998",
                        "content": "hi"
                    }
                ],
                "start_time": "5.329",
                "end_time": "5.699",
                "speaker_label": "spk_1"
            },
            {
                "id": 13,
                "type": "pronunciation",
                "alternatives": [
                    {
                        "confidence": "0.996",
                        "content": "um"
                    }
                ],
                "start_time": "5.699",
                "end_time": "5.949",
                "speaker_label": "spk_1"
            },
            {
                "id": 14,
                "type": "pronunciation",
                "alternatives": [
                    {
                        "confidence": "0.999",
                        "content": "I"
                    }
                ],
                "start_time": "5.949",
                "end_time": "6.05",
                "speaker_label": "spk_1"
            },
            {
                "id": 15,
                "type": "pronunciation",
                "alternatives": [
                    {
                        "confidence": "0.997",
                        "content": "was"
                    }
                ],
                "start_time": "6.05",
                "end_time": "6.21",
                "speaker_label": "spk_0"
            },
            {
                "id": 16,
                "type": "pronunciation",
                "alternatives": [
                    {
                        "confidence": "0.997",
                        "content": "just"
                    }
                ],
                "start_time": "6.21",
                "end_time": "6.329",
                "speaker_label": "spk_1"
            },
            {
                "id": 17,
                "type": "pronunciation",
                "alternatives": [
                    {
                        "confidence": "0.994",
                        "content": "hoping"
                    }
                ],
                "start_time": "6.329",
                "end_time": "6.75",
                "speaker_label": "spk_1"
            },
            {
                "id": 18,
                "type": "pronunciation",
                "alternatives": [
                    {
                        "confidence": "0.999",
                        "content": "to"
                    }
                ],
                "start_time": "6.75",
                "end_time": "7.09",
                "speaker_label": "spk_1"
            },
            {
                "id": 19,
                "type": "pronunciation",
                "alternatives": [
                    {
                        "confidence": "0.999",
                        "content": "book"
                    }
                ],
                "start_time": "7.09",
                "end_time": "7.25",
                "speaker_label": "spk_1"
            },
            {
                "id": 20,
                "type": "pronunciation",
                "alternatives": [
                    {
                        "confidence": "0.998",
                        "content": "an"
                    }
                ],
                "start_time": "7.25",
                "end_time": "7.409",
                "speaker_label": "spk_1"
            },
            {
                "id": 21,
                "type": "pronunciation",
                "alternatives": [
                    {
                        "confidence": "0.999",
                        "content": "appointment"
                    }
                ],
                "start_time": "7.409",
                "end_time": "8.079",
                "speaker_label": "spk_1"
            },
            {
                "id": 22,
                "type": "pronunciation",
                "alternatives": [
                    {
                        "confidence": "0.999",
                        "content": "for"
                    }
                ],
                "start_time": "8.079",
                "end_time": "8.25",
                "speaker_label": "spk_1"
            },
            {
                "id": 23,
                "type": "pronunciation",
                "alternatives": [
                    {
                        "confidence": "0.996",
                        "content": "a"
                    }
                ],
                "start_time": "8.25",
                "end_time": "8.449",
                "speaker_label": "spk_1"
            },
            {
                "id": 24,
                "type": "pronunciation",
                "alternatives": [
                    {
                        "confidence": "0.995",
                        "content": "pregnancy"
                    }
                ],
                "start_time": "8.449",
                "end_time": "8.93",
                "speaker_label": "spk_1"
            },
            {
                "id": 25,
                "type": "pronunciation",
                "alternatives": [
                    {
                        "confidence": "0.99",
                        "content": "ultrasound"
                    }
                ],
                "start_time": "8.93",
                "end_time": "9.859",
                "speaker_label": "spk_1"
            },
            {
                "id": 26,
                "type": "punctuation",
                "alternatives": [
                    {
                        "confidence": "0.0",
                        "content": "."
                    }
                ],
                "speaker_label": "spk_1"
            },
            {
                "id": 27,
                "type": "pronunciation",
                "alternatives": [
                    {
                        "confidence": "0.996",
                        "content": "And"
                    }
                ],
                "start_time": "10.239",
                "end_time": "10.729",
                "speaker_label": "spk_0"
            },
            {
                "id": 28,
                "type": "pronunciation",
                "alternatives": [
                    {
                        "confidence": "0.997",
                        "content": "in"
                    }
                ],
                "start_time": "10.729",
                "end_time": "10.93",
                "speaker_label": "spk_0"
            },
            {
                "id": 29,
                "type": "pronunciation",
                "alternatives": [
                    {
                        "confidence": "0.997",
                        "content": "which"
                    }
                ],
                "start_time": "10.93",
                "end_time": "11.279",
                "speaker_label": "spk_0"
            },
            {
                "id": 30,
                "type": "pronunciation",
                "alternatives": [
                    {
                        "confidence": "0.996",
                        "content": "location"
                    }
                ],
                "start_time": "11.279",
                "end_time": "11.689",
                "speaker_label": "spk_0"
            },
            {
                "id": 31,
                "type": "pronunciation",
                "alternatives": [
                    {
                        "confidence": "0.945",
                        "content": "ma'am"
                    }
                ],
                "start_time": "11.689",
                "end_time": "11.89",
                "speaker_label": "spk_0"
            },
            {
                "id": 32,
                "type": "punctuation",
                "alternatives": [
                    {
                        "confidence": "0.0",
                        "content": "?"
                    }
                ],
                "speaker_label": "spk_0"
            },
            {
                "id": 33,
                "type": "pronunciation",
                "alternatives": [
                    {
                        "confidence": "0.997",
                        "content": "Sorry"
                    }
                ],
                "start_time": "13.14",
                "end_time": "13.689",
                "speaker_label": "spk_0"
            },
            {
                "id": 34,
                "type": "punctuation",
                "alternatives": [
                    {
                        "confidence": "0.0",
                        "content": "?"
                    }
                ],
                "speaker_label": "spk_0"
            },
            {
                "id": 35,
                "type": "pronunciation",
                "alternatives": [
                    {
                        "confidence": "0.998",
                        "content": "In"
                    }
                ],
                "start_time": "14.1",
                "end_time": "14.26",
                "speaker_label": "spk_0"
            },
            {
                "id": 36,
                "type": "pronunciation",
                "alternatives": [
                    {
                        "confidence": "0.999",
                        "content": "which"
                    }
                ],
                "start_time": "14.26",
                "end_time": "14.659",
                "speaker_label": "spk_0"
            },
            {
                "id": 37,
                "type": "pronunciation",
                "alternatives": [
                    {
                        "confidence": "0.999",
                        "content": "location"
                    }
                ],
                "start_time": "14.659",
                "end_time": "15.13",
                "speaker_label": "spk_0"
            },
            {
                "id": 38,
                "type": "pronunciation",
                "alternatives": [
                    {
                        "confidence": "0.996",
                        "content": "is"
                    }
                ],
                "start_time": "15.13",
                "end_time": "15.369",
                "speaker_label": "spk_0"
            },
            {
                "id": 39,
                "type": "pronunciation",
                "alternatives": [
                    {
                        "confidence": "0.996",
                        "content": "it"
                    }
                ],
                "start_time": "15.369",
                "end_time": "15.539",
                "speaker_label": "spk_0"
            },
            {
                "id": 40,
                "type": "pronunciation",
                "alternatives": [
                    {
                        "confidence": "0.996",
                        "content": "in"
                    }
                ],
                "start_time": "15.539",
                "end_time": "15.819",
                "speaker_label": "spk_0"
            },
            {
                "id": 41,
                "type": "pronunciation",
                "alternatives": [
                    {
                        "content": "[PII]",
                        "redactions": [
                            {
                                "confidence": "0.9999",
                                "type": "ADDRESS",
                                "category": "PII"
                            }
                        ]
                    }
                ],
                "start_time": "15.819",
                "end_time": "16.079"
            },
            {
                "id": 42,
                "type": "pronunciation",
                "alternatives": [
                    {
                        "confidence": "0.996",
                        "content": "yeah"
                    }
                ],
                "start_time": "16.079",
                "end_time": "16.09",
                "speaker_label": "spk_0"
            },
            {
                "id": 43,
                "type": "punctuation",
                "alternatives": [
                    {
                        "confidence": "0.0",
                        "content": "."
                    }
                ],
                "speaker_label": "spk_0"
            },
            {
                "id": 44,
                "type": "pronunciation",
                "alternatives": [
                    {
                        "confidence": "0.998",
                        "content": "OK"
                    }
                ],
                "start_time": "18.559",
                "end_time": "18.899",
                "speaker_label": "spk_0"
            },
            {
                "id": 45,
                "type": "pronunciation",
                "alternatives": [
                    {
                        "confidence": "0.996",
                        "content": "and"
                    }
                ],
                "start_time": "18.899",
                "end_time": "19.219",
                "speaker_label": "spk_0"
            },
            {
                "id": 46,
                "type": "punctuation",
                "alternatives": [
                    {
                        "confidence": "0.0",
                        "content": "."
                    }
                ],
                "speaker_label": "spk_0"
            },
            {
                "id": 47,
                "type": "pronunciation",
                "alternatives": [
                    {
                        "confidence": "0.997",
                        "content": "OK"
                    }
                ],
                "start_time": "20.37",
                "end_time": "20.799",
                "speaker_label": "spk_0"
            },
            {
                "id": 48,
                "type": "punctuation",
                "alternatives": [
                    {
                        "confidence": "0.0",
                        "content": ","
                    }
                ],
                "speaker_label": "spk_0"
            },
            {
                "id": 49,
                "type": "pronunciation",
                "alternatives": [
                    {
                        "confidence": "0.997",
                        "content": "and"
                    }
                ],
                "start_time": "20.879",
                "end_time": "21.079",
                "speaker_label": "spk_0"
            },
            {
                "id": 50,
                "type": "pronunciation",
                "alternatives": [
                    {
                        "confidence": "0.997",
                        "content": "do"
                    }
                ],
                "start_time": "21.079",
                "end_time": "21.159",
                "speaker_label": "spk_0"
            },
            {
                "id": 51,
                "type": "pronunciation",
                "alternatives": [
                    {
                        "confidence": "0.999",
                        "content": "you"
                    }
                ],
                "start_time": "21.159",
                "end_time": "21.36",
                "speaker_label": "spk_0"
            },
            {
                "id": 52,
                "type": "pronunciation",
                "alternatives": [
                    {
                        "confidence": "0.999",
                        "content": "have"
                    }
                ],
                "start_time": "21.36",
                "end_time": "21.52",
                "speaker_label": "spk_0"
            },
            {
                "id": 53,
                "type": "pronunciation",
                "alternatives": [
                    {
                        "confidence": "0.998",
                        "content": "the"
                    }
                ],
                "start_time": "21.52",
                "end_time": "21.67",
                "speaker_label": "spk_0"
            },
            {
                "id": 54,
                "type": "pronunciation",
                "alternatives": [
                    {
                        "confidence": "0.985",
                        "content": "requisition"
                    }
                ],
                "start_time": "21.67",
                "end_time": "22.389",
                "speaker_label": "spk_0"
            },
            {
                "id": 55,
                "type": "punctuation",
                "alternatives": [
                    {
                        "confidence": "0.0",
                        "content": "?"
                    }
                ],
                "speaker_label": "spk_0"
            },
            {
                "id": 56,
                "type": "pronunciation",
                "alternatives": [
                    {
                        "confidence": "0.999",
                        "content": "I"
                    }
                ],
                "start_time": "23.559",
                "end_time": "23.94",
                "speaker_label": "spk_1"
            },
            {
                "id": 57,
                "type": "pronunciation",
                "alternatives": [
                    {
                        "confidence": "0.996",
                        "content": "don't"
                    }
                ],
                "start_time": "23.94",
                "end_time": "24.299",
                "speaker_label": "spk_1"
            },
            {
                "id": 58,
                "type": "pronunciation",
                "alternatives": [
                    {
                        "confidence": "0.996",
                        "content": "do"
                    }
                ],
                "start_time": "24.299",
                "end_time": "24.42",
                "speaker_label": "spk_1"
            },
            {
                "id": 59,
                "type": "pronunciation",
                "alternatives": [
                    {
                        "confidence": "0.998",
                        "content": "I"
                    }
                ],
                "start_time": "24.42",
                "end_time": "24.54",
                "speaker_label": "spk_1"
            },
            {
                "id": 60,
                "type": "pronunciation",
                "alternatives": [
                    {
                        "confidence": "0.998",
                        "content": "need"
                    }
                ],
                "start_time": "24.54",
                "end_time": "24.719",
                "speaker_label": "spk_1"
            },
            {
                "id": 61,
                "type": "pronunciation",
                "alternatives": [
                    {
                        "confidence": "0.998",
                        "content": "one"
                    }
                ],
                "start_time": "24.719",
                "end_time": "25.1",
                "speaker_label": "spk_1"
            },
            {
                "id": 62,
                "type": "punctuation",
                "alternatives": [
                    {
                        "confidence": "0.0",
                        "content": "?"
                    }
                ],
                "speaker_label": "spk_1"
            },
            {
                "id": 63,
                "type": "pronunciation",
                "alternatives": [
                    {
                        "confidence": "0.999",
                        "content": "Yes"
                    }
                ],
                "start_time": "25.43",
                "end_time": "25.93",
                "speaker_label": "spk_0"
            },
            {
                "id": 64,
                "type": "punctuation",
                "alternatives": [
                    {
                        "confidence": "0.0",
                        "content": ","
                    }
                ],
                "speaker_label": "spk_0"
            },
            {
                "id": 65,
                "type": "pronunciation",
                "alternatives": [
                    {
                        "confidence": "0.998",
                        "content": "yes"
                    }
                ],
                "start_time": "26.01",
                "end_time": "26.469",
                "speaker_label": "spk_0"
            },
            {
                "id": 66,
                "type": "punctuation",
                "alternatives": [
                    {
                        "confidence": "0.0",
                        "content": ","
                    }
                ],
                "speaker_label": "spk_0"
            },
            {
                "id": 67,
                "type": "pronunciation",
                "alternatives": [
                    {
                        "confidence": "0.99",
                        "content": "ma'am"
                    }
                ],
                "start_time": "26.489",
                "end_time": "26.659",
                "speaker_label": "spk_0"
            },
            {
                "id": 68,
                "type": "punctuation",
                "alternatives": [
                    {
                        "confidence": "0.0",
                        "content": ","
                    }
                ],
                "speaker_label": "spk_0"
            },
            {
                "id": 69,
                "type": "pronunciation",
                "alternatives": [
                    {
                        "confidence": "0.997",
                        "content": "you"
                    }
                ],
                "start_time": "26.729",
                "end_time": "26.899",
                "speaker_label": "spk_0"
            },
            {
                "id": 70,
                "type": "pronunciation",
                "alternatives": [
                    {
                        "confidence": "0.999",
                        "content": "need"
                    }
                ],
                "start_time": "26.899",
                "end_time": "27.1",
                "speaker_label": "spk_0"
            },
            {
                "id": 71,
                "type": "pronunciation",
                "alternatives": [
                    {
                        "confidence": "0.996",
                        "content": "the"
                    }
                ],
                "start_time": "27.1",
                "end_time": "27.26",
                "speaker_label": "spk_0"
            },
            {
                "id": 72,
                "type": "pronunciation",
                "alternatives": [
                    {
                        "confidence": "0.974",
                        "content": "requisition"
                    }
                ],
                "start_time": "27.26",
                "end_time": "28.09",
                "speaker_label": "spk_0"
            },
            {
                "id": 73,
                "type": "punctuation",
                "alternatives": [
                    {
                        "confidence": "0.0",
                        "content": ","
                    }
                ],
                "speaker_label": "spk_0"
            },
            {
                "id": 74,
                "type": "pronunciation",
                "alternatives": [
                    {
                        "confidence": "0.996",
                        "content": "so"
                    }
                ],
                "start_time": "28.1",
                "end_time": "28.379",
                "speaker_label": "spk_0"
            },
            {
                "id": 75,
                "type": "pronunciation",
                "alternatives": [
                    {
                        "confidence": "0.998",
                        "content": "when"
                    }
                ],
                "start_time": "28.379",
                "end_time": "28.579",
                "speaker_label": "spk_0"
            },
            {
                "id": 76,
                "type": "pronunciation",
                "alternatives": [
                    {
                        "confidence": "0.998",
                        "content": "you"
                    }
                ],
                "start_time": "28.579",
                "end_time": "28.739",
                "speaker_label": "spk_0"
            },
            {
                "id": 77,
                "type": "pronunciation",
                "alternatives": [
                    {
                        "confidence": "0.997",
                        "content": "will"
                    }
                ],
                "start_time": "28.739",
                "end_time": "29.459",
                "speaker_label": "spk_0"
            },
            {
                "id": 78,
                "type": "pronunciation",
                "alternatives": [
                    {
                        "confidence": "0.997",
                        "content": "have"
                    }
                ],
                "start_time": "29.459",
                "end_time": "29.86",
                "speaker_label": "spk_0"
            },
            {
                "id": 79,
                "type": "pronunciation",
                "alternatives": [
                    {
                        "confidence": "0.997",
                        "content": "the"
                    }
                ],
                "start_time": "29.86",
                "end_time": "30.0",
                "speaker_label": "spk_0"
            },
            {
                "id": 80,
                "type": "pronunciation",
                "alternatives": [
                    {
                        "confidence": "0.979",
                        "content": "requisition"
                    }
                ],
                "start_time": "30.0",
                "end_time": "30.62",
                "speaker_label": "spk_0"
            },
            {
                "id": 81,
                "type": "pronunciation",
                "alternatives": [
                    {
                        "confidence": "0.998",
                        "content": "you"
                    }
                ],
                "start_time": "30.62",
                "end_time": "30.739",
                "speaker_label": "spk_0"
            },
            {
                "id": 82,
                "type": "pronunciation",
                "alternatives": [
                    {
                        "confidence": "0.999",
                        "content": "can"
                    }
                ],
                "start_time": "30.739",
                "end_time": "30.94",
                "speaker_label": "spk_0"
            },
            {
                "id": 83,
                "type": "pronunciation",
                "alternatives": [
                    {
                        "confidence": "0.998",
                        "content": "give"
                    }
                ],
                "start_time": "30.94",
                "end_time": "31.059",
                "speaker_label": "spk_0"
            },
            {
                "id": 84,
                "type": "pronunciation",
                "alternatives": [
                    {
                        "confidence": "0.999",
                        "content": "us"
                    }
                ],
                "start_time": "31.059",
                "end_time": "31.219",
                "speaker_label": "spk_0"
            },
            {
                "id": 85,
                "type": "pronunciation",
                "alternatives": [
                    {
                        "confidence": "0.998",
                        "content": "a"
                    }
                ],
                "start_time": "31.219",
                "end_time": "31.42",
                "speaker_label": "spk_0"
            },
            {
                "id": 86,
                "type": "pronunciation",
                "alternatives": [
                    {
                        "confidence": "0.999",
                        "content": "call"
                    }
                ],
                "start_time": "31.42",
                "end_time": "31.62",
                "speaker_label": "spk_0"
            },
            {
                "id": 87,
                "type": "pronunciation",
                "alternatives": [
                    {
                        "confidence": "0.999",
                        "content": "and"
                    }
                ],
                "start_time": "31.62",
                "end_time": "31.819",
                "speaker_label": "spk_0"
            },
            {
                "id": 88,
                "type": "pronunciation",
                "alternatives": [
                    {
                        "confidence": "0.991",
                        "content": "we"
                    }
                ],
                "start_time": "31.819",
                "end_time": "31.979",
                "speaker_label": "spk_0"
            },
            {
                "id": 89,
                "type": "pronunciation",
                "alternatives": [
                    {
                        "confidence": "0.997",
                        "content": "will"
                    }
                ],
                "start_time": "31.979",
                "end_time": "32.139",
                "speaker_label": "spk_0"
            },
            {
                "id": 90,
                "type": "pronunciation",
                "alternatives": [
                    {
                        "confidence": "0.997",
                        "content": "book"
                    }
                ],
                "start_time": "32.139",
                "end_time": "32.34",
                "speaker_label": "spk_0"
            },
            {
                "id": 91,
                "type": "pronunciation",
                "alternatives": [
                    {
                        "confidence": "0.997",
                        "content": "your"
                    }
                ],
                "start_time": "32.34",
                "end_time": "32.54",
                "speaker_label": "spk_0"
            },
            {
                "id": 92,
                "type": "pronunciation",
                "alternatives": [
                    {
                        "confidence": "0.993",
                        "content": "appointment"
                    }
                ],
                "start_time": "32.54",
                "end_time": "33.38",
                "speaker_label": "spk_0"
            },
            {
                "id": 93,
                "type": "punctuation",
                "alternatives": [
                    {
                        "confidence": "0.0",
                        "content": "."
                    }
                ],
                "speaker_label": "spk_0"
            },
            {
                "id": 94,
                "type": "pronunciation",
                "alternatives": [
                    {
                        "confidence": "0.998",
                        "content": "OK"
                    }
                ],
                "start_time": "33.939",
                "end_time": "34.139",
                "speaker_label": "spk_1"
            },
            {
                "id": 95,
                "type": "punctuation",
                "alternatives": [
                    {
                        "confidence": "0.0",
                        "content": ","
                    }
                ],
                "speaker_label": "spk_1"
            },
            {
                "id": 96,
                "type": "pronunciation",
                "alternatives": [
                    {
                        "confidence": "0.607",
                        "content": "that's"
                    }
                ],
                "start_time": "34.18",
                "end_time": "34.38",
                "speaker_label": "spk_1"
            },
            {
                "id": 97,
                "type": "pronunciation",
                "alternatives": [
                    {
                        "confidence": "0.974",
                        "content": "a"
                    }
                ],
                "start_time": "34.38",
                "end_time": "34.419",
                "speaker_label": "spk_1"
            },
            {
                "id": 98,
                "type": "pronunciation",
                "alternatives": [
                    {
                        "confidence": "0.417",
                        "content": "resition"
                    }
                ],
                "start_time": "34.419",
                "end_time": "34.779",
                "speaker_label": "spk_1"
            },
            {
                "id": 99,
                "type": "pronunciation",
                "alternatives": [
                    {
                        "confidence": "0.996",
                        "content": "from"
                    }
                ],
                "start_time": "34.779",
                "end_time": "34.939",
                "speaker_label": "spk_1"
            },
            {
                "id": 100,
                "type": "pronunciation",
                "alternatives": [
                    {
                        "confidence": "0.992",
                        "content": "a"
                    }
                ],
                "start_time": "34.939",
                "end_time": "35.06",
                "speaker_label": "spk_1"
            },
            {
                "id": 101,
                "type": "pronunciation",
                "alternatives": [
                    {
                        "confidence": "0.998",
                        "content": "doctor"
                    }
                ],
                "start_time": "35.06",
                "end_time": "35.61",
                "speaker_label": "spk_1"
            },
            {
                "id": 102,
                "type": "punctuation",
                "alternatives": [
                    {
                        "confidence": "0.0",
                        "content": "?"
                    }
                ],
                "speaker_label": "spk_1"
            },
            {
                "id": 103,
                "type": "pronunciation",
                "alternatives": [
                    {
                        "confidence": "0.997",
                        "content": "Yes"
                    }
                ],
                "start_time": "35.779",
                "end_time": "36.29",
                "speaker_label": "spk_0"
            },
            {
                "id": 104,
                "type": "punctuation",
                "alternatives": [
                    {
                        "confidence": "0.0",
                        "content": ","
                    }
                ],
                "speaker_label": "spk_0"
            },
            {
                "id": 105,
                "type": "pronunciation",
                "alternatives": [
                    {
                        "confidence": "0.997",
                        "content": "yes"
                    }
                ],
                "start_time": "36.459",
                "end_time": "36.97",
                "speaker_label": "spk_0"
            },
            {
                "id": 106,
                "type": "punctuation",
                "alternatives": [
                    {
                        "confidence": "0.0",
                        "content": "."
                    }
                ],
                "speaker_label": "spk_0"
            },
            {
                "id": 107,
                "type": "pronunciation",
                "alternatives": [
                    {
                        "confidence": "0.998",
                        "content": "OK"
                    }
                ],
                "start_time": "37.5",
                "end_time": "38.209",
                "speaker_label": "spk_0"
            },
            {
                "id": 108,
                "type": "punctuation",
                "alternatives": [
                    {
                        "confidence": "0.0",
                        "content": ","
                    }
                ],
                "speaker_label": "spk_0"
            },
            {
                "id": 109,
                "type": "pronunciation",
                "alternatives": [
                    {
                        "confidence": "0.997",
                        "content": "OK"
                    }
                ],
                "start_time": "38.7",
                "end_time": "39.409",
                "speaker_label": "spk_1"
            },
            {
                "id": 110,
                "type": "pronunciation",
                "alternatives": [
                    {
                        "confidence": "0.996",
                        "content": "thank"
                    }
                ],
                "start_time": "40.08",
                "end_time": "40.139",
                "speaker_label": "spk_1"
            },
            {
                "id": 111,
                "type": "pronunciation",
                "alternatives": [
                    {
                        "confidence": "0.993",
                        "content": "you"
                    }
                ],
                "start_time": "40.139",
                "end_time": "40.59",
                "speaker_label": "spk_1"
            },
            {
                "id": 112,
                "type": "pronunciation",
                "alternatives": [
                    {
                        "confidence": "0.993",
                        "content": "bye"
                    }
                ],
                "start_time": "41.139",
                "end_time": "41.419",
                "speaker_label": "spk_0"
            },
            {
                "id": 113,
                "type": "punctuation",
                "alternatives": [
                    {
                        "confidence": "0.0",
                        "content": "."
                    }
                ],
                "speaker_label": "spk_0"
            }
        ],
        "audio_segments": [
            {
                "id": 0,
                "transcript": "We diagnostic [PII] speaking. How may I help you?",
                "start_time": "1.48",
                "end_time": "4.369",
                "speaker_label": "spk_0",
                "items": [
                    0,
                    1,
                    2,
                    3,
                    4,
                    5,
                    6,
                    7,
                    8,
                    9,
                    10
                ]
            },
            {
                "id": 1,
                "transcript": "Oh hi",
                "start_time": "4.889",
                "end_time": "5.699",
                "speaker_label": "spk_1",
                "items": [
                    11,
                    12
                ]
            },
            {
                "id": 2,
                "transcript": "um I",
                "start_time": "5.699",
                "end_time": "6.05",
                "speaker_label": "spk_1",
                "items": [
                    13,
                    14
                ]
            },
            {
                "id": 3,
                "transcript": "was",
                "start_time": "6.05",
                "end_time": "6.21",
                "speaker_label": "spk_0",
                "items": [
                    15
                ]
            },
            {
                "id": 4,
                "transcript": "just hoping",
                "start_time": "6.21",
                "end_time": "6.75",
                "speaker_label": "spk_1",
                "items": [
                    16,
                    17
                ]
            },
            {
                "id": 5,
                "transcript": "to book an appointment for a pregnancy",
                "start_time": "6.75",
                "end_time": "8.93",
                "speaker_label": "spk_1",
                "items": [
                    18,
                    19,
                    20,
                    21,
                    22,
                    23,
                    24
                ]
            },
            {
                "id": 6,
                "transcript": "ultrasound.",
                "start_time": "8.93",
                "end_time": "9.859",
                "speaker_label": "spk_1",
                "items": [
                    25,
                    26
                ]
            },
            {
                "id": 7,
                "transcript": "And in which location ma'am?",
                "start_time": "10.239",
                "end_time": "12.05",
                "speaker_label": "spk_0",
                "items": [
                    27,
                    28,
                    29,
                    30,
                    31,
                    32
                ]
            },
            {
                "id": 8,
                "transcript": "Sorry? In which location is it in [PII] yeah. OK and.",
                "start_time": "12.899",
                "end_time": "19.379",
                "speaker_label": "spk_0",
                "items": [
                    33,
                    34,
                    35,
                    36,
                    37,
                    38,
                    39,
                    40,
                    41,
                    42,
                    43,
                    44,
                    45,
                    46
                ]
            },
            {
                "id": 9,
                "transcript": "OK, and do you have the requisition?",
                "start_time": "20.36",
                "end_time": "22.489",
                "speaker_label": "spk_0",
                "items": [
                    47,
                    48,
                    49,
                    50,
                    51,
                    52,
                    53,
                    54,
                    55
                ]
            },
            {
                "id": 10,
                "transcript": "I don't do I need one?",
                "start_time": "23.54",
                "end_time": "25.1",
                "speaker_label": "spk_1",
                "items": [
                    56,
                    57,
                    58,
                    59,
                    60,
                    61,
                    62
                ]
            },
            {
                "id": 11,
                "transcript": "Yes, yes, ma'am, you need the requisition, so when you will have the requisition you can give us a call and we will book your appointment.",
                "start_time": "25.43",
                "end_time": "33.38",
                "speaker_label": "spk_0",
                "items": [
                    63,
                    64,
                    65,
                    66,
                    67,
                    68,
                    69,
                    70,
                    71,
                    72,
                    73,
                    74,
                    75,
                    76,
                    77,
                    78,
                    79,
                    80,
                    81,
                    82,
                    83,
                    84,
                    85,
                    86,
                    87,
                    88,
                    89,
                    90,
                    91,
                    92,
                    93
                ]
            },
            {
                "id": 12,
                "transcript": "OK, that's a resition from a doctor?",
                "start_time": "33.939",
                "end_time": "35.61",
                "speaker_label": "spk_1",
                "items": [
                    94,
                    95,
                    96,
                    97,
                    98,
                    99,
                    100,
                    101,
                    102
                ]
            },
            {
                "id": 13,
                "transcript": "Yes, yes. OK,",
                "start_time": "35.779",
                "end_time": "38.209",
                "speaker_label": "spk_0",
                "items": [
                    103,
                    104,
                    105,
                    106,
                    107,
                    108
                ]
            },
            {
                "id": 14,
                "transcript": "OK thank you",
                "start_time": "38.7",
                "end_time": "40.59",
                "speaker_label": "spk_1",
                "items": [
                    109,
                    110,
                    111
                ]
            },
            {
                "id": 15,
                "transcript": "bye.",
                "start_time": "41.139",
                "end_time": "41.529",
                "speaker_label": "spk_0",
                "items": [
                    112,
                    113
                ]
            }
        ]
    }
}