{
    "jobName": "transcription-job-2024-03-25T17-58-09Z-call-a54cfa31-63a9-4826-a7b4-ef71537a0c2b-1734644000",
    "accountId": "199040315413",
    "isRedacted": true,
    "status": "COMPLETED",
    "results": {
        "transcripts": [
            {
                "transcript": "Foster diagnostics, how may I help? Oh yes, hi, I was just wanting to double check if my requisition was uh received. I just got texted it over. OK, uh, for your daughter [PII]? Yeah, alright, perfect. Yes, we have it here. I already attached the requisition so that the will be able to see it. Perfect, thank you so. You're welcome. Have a good. And also for the preparation though, um, kindly advise your daughter to drink 4 glasses of water an hour before her appointment, so it should be full bladder for sure. Alright, thank you, perfect. Thank you so much. OK, bye yeah bye."
            }
        ],
        "speaker_labels": {
            "segments": [
                {
                    "start_time": "0.159",
                    "end_time": "1.759",
                    "speaker_label": "spk_0",
                    "items": [
                        {
                            "speaker_label": "spk_0",
                            "start_time": "0.569",
                            "end_time": "0.839"
                        },
                        {
                            "speaker_label": "spk_0",
                            "start_time": "0.839",
                            "end_time": "1.759"
                        }
                    ]
                },
                {
                    "start_time": "1.769",
                    "end_time": "1.919",
                    "speaker_label": "spk_1",
                    "items": [
                        {
                            "speaker_label": "spk_1",
                            "start_time": "1.769",
                            "end_time": "1.919"
                        }
                    ]
                },
                {
                    "start_time": "1.919",
                    "end_time": "2.039",
                    "speaker_label": "spk_0",
                    "items": [
                        {
                            "speaker_label": "spk_0",
                            "start_time": "1.919",
                            "end_time": "2.039"
                        }
                    ]
                },
                {
                    "start_time": "2.039",
                    "end_time": "2.589",
                    "speaker_label": "spk_1",
                    "items": [
                        {
                            "speaker_label": "spk_1",
                            "start_time": "2.039",
                            "end_time": "2.119"
                        },
                        {
                            "speaker_label": "spk_1",
                            "start_time": "2.119",
                            "end_time": "2.589"
                        }
                    ]
                },
                {
                    "start_time": "3.079",
                    "end_time": "6.929",
                    "speaker_label": "spk_0",
                    "items": [
                        {
                            "speaker_label": "spk_0",
                            "start_time": "3.079",
                            "end_time": "3.25"
                        },
                        {
                            "speaker_label": "spk_0",
                            "start_time": "3.25",
                            "end_time": "3.47"
                        },
                        {
                            "speaker_label": "spk_0",
                            "start_time": "3.48",
                            "end_time": "3.64"
                        },
                        {
                            "speaker_label": "spk_0",
                            "start_time": "3.72",
                            "end_time": "3.92"
                        },
                        {
                            "speaker_label": "spk_0",
                            "start_time": "3.92",
                            "end_time": "4.039"
                        },
                        {
                            "speaker_label": "spk_0",
                            "start_time": "4.039",
                            "end_time": "4.4"
                        },
                        {
                            "speaker_label": "spk_0",
                            "start_time": "4.4",
                            "end_time": "4.719"
                        },
                        {
                            "speaker_label": "spk_0",
                            "start_time": "4.719",
                            "end_time": "4.96"
                        },
                        {
                            "speaker_label": "spk_0",
                            "start_time": "4.96",
                            "end_time": "5.32"
                        },
                        {
                            "speaker_label": "spk_0",
                            "start_time": "5.32",
                            "end_time": "5.519"
                        },
                        {
                            "speaker_label": "spk_0",
                            "start_time": "5.519",
                            "end_time": "5.76"
                        },
                        {
                            "speaker_label": "spk_0",
                            "start_time": "5.76",
                            "end_time": "5.88"
                        },
                        {
                            "speaker_label": "spk_0",
                            "start_time": "5.88",
                            "end_time": "6.679"
                        },
                        {
                            "speaker_label": "spk_0",
                            "start_time": "6.679",
                            "end_time": "6.929"
                        }
                    ]
                },
                {
                    "start_time": "6.929",
                    "end_time": "7.329",
                    "speaker_label": "spk_0",
                    "items": [
                        {
                            "speaker_label": "spk_0",
                            "start_time": "6.929",
                            "end_time": "7.329"
                        }
                    ]
                },
                {
                    "start_time": "7.329",
                    "end_time": "7.73",
                    "speaker_label": "spk_1",
                    "items": [
                        {
                            "speaker_label": "spk_1",
                            "start_time": "7.329",
                            "end_time": "7.73"
                        }
                    ]
                },
                {
                    "start_time": "7.84",
                    "end_time": "8.96",
                    "speaker_label": "spk_0",
                    "items": [
                        {
                            "speaker_label": "spk_0",
                            "start_time": "7.84",
                            "end_time": "7.969"
                        },
                        {
                            "speaker_label": "spk_0",
                            "start_time": "7.969",
                            "end_time": "8.199"
                        },
                        {
                            "speaker_label": "spk_0",
                            "start_time": "8.199",
                            "end_time": "8.439"
                        },
                        {
                            "speaker_label": "spk_0",
                            "start_time": "8.439",
                            "end_time": "8.84"
                        },
                        {
                            "speaker_label": "spk_0",
                            "start_time": "8.84",
                            "end_time": "8.96"
                        }
                    ]
                },
                {
                    "start_time": "8.96",
                    "end_time": "9.43",
                    "speaker_label": "spk_1",
                    "items": [
                        {
                            "speaker_label": "spk_1",
                            "start_time": "8.96",
                            "end_time": "9.43"
                        }
                    ]
                },
                {
                    "start_time": "9.739",
                    "end_time": "15.239",
                    "speaker_label": "spk_0",
                    "items": [
                        {
                            "speaker_label": "spk_0",
                            "start_time": "9.739",
                            "end_time": "10.119"
                        },
                        {
                            "speaker_label": "spk_0",
                            "start_time": "10.239",
                            "end_time": "10.67"
                        },
                        {
                            "speaker_label": "spk_0",
                            "start_time": "10.68",
                            "end_time": "10.96"
                        },
                        {
                            "speaker_label": "spk_0",
                            "start_time": "10.96",
                            "end_time": "11.239"
                        },
                        {
                            "speaker_label": "spk_0",
                            "start_time": "11.239",
                            "end_time": "11.64"
                        },
                        {
                            "speaker_label": "spk_0",
                            "start_time": "11.64",
                            "end_time": "12.079"
                        },
                        {
                            "speaker_label": "spk_0",
                            "start_time": "12.21",
                            "end_time": "12.43"
                        },
                        {
                            "speaker_label": "spk_0",
                            "start_time": "12.84",
                            "end_time": "12.949"
                        },
                        {
                            "speaker_label": "spk_0",
                            "start_time": "13.039",
                            "end_time": "13.359"
                        },
                        {
                            "speaker_label": "spk_0",
                            "start_time": "13.439",
                            "end_time": "13.6"
                        },
                        {
                            "speaker_label": "spk_0",
                            "start_time": "13.68",
                            "end_time": "13.88"
                        },
                        {
                            "speaker_label": "spk_0",
                            "start_time": "13.88",
                            "end_time": "14.039"
                        },
                        {
                            "speaker_label": "spk_0",
                            "start_time": "14.039",
                            "end_time": "14.18"
                        },
                        {
                            "speaker_label": "spk_0",
                            "start_time": "14.18",
                            "end_time": "14.42"
                        },
                        {
                            "speaker_label": "spk_0",
                            "start_time": "14.52",
                            "end_time": "14.949"
                        },
                        {
                            "speaker_label": "spk_0",
                            "start_time": "14.949",
                            "end_time": "15.239"
                        }
                    ]
                },
                {
                    "start_time": "15.239",
                    "end_time": "15.64",
                    "speaker_label": "spk_1",
                    "items": [
                        {
                            "speaker_label": "spk_1",
                            "start_time": "15.239",
                            "end_time": "15.64"
                        }
                    ]
                },
                {
                    "start_time": "15.64",
                    "end_time": "15.72",
                    "speaker_label": "spk_0",
                    "items": [
                        {
                            "speaker_label": "spk_0",
                            "start_time": "15.64",
                            "end_time": "15.72"
                        }
                    ]
                },
                {
                    "start_time": "15.72",
                    "end_time": "16.52",
                    "speaker_label": "spk_0",
                    "items": [
                        {
                            "speaker_label": "spk_0",
                            "start_time": "15.72",
                            "end_time": "16.52"
                        }
                    ]
                },
                {
                    "start_time": "16.52",
                    "end_time": "17.68",
                    "speaker_label": "spk_0",
                    "items": [
                        {
                            "speaker_label": "spk_0",
                            "start_time": "16.52",
                            "end_time": "16.76"
                        },
                        {
                            "speaker_label": "spk_0",
                            "start_time": "16.76",
                            "end_time": "16.879"
                        },
                        {
                            "speaker_label": "spk_0",
                            "start_time": "16.879",
                            "end_time": "17.68"
                        }
                    ]
                },
                {
                    "start_time": "17.68",
                    "end_time": "18.95",
                    "speaker_label": "spk_1",
                    "items": [
                        {
                            "speaker_label": "spk_1",
                            "start_time": "17.68",
                            "end_time": "17.92"
                        },
                        {
                            "speaker_label": "spk_1",
                            "start_time": "17.92",
                            "end_time": "18.01"
                        },
                        {
                            "speaker_label": "spk_1",
                            "start_time": "18.01",
                            "end_time": "18.159"
                        },
                        {
                            "speaker_label": "spk_1",
                            "start_time": "18.159",
                            "end_time": "18.399"
                        },
                        {
                            "speaker_label": "spk_1",
                            "start_time": "18.399",
                            "end_time": "18.559"
                        },
                        {
                            "speaker_label": "spk_1",
                            "start_time": "18.559",
                            "end_time": "18.95"
                        }
                    ]
                },
                {
                    "start_time": "19.36",
                    "end_time": "20.19",
                    "speaker_label": "spk_0",
                    "items": [
                        {
                            "speaker_label": "spk_0",
                            "start_time": "19.36",
                            "end_time": "19.649"
                        },
                        {
                            "speaker_label": "spk_0",
                            "start_time": "19.719",
                            "end_time": "19.84"
                        },
                        {
                            "speaker_label": "spk_0",
                            "start_time": "19.84",
                            "end_time": "20.0"
                        },
                        {
                            "speaker_label": "spk_0",
                            "start_time": "20.0",
                            "end_time": "20.079"
                        }
                    ]
                },
                {
                    "start_time": "20.2",
                    "end_time": "20.76",
                    "speaker_label": "spk_1",
                    "items": [
                        {
                            "speaker_label": "spk_1",
                            "start_time": "20.51",
                            "end_time": "20.76"
                        }
                    ]
                },
                {
                    "start_time": "20.76",
                    "end_time": "20.989",
                    "speaker_label": "spk_1",
                    "items": [
                        {
                            "speaker_label": "spk_1",
                            "start_time": "20.76",
                            "end_time": "20.989"
                        }
                    ]
                },
                {
                    "start_time": "21.239",
                    "end_time": "26.54",
                    "speaker_label": "spk_0",
                    "items": [
                        {
                            "speaker_label": "spk_0",
                            "start_time": "21.239",
                            "end_time": "21.34"
                        },
                        {
                            "speaker_label": "spk_0",
                            "start_time": "21.34",
                            "end_time": "21.51"
                        },
                        {
                            "speaker_label": "spk_0",
                            "start_time": "21.51",
                            "end_time": "21.52"
                        },
                        {
                            "speaker_label": "spk_0",
                            "start_time": "22.129",
                            "end_time": "22.36"
                        },
                        {
                            "speaker_label": "spk_0",
                            "start_time": "22.36",
                            "end_time": "22.719"
                        },
                        {
                            "speaker_label": "spk_0",
                            "start_time": "22.719",
                            "end_time": "22.799"
                        },
                        {
                            "speaker_label": "spk_0",
                            "start_time": "22.799",
                            "end_time": "23.239"
                        },
                        {
                            "speaker_label": "spk_0",
                            "start_time": "23.239",
                            "end_time": "23.879"
                        },
                        {
                            "speaker_label": "spk_0",
                            "start_time": "23.879",
                            "end_time": "24.25"
                        },
                        {
                            "speaker_label": "spk_0",
                            "start_time": "24.52",
                            "end_time": "24.829"
                        },
                        {
                            "speaker_label": "spk_0",
                            "start_time": "24.84",
                            "end_time": "25.2"
                        },
                        {
                            "speaker_label": "spk_0",
                            "start_time": "25.2",
                            "end_time": "25.559"
                        },
                        {
                            "speaker_label": "spk_0",
                            "start_time": "25.559",
                            "end_time": "25.879"
                        },
                        {
                            "speaker_label": "spk_0",
                            "start_time": "25.879",
                            "end_time": "26.309"
                        },
                        {
                            "speaker_label": "spk_0",
                            "start_time": "26.309",
                            "end_time": "26.54"
                        }
                    ]
                },
                {
                    "start_time": "26.54",
                    "end_time": "26.84",
                    "speaker_label": "spk_0",
                    "items": [
                        {
                            "speaker_label": "spk_0",
                            "start_time": "26.54",
                            "end_time": "26.84"
                        }
                    ]
                },
                {
                    "start_time": "26.84",
                    "end_time": "27.6",
                    "speaker_label": "spk_0",
                    "items": [
                        {
                            "speaker_label": "spk_0",
                            "start_time": "26.84",
                            "end_time": "27.239"
                        },
                        {
                            "speaker_label": "spk_0",
                            "start_time": "27.239",
                            "end_time": "27.6"
                        }
                    ]
                },
                {
                    "start_time": "27.6",
                    "end_time": "28.27",
                    "speaker_label": "spk_1",
                    "items": [
                        {
                            "speaker_label": "spk_1",
                            "start_time": "27.6",
                            "end_time": "27.799"
                        },
                        {
                            "speaker_label": "spk_1",
                            "start_time": "27.799",
                            "end_time": "28.27"
                        }
                    ]
                },
                {
                    "start_time": "28.27",
                    "end_time": "28.989",
                    "speaker_label": "spk_0",
                    "items": [
                        {
                            "speaker_label": "spk_0",
                            "start_time": "28.27",
                            "end_time": "28.479"
                        },
                        {
                            "speaker_label": "spk_0",
                            "start_time": "28.479",
                            "end_time": "28.989"
                        }
                    ]
                },
                {
                    "start_time": "28.989",
                    "end_time": "30.04",
                    "speaker_label": "spk_1",
                    "items": [
                        {
                            "speaker_label": "spk_1",
                            "start_time": "28.989",
                            "end_time": "29.19"
                        },
                        {
                            "speaker_label": "spk_1",
                            "start_time": "29.19",
                            "end_time": "29.35"
                        },
                        {
                            "speaker_label": "spk_1",
                            "start_time": "29.35",
                            "end_time": "29.86"
                        },
                        {
                            "speaker_label": "spk_1",
                            "start_time": "29.92",
                            "end_time": "30.04"
                        }
                    ]
                },
                {
                    "start_time": "30.04",
                    "end_time": "30.719",
                    "speaker_label": "spk_0",
                    "items": [
                        {
                            "speaker_label": "spk_0",
                            "start_time": "30.04",
                            "end_time": "30.19"
                        },
                        {
                            "speaker_label": "spk_0",
                            "start_time": "30.19",
                            "end_time": "30.36"
                        },
                        {
                            "speaker_label": "spk_0",
                            "start_time": "30.36",
                            "end_time": "30.719"
                        }
                    ]
                },
                {
                    "start_time": "30.719",
                    "end_time": "31.5",
                    "speaker_label": "spk_1",
                    "items": [
                        {
                            "speaker_label": "spk_1",
                            "start_time": "30.719",
                            "end_time": "30.95"
                        },
                        {
                            "speaker_label": "spk_1",
                            "start_time": "30.95",
                            "end_time": "31.5"
                        }
                    ]
                },
                {
                    "start_time": "32.36",
                    "end_time": "32.88",
                    "speaker_label": "spk_0",
                    "items": [
                        {
                            "speaker_label": "spk_0",
                            "start_time": "32.36",
                            "end_time": "32.56"
                        },
                        {
                            "speaker_label": "spk_0",
                            "start_time": "32.56",
                            "end_time": "32.88"
                        }
                    ]
                },
                {
                    "start_time": "33.159",
                    "end_time": "34.04",
                    "speaker_label": "spk_1",
                    "items": [
                        {
                            "speaker_label": "spk_1",
                            "start_time": "33.159",
                            "end_time": "33.54"
                        },
                        {
                            "speaker_label": "spk_1",
                            "start_time": "34.02",
                            "end_time": "34.029"
                        },
                        {
                            "speaker_label": "spk_1",
                            "start_time": "34.029",
                            "end_time": "34.04"
                        }
                    ]
                },
                {
                    "start_time": "34.09",
                    "end_time": "36.54",
                    "speaker_label": "spk_0",
                    "items": [
                        {
                            "speaker_label": "spk_0",
                            "start_time": "34.09",
                            "end_time": "34.36"
                        },
                        {
                            "speaker_label": "spk_0",
                            "start_time": "34.439",
                            "end_time": "34.58"
                        },
                        {
                            "speaker_label": "spk_0",
                            "start_time": "34.58",
                            "end_time": "34.759"
                        },
                        {
                            "speaker_label": "spk_0",
                            "start_time": "34.759",
                            "end_time": "34.959"
                        },
                        {
                            "speaker_label": "spk_0",
                            "start_time": "34.959",
                            "end_time": "35.229"
                        },
                        {
                            "speaker_label": "spk_0",
                            "start_time": "35.36",
                            "end_time": "35.77"
                        },
                        {
                            "speaker_label": "spk_0",
                            "start_time": "36.119",
                            "end_time": "36.54"
                        }
                    ]
                },
                {
                    "start_time": "36.54",
                    "end_time": "37.419",
                    "speaker_label": "spk_1",
                    "items": [
                        {
                            "speaker_label": "spk_1",
                            "start_time": "36.54",
                            "end_time": "36.84"
                        },
                        {
                            "speaker_label": "spk_1",
                            "start_time": "36.84",
                            "end_time": "37.24"
                        }
                    ]
                }
            ],
            "channel_label": "ch_0",
            "speakers": 2
        },
        "items": [
            {
                "id": 0,
                "type": "pronunciation",
                "alternatives": [
                    {
                        "confidence": "0.288",
                        "content": "Foster"
                    }
                ],
                "start_time": "0.569",
                "end_time": "0.839",
                "speaker_label": "spk_0"
            },
            {
                "id": 1,
                "type": "pronunciation",
                "alternatives": [
                    {
                        "confidence": "0.577",
                        "content": "diagnostics"
                    }
                ],
                "start_time": "0.839",
                "end_time": "1.759",
                "speaker_label": "spk_0"
            },
            {
                "id": 2,
                "type": "punctuation",
                "alternatives": [
                    {
                        "confidence": "0.0",
                        "content": ","
                    }
                ],
                "speaker_label": "spk_0"
            },
            {
                "id": 3,
                "type": "pronunciation",
                "alternatives": [
                    {
                        "confidence": "0.996",
                        "content": "how"
                    }
                ],
                "start_time": "1.769",
                "end_time": "1.919",
                "speaker_label": "spk_1"
            },
            {
                "id": 4,
                "type": "pronunciation",
                "alternatives": [
                    {
                        "confidence": "0.998",
                        "content": "may"
                    }
                ],
                "start_time": "1.919",
                "end_time": "2.039",
                "speaker_label": "spk_0"
            },
            {
                "id": 5,
                "type": "pronunciation",
                "alternatives": [
                    {
                        "confidence": "0.996",
                        "content": "I"
                    }
                ],
                "start_time": "2.039",
                "end_time": "2.119",
                "speaker_label": "spk_1"
            },
            {
                "id": 6,
                "type": "pronunciation",
                "alternatives": [
                    {
                        "confidence": "0.998",
                        "content": "help"
                    }
                ],
                "start_time": "2.119",
                "end_time": "2.589",
                "speaker_label": "spk_1"
            },
            {
                "id": 7,
                "type": "punctuation",
                "alternatives": [
                    {
                        "confidence": "0.0",
                        "content": "?"
                    }
                ],
                "speaker_label": "spk_1"
            },
            {
                "id": 8,
                "type": "pronunciation",
                "alternatives": [
                    {
                        "confidence": "0.997",
                        "content": "Oh"
                    }
                ],
                "start_time": "3.079",
                "end_time": "3.25",
                "speaker_label": "spk_0"
            },
            {
                "id": 9,
                "type": "pronunciation",
                "alternatives": [
                    {
                        "confidence": "0.998",
                        "content": "yes"
                    }
                ],
                "start_time": "3.25",
                "end_time": "3.47",
                "speaker_label": "spk_0"
            },
            {
                "id": 10,
                "type": "punctuation",
                "alternatives": [
                    {
                        "confidence": "0.0",
                        "content": ","
                    }
                ],
                "speaker_label": "spk_0"
            },
            {
                "id": 11,
                "type": "pronunciation",
                "alternatives": [
                    {
                        "confidence": "0.996",
                        "content": "hi"
                    }
                ],
                "start_time": "3.48",
                "end_time": "3.64",
                "speaker_label": "spk_0"
            },
            {
                "id": 12,
                "type": "punctuation",
                "alternatives": [
                    {
                        "confidence": "0.0",
                        "content": ","
                    }
                ],
                "speaker_label": "spk_0"
            },
            {
                "id": 13,
                "type": "pronunciation",
                "alternatives": [
                    {
                        "confidence": "0.999",
                        "content": "I"
                    }
                ],
                "start_time": "3.72",
                "end_time": "3.92",
                "speaker_label": "spk_0"
            },
            {
                "id": 14,
                "type": "pronunciation",
                "alternatives": [
                    {
                        "confidence": "0.997",
                        "content": "was"
                    }
                ],
                "start_time": "3.92",
                "end_time": "4.039",
                "speaker_label": "spk_0"
            },
            {
                "id": 15,
                "type": "pronunciation",
                "alternatives": [
                    {
                        "confidence": "0.998",
                        "content": "just"
                    }
                ],
                "start_time": "4.039",
                "end_time": "4.4",
                "speaker_label": "spk_0"
            },
            {
                "id": 16,
                "type": "pronunciation",
                "alternatives": [
                    {
                        "confidence": "0.994",
                        "content": "wanting"
                    }
                ],
                "start_time": "4.4",
                "end_time": "4.719",
                "speaker_label": "spk_0"
            },
            {
                "id": 17,
                "type": "pronunciation",
                "alternatives": [
                    {
                        "confidence": "0.999",
                        "content": "to"
                    }
                ],
                "start_time": "4.719",
                "end_time": "4.96",
                "speaker_label": "spk_0"
            },
            {
                "id": 18,
                "type": "pronunciation",
                "alternatives": [
                    {
                        "confidence": "0.999",
                        "content": "double"
                    }
                ],
                "start_time": "4.96",
                "end_time": "5.32",
                "speaker_label": "spk_0"
            },
            {
                "id": 19,
                "type": "pronunciation",
                "alternatives": [
                    {
                        "confidence": "0.999",
                        "content": "check"
                    }
                ],
                "start_time": "5.32",
                "end_time": "5.519",
                "speaker_label": "spk_0"
            },
            {
                "id": 20,
                "type": "pronunciation",
                "alternatives": [
                    {
                        "confidence": "0.998",
                        "content": "if"
                    }
                ],
                "start_time": "5.519",
                "end_time": "5.76",
                "speaker_label": "spk_0"
            },
            {
                "id": 21,
                "type": "pronunciation",
                "alternatives": [
                    {
                        "confidence": "0.999",
                        "content": "my"
                    }
                ],
                "start_time": "5.76",
                "end_time": "5.88",
                "speaker_label": "spk_0"
            },
            {
                "id": 22,
                "type": "pronunciation",
                "alternatives": [
                    {
                        "confidence": "0.991",
                        "content": "requisition"
                    }
                ],
                "start_time": "5.88",
                "end_time": "6.679",
                "speaker_label": "spk_0"
            },
            {
                "id": 23,
                "type": "pronunciation",
                "alternatives": [
                    {
                        "confidence": "0.997",
                        "content": "was"
                    }
                ],
                "start_time": "6.679",
                "end_time": "6.929",
                "speaker_label": "spk_0"
            },
            {
                "id": 24,
                "type": "pronunciation",
                "alternatives": [
                    {
                        "confidence": "0.996",
                        "content": "uh"
                    }
                ],
                "start_time": "6.929",
                "end_time": "7.329",
                "speaker_label": "spk_0"
            },
            {
                "id": 25,
                "type": "pronunciation",
                "alternatives": [
                    {
                        "confidence": "0.995",
                        "content": "received"
                    }
                ],
                "start_time": "7.329",
                "end_time": "7.73",
                "speaker_label": "spk_1"
            },
            {
                "id": 26,
                "type": "punctuation",
                "alternatives": [
                    {
                        "confidence": "0.0",
                        "content": "."
                    }
                ],
                "speaker_label": "spk_1"
            },
            {
                "id": 27,
                "type": "pronunciation",
                "alternatives": [
                    {
                        "confidence": "0.999",
                        "content": "I"
                    }
                ],
                "start_time": "7.84",
                "end_time": "7.969",
                "speaker_label": "spk_0"
            },
            {
                "id": 28,
                "type": "pronunciation",
                "alternatives": [
                    {
                        "confidence": "0.998",
                        "content": "just"
                    }
                ],
                "start_time": "7.969",
                "end_time": "8.199",
                "speaker_label": "spk_0"
            },
            {
                "id": 29,
                "type": "pronunciation",
                "alternatives": [
                    {
                        "confidence": "0.996",
                        "content": "got"
                    }
                ],
                "start_time": "8.199",
                "end_time": "8.439",
                "speaker_label": "spk_0"
            },
            {
                "id": 30,
                "type": "pronunciation",
                "alternatives": [
                    {
                        "confidence": "0.993",
                        "content": "texted"
                    }
                ],
                "start_time": "8.439",
                "end_time": "8.84",
                "speaker_label": "spk_0"
            },
            {
                "id": 31,
                "type": "pronunciation",
                "alternatives": [
                    {
                        "confidence": "0.996",
                        "content": "it"
                    }
                ],
                "start_time": "8.84",
                "end_time": "8.96",
                "speaker_label": "spk_0"
            },
            {
                "id": 32,
                "type": "pronunciation",
                "alternatives": [
                    {
                        "confidence": "0.999",
                        "content": "over"
                    }
                ],
                "start_time": "8.96",
                "end_time": "9.43",
                "speaker_label": "spk_1"
            },
            {
                "id": 33,
                "type": "punctuation",
                "alternatives": [
                    {
                        "confidence": "0.0",
                        "content": "."
                    }
                ],
                "speaker_label": "spk_1"
            },
            {
                "id": 34,
                "type": "pronunciation",
                "alternatives": [
                    {
                        "confidence": "0.999",
                        "content": "OK"
                    }
                ],
                "start_time": "9.739",
                "end_time": "10.119",
                "speaker_label": "spk_0"
            },
            {
                "id": 35,
                "type": "punctuation",
                "alternatives": [
                    {
                        "confidence": "0.0",
                        "content": ","
                    }
                ],
                "speaker_label": "spk_0"
            },
            {
                "id": 36,
                "type": "pronunciation",
                "alternatives": [
                    {
                        "confidence": "0.996",
                        "content": "uh"
                    }
                ],
                "start_time": "10.239",
                "end_time": "10.67",
                "speaker_label": "spk_0"
            },
            {
                "id": 37,
                "type": "punctuation",
                "alternatives": [
                    {
                        "confidence": "0.0",
                        "content": ","
                    }
                ],
                "speaker_label": "spk_0"
            },
            {
                "id": 38,
                "type": "pronunciation",
                "alternatives": [
                    {
                        "confidence": "0.997",
                        "content": "for"
                    }
                ],
                "start_time": "10.68",
                "end_time": "10.96",
                "speaker_label": "spk_0"
            },
            {
                "id": 39,
                "type": "pronunciation",
                "alternatives": [
                    {
                        "confidence": "0.998",
                        "content": "your"
                    }
                ],
                "start_time": "10.96",
                "end_time": "11.239",
                "speaker_label": "spk_0"
            },
            {
                "id": 40,
                "type": "pronunciation",
                "alternatives": [
                    {
                        "confidence": "0.999",
                        "content": "daughter"
                    }
                ],
                "start_time": "11.239",
                "end_time": "11.64",
                "speaker_label": "spk_0"
            },
            {
                "id": 41,
                "type": "pronunciation",
                "alternatives": [
                    {
                        "content": "[PII]",
                        "redactions": [
                            {
                                "confidence": "1.0",
                                "type": "NAME",
                                "category": "PII"
                            }
                        ]
                    }
                ],
                "start_time": "11.64",
                "end_time": "12.079"
            },
            {
                "id": 42,
                "type": "punctuation",
                "alternatives": [
                    {
                        "confidence": "0.0",
                        "content": "?"
                    }
                ]
            },
            {
                "id": 43,
                "type": "pronunciation",
                "alternatives": [
                    {
                        "confidence": "0.86",
                        "content": "Yeah"
                    }
                ],
                "start_time": "12.21",
                "end_time": "12.43",
                "speaker_label": "spk_0"
            },
            {
                "id": 44,
                "type": "punctuation",
                "alternatives": [
                    {
                        "confidence": "0.0",
                        "content": ","
                    }
                ],
                "speaker_label": "spk_0"
            },
            {
                "id": 45,
                "type": "pronunciation",
                "alternatives": [
                    {
                        "confidence": "0.914",
                        "content": "alright"
                    }
                ],
                "start_time": "12.84",
                "end_time": "12.949",
                "speaker_label": "spk_0"
            },
            {
                "id": 46,
                "type": "punctuation",
                "alternatives": [
                    {
                        "confidence": "0.0",
                        "content": ","
                    }
                ],
                "speaker_label": "spk_0"
            },
            {
                "id": 47,
                "type": "pronunciation",
                "alternatives": [
                    {
                        "confidence": "0.997",
                        "content": "perfect"
                    }
                ],
                "start_time": "13.039",
                "end_time": "13.359",
                "speaker_label": "spk_0"
            },
            {
                "id": 48,
                "type": "punctuation",
                "alternatives": [
                    {
                        "confidence": "0.0",
                        "content": "."
                    }
                ],
                "speaker_label": "spk_0"
            },
            {
                "id": 49,
                "type": "pronunciation",
                "alternatives": [
                    {
                        "confidence": "0.704",
                        "content": "Yes"
                    }
                ],
                "start_time": "13.439",
                "end_time": "13.6",
                "speaker_label": "spk_0"
            },
            {
                "id": 50,
                "type": "punctuation",
                "alternatives": [
                    {
                        "confidence": "0.0",
                        "content": ","
                    }
                ],
                "speaker_label": "spk_0"
            },
            {
                "id": 51,
                "type": "pronunciation",
                "alternatives": [
                    {
                        "confidence": "0.998",
                        "content": "we"
                    }
                ],
                "start_time": "13.68",
                "end_time": "13.88",
                "speaker_label": "spk_0"
            },
            {
                "id": 52,
                "type": "pronunciation",
                "alternatives": [
                    {
                        "confidence": "0.999",
                        "content": "have"
                    }
                ],
                "start_time": "13.88",
                "end_time": "14.039",
                "speaker_label": "spk_0"
            },
            {
                "id": 53,
                "type": "pronunciation",
                "alternatives": [
                    {
                        "confidence": "0.998",
                        "content": "it"
                    }
                ],
                "start_time": "14.039",
                "end_time": "14.18",
                "speaker_label": "spk_0"
            },
            {
                "id": 54,
                "type": "pronunciation",
                "alternatives": [
                    {
                        "confidence": "0.998",
                        "content": "here"
                    }
                ],
                "start_time": "14.18",
                "end_time": "14.42",
                "speaker_label": "spk_0"
            },
            {
                "id": 55,
                "type": "punctuation",
                "alternatives": [
                    {
                        "confidence": "0.0",
                        "content": "."
                    }
                ],
                "speaker_label": "spk_0"
            },
            {
                "id": 56,
                "type": "pronunciation",
                "alternatives": [
                    {
                        "confidence": "0.998",
                        "content": "I"
                    }
                ],
                "start_time": "14.52",
                "end_time": "14.949",
                "speaker_label": "spk_0"
            },
            {
                "id": 57,
                "type": "pronunciation",
                "alternatives": [
                    {
                        "confidence": "0.997",
                        "content": "already"
                    }
                ],
                "start_time": "14.949",
                "end_time": "15.239",
                "speaker_label": "spk_0"
            },
            {
                "id": 58,
                "type": "pronunciation",
                "alternatives": [
                    {
                        "confidence": "0.985",
                        "content": "attached"
                    }
                ],
                "start_time": "15.239",
                "end_time": "15.64",
                "speaker_label": "spk_1"
            },
            {
                "id": 59,
                "type": "pronunciation",
                "alternatives": [
                    {
                        "confidence": "0.996",
                        "content": "the"
                    }
                ],
                "start_time": "15.64",
                "end_time": "15.72",
                "speaker_label": "spk_0"
            },
            {
                "id": 60,
                "type": "pronunciation",
                "alternatives": [
                    {
                        "confidence": "0.982",
                        "content": "requisition"
                    }
                ],
                "start_time": "15.72",
                "end_time": "16.52",
                "speaker_label": "spk_0"
            },
            {
                "id": 61,
                "type": "pronunciation",
                "alternatives": [
                    {
                        "confidence": "0.997",
                        "content": "so"
                    }
                ],
                "start_time": "16.52",
                "end_time": "16.76",
                "speaker_label": "spk_0"
            },
            {
                "id": 62,
                "type": "pronunciation",
                "alternatives": [
                    {
                        "confidence": "0.997",
                        "content": "that"
                    }
                ],
                "start_time": "16.76",
                "end_time": "16.879",
                "speaker_label": "spk_0"
            },
            {
                "id": 63,
                "type": "pronunciation",
                "alternatives": [
                    {
                        "confidence": "0.971",
                        "content": "the"
                    }
                ],
                "start_time": "16.879",
                "end_time": "17.68",
                "speaker_label": "spk_0"
            },
            {
                "id": 64,
                "type": "pronunciation",
                "alternatives": [
                    {
                        "confidence": "0.996",
                        "content": "will"
                    }
                ],
                "start_time": "17.68",
                "end_time": "17.92",
                "speaker_label": "spk_1"
            },
            {
                "id": 65,
                "type": "pronunciation",
                "alternatives": [
                    {
                        "confidence": "0.997",
                        "content": "be"
                    }
                ],
                "start_time": "17.92",
                "end_time": "18.01",
                "speaker_label": "spk_1"
            },
            {
                "id": 66,
                "type": "pronunciation",
                "alternatives": [
                    {
                        "confidence": "0.997",
                        "content": "able"
                    }
                ],
                "start_time": "18.01",
                "end_time": "18.159",
                "speaker_label": "spk_1"
            },
            {
                "id": 67,
                "type": "pronunciation",
                "alternatives": [
                    {
                        "confidence": "0.997",
                        "content": "to"
                    }
                ],
                "start_time": "18.159",
                "end_time": "18.399",
                "speaker_label": "spk_1"
            },
            {
                "id": 68,
                "type": "pronunciation",
                "alternatives": [
                    {
                        "confidence": "0.997",
                        "content": "see"
                    }
                ],
                "start_time": "18.399",
                "end_time": "18.559",
                "speaker_label": "spk_1"
            },
            {
                "id": 69,
                "type": "pronunciation",
                "alternatives": [
                    {
                        "confidence": "0.996",
                        "content": "it"
                    }
                ],
                "start_time": "18.559",
                "end_time": "18.95",
                "speaker_label": "spk_1"
            },
            {
                "id": 70,
                "type": "punctuation",
                "alternatives": [
                    {
                        "confidence": "0.0",
                        "content": "."
                    }
                ],
                "speaker_label": "spk_1"
            },
            {
                "id": 71,
                "type": "pronunciation",
                "alternatives": [
                    {
                        "confidence": "0.992",
                        "content": "Perfect"
                    }
                ],
                "start_time": "19.36",
                "end_time": "19.649",
                "speaker_label": "spk_0"
            },
            {
                "id": 72,
                "type": "punctuation",
                "alternatives": [
                    {
                        "confidence": "0.0",
                        "content": ","
                    }
                ],
                "speaker_label": "spk_0"
            },
            {
                "id": 73,
                "type": "pronunciation",
                "alternatives": [
                    {
                        "confidence": "0.996",
                        "content": "thank"
                    }
                ],
                "start_time": "19.719",
                "end_time": "19.84",
                "speaker_label": "spk_0"
            },
            {
                "id": 74,
                "type": "pronunciation",
                "alternatives": [
                    {
                        "confidence": "0.998",
                        "content": "you"
                    }
                ],
                "start_time": "19.84",
                "end_time": "20.0",
                "speaker_label": "spk_0"
            },
            {
                "id": 75,
                "type": "pronunciation",
                "alternatives": [
                    {
                        "confidence": "0.996",
                        "content": "so"
                    }
                ],
                "start_time": "20.0",
                "end_time": "20.079",
                "speaker_label": "spk_0"
            },
            {
                "id": 76,
                "type": "punctuation",
                "alternatives": [
                    {
                        "confidence": "0.0",
                        "content": "."
                    }
                ],
                "speaker_label": "spk_0"
            },
            {
                "id": 77,
                "type": "pronunciation",
                "alternatives": [
                    {
                        "confidence": "0.99",
                        "content": "You're"
                    }
                ],
                "start_time": "20.51",
                "end_time": "20.76",
                "speaker_label": "spk_1"
            },
            {
                "id": 78,
                "type": "pronunciation",
                "alternatives": [
                    {
                        "confidence": "0.998",
                        "content": "welcome"
                    }
                ],
                "start_time": "20.76",
                "end_time": "20.989",
                "speaker_label": "spk_1"
            },
            {
                "id": 79,
                "type": "punctuation",
                "alternatives": [
                    {
                        "confidence": "0.0",
                        "content": "."
                    }
                ],
                "speaker_label": "spk_1"
            },
            {
                "id": 80,
                "type": "pronunciation",
                "alternatives": [
                    {
                        "confidence": "0.938",
                        "content": "Have"
                    }
                ],
                "start_time": "21.239",
                "end_time": "21.34",
                "speaker_label": "spk_0"
            },
            {
                "id": 81,
                "type": "pronunciation",
                "alternatives": [
                    {
                        "confidence": "0.996",
                        "content": "a"
                    }
                ],
                "start_time": "21.34",
                "end_time": "21.51",
                "speaker_label": "spk_0"
            },
            {
                "id": 82,
                "type": "pronunciation",
                "alternatives": [
                    {
                        "confidence": "0.565",
                        "content": "good"
                    }
                ],
                "start_time": "21.51",
                "end_time": "21.52",
                "speaker_label": "spk_0"
            },
            {
                "id": 83,
                "type": "punctuation",
                "alternatives": [
                    {
                        "confidence": "0.0",
                        "content": "."
                    }
                ],
                "speaker_label": "spk_0"
            },
            {
                "id": 84,
                "type": "pronunciation",
                "alternatives": [
                    {
                        "confidence": "0.954",
                        "content": "And"
                    }
                ],
                "start_time": "22.129",
                "end_time": "22.36",
                "speaker_label": "spk_0"
            },
            {
                "id": 85,
                "type": "pronunciation",
                "alternatives": [
                    {
                        "confidence": "0.997",
                        "content": "also"
                    }
                ],
                "start_time": "22.36",
                "end_time": "22.719",
                "speaker_label": "spk_0"
            },
            {
                "id": 86,
                "type": "pronunciation",
                "alternatives": [
                    {
                        "confidence": "0.997",
                        "content": "for"
                    }
                ],
                "start_time": "22.719",
                "end_time": "22.799",
                "speaker_label": "spk_0"
            },
            {
                "id": 87,
                "type": "pronunciation",
                "alternatives": [
                    {
                        "confidence": "0.996",
                        "content": "the"
                    }
                ],
                "start_time": "22.799",
                "end_time": "23.239",
                "speaker_label": "spk_0"
            },
            {
                "id": 88,
                "type": "pronunciation",
                "alternatives": [
                    {
                        "confidence": "0.995",
                        "content": "preparation"
                    }
                ],
                "start_time": "23.239",
                "end_time": "23.879",
                "speaker_label": "spk_0"
            },
            {
                "id": 89,
                "type": "pronunciation",
                "alternatives": [
                    {
                        "confidence": "0.998",
                        "content": "though"
                    }
                ],
                "start_time": "23.879",
                "end_time": "24.25",
                "speaker_label": "spk_0"
            },
            {
                "id": 90,
                "type": "punctuation",
                "alternatives": [
                    {
                        "confidence": "0.0",
                        "content": ","
                    }
                ],
                "speaker_label": "spk_0"
            },
            {
                "id": 91,
                "type": "pronunciation",
                "alternatives": [
                    {
                        "confidence": "0.997",
                        "content": "um"
                    }
                ],
                "start_time": "24.52",
                "end_time": "24.829",
                "speaker_label": "spk_0"
            },
            {
                "id": 92,
                "type": "punctuation",
                "alternatives": [
                    {
                        "confidence": "0.0",
                        "content": ","
                    }
                ],
                "speaker_label": "spk_0"
            },
            {
                "id": 93,
                "type": "pronunciation",
                "alternatives": [
                    {
                        "confidence": "0.974",
                        "content": "kindly"
                    }
                ],
                "start_time": "24.84",
                "end_time": "25.2",
                "speaker_label": "spk_0"
            },
            {
                "id": 94,
                "type": "pronunciation",
                "alternatives": [
                    {
                        "confidence": "0.988",
                        "content": "advise"
                    }
                ],
                "start_time": "25.2",
                "end_time": "25.559",
                "speaker_label": "spk_0"
            },
            {
                "id": 95,
                "type": "pronunciation",
                "alternatives": [
                    {
                        "confidence": "0.998",
                        "content": "your"
                    }
                ],
                "start_time": "25.559",
                "end_time": "25.879",
                "speaker_label": "spk_0"
            },
            {
                "id": 96,
                "type": "pronunciation",
                "alternatives": [
                    {
                        "confidence": "0.999",
                        "content": "daughter"
                    }
                ],
                "start_time": "25.879",
                "end_time": "26.309",
                "speaker_label": "spk_0"
            },
            {
                "id": 97,
                "type": "pronunciation",
                "alternatives": [
                    {
                        "confidence": "0.999",
                        "content": "to"
                    }
                ],
                "start_time": "26.309",
                "end_time": "26.54",
                "speaker_label": "spk_0"
            },
            {
                "id": 98,
                "type": "pronunciation",
                "alternatives": [
                    {
                        "confidence": "0.998",
                        "content": "drink"
                    }
                ],
                "start_time": "26.54",
                "end_time": "26.84",
                "speaker_label": "spk_0"
            },
            {
                "id": 99,
                "type": "pronunciation",
                "alternatives": [
                    {
                        "confidence": "0.994",
                        "content": "4"
                    }
                ],
                "start_time": "26.84",
                "end_time": "27.239",
                "speaker_label": "spk_0"
            },
            {
                "id": 100,
                "type": "pronunciation",
                "alternatives": [
                    {
                        "confidence": "0.999",
                        "content": "glasses"
                    }
                ],
                "start_time": "27.239",
                "end_time": "27.6",
                "speaker_label": "spk_0"
            },
            {
                "id": 101,
                "type": "pronunciation",
                "alternatives": [
                    {
                        "confidence": "0.999",
                        "content": "of"
                    }
                ],
                "start_time": "27.6",
                "end_time": "27.799",
                "speaker_label": "spk_1"
            },
            {
                "id": 102,
                "type": "pronunciation",
                "alternatives": [
                    {
                        "confidence": "0.999",
                        "content": "water"
                    }
                ],
                "start_time": "27.799",
                "end_time": "28.27",
                "speaker_label": "spk_1"
            },
            {
                "id": 103,
                "type": "pronunciation",
                "alternatives": [
                    {
                        "confidence": "0.996",
                        "content": "an"
                    }
                ],
                "start_time": "28.27",
                "end_time": "28.479",
                "speaker_label": "spk_0"
            },
            {
                "id": 104,
                "type": "pronunciation",
                "alternatives": [
                    {
                        "confidence": "0.998",
                        "content": "hour"
                    }
                ],
                "start_time": "28.479",
                "end_time": "28.989",
                "speaker_label": "spk_0"
            },
            {
                "id": 105,
                "type": "pronunciation",
                "alternatives": [
                    {
                        "confidence": "0.998",
                        "content": "before"
                    }
                ],
                "start_time": "28.989",
                "end_time": "29.19",
                "speaker_label": "spk_1"
            },
            {
                "id": 106,
                "type": "pronunciation",
                "alternatives": [
                    {
                        "confidence": "0.998",
                        "content": "her"
                    }
                ],
                "start_time": "29.19",
                "end_time": "29.35",
                "speaker_label": "spk_1"
            },
            {
                "id": 107,
                "type": "pronunciation",
                "alternatives": [
                    {
                        "confidence": "0.997",
                        "content": "appointment"
                    }
                ],
                "start_time": "29.35",
                "end_time": "29.86",
                "speaker_label": "spk_1"
            },
            {
                "id": 108,
                "type": "punctuation",
                "alternatives": [
                    {
                        "confidence": "0.0",
                        "content": ","
                    }
                ],
                "speaker_label": "spk_1"
            },
            {
                "id": 109,
                "type": "pronunciation",
                "alternatives": [
                    {
                        "confidence": "0.996",
                        "content": "so"
                    }
                ],
                "start_time": "29.92",
                "end_time": "30.04",
                "speaker_label": "spk_1"
            },
            {
                "id": 110,
                "type": "pronunciation",
                "alternatives": [
                    {
                        "confidence": "0.999",
                        "content": "it"
                    }
                ],
                "start_time": "30.04",
                "end_time": "30.19",
                "speaker_label": "spk_0"
            },
            {
                "id": 111,
                "type": "pronunciation",
                "alternatives": [
                    {
                        "confidence": "0.999",
                        "content": "should"
                    }
                ],
                "start_time": "30.19",
                "end_time": "30.36",
                "speaker_label": "spk_0"
            },
            {
                "id": 112,
                "type": "pronunciation",
                "alternatives": [
                    {
                        "confidence": "0.997",
                        "content": "be"
                    }
                ],
                "start_time": "30.36",
                "end_time": "30.719",
                "speaker_label": "spk_0"
            },
            {
                "id": 113,
                "type": "pronunciation",
                "alternatives": [
                    {
                        "confidence": "0.998",
                        "content": "full"
                    }
                ],
                "start_time": "30.719",
                "end_time": "30.95",
                "speaker_label": "spk_1"
            },
            {
                "id": 114,
                "type": "pronunciation",
                "alternatives": [
                    {
                        "confidence": "0.984",
                        "content": "bladder"
                    }
                ],
                "start_time": "30.95",
                "end_time": "31.5",
                "speaker_label": "spk_1"
            },
            {
                "id": 115,
                "type": "pronunciation",
                "alternatives": [
                    {
                        "confidence": "0.996",
                        "content": "for"
                    }
                ],
                "start_time": "32.36",
                "end_time": "32.56",
                "speaker_label": "spk_0"
            },
            {
                "id": 116,
                "type": "pronunciation",
                "alternatives": [
                    {
                        "confidence": "0.997",
                        "content": "sure"
                    }
                ],
                "start_time": "32.56",
                "end_time": "32.88",
                "speaker_label": "spk_0"
            },
            {
                "id": 117,
                "type": "punctuation",
                "alternatives": [
                    {
                        "confidence": "0.0",
                        "content": "."
                    }
                ],
                "speaker_label": "spk_0"
            },
            {
                "id": 118,
                "type": "pronunciation",
                "alternatives": [
                    {
                        "confidence": "0.934",
                        "content": "Alright"
                    }
                ],
                "start_time": "33.159",
                "end_time": "33.54",
                "speaker_label": "spk_1"
            },
            {
                "id": 119,
                "type": "punctuation",
                "alternatives": [
                    {
                        "confidence": "0.0",
                        "content": ","
                    }
                ],
                "speaker_label": "spk_1"
            },
            {
                "id": 120,
                "type": "pronunciation",
                "alternatives": [
                    {
                        "confidence": "0.854",
                        "content": "thank"
                    }
                ],
                "start_time": "34.02",
                "end_time": "34.029",
                "speaker_label": "spk_1"
            },
            {
                "id": 121,
                "type": "pronunciation",
                "alternatives": [
                    {
                        "confidence": "0.983",
                        "content": "you"
                    }
                ],
                "start_time": "34.029",
                "end_time": "34.04",
                "speaker_label": "spk_1"
            },
            {
                "id": 122,
                "type": "punctuation",
                "alternatives": [
                    {
                        "confidence": "0.0",
                        "content": ","
                    }
                ],
                "speaker_label": "spk_1"
            },
            {
                "id": 123,
                "type": "pronunciation",
                "alternatives": [
                    {
                        "confidence": "0.994",
                        "content": "perfect"
                    }
                ],
                "start_time": "34.09",
                "end_time": "34.36",
                "speaker_label": "spk_0"
            },
            {
                "id": 124,
                "type": "punctuation",
                "alternatives": [
                    {
                        "confidence": "0.0",
                        "content": "."
                    }
                ],
                "speaker_label": "spk_0"
            },
            {
                "id": 125,
                "type": "pronunciation",
                "alternatives": [
                    {
                        "confidence": "0.874",
                        "content": "Thank"
                    }
                ],
                "start_time": "34.439",
                "end_time": "34.58",
                "speaker_label": "spk_0"
            },
            {
                "id": 126,
                "type": "pronunciation",
                "alternatives": [
                    {
                        "confidence": "0.998",
                        "content": "you"
                    }
                ],
                "start_time": "34.58",
                "end_time": "34.759",
                "speaker_label": "spk_0"
            },
            {
                "id": 127,
                "type": "pronunciation",
                "alternatives": [
                    {
                        "confidence": "0.998",
                        "content": "so"
                    }
                ],
                "start_time": "34.759",
                "end_time": "34.959",
                "speaker_label": "spk_0"
            },
            {
                "id": 128,
                "type": "pronunciation",
                "alternatives": [
                    {
                        "confidence": "0.998",
                        "content": "much"
                    }
                ],
                "start_time": "34.959",
                "end_time": "35.229",
                "speaker_label": "spk_0"
            },
            {
                "id": 129,
                "type": "punctuation",
                "alternatives": [
                    {
                        "confidence": "0.0",
                        "content": "."
                    }
                ],
                "speaker_label": "spk_0"
            },
            {
                "id": 130,
                "type": "pronunciation",
                "alternatives": [
                    {
                        "confidence": "0.997",
                        "content": "OK"
                    }
                ],
                "start_time": "35.36",
                "end_time": "35.77",
                "speaker_label": "spk_0"
            },
            {
                "id": 131,
                "type": "punctuation",
                "alternatives": [
                    {
                        "confidence": "0.0",
                        "content": ","
                    }
                ],
                "speaker_label": "spk_0"
            },
            {
                "id": 132,
                "type": "pronunciation",
                "alternatives": [
                    {
                        "confidence": "0.8",
                        "content": "bye"
                    }
                ],
                "start_time": "36.119",
                "end_time": "36.54",
                "speaker_label": "spk_0"
            },
            {
                "id": 133,
                "type": "pronunciation",
                "alternatives": [
                    {
                        "confidence": "0.996",
                        "content": "yeah"
                    }
                ],
                "start_time": "36.54",
                "end_time": "36.84",
                "speaker_label": "spk_1"
            },
            {
                "id": 134,
                "type": "pronunciation",
                "alternatives": [
                    {
                        "confidence": "0.993",
                        "content": "bye"
                    }
                ],
                "start_time": "36.84",
                "end_time": "37.24",
                "speaker_label": "spk_1"
            },
            {
                "id": 135,
                "type": "punctuation",
                "alternatives": [
                    {
                        "confidence": "0.0",
                        "content": "."
                    }
                ],
                "speaker_label": "spk_1"
            }
        ],
        "audio_segments": [
            {
                "id": 0,
                "transcript": "Foster diagnostics,",
                "start_time": "0.159",
                "end_time": "1.759",
                "speaker_label": "spk_0",
                "items": [
                    0,
                    1,
                    2
                ]
            },
            {
                "id": 1,
                "transcript": "how",
                "start_time": "1.769",
                "end_time": "1.919",
                "speaker_label": "spk_1",
                "items": [
                    3
                ]
            },
            {
                "id": 2,
                "transcript": "may",
                "start_time": "1.919",
                "end_time": "2.039",
                "speaker_label": "spk_0",
                "items": [
                    4
                ]
            },
            {
                "id": 3,
                "transcript": "I help?",
                "start_time": "2.039",
                "end_time": "2.589",
                "speaker_label": "spk_1",
                "items": [
                    5,
                    6,
                    7
                ]
            },
            {
                "id": 4,
                "transcript": "Oh yes, hi, I was just wanting to double check if my requisition was",
                "start_time": "3.079",
                "end_time": "6.929",
                "speaker_label": "spk_0",
                "items": [
                    8,
                    9,
                    10,
                    11,
                    12,
                    13,
                    14,
                    15,
                    16,
                    17,
                    18,
                    19,
                    20,
                    21,
                    22,
                    23
                ]
            },
            {
                "id": 5,
                "transcript": "uh",
                "start_time": "6.929",
                "end_time": "7.329",
                "speaker_label": "spk_0",
                "items": [
                    24
                ]
            },
            {
                "id": 6,
                "transcript": "received.",
                "start_time": "7.329",
                "end_time": "7.73",
                "speaker_label": "spk_1",
                "items": [
                    25,
                    26
                ]
            },
            {
                "id": 7,
                "transcript": "I just got texted it",
                "start_time": "7.84",
                "end_time": "8.96",
                "speaker_label": "spk_0",
                "items": [
                    27,
                    28,
                    29,
                    30,
                    31
                ]
            },
            {
                "id": 8,
                "transcript": "over.",
                "start_time": "8.96",
                "end_time": "9.43",
                "speaker_label": "spk_1",
                "items": [
                    32,
                    33
                ]
            },
            {
                "id": 9,
                "transcript": "OK, uh, for your daughter [PII]? Yeah, alright, perfect. Yes, we have it here. I already",
                "start_time": "9.739",
                "end_time": "15.239",
                "speaker_label": "spk_0",
                "items": [
                    34,
                    35,
                    36,
                    37,
                    38,
                    39,
                    40,
                    41,
                    42,
                    43,
                    44,
                    45,
                    46,
                    47,
                    48,
                    49,
                    50,
                    51,
                    52,
                    53,
                    54,
                    55,
                    56,
                    57
                ]
            },
            {
                "id": 10,
                "transcript": "attached",
                "start_time": "15.239",
                "end_time": "15.64",
                "speaker_label": "spk_1",
                "items": [
                    58
                ]
            },
            {
                "id": 11,
                "transcript": "the",
                "start_time": "15.64",
                "end_time": "15.72",
                "speaker_label": "spk_0",
                "items": [
                    59
                ]
            },
            {
                "id": 12,
                "transcript": "requisition",
                "start_time": "15.72",
                "end_time": "16.52",
                "speaker_label": "spk_0",
                "items": [
                    60
                ]
            },
            {
                "id": 13,
                "transcript": "so that the",
                "start_time": "16.52",
                "end_time": "17.68",
                "speaker_label": "spk_0",
                "items": [
                    61,
                    62,
                    63
                ]
            },
            {
                "id": 14,
                "transcript": "will be able to see it.",
                "start_time": "17.68",
                "end_time": "18.95",
                "speaker_label": "spk_1",
                "items": [
                    64,
                    65,
                    66,
                    67,
                    68,
                    69,
                    70
                ]
            },
            {
                "id": 15,
                "transcript": "Perfect, thank you so.",
                "start_time": "19.36",
                "end_time": "20.19",
                "speaker_label": "spk_0",
                "items": [
                    71,
                    72,
                    73,
                    74,
                    75,
                    76
                ]
            },
            {
                "id": 16,
                "transcript": "You're",
                "start_time": "20.2",
                "end_time": "20.76",
                "speaker_label": "spk_1",
                "items": [
                    77
                ]
            },
            {
                "id": 17,
                "transcript": "welcome.",
                "start_time": "20.76",
                "end_time": "20.989",
                "speaker_label": "spk_1",
                "items": [
                    78,
                    79
                ]
            },
            {
                "id": 18,
                "transcript": "Have a good. And also for the preparation though, um, kindly advise your daughter to",
                "start_time": "21.239",
                "end_time": "26.54",
                "speaker_label": "spk_0",
                "items": [
                    80,
                    81,
                    82,
                    83,
                    84,
                    85,
                    86,
                    87,
                    88,
                    89,
                    90,
                    91,
                    92,
                    93,
                    94,
                    95,
                    96,
                    97
                ]
            },
            {
                "id": 19,
                "transcript": "drink",
                "start_time": "26.54",
                "end_time": "26.84",
                "speaker_label": "spk_0",
                "items": [
                    98
                ]
            },
            {
                "id": 20,
                "transcript": "4 glasses",
                "start_time": "26.84",
                "end_time": "27.6",
                "speaker_label": "spk_0",
                "items": [
                    99,
                    100
                ]
            },
            {
                "id": 21,
                "transcript": "of water",
                "start_time": "27.6",
                "end_time": "28.27",
                "speaker_label": "spk_1",
                "items": [
                    101,
                    102
                ]
            },
            {
                "id": 22,
                "transcript": "an hour",
                "start_time": "28.27",
                "end_time": "28.989",
                "speaker_label": "spk_0",
                "items": [
                    103,
                    104
                ]
            },
            {
                "id": 23,
                "transcript": "before her appointment, so",
                "start_time": "28.989",
                "end_time": "30.04",
                "speaker_label": "spk_1",
                "items": [
                    105,
                    106,
                    107,
                    108,
                    109
                ]
            },
            {
                "id": 24,
                "transcript": "it should be",
                "start_time": "30.04",
                "end_time": "30.719",
                "speaker_label": "spk_0",
                "items": [
                    110,
                    111,
                    112
                ]
            },
            {
                "id": 25,
                "transcript": "full bladder",
                "start_time": "30.719",
                "end_time": "31.5",
                "speaker_label": "spk_1",
                "items": [
                    113,
                    114
                ]
            },
            {
                "id": 26,
                "transcript": "for sure.",
                "start_time": "32.36",
                "end_time": "32.88",
                "speaker_label": "spk_0",
                "items": [
                    115,
                    116,
                    117
                ]
            },
            {
                "id": 27,
                "transcript": "Alright, thank you,",
                "start_time": "33.159",
                "end_time": "34.04",
                "speaker_label": "spk_1",
                "items": [
                    118,
                    119,
                    120,
                    121,
                    122
                ]
            },
            {
                "id": 28,
                "transcript": "perfect. Thank you so much. OK, bye",
                "start_time": "34.09",
                "end_time": "36.54",
                "speaker_label": "spk_0",
                "items": [
                    123,
                    124,
                    125,
                    126,
                    127,
                    128,
                    129,
                    130,
                    131,
                    132
                ]
            },
            {
                "id": 29,
                "transcript": "yeah bye.",
                "start_time": "36.54",
                "end_time": "37.419",
                "speaker_label": "spk_1",
                "items": [
                    133,
                    134,
                    135
                ]
            }
        ]
    }
}